,LYS6,LEU7,HIS8,LYS9,GLU10,PRO11,ALA12,THR13,LEU14,ILE15,LYS16,ALA17,ILE18,ASP19,GLY20,ASP21,THR22,VAL23,LYS24,LEU25,MET26,TYR27,LYS28,GLY29,GLN30,PRO31,MET32,THR33,PHE34,ARG35,LEU36,LEU37,LEU38,VAL39,ASP40,THR41,PRO42,GLU43,THR44,LYS45,HIS46,PRO47,LYS48,LYS49,GLY50,VAL51,GLU52,LYS53,TYR54,GLY55,PRO56,GLU57,ALA58,SER59,ALA60,PHE61,THR62,LYS63,LYS64,MET65,VAL66,GLU67,ASN68,ALA69,LYS70,LYS71,ILE72,GLU73,VAL74,GLU75,PHE76,ASP77,LYS78,GLY79,GLN80,ARG81,THR82,ASP83,LYS84,TYR85,GLY86,ARG87,GLY88,LEU89,ALA90,TYR91,ILE92,TYR93,ALA94,ASP95,GLY96,LYS97,MET98,VAL99,ASN100,GLU101,ALA102,LEU103,VAL104,ARG105,GLN106,GLY107,LEU108,ALA109,LYS110,VAL111,ALA112,TYR113,VAL114,TYR115,LYS116,PRO117,ASN118,ASN119,THR120,HIS121,GLU122,GLN123,HIS124,LEU125,ARG126,LYS127,SER128,GLU129,ALA130,GLN131,ALA132,LYS133,LYS134,GLU135,LYS136,LEU137,ASN138,ILE139,TRP140,SER141
LYS6,0.0,-0.90779,-2.97088,-2.09897,-1.61449,-0.91912,-0.58039,-0.38759,-0.4212,-0.25061,-0.28092,-0.12921,-0.01153,-0.30905,-0.26952,-0.00318,0.04324,0.01078,0.02041,0.06827,0.10027,0.08562,0.09859,0.13353,-0.02111,0.02828,0.14706,0.27059,0.28152,0.31372,0.20867,0.20713,-0.25801,-0.12173,0.29672,0.6617,0.49212,0.28547,0.57641,0.32947,0.09687,0.02775,-0.04456,-0.11497,0.0344,-0.2651,-0.47422,-0.14004,-0.15354,-0.49756,-0.36304,-0.41696,-0.3578,-0.47085,-0.61877,-0.65832,-0.35191,-0.47438,-0.87059,-0.80544,-0.51685,-0.76652,-0.86912,-0.86425,-0.76746,-0.49409,-0.18546,-0.01992,0.15652,0.94198,1.08956,1.01128,0.6728,0.26461,0.00468,0.61553,0.71368,0.65853,0.48006,0.48807,0.66418,0.53752,0.42004,0.58991,0.85009,0.64134,0.3362,-0.14792,-0.57627,-0.54633,-0.07301,-0.25284,0.09071,0.23912,0.13651,-0.3457,-0.55068,-0.49801,-0.83451,-0.87768,-0.34039,-1.0668,-0.16259,-0.22196,-0.41651,-1.14485,-0.74882,0.17592,-0.40575,-0.76728,-0.66793,-0.64993,-0.71381,0.12697,0.47761,0.40813,0.09061,-0.3265,-0.13998,-0.91337,-1.20613,-1.22607,-0.82458,-1.67257,-2.1504,-1.87074,-1.58255,-1.78586,-1.87116,-1.33392,-1.65681,-1.67823,-0.72204,-0.45807,0.0,0.0
LEU7,-0.90779,0.0,-3.62376,-2.23664,-1.16281,-0.70043,-0.34581,-0.27275,-0.31293,-0.15054,-0.15502,0.05408,0.28598,-0.04638,-0.15174,0.21502,0.3505,0.35866,0.36825,0.46063,0.51889,0.76805,0.87061,0.64391,0.54617,0.61966,0.6001,0.60361,0.6611,0.55635,0.59157,0.4768,-0.51569,-0.33708,0.00866,0.4341,0.32733,-0.05609,0.52163,0.12495,-0.21033,-0.4205,-0.42271,-0.34982,0.00934,-0.19171,-0.53264,-0.05741,0.33253,-0.27851,0.02048,-0.40192,-0.11863,-0.32652,-0.58828,-0.58315,-0.26669,-0.42642,-0.7887,-0.69276,-0.35246,-0.75971,-0.98672,-0.89965,-0.56847,-0.21652,0.06814,0.75959,1.33654,1.81632,1.26808,1.1478,0.923,0.25272,-0.27713,0.25371,0.19853,0.61908,0.45579,0.8151,0.73857,0.75293,0.77904,0.963,1.30231,1.61236,1.47758,0.60597,-0.0881,-0.12773,0.13316,-0.14537,0.61696,0.85791,1.06206,0.06724,-0.05685,0.20861,-0.08357,-0.00933,0.67501,-0.58778,0.39497,-0.24153,-1.97839,-1.99627,-1.1397,-0.35214,-0.48441,-0.74851,-0.61879,-0.6614,-0.95249,-0.47198,-0.24543,-0.81119,-1.66778,-1.37896,-0.93319,-1.55469,-2.01348,-1.63685,-1.19534,-2.34981,-2.37276,-1.99408,-1.97378,-2.1234,-1.55484,-0.67534,-1.46095,-0.85664,-0.50908,-1.21574,-0.92968,0.0
HIS8,-2.97088,-3.62376,0.0,0.75883,0.90902,0.41478,0.08716,-0.29794,-0.27803,-0.23098,0.00145,-0.04674,9e-05,-0.14594,-0.21406,-0.16183,0.31712,0.46635,0.57202,0.75837,0.82865,1.5987,1.82673,0.8844,0.82222,0.74062,0.88039,0.69652,0.67336,0.15238,0.0064,0.52729,0.15376,0.04288,0.26215,0.39725,0.32018,-0.45352,-0.32931,-0.59564,-0.41738,-0.33926,-0.11757,-0.03852,-0.22227,-0.31034,-0.28173,0.49944,0.51091,-0.55041,-1.00229,-1.15211,-0.68922,-0.71689,-0.76461,-0.8063,-0.58753,-0.52351,-0.76977,-0.8292,-0.25291,-0.29258,-0.50689,-0.19509,0.76659,0.83029,1.01343,1.58046,1.78652,0.51033,0.10769,0.05561,0.55279,0.28828,-0.48161,-0.58985,-0.69754,-0.42681,-0.07432,0.36012,0.3302,0.2162,0.41274,-0.14458,0.0973,0.03731,0.75916,0.70055,0.84186,0.50996,0.08013,-0.31907,-0.43688,-0.49116,-0.53425,-1.50054,-1.41094,-0.37215,-0.33308,-0.36252,0.42307,0.14676,0.65634,-0.03301,-1.73443,-0.7475,0.09267,0.55053,-0.03015,0.01039,0.37495,0.58931,0.005,-0.02061,0.23193,-1.17172,-2.02735,-2.52333,-1.44938,-1.25732,-1.49315,-1.03665,-0.72145,-1.11188,-0.837,-0.49395,-0.26739,0.39065,0.66947,1.00619,1.55439,1.25062,1.30105,0.84759,0.72075,1.38775
LYS9,-2.09897,-2.23664,0.75883,0.0,0.62586,0.53332,-0.04401,-0.56074,-0.58294,-0.49266,-0.29016,-0.37362,-0.3517,-0.71339,-0.68298,-0.36135,0.17886,0.3839,0.5366,0.80597,0.89946,1.54453,1.75385,0.84521,0.73493,0.613,0.9147,0.67996,0.62227,0.05637,-0.05195,0.79232,0.46879,0.17096,0.35532,0.43437,0.58182,-0.34361,-0.24214,-0.55546,-0.27384,-0.06461,0.15992,0.1552,-0.24875,-0.35707,-0.26869,0.55655,0.30337,-0.62827,-1.40767,-1.5956,-1.22335,-1.2393,-1.29014,-1.31868,-0.93955,-0.84725,-1.14584,-1.09213,-0.35496,-0.51753,-0.68528,-0.13208,0.83359,1.01191,1.4349,2.05107,2.09786,1.00954,0.94703,0.67624,0.85742,0.6053,-0.4014,-0.26244,-0.35833,-0.12626,0.10389,0.27931,0.3785,0.31561,0.66862,0.32073,0.8015,0.51932,1.07461,1.07004,0.96412,0.43418,0.22139,-0.23892,-0.4884,-0.77596,-0.71019,-1.67569,-2.37177,-1.17018,-0.80725,-1.16255,-0.33022,-0.51435,-0.00118,-0.34109,-1.10807,-0.47673,0.41293,0.86635,-0.24353,-0.41797,-0.21183,-0.00225,-0.53302,-0.28062,-0.13798,-0.59523,-1.0328,-2.22597,-0.76232,-1.092,-1.38073,-1.04609,-0.72458,-0.95187,-1.0103,-0.92695,-0.59144,0.29465,0.17726,0.29282,0.92392,0.31495,0.87372,0.51623,0.27707,1.21702
GLU10,-1.61449,-1.16281,0.90902,0.62586,0.0,0.69337,0.29838,-0.43309,-0.61626,-0.51267,-0.43466,-0.52623,-0.46884,-0.89968,-0.81144,-0.45008,0.2596,0.50713,0.74534,1.15336,1.34613,2.01688,2.16733,1.43967,1.3373,1.21197,1.31879,0.95009,0.81514,0.08815,-0.04447,0.77411,0.22873,-0.10765,0.10303,0.09172,0.45767,-0.53933,-0.22609,-0.49128,-0.32576,-0.20488,0.02456,0.1108,-0.10584,-0.13763,-0.08945,0.74769,0.42747,-0.59527,-1.30202,-1.72007,-1.35467,-1.58236,-1.77023,-1.7244,-1.12495,-1.05564,-1.36452,-1.17937,-0.28381,-0.51933,-0.7456,-0.05343,1.146,1.41313,1.83462,2.47782,2.53948,1.46773,1.11024,0.88965,1.07966,0.70607,-0.53394,-0.24308,-0.32045,-0.0176,0.0968,0.29367,0.43469,0.51135,0.8677,0.66857,1.08642,0.92412,1.57704,1.52351,1.30216,0.89492,0.72246,-0.11841,-0.12755,-0.60821,-0.50258,-1.44006,-2.3085,-1.37774,-0.89327,-0.97031,-0.12986,-0.77245,-0.25023,-0.57931,-1.44661,-1.37431,-0.43906,0.21577,-0.58649,-0.76207,-0.61059,-0.60289,-1.31752,-1.0833,-1.16077,-1.33279,-2.08837,-2.65787,-0.79139,-0.97528,-1.81453,-1.37959,-0.85622,-1.12718,-1.12348,-1.04858,-0.65425,0.04767,0.14083,0.33963,0.75572,0.39203,0.68843,0.43878,-0.05165,1.06264
PRO11,-0.91912,-0.70043,0.41478,0.53332,0.69337,0.0,0.04061,-0.32232,-0.64785,-0.57573,-0.60495,-0.69048,-0.60843,-1.22387,-1.15053,-0.61841,0.23849,0.58296,0.90348,1.414,1.6705,2.06891,2.11721,1.59834,1.38553,1.28243,1.45445,1.13749,0.91719,0.15857,-0.06913,0.65973,0.1752,-0.21883,-0.06687,-0.0947,0.50674,-0.46843,-0.12106,-0.33469,-0.22793,-0.09244,0.08181,0.1368,-0.03633,-0.15915,-0.15748,0.54412,0.22078,-0.63415,-1.31456,-1.96952,-1.56548,-1.7849,-2.11917,-2.08474,-1.41122,-1.25984,-1.511,-1.24952,-0.31269,-0.57127,-0.78438,-0.11483,1.07828,1.62385,2.35254,2.75653,2.45865,1.54202,1.25248,1.07794,1.18468,0.73678,-0.67574,-0.21486,-0.26331,0.14368,0.2488,0.39103,0.48123,0.64311,1.02779,0.87096,1.3421,1.16993,1.79479,1.76917,1.35316,0.81103,0.90036,-0.09032,-0.13677,-0.78546,-0.68679,-1.42395,-2.43048,-1.69239,-1.04358,-1.33469,-0.52538,-1.34428,-0.8681,-0.89782,-1.22181,-1.06248,-0.53079,-0.01809,-1.09621,-1.00976,-0.97418,-0.95052,-1.64775,-1.30321,-1.47498,-1.32448,-1.79595,-2.23999,-0.90714,-1.16799,-1.36583,-1.20578,-0.94447,-1.35477,-0.94299,-0.87817,-0.96291,-0.06921,0.20455,0.17509,0.37986,-0.01413,0.10634,-0.13464,-0.40348,0.74782
ALA12,-0.58039,-0.34581,0.08716,-0.04401,0.29838,0.04061,0.0,0.24142,0.10425,0.10163,-0.08545,-0.19356,-0.07704,-0.87526,-0.78854,-0.00726,1.06598,1.45322,1.88207,2.4406,2.61788,2.60793,2.36749,2.16279,2.0907,2.18147,2.2368,2.11481,1.90302,1.17274,0.68619,0.84846,-0.05457,-0.3135,-0.16069,-0.3865,0.11235,-1.00016,-0.73178,-1.04637,-1.06995,-0.93465,-0.79582,-0.71592,-0.72875,-0.8394,-0.84016,-0.04782,0.13113,-0.50939,-0.62013,-1.39697,-1.03443,-1.10473,-1.40602,-1.5643,-0.91552,-0.7203,-1.11636,-0.96446,0.03997,-0.13865,-0.60976,-0.12012,0.81961,1.45225,2.41179,2.49552,2.39557,1.48034,1.20836,0.90089,0.97919,0.52373,-0.21628,0.27101,0.29667,0.85404,0.81286,1.02008,1.15541,1.73262,2.04463,1.94679,2.05719,1.56157,1.99085,1.53686,1.06116,0.48121,0.39563,-0.6202,-0.33216,-0.59057,-0.35667,-1.35756,-2.12773,-1.15442,-0.82298,-0.87357,-0.27391,-1.21062,-0.48325,-0.67277,-0.99651,-0.79471,-0.49379,0.39005,-1.25195,-1.05431,-0.86888,-1.07428,-1.63058,-1.12298,-1.7632,-2.28239,-2.13389,-1.80199,-1.0572,-1.42863,-1.38264,-0.76491,-0.51424,-1.52019,-0.96156,-0.5493,-0.71874,-0.31938,0.13289,0.35635,0.2478,-0.21751,0.10035,-0.26527,-0.65514,0.63524
THR13,-0.38759,-0.27275,-0.29794,-0.56074,-0.43309,-0.32232,0.24142,0.0,0.37427,0.38371,0.14151,0.03286,0.14696,-0.58565,-0.49941,0.27119,1.35639,1.80708,2.23469,2.84809,2.86793,2.41758,2.04445,2.08657,2.00559,2.23778,2.23931,2.22509,2.11391,1.58175,0.92683,0.55046,-0.2861,-0.30379,-0.0573,-0.43917,-0.22472,-1.15811,-1.02214,-1.30399,-1.4344,-1.32361,-1.23992,-1.14709,-1.00395,-1.13921,-1.14957,-0.46571,0.03969,-0.38329,-0.04716,-0.70883,-0.40537,-0.35379,-0.52396,-0.7386,-0.34808,-0.09687,-0.50322,-0.53437,0.33716,0.30076,-0.252,-0.22085,0.32435,0.82265,1.77503,1.79781,1.72313,0.91857,0.66107,0.27652,0.30871,0.02519,0.14348,0.3768,0.41452,1.08717,1.10986,1.31976,1.30307,1.93809,2.07964,1.94121,1.89175,1.31522,1.52901,0.85498,0.49958,-0.07306,-0.28066,-1.06446,-0.83317,-0.65789,-0.41056,-1.32372,-1.77958,-0.67004,-0.56125,-0.51644,-0.0497,-0.49781,0.06842,-0.1399,-0.32149,-0.22743,-0.01908,1.06143,-0.15102,-0.30679,-0.26691,-0.35431,-0.92146,-0.46185,-1.20221,-2.43952,-1.66514,-1.06946,-1.30756,-1.19703,-0.94104,-0.37289,0.02472,-0.85399,-0.3654,-0.1086,-0.19894,0.13655,0.5198,0.61095,0.64459,0.31721,0.28485,0.08976,0.0417,0.77851
LEU14,-0.4212,-0.31293,-0.27803,-0.58294,-0.61626,-0.64785,0.10425,0.37427,0.0,0.56033,0.77562,0.55719,0.56865,-0.05583,-0.05953,0.59999,1.7535,2.2296,2.70363,3.00466,2.76122,2.19648,1.70817,1.8586,1.90888,2.2955,2.18489,2.42262,2.25305,1.97439,1.25656,0.46429,-0.43015,-0.23008,-0.03683,-0.45879,-0.42489,-1.29779,-1.39987,-1.62374,-1.83457,-1.78342,-1.81298,-1.77834,-1.68008,-1.76273,-1.66543,-1.03229,0.02722,-0.13878,0.5596,0.00486,0.33956,0.60557,0.56289,0.30652,0.50406,0.93348,0.43865,0.16156,0.99032,1.02962,0.32673,0.1358,0.08734,0.27976,1.0466,1.01348,1.21155,0.28624,0.09929,-0.32438,-0.20733,-0.34806,0.67808,0.5995,0.54187,1.30649,1.32281,1.65132,1.48239,2.07759,2.10294,1.90846,1.70361,1.06521,1.24806,0.38278,0.28921,-0.4613,-0.99336,-1.45913,-1.12852,-0.42745,-0.32483,-1.38184,-1.13075,0.30214,0.10028,0.17979,0.54875,0.37848,0.9448,0.61022,0.47769,0.41366,0.42852,1.42401,0.58595,0.59645,0.28869,0.13462,-0.22582,-0.1296,-1.21314,-2.9425,-1.33789,-0.22369,-1.45056,-0.78421,-0.06646,0.19672,0.70254,-0.10645,0.33196,0.56733,0.28778,0.56131,0.87681,1.03049,0.92507,0.76694,0.69435,0.29272,0.57305,1.13579
ILE15,-0.25061,-0.15054,-0.23098,-0.49266,-0.51267,-0.57573,0.10163,0.38371,0.56033,0.0,0.86237,0.64611,0.70501,-0.02099,-0.07088,0.79184,1.91211,2.38501,2.93782,3.01963,2.75229,2.15927,1.64303,1.88445,2.12178,2.56315,2.40622,2.59843,2.44985,2.25285,1.62435,0.67569,-0.42651,-0.17323,-0.10783,-0.51246,-0.48109,-1.42752,-1.60672,-1.91541,-2.13828,-2.20147,-2.33918,-2.28543,-2.16935,-2.22263,-2.03241,-1.28015,0.07407,0.02467,0.82552,0.29254,0.61199,0.89541,0.9104,0.56427,0.81951,1.36355,0.67483,0.25105,1.05857,1.09695,0.2742,0.0214,-0.17548,-0.02132,0.73966,0.69378,1.10133,0.2069,0.07869,-0.40872,-0.30539,-0.36349,1.02932,1.00767,0.97828,1.58971,1.48545,1.78045,1.72003,2.39213,2.18639,2.15991,1.85467,1.13227,1.40074,0.1812,0.12985,-0.82943,-1.45872,-1.81517,-1.34102,-0.19196,-0.05402,-1.53158,-1.16198,0.45962,0.1656,0.32524,0.63051,0.48103,1.09637,0.88265,0.54965,0.4583,0.5628,1.58565,0.54002,0.72029,0.41282,0.25661,0.01089,0.3511,-0.94286,-2.95291,-0.8558,0.48635,-1.14217,-0.5065,0.11112,0.35924,0.98243,-0.09443,0.46908,0.79697,0.38974,0.54084,0.94384,1.03017,0.91144,0.79769,0.80436,0.41639,0.58222,1.23893
LYS16,-0.28092,-0.15502,0.00145,-0.29016,-0.43466,-0.60495,-0.08545,0.14151,0.77562,0.86237,0.0,0.42392,0.65773,-0.02336,-0.20405,0.75773,1.8747,2.2959,2.72407,2.4938,2.1047,1.64108,1.23855,1.41273,1.6873,2.24052,2.15371,2.43702,2.27522,2.17695,1.57545,0.73851,-0.26307,-0.01044,-0.04883,-0.43364,-0.50554,-1.33778,-1.58122,-1.88997,-2.07265,-2.08802,-2.32067,-2.36893,-2.33989,-2.35042,-2.17748,-1.47928,0.09412,0.22045,1.05961,0.57952,0.93442,1.38989,1.3908,1.05423,1.13072,1.67904,1.11192,0.50148,1.08694,1.22297,0.37639,0.02973,-0.3051,-0.28482,0.30424,0.31757,0.73722,-0.16315,-0.19739,-0.61674,-0.44978,-0.37386,0.98347,0.93877,0.92325,1.52572,1.33501,1.70378,1.62091,2.32835,2.08204,1.85473,1.51707,0.94354,1.17909,0.09244,0.10215,-0.83476,-1.52737,-1.70186,-1.19691,-0.02547,0.13143,-1.28619,-0.78403,0.87518,0.42721,0.58594,0.80891,0.68174,1.31147,1.12505,0.88263,0.82545,1.02803,2.00411,0.6276,0.71299,0.4983,0.39765,0.18966,0.50856,-0.65726,-2.96201,-0.52611,0.83948,-0.76462,-0.02497,0.49546,0.72234,1.24487,0.01113,0.68708,1.05988,0.6679,0.7389,1.13407,1.12178,0.90636,0.88312,0.73579,0.49553,0.82395,1.61485
ALA17,-0.12921,0.05408,-0.04674,-0.37362,-0.52623,-0.69048,-0.19356,0.03286,0.55719,0.64611,0.42392,0.0,0.52048,0.07044,-0.03444,0.52177,1.80035,2.21592,2.2508,1.92979,1.44501,1.12557,0.77145,1.03346,1.36587,1.90747,1.93669,2.29964,2.13417,2.01012,1.55802,0.71461,-0.17756,0.14513,0.02932,-0.27227,-0.29801,-1.00847,-1.2622,-1.62748,-1.96,-1.9844,-2.35138,-2.5656,-2.53699,-2.44252,-2.2735,-1.69938,0.23281,0.72195,1.66001,1.13756,1.47055,1.967,1.99381,1.65059,1.76403,2.20868,1.63982,0.90921,1.14785,1.16613,0.38061,-0.09759,-0.47824,-0.55328,-0.10241,-0.10727,0.35757,-0.30406,-0.29761,-0.75895,-0.5529,-0.51955,1.16333,0.8408,0.77692,1.5308,1.47065,1.7912,1.58518,2.25859,1.94854,1.78423,1.31183,0.88212,1.07553,0.07637,0.05553,-0.75836,-1.38468,-1.4441,-0.88344,0.32963,0.49857,-0.89628,-0.36022,1.38562,0.65956,0.73929,0.92067,0.70913,1.54821,1.52217,1.17835,1.19868,1.26138,2.19415,0.98425,0.9108,0.37413,0.27468,0.24509,0.04496,-1.07572,-3.22743,-0.80882,0.97455,-0.71079,0.16484,0.71684,0.85899,1.42436,0.01475,0.50597,0.96369,0.60312,0.45905,0.82978,0.88776,0.612,0.58964,0.5461,0.25482,0.5366,1.3016
ILE18,-0.01153,0.28598,9e-05,-0.3517,-0.46884,-0.60843,-0.07704,0.14696,0.56865,0.70501,0.65773,0.52048,0.0,-0.6573,-0.51748,0.18364,1.58458,1.88288,1.97085,1.58291,1.21612,0.94845,0.66161,0.97284,1.4084,1.94048,1.96863,2.35795,2.18228,2.07038,1.68207,0.92195,-0.08963,0.23461,0.18687,-0.19014,-0.19517,-1.03999,-1.21468,-1.70198,-2.16236,-2.22355,-2.62196,-2.76574,-2.6913,-2.6444,-2.45192,-1.76141,0.55826,1.02499,2.02314,1.49035,1.75698,2.02828,1.96061,1.73256,1.83248,2.15251,1.42954,0.62621,0.89345,0.8622,-0.00203,-0.41699,-0.69072,-0.6409,-0.22628,-0.1672,0.40516,-0.04805,-0.03507,-0.49723,-0.41745,-0.37701,1.36363,0.9995,0.87317,1.51909,1.49026,1.95188,1.65318,2.39504,2.01258,1.96706,1.49464,1.08812,1.24791,0.09423,-0.05331,-0.89824,-1.35553,-1.47136,-0.66729,0.71001,0.95507,-0.59769,-0.16196,1.63442,0.86139,0.86182,1.11571,0.79022,1.64333,1.52995,1.19712,1.12029,1.24412,1.98813,0.96217,0.92167,0.31202,0.16733,0.25813,0.11703,-1.11591,-3.26492,-0.65908,1.3766,-0.43537,0.27838,0.69428,0.78911,1.4545,-0.07385,0.35583,0.87898,0.65935,0.37579,0.77805,1.04001,0.6026,0.743,0.69024,0.27791,0.43655,1.27414
ASP19,-0.30905,-0.04638,-0.14594,-0.71339,-0.89968,-1.22387,-0.87526,-0.58565,-0.05583,-0.02099,-0.02336,0.07044,-0.6573,0.0,-0.49666,-0.40356,0.13168,0.23966,0.50068,0.14726,-0.16248,-0.31877,-0.52491,-0.19908,0.23542,0.78417,0.72338,1.12231,1.03173,1.11074,0.84552,-0.00542,-0.2771,0.33189,0.68654,0.51948,-0.49861,-0.61777,-1.08037,-1.04557,-1.22114,-1.33725,-1.56831,-1.61369,-1.44628,-1.41645,-1.21422,-1.12412,0.63531,0.95552,2.05082,1.99872,2.0986,2.30198,2.41712,2.31916,2.10278,2.16243,1.98954,1.18758,0.7815,1.02214,0.44926,-0.30772,-0.8423,-1.10506,-1.01841,-1.22404,-0.98587,-1.45748,-1.50373,-1.771,-1.61733,-1.24821,0.76381,0.09256,0.17109,0.39588,0.47841,0.87566,0.54043,0.95326,0.45301,0.29185,-0.15002,-0.15099,0.0458,-0.57125,-0.45227,-0.93478,-1.38609,-1.05736,-0.6935,0.71165,0.78428,0.18142,1.53899,2.27075,1.60953,1.8603,1.85292,2.3592,2.66237,2.43755,2.1631,2.04128,1.57011,1.70756,1.95153,2.06688,1.22185,0.71847,0.86145,0.57987,0.4557,-2.42753,-0.51377,1.47256,-0.11095,1.10987,2.02345,1.90446,1.97701,1.94404,2.11995,2.15214,2.13381,1.60571,1.73124,2.03006,1.72001,1.7504,1.54741,1.48322,1.94606,1.76803
GLY20,-0.26952,-0.15174,-0.21406,-0.68298,-0.81144,-1.15053,-0.78854,-0.49941,-0.05953,-0.07088,-0.20405,-0.03444,-0.51748,-0.49666,0.0,-1.78161,-0.53588,-0.31708,-0.18112,-0.40331,-0.5185,-0.59443,-0.73808,-0.38896,0.04379,0.5967,0.53883,0.95764,0.81407,1.07686,0.86408,0.01333,-0.20285,0.42385,0.73151,0.60916,-0.54404,-0.6584,-1.21915,-1.18406,-1.29555,-1.28579,-1.51585,-1.6066,-1.43942,-1.3055,-1.07851,-0.91663,0.74773,1.11949,2.22059,2.33523,2.26187,2.39774,2.47543,2.26746,2.19188,2.15729,2.05256,1.38995,0.92273,1.17823,0.76124,-0.00853,-0.74478,-1.12933,-1.07846,-1.34571,-1.16346,-1.53009,-1.44048,-1.8627,-1.62925,-1.29124,1.3597,0.27752,0.14141,0.59265,0.60608,0.7937,0.43453,0.83367,0.20606,0.35162,-0.07445,-0.34798,-0.20978,-0.53831,-0.29417,-0.7861,-1.37608,-0.94733,-0.69292,0.61986,0.48669,0.00255,1.36407,2.05415,1.09942,1.42563,1.39178,2.05911,2.8339,2.63666,2.31514,1.93452,1.88602,2.34567,2.87734,2.76184,1.74471,1.19413,1.33639,0.72472,0.36466,-2.75549,-0.58107,1.38387,-0.55882,1.24504,2.34128,1.70053,1.97586,2.21411,2.12713,2.0065,1.83323,1.34186,1.29951,1.36039,1.38191,1.62398,1.5837,1.44117,1.48101,0.75953
ASP21,-0.00318,0.21502,-0.16183,-0.36135,-0.45008,-0.61841,-0.00726,0.27119,0.59999,0.79184,0.75773,0.52177,0.18364,-0.40356,-1.78161,0.0,-0.38982,0.1419,0.2449,0.0274,-0.10264,-0.2238,-0.36967,0.0686,0.57664,1.18021,1.37304,1.88531,1.94664,2.45307,2.15096,1.23188,0.37203,0.64243,0.65581,0.48138,-0.56586,-1.21298,-1.46677,-1.71708,-1.94082,-1.96345,-2.11805,-2.12334,-1.96836,-1.90007,-1.79074,-1.305,0.36118,0.70063,1.8229,1.71238,1.88779,2.03169,2.04857,1.77852,1.73248,1.76959,1.41023,0.89717,0.74468,0.71488,0.18765,-0.28491,-0.78256,-0.84478,-0.40397,-0.38446,0.04439,-0.14648,-0.11135,-0.52034,-0.62264,-0.39501,1.34407,1.04016,1.06269,1.23532,0.95127,1.23974,1.14997,1.82244,1.49768,1.70546,1.26988,1.0134,1.03833,0.3969,0.2141,-0.36542,-0.69129,-0.23366,0.70595,1.62058,1.83682,0.81453,0.82503,1.49112,0.58605,0.57877,0.66564,0.70249,1.67028,1.56715,1.29329,1.22944,1.2933,1.72139,1.21266,1.03324,0.28933,0.08613,0.41178,0.383,-0.14536,-1.801,-0.13589,1.79585,0.02891,1.13411,1.3417,0.79153,1.27621,0.58711,0.26653,0.36505,0.11503,-0.23264,-0.03319,0.29176,0.16533,0.41872,0.61104,0.41431,0.21816,0.04269
THR22,0.04324,0.3505,0.31712,0.17886,0.2596,0.23849,1.06598,1.35639,1.7535,1.91211,1.8747,1.80035,1.58458,0.13168,-0.53588,-0.38982,0.0,1.0866,1.24799,0.99064,0.74774,0.65119,0.40347,0.7951,1.43813,2.19673,2.52574,3.06887,3.10398,2.9351,2.37427,1.46736,0.26075,0.40327,0.24597,-0.18488,-0.47921,-1.62278,-1.85855,-2.43075,-2.84875,-2.83167,-3.10822,-3.18114,-3.05427,-2.94385,-2.83906,-1.85669,0.39136,0.78214,2.02245,1.57914,1.89194,2.0789,2.00838,1.68241,1.80233,1.90531,1.23301,0.69567,1.01601,0.8806,0.01327,-0.3298,-0.49878,-0.43867,0.2007,0.28996,0.89272,0.38858,0.39939,-0.14171,-0.11214,-0.05869,1.91606,1.616,1.38214,1.95827,1.56242,1.90795,1.78185,2.67768,2.52219,2.62536,1.948,1.34931,1.412,0.44623,0.21879,-0.49975,-0.85075,-0.90043,0.01433,1.17553,1.4599,-0.23491,-0.41757,1.08205,0.15838,0.16156,0.32365,-0.07718,1.24742,0.76228,0.42396,0.53143,0.71606,1.68296,0.77077,0.66643,0.09137,-0.05581,0.06738,0.09965,-0.78865,-2.53888,-1.03319,0.66645,-0.9398,0.71378,0.59619,0.60786,1.41907,-0.26285,-0.21538,0.26553,-0.30783,-0.53368,-0.01309,0.28332,0.12636,0.41704,0.4968,-0.03108,-0.09727,0.31781
VAL23,0.01078,0.35866,0.46635,0.3839,0.50713,0.58296,1.45322,1.80708,2.2296,2.38501,2.2959,2.21592,1.88288,0.23966,-0.31708,0.1419,1.0866,0.0,1.10075,1.03598,0.67892,0.54784,0.39158,0.85091,1.42964,2.22004,2.5722,3.17472,3.11415,2.82085,2.17317,1.32359,0.20923,0.30183,0.14062,-0.27417,-0.43751,-1.60526,-1.90032,-2.50866,-2.87574,-2.82513,-3.04001,-3.1195,-3.07368,-3.02129,-2.87556,-1.84614,0.26936,0.53202,1.68371,1.22533,1.63839,1.90969,1.84942,1.4529,1.66278,1.81436,1.08186,0.57616,1.09111,0.98436,0.10575,-0.2566,-0.37979,-0.24982,0.4263,0.47874,1.06924,0.41079,0.44857,-0.08401,0.00273,-0.01509,1.70398,1.5145,1.31266,1.96773,1.55837,1.80614,1.61433,2.46614,2.34354,2.39446,1.86185,1.11722,1.21058,0.27221,0.08635,-0.58989,-0.85545,-0.99643,-0.39132,0.63927,1.00125,-0.66164,-0.90168,0.6379,-0.12232,-0.18972,-0.08017,-0.40966,0.80958,0.37808,-0.01195,0.20014,0.64875,1.6668,0.59145,0.59367,0.1379,0.08302,0.10401,0.19857,-0.81809,-2.45756,-0.7382,0.40833,-0.91043,0.43198,0.58806,0.60677,1.52183,-0.306,-0.18775,0.28281,-0.35949,-0.52404,0.00917,0.24478,0.01784,0.27322,0.42786,-0.08029,-0.10636,0.41088
LYS24,0.02041,0.36825,0.57202,0.5366,0.74534,0.90348,1.88207,2.23469,2.70363,2.93782,2.72407,2.2508,1.97085,0.50068,-0.18112,0.2449,1.24799,1.10075,0.0,0.99215,0.87416,0.60445,0.41161,1.00656,1.67102,2.41684,2.74935,3.13289,3.00186,2.62487,1.97169,1.1883,0.04549,0.17682,0.0956,-0.311,-0.45462,-1.63451,-1.93148,-2.59768,-3.00389,-2.98949,-3.13653,-3.15666,-3.12207,-3.1026,-2.92483,-1.75685,0.20724,0.27682,1.4382,0.95898,1.36473,1.6927,1.75261,1.34841,1.53897,1.82243,0.98286,0.46572,1.1413,1.09313,0.08975,-0.2203,-0.23825,-0.01164,0.79721,0.83313,1.36552,0.51754,0.50192,-0.06833,0.03243,0.02377,1.52993,1.53424,1.37205,2.08039,1.74204,1.93349,1.67547,2.38924,2.27417,2.18297,1.71378,0.94635,1.06115,0.13334,0.05288,-0.63642,-0.95154,-1.14014,-0.64516,0.24559,0.54354,-0.99149,-1.14731,0.34113,-0.31649,-0.27303,-0.09194,-0.50258,0.43599,-0.01568,-0.3709,-0.22767,0.18287,1.45113,0.34074,0.31417,-0.03363,-0.12327,-0.14811,0.16445,-0.87657,-2.74373,-0.79073,0.22784,-0.85145,-0.01025,0.38635,0.67805,1.52033,-0.17102,0.06149,0.53565,0.00319,-0.05021,0.46206,0.72194,0.4023,0.45282,0.61,0.19739,0.1939,0.72403
LEU25,0.06827,0.46063,0.75837,0.80597,1.15336,1.414,2.4406,2.84809,3.00466,3.01963,2.4938,1.92979,1.58291,0.14726,-0.40331,0.0274,0.99064,1.03598,0.99215,0.0,0.9616,0.84662,0.59114,1.13624,1.79673,2.45011,2.56643,2.76723,2.62358,2.23541,1.62453,1.05864,-0.06263,-0.007,-0.0195,-0.40325,-0.39046,-1.47144,-1.67417,-2.26506,-2.69725,-2.7377,-2.82194,-2.79123,-2.68647,-2.72717,-2.58645,-1.38743,0.12662,-0.03836,0.87482,0.35009,0.77013,1.04209,1.10093,0.81145,1.09371,1.28898,0.54993,0.18197,0.94309,0.85696,0.00147,-0.17103,0.107,0.46268,1.34419,1.47617,1.97944,0.96718,0.83149,0.2228,0.28108,0.08448,1.083,1.19015,1.17403,1.92712,1.72346,1.95035,1.59804,2.16847,1.98593,1.84962,1.57006,0.95206,1.14787,0.28351,0.11367,-0.42634,-0.62416,-1.0174,-0.56337,-0.0418,0.1776,-1.19556,-1.50339,-0.19702,-0.66944,-0.66566,-0.40681,-0.9111,-0.14512,-0.5782,-0.94763,-0.80812,-0.43218,0.82569,-0.2093,-0.26483,-0.52025,-0.55928,-0.66929,-0.19638,-1.07879,-2.70942,-1.06808,-0.14779,-0.82315,-0.50042,-0.47646,0.01584,1.16611,-0.51903,-0.172,0.23889,-0.31188,-0.1272,0.40006,0.53257,0.31565,0.28387,0.38512,0.09452,0.19673,0.74324
MET26,0.10027,0.51889,0.82865,0.89946,1.34613,1.6705,2.61788,2.86793,2.76122,2.75229,2.1047,1.44501,1.21612,-0.16248,-0.5185,-0.10264,0.74774,0.67892,0.87416,0.9616,0.0,0.73931,0.74976,1.29975,1.79038,2.32352,2.28497,2.17574,2.04494,1.66387,1.139,0.81323,-0.16141,-0.1623,-0.10115,-0.39115,-0.30037,-1.32995,-1.3554,-1.88241,-2.23588,-2.35689,-2.41116,-2.35045,-2.21681,-2.24321,-2.11704,-0.90833,0.14291,-0.27636,0.3917,-0.09853,0.27361,0.37759,0.41743,0.25251,0.68912,0.83503,0.13607,-0.07763,0.71702,0.5423,-0.19094,-0.20701,0.25761,0.66177,1.44406,1.62156,2.10442,1.22148,1.00495,0.44333,0.50362,0.24256,0.64414,0.94485,0.97359,1.58529,1.38838,1.64184,1.45323,1.87673,1.69549,1.48225,1.26847,0.68773,0.89285,0.14497,-0.03417,-0.46341,-0.49974,-1.00276,-0.72506,-0.41968,-0.20492,-1.28803,-1.86359,-0.71432,-0.8463,-0.87605,-0.58769,-1.12336,-0.49196,-0.97514,-1.2458,-1.22161,-0.91221,0.35585,-0.53658,-0.57653,-0.61111,-0.61329,-0.78127,-0.12374,-0.85903,-2.0233,-1.04069,-0.35571,-0.65332,-0.56801,-0.79791,-0.49456,0.78873,-0.6984,-0.18439,0.23405,-0.22869,0.02501,0.55351,0.70282,0.35915,0.32394,0.42522,0.01912,0.18083,0.72921
TYR27,0.08562,0.76805,1.5987,1.54453,2.01688,2.06891,2.60793,2.41758,2.19648,2.15927,1.64108,1.12557,0.94845,-0.31877,-0.59443,-0.2238,0.65119,0.54784,0.60445,0.84662,0.73931,0.0,0.98736,1.01642,1.29445,1.52712,1.759,1.66559,1.56879,1.14909,0.70685,0.73216,-0.15361,-0.25473,-0.18554,-0.38041,-0.18179,-1.18997,-1.07719,-1.48322,-1.75132,-1.83946,-1.83805,-1.7775,-1.74906,-1.7388,-1.61646,-0.41092,0.30165,-0.32585,-0.00795,-0.47167,0.00249,0.00732,-0.12463,-0.20947,0.26467,0.3856,-0.2331,-0.34945,0.42303,0.19424,-0.38569,-0.20533,0.61027,0.95186,1.54959,2.03179,2.46747,1.47297,1.21419,0.70037,0.85366,0.44411,0.21928,0.47639,0.54774,1.03364,0.92607,1.18907,1.13807,1.57752,1.4815,1.20442,1.04217,0.58702,0.84735,0.24044,0.04481,-0.31156,-0.41918,-0.89087,-0.64855,-0.62758,-0.3817,-1.23213,-1.89624,-0.99072,-0.90736,-0.89719,-0.59004,-1.2625,-0.63861,-1.16161,-1.73832,-1.53328,-1.29054,-0.30607,-1.15895,-1.14058,-1.01834,-0.80302,-1.06958,-0.55944,-0.99686,-1.95762,-1.68898,-1.251,-0.73061,-0.75884,-1.19106,-0.85581,0.03411,-1.56032,-0.64466,0.08507,-0.14972,0.14719,0.58537,0.96117,0.72758,0.55777,0.70466,0.22216,0.17786,0.90168
LYS28,0.09859,0.87061,1.82673,1.75385,2.16733,2.11721,2.36749,2.04445,1.70817,1.64303,1.23855,0.77145,0.66161,-0.52491,-0.73808,-0.36967,0.40347,0.39158,0.41161,0.59114,0.74976,0.98736,0.0,0.35097,0.71677,0.70941,0.95385,0.98232,1.01114,0.57725,0.26373,0.52305,-0.2018,-0.36785,-0.28917,-0.37428,-0.04274,-0.98715,-0.79701,-1.12657,-1.25585,-1.32558,-1.28758,-1.25319,-1.31666,-1.31928,-1.22903,-0.1085,0.30087,-0.39483,-0.3091,-0.74837,-0.31054,-0.34937,-0.53946,-0.60574,-0.03395,0.07266,-0.46954,-0.42456,0.34371,0.10318,-0.40744,-0.10599,0.77067,1.1496,1.53429,2.02543,2.49299,1.49156,1.29669,0.92954,1.10439,0.58355,-0.07867,0.1866,0.22645,0.66052,0.55855,0.82898,0.8303,1.2363,1.30072,1.02168,0.92435,0.45974,0.67823,0.24775,0.07184,-0.22039,-0.32815,-0.87005,-0.62541,-0.74879,-0.56963,-1.15384,-1.75701,-1.15879,-0.95903,-0.84713,-0.47224,-1.25532,-0.85146,-1.33517,-1.90359,-1.70701,-1.30304,-0.61758,-1.55962,-1.44088,-1.15549,-0.93312,-1.14493,-0.66162,-0.98676,-1.48191,-1.80992,-1.44084,-0.54314,-0.74038,-1.26161,-0.75246,-0.09009,-1.4825,-1.15692,0.03114,0.0233,0.3502,0.68528,0.97993,0.96761,0.7834,0.72593,0.23373,0.19679,0.90387
GLY29,0.13353,0.64391,0.8844,0.84521,1.43967,1.59834,2.16279,2.08657,1.8586,1.88445,1.41273,1.03346,0.97284,-0.19908,-0.38896,0.0686,0.7951,0.85091,1.00656,1.13624,1.29975,1.01642,0.35097,0.0,0.65968,0.623,0.73084,0.77666,0.86365,0.61356,0.31688,0.342,-0.42169,-0.42428,-0.32315,-0.49066,-0.14705,-1.03253,-0.85163,-1.15962,-1.34488,-1.39595,-1.50609,-1.58689,-1.60007,-1.63663,-1.59658,-0.55334,0.05576,-0.40055,-0.02386,-0.50789,-0.16616,-0.19034,-0.25574,-0.36527,0.21343,0.35131,-0.20032,-0.14548,0.6342,0.42265,-0.18722,-0.02943,0.48109,0.84082,1.32417,1.54678,1.99398,1.40304,1.21658,0.79955,0.90668,0.39877,0.28863,0.62393,0.60933,1.02293,0.89474,1.1138,1.16691,1.61655,1.62673,1.396,1.11339,0.49387,0.57599,0.07909,-0.06717,-0.39629,-0.43285,-0.96169,-0.67889,-0.55404,-0.37058,-1.0042,-1.3937,-0.73656,-0.66657,-0.54655,-0.26263,-0.90908,-0.63348,-1.1276,-1.54752,-1.42094,-1.10269,-0.16013,-1.10549,-1.09467,-0.98468,-0.88151,-1.03635,-0.38562,-0.91537,-1.58906,-1.10442,-0.50236,-0.35869,-0.42621,-0.83509,-0.36053,0.33145,-0.81699,-0.58539,0.3547,0.28074,0.45819,0.9862,1.13236,0.72866,0.69987,0.59615,-0.08017,-0.05781,0.70868
GLN30,-0.02111,0.54617,0.82222,0.73493,1.3373,1.38553,2.0907,2.00559,1.90888,2.12178,1.6873,1.36587,1.4084,0.23542,0.04379,0.57664,1.43813,1.42964,1.67102,1.79673,1.79038,1.29445,0.71677,0.65968,0.0,0.63798,0.85167,0.83827,0.8679,0.71787,0.43412,0.33905,-0.5576,-0.51144,-0.45051,-0.61335,-0.2606,-1.21142,-1.05849,-1.39216,-1.57066,-1.61997,-1.68591,-1.78818,-1.82484,-1.89777,-1.89087,-0.83374,0.06564,-0.30501,0.25167,-0.28151,0.08341,0.10816,0.09151,-0.03972,0.49682,0.67341,0.00085,-0.01903,0.86708,0.65345,-0.06508,0.07627,0.53518,0.78494,1.1281,1.37696,1.86353,1.23611,1.03482,0.54321,0.72495,0.42236,0.67801,1.03485,0.95142,1.2532,1.00767,1.30397,1.39894,1.98696,1.92022,1.75129,1.31709,0.60732,0.67927,-0.00182,-0.08531,-0.38657,-0.52788,-1.11898,-0.73741,-0.44957,-0.18165,-0.94142,-1.32816,-0.5006,-0.46856,-0.32898,-0.07823,-0.76841,-0.29182,-0.93637,-1.43549,-1.35464,-0.94769,0.01269,-0.87544,-0.89307,-0.98024,-0.89312,-0.92936,-0.3699,-0.94562,-1.86171,-1.30403,-0.21112,-0.22601,-0.16902,-0.77104,-0.24203,0.5683,-0.62052,-0.47812,0.42513,0.25493,0.34979,0.92907,1.36316,0.63919,0.61495,0.60745,-0.16376,-0.34102,0.64047
PRO31,0.02828,0.61966,0.74062,0.613,1.21197,1.28243,2.18147,2.23778,2.2955,2.56315,2.24052,1.90747,1.94048,0.78417,0.5967,1.18021,2.19673,2.22004,2.41684,2.45011,2.32352,1.52712,0.70941,0.623,0.63798,0.0,0.8542,1.1685,1.05763,0.87354,0.53836,0.22687,-0.76552,-0.55757,-0.49175,-0.72626,-0.45124,-1.5054,-1.38904,-1.7381,-1.93373,-1.93638,-2.03408,-2.10508,-2.17486,-2.37991,-2.48793,-1.39053,0.01531,-0.25828,0.57668,0.01351,0.3886,0.58443,0.6217,0.40702,0.94042,1.2204,0.41877,0.24297,1.23405,1.0884,0.20599,0.1579,0.47428,0.6911,1.13123,1.25863,1.86855,1.11076,0.95831,0.37751,0.51107,0.25644,1.25079,1.38568,1.19713,1.70781,1.44351,1.74989,1.76036,2.49378,2.48205,2.24488,1.74276,0.86434,0.86238,-0.04308,-0.12932,-0.59738,-0.78422,-1.34912,-0.92914,-0.35284,-0.11002,-0.96925,-1.18208,-0.26535,-0.34093,-0.14819,0.08063,-0.60007,0.09989,-0.5314,-1.08453,-1.11825,-0.75389,0.25586,-0.68419,-0.69222,-0.95269,-0.95339,-0.94123,-0.47516,-1.18753,-2.30999,-1.38361,-0.20481,-0.69649,-0.33157,-0.61854,-0.12594,0.86027,-0.53137,-0.24184,0.53067,0.30557,0.43347,1.32946,1.60202,1.03756,0.92988,0.7645,-0.08431,-0.17004,0.62101
MET32,0.14706,0.6001,0.88039,0.9147,1.31879,1.45445,2.2368,2.23931,2.18489,2.40622,2.15371,1.93669,1.96863,0.72338,0.53883,1.37304,2.52574,2.5722,2.74935,2.56643,2.28497,1.759,0.95385,0.73084,0.85167,0.8542,0.0,1.10019,1.13333,0.70973,0.37043,0.21839,-0.81717,-0.61408,-0.5934,-0.7562,-0.48501,-1.59337,-1.4869,-1.88879,-2.07023,-2.00168,-2.03618,-2.06253,-2.09787,-2.31432,-2.45179,-1.39254,0.04706,-0.22567,0.54929,-0.00723,0.3847,0.60579,0.63854,0.40455,0.96144,1.25305,0.3743,0.14834,1.14546,0.99604,0.16997,0.1667,0.49079,0.81964,1.3196,1.39931,1.94492,1.37309,1.29184,0.68841,0.74863,0.52713,1.3396,1.59814,1.37012,1.92775,1.58095,1.85048,1.7273,2.57445,2.61483,2.51357,1.99573,1.19319,1.17046,0.14247,-0.09887,-0.65641,-0.78218,-1.18817,-0.79229,-0.30007,-0.01692,-1.01869,-1.30881,-0.28362,-0.46466,-0.31843,-0.05985,-0.69881,0.10056,-0.43054,-0.96536,-0.98165,-0.59546,0.36676,-0.76307,-0.85649,-1.03629,-1.06435,-1.1104,-0.59431,-1.23615,-2.43925,-1.2865,-0.41031,-0.72315,-0.42509,-0.86003,-0.37412,0.73985,-0.78446,-0.47955,0.07044,-0.206,-0.15276,0.87632,1.36444,0.76751,0.89271,0.77013,-0.16208,-0.34554,0.53078
THR33,0.27059,0.60361,0.69652,0.67996,0.95009,1.13749,2.11481,2.22509,2.42262,2.59843,2.43702,2.29964,2.35795,1.12231,0.95764,1.88531,3.06887,3.17472,3.13289,2.76723,2.17574,1.66559,0.98232,0.77666,0.83827,1.1685,1.10019,0.0,0.98045,0.86471,0.42265,0.02765,-1.04894,-0.6712,-0.59905,-0.7822,-0.59629,-1.71611,-1.61603,-2.10451,-2.32636,-2.23824,-2.32784,-2.33804,-2.33025,-2.46147,-2.63559,-1.69847,-0.01078,-0.092,0.87649,0.33331,0.68364,0.98138,1.06876,0.81714,1.33179,1.6644,0.77985,0.42186,1.33851,1.19896,0.36877,0.26914,0.4131,0.62855,1.21314,1.25773,1.74979,1.20554,1.267,0.60578,0.58848,0.45086,1.72874,1.90299,1.7134,2.33135,1.91129,2.2368,2.07958,2.88225,2.88825,2.73423,2.24424,1.42908,1.41588,0.21379,-0.1046,-0.76834,-0.93906,-1.19771,-0.63716,-0.00262,0.30504,-0.87984,-1.15997,0.05806,-0.27703,-0.17379,0.05148,-0.40364,0.4143,-0.05266,-0.4417,-0.41548,-0.25313,0.60152,-0.61297,-0.74563,-1.08869,-1.10135,-1.18842,-0.79369,-1.48791,-2.82153,-1.34237,-0.2659,-0.86129,-0.27229,-0.51437,-0.15678,1.00727,-0.63366,-0.35805,0.20415,-0.09457,-0.16776,0.58599,1.43004,0.83404,0.90964,0.98279,-0.07307,-0.29424,0.59144
PHE34,0.28152,0.6611,0.67336,0.62227,0.81514,0.91719,1.90302,2.11391,2.25305,2.44985,2.27522,2.13417,2.18228,1.03173,0.81407,1.94664,3.10398,3.11415,3.00186,2.62358,2.04494,1.56879,1.01114,0.86365,0.8679,1.05763,1.13333,0.98045,0.0,0.77034,0.40561,-0.0509,-1.22512,-0.88175,-0.88513,-1.00241,-0.5879,-1.59405,-1.45773,-1.9154,-2.22813,-2.12527,-2.22014,-2.21533,-2.17653,-2.21404,-2.28898,-1.514,-0.00557,0.0542,0.90885,0.28985,0.65326,0.94469,0.8985,0.68438,1.20276,1.38818,0.56604,0.32041,1.12267,0.94547,0.23323,0.22269,0.43526,0.66403,1.18894,1.36669,1.86841,1.41659,1.44135,0.95861,0.80806,0.6368,1.64595,1.88904,1.66904,2.31456,1.85207,2.29938,2.14202,2.89391,3.03408,2.86555,2.42225,1.83251,1.66524,0.52026,0.03275,-0.63173,-0.77323,-0.923,-0.28562,0.30025,0.62304,-0.61487,-0.9878,0.17596,-0.19692,-0.2129,0.01174,-0.46539,0.36752,0.02143,-0.38345,-0.29277,-0.13126,0.39828,-0.87138,-1.0576,-1.3573,-1.39515,-1.39912,-1.1981,-1.95071,-2.79767,-1.55333,-0.52163,-0.79015,-0.30996,-0.74007,-0.3277,0.86074,-0.8824,-0.70649,0.0085,-0.27754,-0.40792,0.09098,0.69434,0.41687,0.857,0.86507,-0.0813,-0.40861,0.46153
ARG35,0.31372,0.55635,0.15238,0.05637,0.08815,0.15857,1.17274,1.58175,1.97439,2.25285,2.17695,2.01012,2.07038,1.11074,1.07686,2.45307,2.9351,2.82085,2.62487,2.23541,1.66387,1.14909,0.57725,0.61356,0.71787,0.87354,0.70973,0.86471,0.77034,0.0,0.21216,-0.37374,-1.58499,-1.01211,-1.06785,-1.15854,-0.85907,-1.55408,-1.43536,-1.81826,-2.09873,-2.05721,-2.20834,-2.24155,-2.12696,-2.09461,-2.14376,-1.51473,-0.11193,0.10569,1.12853,0.65278,0.90149,1.27639,1.20981,0.9936,1.45387,1.60328,0.86799,0.64169,1.15904,0.98909,0.37044,0.27147,0.23286,0.37583,0.88745,1.0073,1.56918,1.31152,1.28287,0.80151,0.59014,0.54045,1.90925,1.96146,1.78026,2.54308,2.0431,2.41475,2.23076,2.93939,2.87249,2.8692,2.47162,1.94452,1.70402,0.64996,0.1716,-0.5962,-0.74356,-0.64618,0.08755,0.69377,1.04207,-0.01639,-0.41778,0.57099,-0.0058,0.01726,0.1264,-0.30104,0.48613,0.35299,0.13171,0.15604,0.2692,0.58981,-0.68353,-0.9207,-1.26932,-1.3292,-1.29317,-1.07722,-1.90594,-2.87465,-1.30494,-0.18321,-0.77987,-0.03292,-0.27533,0.0135,1.03751,-0.54628,-0.42652,0.22459,-0.15229,-0.48818,-0.11194,0.277,-0.18729,0.62281,0.74899,-0.05969,-0.48659,0.10581
LEU36,0.20867,0.59157,0.0064,-0.05195,-0.04447,-0.06913,0.68619,0.92683,1.25656,1.62435,1.57545,1.55802,1.68207,0.84552,0.86408,2.15096,2.37427,2.17317,1.97169,1.62453,1.139,0.70685,0.26373,0.31688,0.43412,0.53836,0.37043,0.42265,0.40561,0.21216,0.0,-0.45582,-1.56527,-0.68306,-1.0601,-1.27208,-1.04139,-1.50697,-1.28135,-1.65384,-1.96463,-1.89371,-2.07849,-2.06553,-1.84427,-1.69755,-1.7036,-1.18483,0.01129,0.29395,1.13318,0.77544,0.99741,1.25576,1.18206,0.97519,1.34143,1.39921,0.8363,0.751,1.0459,0.84507,0.3955,0.25616,0.17581,0.38885,1.01593,1.20732,1.76262,1.71134,1.53061,1.06536,0.76932,0.76384,1.84713,1.89275,1.50405,2.04951,1.54434,1.81017,1.7535,2.40552,2.4211,2.85807,2.65625,2.43936,2.21541,1.24888,0.64724,-0.26449,-0.35283,-0.08607,0.86008,1.5217,1.89416,0.70224,0.1338,0.92163,0.24209,0.01154,0.10602,-0.19481,0.72733,0.68281,0.41445,0.61372,1.03599,0.92563,-0.32474,-0.66652,-1.2089,-1.28608,-1.0565,-1.03451,-1.76531,-2.57368,-1.30523,-0.17909,-0.76358,0.1096,-0.36035,-0.30279,0.67208,-0.55924,-0.8575,-0.42611,-0.67327,-1.09422,-0.87358,-0.65216,-1.00289,-0.1793,0.69446,0.16737,-0.51677,-0.21529
LEU37,0.20713,0.4768,0.52729,0.79232,0.77411,0.65973,0.84846,0.55046,0.46429,0.67569,0.73851,0.71461,0.92195,-0.00542,0.01333,1.23188,1.46736,1.32359,1.1883,1.05864,0.81323,0.73216,0.52305,0.342,0.33905,0.22687,0.21839,0.02765,-0.0509,-0.37374,-0.45582,0.0,-1.33552,-1.07272,-1.58784,-1.60215,-0.58305,-1.05781,-0.60321,-0.95542,-1.17594,-1.02358,-1.12341,-1.18992,-1.21484,-0.99576,-1.01405,-0.56108,-0.00436,0.36602,0.228,-0.35155,0.09173,0.25456,-0.15226,-0.26269,0.26377,0.17287,-0.27987,-0.02079,0.34326,0.05569,-0.04749,0.2516,0.65606,1.04463,1.55136,1.91177,2.34532,2.2612,2.1791,2.003,1.71535,1.45815,0.92013,1.28311,0.92737,1.15106,0.5005,0.57781,0.81715,1.40879,1.86031,2.49874,2.66477,2.42544,2.19282,1.59863,0.94261,0.28614,0.42039,0.43048,1.23063,1.31658,1.70134,0.78264,-0.16964,0.38929,0.35555,-0.22312,-0.32842,-0.81884,0.02751,0.38483,0.30427,0.91291,0.94893,-0.02389,-1.20024,-1.95396,-2.39125,-2.3336,-2.17418,-2.12335,-2.56605,-1.6915,-0.68665,0.23688,0.71621,1.13494,-0.08968,0.15678,0.7144,-0.56377,-1.07222,-0.85985,-1.17912,-1.30014,-1.34697,-1.30754,-1.36416,-1.08131,-0.67861,-0.71287,-1.15649,-0.43946
LEU38,-0.25801,-0.51569,0.15376,0.46879,0.22873,0.1752,-0.05457,-0.2861,-0.43015,-0.42651,-0.26307,-0.17756,-0.08963,-0.2771,-0.20285,0.37203,0.26075,0.20923,0.04549,-0.06263,-0.16141,-0.15361,-0.2018,-0.42169,-0.5576,-0.76552,-0.81717,-1.04894,-1.22512,-1.58499,-1.56527,-1.33552,0.0,-0.73802,-1.70732,-1.42688,-0.88739,-0.89048,-0.52889,-0.42096,-0.34756,-0.09989,-0.11789,-0.15957,-0.24242,-0.04369,-0.0017,0.15931,0.13479,0.24575,-0.23974,-0.37347,-0.15051,-0.21244,-0.48757,-0.44664,-0.27752,-0.41843,-0.41426,-0.14739,-0.08736,-0.08083,0.0798,0.26246,0.40837,0.56201,0.79149,0.92822,1.03912,0.97306,1.04422,1.2246,1.0143,0.83244,-0.02502,-0.01544,-0.18132,-0.42112,-0.7894,-0.89288,-0.74297,-0.4496,0.03301,0.5153,0.761,0.88072,0.70193,0.51121,0.17197,0.0239,0.16905,0.23446,0.62369,0.59803,0.93942,0.6102,0.06553,0.20856,0.63939,-0.0104,-0.26402,-0.0935,0.36814,1.11235,1.50315,2.41068,2.20374,0.20907,-0.4689,-1.22957,-1.49624,-1.4849,-1.26715,-1.46316,-1.358,0.3279,0.94767,0.9852,1.5981,2.36674,1.51219,1.23139,1.10442,1.48074,1.05415,0.60895,0.63344,0.97196,0.33406,-0.20557,0.15718,0.13375,0.58301,1.59376,1.61086,0.91474
VAL39,-0.12173,-0.33708,0.04288,0.17096,-0.10765,-0.21883,-0.3135,-0.30379,-0.23008,-0.17323,-0.01044,0.14513,0.23461,0.33189,0.42385,0.64243,0.40327,0.30183,0.17682,-0.007,-0.1623,-0.25473,-0.36785,-0.42428,-0.51144,-0.55757,-0.61408,-0.6712,-0.88175,-1.01211,-0.68306,-1.07272,-0.73802,0.0,-2.33382,-1.19281,-2.04794,-2.04202,-1.79955,-1.43868,-1.17958,-0.91392,-0.87864,-0.82706,-0.61872,-0.47627,-0.27341,0.08963,0.42805,0.11038,0.22369,0.49706,0.4056,0.15759,0.29701,0.36857,0.28827,0.18978,0.18714,0.23416,0.2216,0.23819,0.25909,0.04589,-0.21353,-0.16637,0.2155,0.37239,0.47845,0.51732,0.63621,0.56939,0.22419,0.39003,0.52009,0.44365,0.33399,-0.02638,-0.27497,-0.36995,-0.37726,-0.18622,0.03347,0.38699,0.38951,0.54628,0.39006,-0.00219,-0.22442,-0.45316,-0.36633,-0.16414,0.27754,0.80299,1.07467,0.60173,0.38735,0.47123,0.64461,0.1892,0.24411,0.78935,1.45717,1.85317,2.10646,2.32494,2.18055,0.89268,0.65776,0.29048,-0.14728,-0.28083,0.12627,-0.10348,-0.06052,0.38333,0.61071,0.03352,-0.41743,0.93137,1.06116,0.26897,0.43191,1.69139,1.22163,0.86432,1.48991,1.76849,0.99801,0.8213,1.36028,1.45712,1.9298,2.8361,3.04133,2.23247
ASP40,0.29672,0.00866,0.26215,0.35532,0.10303,-0.06687,-0.16069,-0.0573,-0.03683,-0.10783,-0.04883,0.02932,0.18687,0.68654,0.73151,0.65581,0.24597,0.14062,0.0956,-0.0195,-0.10115,-0.18554,-0.28917,-0.32315,-0.45051,-0.49175,-0.5934,-0.59905,-0.88513,-1.06785,-1.0601,-1.58784,-1.70732,-2.33382,0.0,-0.47214,-2.81428,-2.81941,-2.41945,-2.25451,-1.80364,-1.50953,-1.23302,-0.93627,-0.32804,-0.28678,-0.04237,0.41072,0.77283,0.22157,0.53696,0.9247,0.79933,0.4737,0.75225,0.8779,0.76967,0.71738,0.70469,0.64037,0.50641,0.59904,0.54434,0.11007,-0.21296,-0.19692,0.08429,0.15442,0.2365,0.22331,0.42386,0.28636,-0.01148,0.29867,0.85212,0.76456,0.64263,0.03865,-0.11062,-0.26529,-0.21062,-0.29194,-0.19603,0.01608,0.00884,0.07016,-0.10828,-0.35836,-0.3276,-0.53078,-0.63257,-0.40823,-0.2356,0.3135,0.42567,0.23414,0.33334,0.006,-0.03686,-0.25301,-0.16416,0.91737,1.70307,2.36288,2.38496,1.99178,1.67813,1.17739,0.97055,0.98907,0.28582,-0.15513,0.38173,0.63214,0.66126,0.16241,0.10385,-0.68057,-1.47391,-0.13539,0.4895,-0.69266,-0.52276,1.58233,0.76628,-0.10878,0.82664,1.28444,0.62405,0.38813,1.41455,1.66505,2.32536,2.857,2.82605,1.9565
THR41,0.6617,0.4341,0.39725,0.43437,0.09172,-0.0947,-0.3865,-0.43917,-0.45879,-0.51246,-0.43364,-0.27227,-0.19014,0.51948,0.60916,0.48138,-0.18488,-0.27417,-0.311,-0.40325,-0.39115,-0.38041,-0.37428,-0.49066,-0.61335,-0.72626,-0.7562,-0.7822,-1.00241,-1.15854,-1.27208,-1.60215,-1.42688,-1.19281,-0.47214,0.0,-3.52408,-2.79008,-2.26316,-1.99909,-1.45831,-1.08925,-0.76974,-0.48948,-0.14112,-0.00952,0.38138,0.71876,0.95166,0.47631,0.3654,0.80919,0.76722,0.32075,0.41682,0.48812,0.41758,0.28364,0.37134,0.32869,0.09156,0.17624,0.27226,0.02602,-0.24518,-0.32427,-0.16423,-0.15722,-0.15686,-0.01537,0.27346,0.26583,0.03539,0.17992,0.32337,0.38775,0.41163,-0.25289,-0.36455,-0.43816,-0.44637,-0.69285,-0.66279,-0.62414,-0.60813,-0.49554,-0.62435,-0.73213,-0.60993,-0.68273,-0.65637,-0.46914,-0.41279,-0.07699,0.03563,0.06739,0.20371,-0.05726,-0.04849,-0.26746,-0.03076,0.78691,1.51249,1.69969,1.49772,1.15951,0.91117,0.48791,0.53496,0.5112,0.09503,-0.18595,0.21103,0.42188,0.65082,0.25952,0.01386,-0.6302,-0.93918,-0.49898,-0.0857,-0.94679,-0.87927,0.7596,0.18375,-0.44177,0.39522,0.75959,0.17403,0.20235,1.17009,1.62081,2.44972,2.61674,1.89509,1.40328
PRO42,0.49212,0.32733,0.32018,0.58182,0.45767,0.50674,0.11235,-0.22472,-0.42489,-0.48109,-0.50554,-0.29801,-0.19517,-0.49861,-0.54404,-0.56586,-0.47921,-0.43751,-0.45462,-0.39046,-0.30037,-0.18179,-0.04274,-0.14705,-0.2606,-0.45124,-0.48501,-0.59629,-0.5879,-0.85907,-1.04139,-0.58305,-0.88739,-2.04794,-2.81428,-3.52408,0.0,-0.38378,0.19298,-0.11599,-0.05454,0.23926,0.02698,-0.0414,-0.27281,0.14707,0.50324,0.21038,0.78467,1.86544,0.6075,0.06744,0.30783,0.23972,-0.2822,-0.5662,-0.45324,-0.65982,-0.64929,-0.48172,-0.48765,-0.55066,-0.3047,0.21732,0.40071,0.45082,0.3877,0.52328,0.64213,0.90228,1.11546,1.32146,1.50072,0.82071,-0.07268,-0.0348,-0.37786,-0.38419,-0.5819,-0.7264,-0.67339,-0.79383,-0.48845,-0.41375,0.00459,0.1425,-0.0293,0.03556,-0.12708,-0.05826,0.19807,0.20595,0.22213,-0.11127,-0.00677,-0.02543,-0.18647,0.31716,0.48686,0.02088,-0.06,-0.38688,-0.36941,0.18458,0.35347,0.12869,-0.6204,-1.33314,-1.59409,-1.79022,-2.0,-2.13589,-2.46775,-2.75409,-2.68599,-1.68776,-0.92367,0.4601,1.14436,0.49402,0.22998,0.84496,0.32389,-0.35067,-0.23458,-0.2405,-0.15665,-0.06338,-0.48503,-0.63206,-0.35435,-0.04931,0.24219,0.68888,0.33997,0.67223
GLU43,0.28547,-0.05609,-0.45352,-0.34361,-0.53933,-0.46843,-1.00016,-1.15811,-1.29779,-1.42752,-1.33778,-1.00847,-1.03999,-0.61777,-0.6584,-1.21298,-1.62278,-1.60526,-1.63451,-1.47144,-1.32995,-1.18997,-0.98715,-1.03253,-1.21142,-1.5054,-1.59337,-1.71611,-1.59405,-1.55408,-1.50697,-1.05781,-0.89048,-2.04202,-2.81941,-2.79008,-0.38378,0.0,0.99384,1.35957,1.2703,1.41574,1.1911,1.02488,0.61994,1.14716,1.34203,0.05857,-0.19246,1.57132,0.3107,-0.16517,-0.06525,0.1109,-0.34494,-0.46572,-0.63137,-0.89616,-0.48429,-0.28322,-0.84484,-0.71843,-0.18515,0.25162,0.17437,0.11313,-0.3301,-0.36927,-0.54309,0.00383,0.05901,0.54367,0.7689,0.27638,-0.66747,-1.02548,-1.26206,-1.13845,-1.20446,-1.50152,-1.61527,-1.92944,-1.85258,-1.82695,-1.27976,-0.61742,-0.72672,-0.13048,-0.28064,0.14012,0.47066,0.69983,0.53697,-0.04509,-0.09021,0.43381,0.61869,0.70433,0.79697,0.38723,0.01078,-0.29153,-0.98736,-0.25704,0.19931,0.07576,-0.88973,-1.74986,-1.74891,-1.84251,-1.73339,-1.77666,-2.27924,-2.97218,-2.6263,-1.14254,-0.43306,1.35264,2.0757,1.31373,1.45591,2.1422,1.17362,0.55357,0.95953,1.01264,0.8155,0.63795,0.35766,0.09527,-0.05599,-0.04964,-0.4859,0.21316,0.45729,0.5126
THR44,0.57641,0.52163,-0.32931,-0.24214,-0.22609,-0.12106,-0.73178,-1.02214,-1.39987,-1.60672,-1.58122,-1.2622,-1.21468,-1.08037,-1.21915,-1.46677,-1.85855,-1.90032,-1.93148,-1.67417,-1.3554,-1.07719,-0.79701,-0.85163,-1.05849,-1.38904,-1.4869,-1.61603,-1.45773,-1.43536,-1.28135,-0.60321,-0.52889,-1.79955,-2.41945,-2.26316,0.19298,0.99384,0.0,0.90042,0.87135,0.97424,0.75655,0.82926,0.80702,1.34213,1.2658,0.11797,-0.17084,1.4852,0.25806,-0.43674,-0.21568,-0.11943,-0.74323,-0.7922,-0.82601,-1.17921,-0.90848,-0.58461,-1.05169,-1.10452,-0.54274,-0.01929,0.09135,0.1725,-0.20781,-0.03192,-0.06412,0.72182,0.60268,1.16842,1.29715,0.67244,-0.89232,-0.91537,-1.07629,-1.05099,-1.1335,-1.35613,-1.35952,-1.72452,-1.48939,-1.4397,-0.89429,-0.13644,-0.36309,0.12529,-0.20772,0.26329,0.70034,0.78743,0.69529,-0.01526,-0.01495,0.51268,0.36714,0.2614,0.5876,0.19329,-0.1968,-0.7323,-1.34723,-0.66846,-0.42345,-0.4426,-1.22333,-2.07556,-1.89992,-2.04109,-1.81078,-1.65344,-2.13455,-2.66206,-2.40286,-0.57392,-0.31034,1.28301,2.24076,1.02332,0.60821,1.47885,0.55079,-0.39777,-0.04854,0.16641,-0.03421,-0.28812,-0.34325,-0.5201,-0.88099,-0.76233,-1.17592,-0.55365,-0.45181,0.08049
LYS45,0.32947,0.12495,-0.59564,-0.55546,-0.49128,-0.33469,-1.04637,-1.30399,-1.62374,-1.91541,-1.88997,-1.62748,-1.70198,-1.04557,-1.18406,-1.71708,-2.43075,-2.50866,-2.59768,-2.26506,-1.88241,-1.48322,-1.12657,-1.15962,-1.39216,-1.7381,-1.88879,-2.10451,-1.9154,-1.81826,-1.65384,-0.95542,-0.42096,-1.43868,-2.25451,-1.99909,-0.11599,1.35957,0.90042,0.0,1.42343,1.61353,1.39082,1.39913,1.25819,1.62947,1.54181,0.15079,-0.74819,0.70368,-0.46918,-0.78289,-0.61358,-0.48586,-0.94831,-0.80156,-0.98027,-1.29188,-0.80547,-0.50961,-1.17673,-1.1872,-0.44323,-0.00589,-0.01578,-0.04037,-0.54873,-0.44679,-0.67419,0.10684,-0.0443,0.65117,0.8152,0.26513,-1.47023,-1.58968,-1.52588,-1.51364,-1.53509,-1.79427,-1.78166,-2.17402,-2.13733,-2.10676,-1.60486,-0.68084,-0.84221,-0.11164,-0.40504,0.27839,0.80952,0.97064,0.7563,-0.1158,-0.16051,0.73239,0.8854,0.38841,0.81556,0.53437,0.00519,-0.42878,-1.43973,-0.73219,-0.24403,-0.27796,-1.31785,-2.52371,-2.21218,-2.16345,-1.86942,-1.70461,-1.97428,-2.52307,-2.09286,0.00874,-0.07619,1.48586,2.61989,1.40924,1.32577,2.17395,0.96587,0.44535,1.05424,1.23498,0.86803,0.61918,0.64978,0.41972,0.02863,-0.04708,-0.8243,-0.11686,0.37091,0.54985
HIS46,0.09687,-0.21033,-0.41738,-0.27384,-0.32576,-0.22793,-1.06995,-1.4344,-1.83457,-2.13828,-2.07265,-1.96,-2.16236,-1.22114,-1.29555,-1.94082,-2.84875,-2.87574,-3.00389,-2.69725,-2.23588,-1.75132,-1.25585,-1.34488,-1.57066,-1.93373,-2.07023,-2.32636,-2.22813,-2.09873,-1.96463,-1.17594,-0.34756,-1.17958,-1.80364,-1.45831,-0.05454,1.2703,0.87135,1.42343,0.0,1.66378,1.82463,1.74823,1.31568,1.62284,1.67018,0.24262,-1.05177,0.07247,-1.14657,-1.09321,-0.98033,-0.84161,-1.15357,-0.90303,-1.11136,-1.36219,-0.75186,-0.48219,-1.17826,-1.16082,-0.35269,0.05018,0.07621,-0.06284,-0.67072,-0.61696,-0.9751,-0.33674,-0.40568,0.34413,0.53128,0.02163,-1.90739,-1.87575,-1.67147,-1.83172,-1.73313,-2.05602,-1.97422,-2.36338,-2.30141,-2.4404,-1.89283,-1.1213,-1.30436,-0.3583,-0.50507,0.31447,0.79393,0.97743,0.56921,-0.42008,-0.53226,0.56127,0.73423,0.05868,0.58551,0.43909,-0.11201,-0.41357,-1.50963,-0.82493,-0.31986,-0.25571,-1.26285,-2.57368,-2.09423,-2.09691,-1.63842,-1.45199,-1.68855,-1.92785,-1.33802,0.64917,0.35766,1.41082,2.55643,1.46394,1.40848,2.15147,0.85044,0.69746,1.16284,1.30677,0.99361,0.75143,0.76128,0.54542,0.25822,0.03977,-0.71061,0.01358,0.7365,0.61859
PRO47,0.02775,-0.4205,-0.33926,-0.06461,-0.20488,-0.09244,-0.93465,-1.32361,-1.78342,-2.20147,-2.08802,-1.9844,-2.22355,-1.33725,-1.28579,-1.96345,-2.83167,-2.82513,-2.98949,-2.7377,-2.35689,-1.83946,-1.32558,-1.39595,-1.61997,-1.93638,-2.00168,-2.23824,-2.12527,-2.05721,-1.89371,-1.02358,-0.09989,-0.91392,-1.50953,-1.08925,0.23926,1.41574,0.97424,1.61353,1.66378,0.0,1.47293,1.43393,0.86908,1.11696,1.31789,-0.03435,-1.35471,-0.21066,-1.453,-1.32429,-1.17426,-0.99606,-1.2311,-0.99856,-1.16668,-1.35498,-0.76041,-0.49266,-1.11759,-1.11904,-0.36167,0.08309,0.16148,0.00629,-0.63326,-0.63033,-1.04543,-0.45614,-0.404,0.26858,0.53122,0.04726,-1.92062,-1.94153,-1.72889,-1.80401,-1.67038,-1.96601,-1.94218,-2.29618,-2.12357,-2.18626,-1.75326,-1.09863,-1.28862,-0.36991,-0.4793,0.38528,0.87542,0.97298,0.47147,-0.6077,-0.70495,0.36663,0.48843,-0.07031,0.48032,0.32073,-0.24626,-0.50596,-1.60127,-0.88494,-0.30942,-0.18255,-1.08093,-2.35054,-2.0602,-2.03731,-1.65141,-1.35757,-1.57657,-1.82494,-1.15135,0.61533,0.53593,1.34986,2.51809,1.52451,1.583,2.19283,0.90292,0.78644,1.27475,1.18743,0.86714,0.8476,0.69967,0.36886,0.23678,-0.08419,-0.78224,-0.08824,0.64694,0.61427
LYS48,-0.04456,-0.42271,-0.11757,0.15992,0.02456,0.08181,-0.79582,-1.23992,-1.81298,-2.33918,-2.32067,-2.35138,-2.62196,-1.56831,-1.51585,-2.11805,-3.10822,-3.04001,-3.13653,-2.82194,-2.41116,-1.83805,-1.28758,-1.50609,-1.68591,-2.03408,-2.03618,-2.32784,-2.22014,-2.20834,-2.07849,-1.12341,-0.11789,-0.87864,-1.23302,-0.76974,0.02698,1.1911,0.75655,1.39082,1.82463,1.47293,0.0,1.64062,1.09647,1.17192,1.36281,0.21893,-1.61057,-0.84608,-2.01937,-1.65529,-1.52052,-1.39706,-1.54825,-1.19943,-1.37722,-1.54165,-0.85711,-0.52743,-1.07053,-1.1063,-0.39991,0.0169,0.24145,0.09923,-0.58941,-0.57235,-1.06493,-0.54158,-0.5407,0.18517,0.41216,0.04163,-2.28746,-2.0842,-1.748,-2.11157,-1.92654,-2.18508,-2.00652,-2.44673,-2.16601,-2.2062,-1.77863,-1.19274,-1.30781,-0.39019,-0.5021,0.38501,0.8889,0.98554,0.35069,-0.88328,-0.95703,0.25232,0.25348,-0.58764,-0.00463,-0.00099,-0.47179,-0.64902,-1.81512,-1.14589,-0.62466,-0.46181,-1.11349,-2.05778,-1.76623,-1.81674,-1.30242,-1.05444,-1.15532,-1.26058,-0.53012,1.18662,0.66718,0.9274,2.31724,1.31341,1.15631,1.64688,0.39226,0.5866,0.89915,0.76291,0.45802,0.58962,0.52528,0.15219,0.12707,-0.21307,-0.75133,-0.12329,0.53403,0.40944
LYS49,-0.11497,-0.34982,-0.03852,0.1552,0.1108,0.1368,-0.71592,-1.14709,-1.77834,-2.28543,-2.36893,-2.5656,-2.76574,-1.61369,-1.6066,-2.12334,-3.18114,-3.1195,-3.15666,-2.79123,-2.35045,-1.7775,-1.25319,-1.58689,-1.78818,-2.10508,-2.06253,-2.33804,-2.21533,-2.24155,-2.06553,-1.18992,-0.15957,-0.82706,-0.93627,-0.48948,-0.0414,1.02488,0.82926,1.39913,1.74823,1.43393,1.64062,0.0,0.82129,1.18981,1.32702,0.27188,-1.80937,-1.32242,-2.3125,-1.81375,-1.66973,-1.66759,-1.71317,-1.32189,-1.491,-1.66008,-0.91796,-0.53472,-1.0309,-1.02781,-0.40664,-0.09381,0.21651,0.12917,-0.5855,-0.51663,-1.01744,-0.53895,-0.6373,0.16187,0.29375,-0.00887,-2.40798,-2.02771,-1.67042,-2.27045,-2.03737,-2.26286,-1.9811,-2.41724,-2.13839,-2.19636,-1.69852,-1.09269,-1.23461,-0.3422,-0.45655,0.38715,0.8543,0.94754,0.31809,-1.03613,-1.10148,0.22097,0.18952,-0.90168,-0.29346,-0.20892,-0.55063,-0.64783,-1.82883,-1.30314,-0.83085,-0.66972,-1.12083,-1.89647,-1.41889,-1.51574,-1.05533,-0.80943,-0.93526,-0.84776,-0.04215,1.57945,0.57298,0.60759,1.95125,1.01586,0.78133,1.13724,-0.00447,0.36919,0.56153,0.37897,0.21646,0.29038,0.29797,0.01549,0.01257,-0.27641,-0.7229,-0.08012,0.39708,0.23788
GLY50,0.0344,0.00934,-0.22227,-0.24875,-0.10584,-0.03633,-0.72875,-1.00395,-1.68008,-2.16935,-2.33989,-2.53699,-2.6913,-1.44628,-1.43942,-1.96836,-3.05427,-3.07368,-3.12207,-2.68647,-2.21681,-1.74906,-1.31666,-1.60007,-1.82484,-2.17486,-2.09787,-2.33025,-2.17653,-2.12696,-1.84427,-1.21484,-0.24242,-0.61872,-0.32804,-0.14112,-0.27281,0.61994,0.80702,1.25819,1.31568,0.86908,1.09647,0.82129,0.0,1.17668,1.20654,0.14017,-1.85509,-1.75896,-2.28361,-1.70779,-1.59487,-1.68911,-1.72022,-1.28872,-1.46167,-1.64792,-0.92899,-0.4975,-0.94896,-0.92287,-0.3843,-0.2375,-0.04914,-0.08546,-0.71666,-0.62248,-1.02555,-0.44393,-0.73733,-0.00211,0.00116,-0.26568,-2.02535,-1.56503,-1.28551,-2.07999,-1.73725,-2.0052,-1.74851,-2.25729,-1.98097,-2.01092,-1.53316,-0.84383,-1.05947,-0.37001,-0.44817,0.30141,0.73602,0.7319,0.256,-0.9302,-1.04673,0.2221,0.27954,-1.22559,-0.62108,-0.37387,-0.57658,-0.53817,-1.48855,-1.12118,-0.80627,-0.75206,-0.98353,-1.49374,-0.85794,-0.84618,-0.56074,-0.43001,-0.39201,-0.24232,0.61625,1.85175,0.41021,0.28929,1.21229,0.45531,0.21963,0.43903,-0.47461,0.13441,0.12055,-0.04911,-0.03402,-0.09953,-0.04968,-0.10685,-0.17171,-0.32317,-0.55799,0.0236,0.26494,0.02152
VAL51,-0.2651,-0.19171,-0.31034,-0.35707,-0.13763,-0.15915,-0.8394,-1.13921,-1.76273,-2.22263,-2.35042,-2.44252,-2.6444,-1.41645,-1.3055,-1.90007,-2.94385,-3.02129,-3.1026,-2.72717,-2.24321,-1.7388,-1.31928,-1.63663,-1.89777,-2.37991,-2.31432,-2.46147,-2.21404,-2.09461,-1.69755,-0.99576,-0.04369,-0.47627,-0.28678,-0.00952,0.14707,1.14716,1.34213,1.62947,1.62284,1.11696,1.17192,1.18981,1.17668,0.0,1.26496,0.1907,-1.98967,-1.5962,-2.3026,-1.76641,-1.54701,-1.65935,-1.75026,-1.35287,-1.48118,-1.69474,-0.92967,-0.50883,-0.9786,-0.91037,-0.32879,-0.12129,0.03434,-0.0835,-0.72555,-0.64252,-1.06298,-0.49043,-0.82756,-0.09164,-0.02917,-0.18647,-2.08785,-1.68694,-1.50562,-2.24667,-1.99066,-2.18789,-1.85726,-2.37628,-2.00888,-1.97993,-1.52214,-0.76882,-0.89351,-0.21789,-0.27473,0.40123,0.77862,0.79894,0.3355,-0.78709,-0.93834,0.20608,0.24937,-1.12257,-0.55948,-0.43254,-0.62727,-0.5027,-1.33571,-1.00557,-0.7832,-0.72094,-0.91476,-1.43692,-0.75086,-0.69254,-0.34679,-0.28186,-0.34025,-0.28749,0.43868,1.65977,0.36276,0.29364,1.14547,0.53381,0.21686,0.38832,-0.44245,0.21569,0.07799,-0.20549,-0.1796,-0.26522,-0.37441,-0.51905,-0.48299,-0.60628,-0.69661,0.02764,0.10188,-0.37854
GLU52,-0.47422,-0.53264,-0.28173,-0.26869,-0.08945,-0.15748,-0.84016,-1.14957,-1.66543,-2.03241,-2.17748,-2.2735,-2.45192,-1.21422,-1.07851,-1.79074,-2.83906,-2.87556,-2.92483,-2.58645,-2.11704,-1.61646,-1.22903,-1.59658,-1.89087,-2.48793,-2.45179,-2.63559,-2.28898,-2.14376,-1.7036,-1.01405,-0.0017,-0.27341,-0.04237,0.38138,0.50324,1.34203,1.2658,1.54181,1.67018,1.31789,1.36281,1.32702,1.20654,1.26496,0.0,0.01185,-2.27854,-1.90561,-2.67459,-1.95545,-1.67646,-1.74577,-1.73427,-1.32668,-1.49279,-1.59983,-0.85045,-0.44494,-0.87475,-0.76781,-0.16477,0.05859,0.17242,0.02276,-0.59783,-0.63638,-1.13992,-0.7254,-1.0188,-0.32408,-0.24242,-0.29525,-2.10089,-1.724,-1.52337,-2.28494,-2.11649,-2.3472,-1.94791,-2.4388,-2.06695,-2.04809,-1.55705,-0.83424,-0.86506,-0.18846,-0.15855,0.4492,0.70857,0.72487,0.17282,-0.78479,-1.03032,0.03852,0.18227,-1.16961,-0.6443,-0.52328,-0.5577,-0.27507,-0.9391,-0.71411,-0.55394,-0.63332,-0.8678,-1.39883,-0.64395,-0.55002,-0.23957,-0.1399,-0.19764,-0.22335,0.46326,1.58433,0.19118,0.01453,0.87526,0.28327,0.09416,0.11861,-0.66874,0.31922,0.14653,-0.26146,-0.1215,-0.08194,-0.32641,-0.46031,-0.17779,-0.29365,-0.22861,0.45248,0.41206,-0.2789
LYS53,-0.14004,-0.05741,0.49944,0.55655,0.74769,0.54412,-0.04782,-0.46571,-1.03229,-1.28015,-1.47928,-1.69938,-1.76141,-1.12412,-0.91663,-1.305,-1.85669,-1.84614,-1.75685,-1.38743,-0.90833,-0.41092,-0.1085,-0.55334,-0.83374,-1.39053,-1.39254,-1.69847,-1.514,-1.51473,-1.18483,-0.56108,0.15931,0.08963,0.41072,0.71876,0.21038,0.05857,0.11797,0.15079,0.24262,-0.03435,0.21893,0.27188,0.14017,0.1907,0.01185,0.0,-2.46348,-2.75194,-3.1133,-1.98247,-1.6585,-1.96345,-1.80037,-1.38935,-1.33844,-1.39057,-0.9414,-0.60824,-0.59205,-0.62646,-0.24707,-0.06308,0.22094,0.21382,-0.05875,0.03495,-0.2195,-0.03728,-0.21651,0.23231,0.16462,0.22783,-1.48589,-0.72895,-0.51568,-1.38439,-1.26543,-1.39604,-1.02244,-1.35337,-0.91346,-1.00445,-0.71882,-0.36085,-0.41594,-0.09359,-0.10855,0.19015,0.36008,0.09083,-0.33152,-1.00981,-1.10713,-0.62898,-0.81847,-1.87062,-1.3461,-1.19104,-0.78651,-0.38644,-0.35027,-0.60187,-0.73702,-0.83527,-0.64075,-0.77869,-0.10541,-0.06168,0.24983,0.36795,0.44308,0.62707,1.17329,1.76061,0.0577,-0.86094,-0.0448,-0.60608,-0.98307,-1.25353,-1.65475,-0.59798,-0.9554,-1.33947,-0.89418,-0.57397,-0.85938,-0.76991,-0.08971,-0.0345,0.67509,1.05749,0.44515,-0.24977
TYR54,-0.15354,0.33253,0.51091,0.30337,0.42747,0.22078,0.13113,0.03969,0.02722,0.07407,0.09412,0.23281,0.55826,0.63531,0.74773,0.36118,0.39136,0.26936,0.20724,0.12662,0.14291,0.30165,0.30087,0.05576,0.06564,0.01531,0.04706,-0.01078,-0.00557,-0.11193,0.01129,-0.00436,0.13479,0.42805,0.77283,0.95166,0.78467,-0.19246,-0.17084,-0.74819,-1.05177,-1.35471,-1.61057,-1.80937,-1.85509,-1.98967,-2.27854,-2.46348,0.0,-1.47637,-0.86022,-0.1141,0.3164,-0.23882,-0.32625,-0.17942,-0.12192,-0.05311,-0.00906,-0.02441,0.12579,0.04169,1e-04,-0.04054,0.03543,-0.01122,-0.07068,-0.06023,0.08815,0.01206,-0.05316,-0.0273,0.03036,0.15299,0.32702,0.45584,0.32108,0.06897,0.15768,0.28778,0.41339,0.38444,0.55458,0.50027,0.4183,0.39241,0.2487,-0.08389,-0.04425,-0.17386,-0.29945,-0.54544,-0.58369,-0.37275,-0.36686,-0.73401,-0.45235,-0.27145,-0.35708,-0.37525,0.28221,0.52888,0.99558,0.51328,-0.0054,-0.31869,-0.10012,-0.12318,0.06341,0.11801,0.03453,0.02386,0.1193,0.07019,0.04298,-0.31222,-1.03638,-1.25405,-0.96217,-1.01509,-1.13401,-1.20663,-1.0955,-0.68016,-1.06496,-1.07319,-0.33059,-0.35034,-0.74558,-0.28461,0.33797,0.96505,1.87137,1.88814,1.12936,0.9532
GLY55,-0.49756,-0.27851,-0.55041,-0.62827,-0.59527,-0.63415,-0.50939,-0.38329,-0.13878,0.02467,0.22045,0.72195,1.02499,0.95552,1.11949,0.70063,0.78214,0.53202,0.27682,-0.03836,-0.27636,-0.32585,-0.39483,-0.40055,-0.30501,-0.25828,-0.22567,-0.092,0.0542,0.10569,0.29395,0.36602,0.24575,0.11038,0.22157,0.47631,1.86544,1.57132,1.4852,0.70368,0.07247,-0.21066,-0.84608,-1.32242,-1.75896,-1.5962,-1.90561,-2.75194,-1.47637,0.0,-0.89467,-0.63188,0.21937,0.24956,-0.11272,-0.09795,-0.02124,0.1186,0.25762,0.22265,0.1315,0.19423,0.21132,0.24452,0.08219,-0.04254,-0.17698,-0.27815,-0.19925,-0.17332,-0.15254,-0.17931,0.02872,-0.09673,0.54791,0.00115,-0.41361,0.02397,0.05801,0.12482,0.15551,0.25105,0.36965,0.57671,0.67021,0.70554,0.54799,0.3905,0.36779,0.1918,0.08951,0.16111,0.19705,0.34385,0.2987,-0.06911,0.28641,1.06399,0.70847,0.31532,0.36248,0.20999,0.52424,0.50848,0.3111,0.06863,-0.23924,-0.48772,-0.71347,-0.68755,-0.86092,-0.84486,-0.85698,-1.19237,-1.4411,-1.79999,-1.19215,-0.15535,-0.15725,-0.05922,-0.01946,0.15463,0.12677,-0.23494,-0.37808,-0.33969,-0.2336,-0.54757,-0.9674,-0.92777,-0.86178,-0.39243,0.00767,0.10608,-0.25632,0.03777
PRO56,-0.36304,0.02048,-1.00229,-1.40767,-1.30202,-1.31456,-0.62013,-0.04716,0.5596,0.82552,1.05961,1.66001,2.02314,2.05082,2.22059,1.8229,2.02245,1.68371,1.4382,0.87482,0.3917,-0.00795,-0.3091,-0.02386,0.25167,0.57668,0.54929,0.87649,0.90885,1.12853,1.13318,0.228,-0.23974,0.22369,0.53696,0.3654,0.6075,0.3107,0.25806,-0.46918,-1.14657,-1.453,-2.01937,-2.3125,-2.28361,-2.3026,-2.67459,-3.1133,-0.86022,-0.89467,0.0,0.0107,0.54719,0.88139,0.92593,0.8628,0.80756,1.0599,1.07004,0.82456,0.71997,0.80159,0.5258,0.202,-0.2834,-0.41729,-0.34891,-0.4976,-0.28375,-0.33003,-0.45722,-0.81845,-0.75387,-0.5199,1.63248,0.73642,0.29875,0.93285,1.05916,1.24516,1.11634,1.35967,1.12526,1.26912,1.02586,0.93979,0.8154,0.32693,0.40827,-0.04868,-0.37692,-0.16085,0.05143,0.85234,0.77865,0.05169,0.75601,1.49722,0.69341,0.61085,0.74366,0.69183,1.20238,0.91268,0.48855,0.18851,0.26722,0.60608,0.38001,0.51226,0.0193,-0.15995,-0.07299,-0.34187,-0.77934,-1.8481,-1.24031,-0.33431,-1.04564,-0.52237,-0.1966,-0.21714,0.1049,-0.12252,-0.26309,-0.05059,0.15387,-0.4158,-0.55859,-0.25597,-0.50429,0.17646,0.56153,0.23453,-0.1823,0.08956
GLU57,-0.41696,-0.40192,-1.15211,-1.5956,-1.72007,-1.96952,-1.39697,-0.70883,0.00486,0.29254,0.57952,1.13756,1.49035,1.99872,2.33523,1.71238,1.57914,1.22533,0.95898,0.35009,-0.09853,-0.47167,-0.74837,-0.50789,-0.28151,0.01351,-0.00723,0.33331,0.28985,0.65278,0.77544,-0.35155,-0.37347,0.49706,0.9247,0.80919,0.06744,-0.16517,-0.43674,-0.78289,-1.09321,-1.32429,-1.65529,-1.81375,-1.70779,-1.76641,-1.95545,-1.98247,-0.1141,-0.63188,0.0107,0.0,-0.04932,0.11863,0.93589,1.12635,0.90196,1.11719,1.18996,0.90632,0.67852,0.78039,0.55131,0.06632,-0.53794,-0.7627,-0.69887,-0.92943,-0.7989,-0.81271,-0.82682,-1.21364,-1.28112,-0.72891,1.57233,0.63547,0.33978,0.58123,0.74792,0.91329,0.75527,0.88761,0.59055,0.69534,0.32959,0.25012,0.18076,-0.16145,0.02693,-0.3242,-0.63235,-0.33337,-0.22551,0.56759,0.5336,0.11645,0.93362,1.32126,0.44753,0.4272,0.77716,1.28645,1.97499,1.34505,0.88647,0.51491,0.66233,1.0144,1.11292,1.34649,0.87869,0.59777,0.72856,0.43381,0.10904,-0.97385,-0.61574,-0.50806,-1.39306,-0.7017,-0.16732,-0.45464,-0.18444,0.23652,0.01079,-0.02329,0.37401,0.03603,-0.19459,0.05529,0.14544,0.79682,1.32358,1.09969,0.58975,0.18184
ALA58,-0.3578,-0.11863,-0.68922,-1.22335,-1.35467,-1.56548,-1.03443,-0.40537,0.33956,0.61199,0.93442,1.47055,1.75698,2.0986,2.26187,1.88779,1.89194,1.63839,1.36473,0.77013,0.27361,0.00249,-0.31054,-0.16616,0.08341,0.3886,0.3847,0.68364,0.65326,0.90149,0.99741,0.09173,-0.15051,0.4056,0.79933,0.76722,0.30783,-0.06525,-0.21568,-0.61358,-0.98033,-1.17426,-1.52052,-1.66973,-1.59487,-1.54701,-1.67646,-1.6585,0.3164,0.21937,0.54719,-0.04932,0.0,0.11231,0.42098,0.79114,0.66255,0.92978,1.03623,0.76559,0.52188,0.66715,0.46707,0.07261,-0.39691,-0.5841,-0.5197,-0.61486,-0.38324,-0.47959,-0.54562,-0.81544,-0.77242,-0.55904,1.26374,0.50101,0.25549,0.48097,0.52651,0.80113,0.73538,0.96329,0.74769,0.85538,0.60883,0.55653,0.50999,0.11455,0.30688,-0.09827,-0.38489,-0.09771,0.1136,0.74731,0.77619,0.43436,1.06411,1.42592,0.72433,0.64892,0.95549,1.2748,2.0154,1.33755,0.70907,0.37787,0.34223,0.48529,0.44368,0.55728,0.09685,-0.12525,-0.01621,-0.26407,-0.53794,-1.40563,-1.012,-0.50717,-1.1166,-0.60679,-0.32836,-0.39092,-0.11227,-0.02986,-0.20073,-0.08875,0.20384,-0.17041,-0.3161,0.03085,0.03317,0.63925,1.0407,0.7886,0.27723,0.22109
SER59,-0.47085,-0.32652,-0.71689,-1.2393,-1.58236,-1.7849,-1.10473,-0.35379,0.60557,0.89541,1.38989,1.967,2.02828,2.30198,2.39774,2.03169,2.0789,1.90969,1.6927,1.04209,0.37759,0.00732,-0.34937,-0.19034,0.10816,0.58443,0.60579,0.98138,0.94469,1.27639,1.25576,0.25456,-0.21244,0.15759,0.4737,0.32075,0.23972,0.1109,-0.11943,-0.48586,-0.84161,-0.99606,-1.39706,-1.66759,-1.68911,-1.65935,-1.74577,-1.96345,-0.23882,0.24956,0.88139,0.11863,0.11231,0.0,0.22285,0.54289,0.39033,0.89748,1.11366,0.72314,0.38753,0.69046,0.52553,0.14048,-0.36309,-0.61057,-0.54414,-0.67169,-0.44284,-0.58583,-0.58573,-0.82913,-0.79463,-0.65392,1.36415,0.44169,0.19112,0.74491,0.74885,1.03423,0.89651,1.18781,0.84811,0.97067,0.70193,0.56837,0.55241,0.21252,0.40448,0.02405,-0.34225,-0.03715,0.14836,0.86274,0.80867,0.33302,1.08361,1.70327,0.90731,0.77074,0.79637,0.9772,1.50495,1.11966,0.66969,0.38545,0.22959,0.44565,0.23352,0.34914,-0.04724,-0.24849,-0.23612,-0.55964,-0.88438,-1.81311,-0.97229,-0.20766,-0.839,-0.32398,0.09489,0.07445,0.24729,0.06905,0.15394,0.24992,0.29376,0.08237,0.08351,0.25162,0.10582,0.39553,0.45865,0.19225,0.11762,0.28688
ALA60,-0.61877,-0.58828,-0.76461,-1.29014,-1.77023,-2.11917,-1.40602,-0.52396,0.56289,0.9104,1.3908,1.99381,1.96061,2.41712,2.47543,2.04857,2.00838,1.84942,1.75261,1.10093,0.41743,-0.12463,-0.53946,-0.25574,0.09151,0.6217,0.63854,1.06876,0.8985,1.20981,1.18206,-0.15226,-0.48757,0.29701,0.75225,0.41682,-0.2822,-0.34494,-0.74323,-0.94831,-1.15357,-1.2311,-1.54825,-1.71317,-1.72022,-1.75026,-1.73427,-1.80037,-0.32625,-0.11272,0.92593,0.93589,0.42098,0.22285,0.0,0.80049,0.63101,1.25595,1.38495,0.93179,0.62836,0.86433,0.61178,0.13369,-0.46912,-0.7447,-0.6517,-0.93993,-0.78154,-0.95661,-0.84197,-1.13935,-1.07148,-0.72764,1.59121,0.62614,0.44495,0.93706,0.97494,1.14163,0.90853,1.15048,0.73466,0.79839,0.3688,0.12668,0.18869,-0.07572,0.31242,-0.01231,-0.47054,-0.04685,0.03503,0.88889,0.70306,0.31936,1.11783,1.64112,0.59923,0.55937,0.55999,1.06955,1.75707,1.32426,0.89623,0.57632,0.52754,0.96735,0.82266,1.11081,0.6939,0.48936,0.60349,0.27839,-0.21811,-1.56421,-0.68579,-0.29989,-1.13802,-0.38098,0.16388,-0.13101,0.0721,0.23157,0.23142,0.17775,0.25084,0.12427,0.11315,0.18247,0.20379,0.55136,0.70244,0.47097,0.33351,0.13149
PHE61,-0.65832,-0.58315,-0.8063,-1.31868,-1.7244,-2.08474,-1.5643,-0.7386,0.30652,0.56427,1.05423,1.65059,1.73256,2.31916,2.26746,1.77852,1.68241,1.4529,1.34841,0.81145,0.25251,-0.20947,-0.60574,-0.36527,-0.03972,0.40702,0.40455,0.81714,0.68438,0.9936,0.97519,-0.26269,-0.44664,0.36857,0.8779,0.48812,-0.5662,-0.46572,-0.7922,-0.80156,-0.90303,-0.99856,-1.19943,-1.32189,-1.28872,-1.35287,-1.32668,-1.38935,-0.17942,-0.09795,0.8628,1.12635,0.79114,0.54289,0.80049,0.0,0.13221,0.82131,1.1867,0.88881,0.47267,0.61279,0.39813,-0.07991,-0.63276,-0.88471,-0.75298,-1.01434,-0.85912,-0.94586,-0.84191,-1.02359,-0.93933,-0.63034,1.24104,0.39643,0.33316,0.70055,0.70983,0.83082,0.60621,0.78981,0.41469,0.52419,0.14496,0.03605,0.10919,-0.08513,0.27056,-0.03624,-0.35798,0.1877,0.33396,1.03109,0.88654,0.70198,1.39934,1.5529,0.68179,0.67813,0.65873,1.16788,1.84494,1.37924,0.92912,0.57419,0.53895,0.82109,0.74915,0.93669,0.60082,0.41358,0.59688,0.31354,-0.07437,-1.29434,-0.63954,-0.35827,-1.06016,-0.35731,0.10224,-0.21002,-0.03329,0.21458,0.08791,0.03941,0.20192,-0.00143,-0.01503,0.10605,0.13692,0.62462,0.86145,0.65436,0.39606,-0.01043
THR62,-0.35191,-0.26669,-0.58753,-0.93955,-1.12495,-1.41122,-0.91552,-0.34808,0.50406,0.81951,1.13072,1.76403,1.83248,2.10278,2.19188,1.73248,1.80233,1.66278,1.53897,1.09371,0.68912,0.26467,-0.03395,0.21343,0.49682,0.94042,0.96144,1.33179,1.20276,1.45387,1.34143,0.26377,-0.27752,0.28827,0.76967,0.41758,-0.45324,-0.63137,-0.82601,-0.98027,-1.11136,-1.16668,-1.37722,-1.491,-1.46167,-1.48118,-1.49279,-1.33844,-0.12192,-0.02124,0.80756,0.90196,0.66255,0.39033,0.63101,0.13221,0.0,0.64057,0.51226,0.56226,0.60298,0.65044,0.24528,-0.10442,-0.56188,-0.69857,-0.37294,-0.53548,-0.28447,-0.36276,-0.26308,-0.47976,-0.41354,-0.18141,1.3009,0.7359,0.55525,1.11429,1.05908,1.17609,0.94214,1.18061,0.88621,1.11279,0.7852,0.49407,0.65085,0.32149,0.56221,0.05709,-0.27142,0.198,0.54069,1.21541,1.07515,0.67946,0.98162,1.17012,0.41222,0.42991,0.33717,0.50101,1.27161,0.87321,0.49795,0.19648,0.19129,0.58159,0.42666,0.54083,0.18997,0.05984,0.18753,0.08277,-0.30409,-1.44163,-0.80564,-0.45103,-1.05571,-0.51359,-0.26716,-0.43502,-0.22767,-0.35545,-0.44486,-0.42858,-0.33027,-0.48086,-0.43802,-0.28334,-0.331,0.00915,0.23193,0.042,-0.28271,-0.36841
LYS63,-0.47438,-0.42642,-0.52351,-0.84725,-1.05564,-1.25984,-0.7203,-0.09687,0.93348,1.36355,1.67904,2.20868,2.15251,2.16243,2.15729,1.76959,1.90531,1.81436,1.82243,1.28898,0.83503,0.3856,0.07266,0.35131,0.67341,1.2204,1.25305,1.6644,1.38818,1.60328,1.39921,0.17287,-0.41843,0.18978,0.71738,0.28364,-0.65982,-0.89616,-1.17921,-1.29188,-1.36219,-1.35498,-1.54165,-1.66008,-1.64792,-1.69474,-1.59983,-1.39057,-0.05311,0.1186,1.0599,1.11719,0.92978,0.89748,1.25595,0.82131,0.64057,0.0,0.20966,0.28583,0.63294,0.79339,0.31051,-0.01169,-0.61247,-0.75068,-0.39047,-0.63845,-0.42022,-0.60212,-0.46504,-0.71708,-0.55303,-0.24217,1.40297,0.79113,0.60731,1.05412,1.12421,1.31698,1.09009,1.28865,0.88607,0.98532,0.61402,0.25651,0.41079,0.14277,0.66886,0.14764,-0.44417,0.03031,0.27479,1.19726,0.96228,0.44195,0.91133,1.2232,0.39553,0.39542,0.35915,0.59149,1.1947,0.82961,0.51703,0.23722,0.28534,0.85424,0.64574,0.82853,0.44411,0.24178,0.32717,0.26023,-0.17628,-1.52783,-0.70546,-0.39084,-1.15336,-0.5344,-0.1802,-0.35836,-0.12985,-0.23418,-0.31574,-0.39305,-0.3466,-0.34475,-0.28652,-0.22753,-0.18899,0.04043,0.27011,0.10461,-0.01173,-0.06227
LYS64,-0.87059,-0.7887,-0.76977,-1.14584,-1.36452,-1.511,-1.11636,-0.50322,0.43865,0.67483,1.11192,1.63982,1.42954,1.98954,2.05256,1.41023,1.23301,1.08186,0.98286,0.54993,0.13607,-0.2331,-0.46954,-0.20032,0.00085,0.41877,0.3743,0.77985,0.56604,0.86799,0.8363,-0.27987,-0.41426,0.18714,0.70469,0.37134,-0.64929,-0.48429,-0.90848,-0.80547,-0.75186,-0.76041,-0.85711,-0.91796,-0.92899,-0.92967,-0.85045,-0.9414,-0.00906,0.25762,1.07004,1.18996,1.03623,1.11366,1.38495,1.1867,0.51226,0.20966,0.0,0.12451,-0.03904,0.34597,0.235,-0.0958,-0.80304,-1.03831,-0.78558,-1.05576,-0.9918,-1.06641,-1.01992,-1.11185,-0.88242,-0.6126,0.88914,0.21481,0.09162,0.344,0.40031,0.53665,0.36333,0.38996,-0.02904,0.01549,-0.21277,-0.25361,-0.03508,-0.01693,0.55055,0.26084,-0.28682,0.29494,0.39856,1.16798,0.91644,0.72749,1.33791,1.335,0.58781,0.52873,0.40269,0.84887,1.16912,0.91424,0.67637,0.39467,0.4345,0.80954,0.79541,1.01027,0.6231,0.40291,0.43721,0.25788,-0.06938,-1.1419,-0.47004,-0.23212,-1.02462,-0.3675,0.08713,-0.15106,-0.10002,0.08335,0.00637,-0.22035,-0.19707,-0.23583,-0.23538,-0.22923,-0.17219,0.00879,0.2263,0.29394,0.19216,-0.12549
MET65,-0.80544,-0.69276,-0.8292,-1.09213,-1.17937,-1.24952,-0.96446,-0.53437,0.16156,0.25105,0.50148,0.90921,0.62621,1.18758,1.38995,0.89717,0.69567,0.57616,0.46572,0.18197,-0.07763,-0.34945,-0.42456,-0.14548,-0.01903,0.24297,0.14834,0.42186,0.32041,0.64169,0.751,-0.02079,-0.14739,0.23416,0.64037,0.32869,-0.48172,-0.28322,-0.58461,-0.50961,-0.48219,-0.49266,-0.52743,-0.53472,-0.4975,-0.50883,-0.44494,-0.60824,-0.02441,0.22265,0.82456,0.90632,0.76559,0.72314,0.93179,0.88881,0.56226,0.28583,0.12451,0.0,-0.53256,-0.08377,0.02807,-0.02864,-0.79599,-0.91971,-0.66631,-0.87657,-0.81263,-0.76386,-0.73995,-0.79398,-0.57942,-0.4462,0.59586,0.12146,0.02694,0.18737,0.15748,0.14783,0.11133,0.09106,-0.20196,-0.05657,-0.13158,-0.05382,0.15973,0.33906,0.92871,0.60589,0.17123,0.7665,0.84413,1.51295,1.16424,1.08194,1.53389,1.22256,0.65025,0.51252,0.35068,0.6298,0.92789,0.74336,0.51741,0.26679,0.31484,0.47818,0.48588,0.6172,0.27889,0.0755,0.09635,-0.07401,-0.30675,-0.90434,-0.49546,-0.26202,-0.77704,-0.34393,-0.07244,-0.26174,-0.24153,-0.13998,-0.2293,-0.47676,-0.50099,-0.57127,-0.63461,-0.58559,-0.49772,-0.30511,-0.07501,0.04236,-0.17821,-0.438
VAL66,-0.51685,-0.35246,-0.25291,-0.35496,-0.28381,-0.31269,0.03997,0.33716,0.99032,1.05857,1.08694,1.14785,0.89345,0.7815,0.92273,0.74468,1.01601,1.09111,1.1413,0.94309,0.71702,0.42303,0.34371,0.6342,0.86708,1.23405,1.14546,1.33851,1.12267,1.15904,1.0459,0.34326,-0.08736,0.2216,0.50641,0.09156,-0.48765,-0.84484,-1.05169,-1.17673,-1.17826,-1.11759,-1.07053,-1.0309,-0.94896,-0.9786,-0.87475,-0.59205,0.12579,0.1315,0.71997,0.67852,0.52188,0.38753,0.62836,0.47267,0.60298,0.63294,-0.03904,-0.53256,0.0,-0.13138,-0.38035,-0.00678,-0.79051,-0.71744,-0.14122,-0.30426,-0.14907,-0.26283,-0.22817,-0.33298,-0.14865,-0.03281,0.805,0.53479,0.41138,0.62627,0.54202,0.59248,0.57551,0.71066,0.51984,0.60565,0.47058,0.28947,0.5749,0.56529,1.25514,0.77014,0.19093,0.45816,0.5601,1.19442,0.88872,0.53295,0.82861,0.93278,0.40715,0.28114,0.24414,0.28978,0.65738,0.43536,0.18183,-0.08659,0.00708,0.33106,0.23926,0.39159,0.04507,-0.15156,-0.18523,-0.20739,-0.55085,-1.1736,-0.72639,-0.55156,-0.96698,-0.6792,-0.56825,-0.6166,-0.42334,-0.60263,-0.64542,-0.68072,-0.76427,-0.84088,-0.78814,-0.66381,-0.51663,-0.36393,-0.15348,-0.17236,-0.30832,-0.20313
GLU67,-0.76652,-0.75971,-0.29258,-0.51753,-0.51933,-0.57127,-0.13865,0.30076,1.02962,1.09695,1.22297,1.16613,0.8622,1.02214,1.17823,0.71488,0.8806,0.98436,1.09313,0.85696,0.5423,0.19424,0.10318,0.42265,0.65345,1.0884,0.99604,1.19896,0.94547,0.98909,0.84507,0.05569,-0.08083,0.23819,0.59904,0.17624,-0.55066,-0.71843,-1.10452,-1.1872,-1.16082,-1.11904,-1.1063,-1.02781,-0.92287,-0.91037,-0.76781,-0.62646,0.04169,0.19423,0.80159,0.78039,0.66715,0.69046,0.86433,0.61279,0.65044,0.79339,0.34597,-0.08377,-0.13138,0.0,-0.39783,-0.30494,-1.24748,-1.37613,-0.81654,-0.96736,-0.81904,-1.03341,-0.91709,-0.95296,-0.61574,-0.33561,0.78146,0.31712,0.21963,0.47423,0.5061,0.54021,0.44471,0.43566,0.1901,0.18445,-0.04581,-0.29027,0.03394,0.11252,0.96838,0.67699,-0.14539,0.14171,0.06116,0.77932,0.46645,0.18601,0.76149,0.92621,0.4254,0.28856,0.18356,0.45846,0.64933,0.53124,0.4325,0.24826,0.32265,0.67294,0.64254,0.85245,0.49175,0.23942,0.18722,0.09355,-0.25861,-1.10054,-0.48393,-0.32552,-0.87567,-0.40968,-0.09339,-0.31617,-0.25074,-0.28307,-0.24456,-0.40498,-0.47621,-0.44233,-0.4827,-0.54966,-0.37971,-0.35004,-0.20077,-0.09573,-0.04275,-0.03898
ASN68,-0.86912,-0.98672,-0.50689,-0.68528,-0.7456,-0.78438,-0.60976,-0.252,0.32673,0.2742,0.37639,0.38061,-0.00203,0.44926,0.76124,0.18765,0.01327,0.10575,0.08975,0.00147,-0.19094,-0.38569,-0.40744,-0.18722,-0.06508,0.20599,0.16997,0.36877,0.23323,0.37044,0.3955,-0.04749,0.0798,0.25909,0.54434,0.27226,-0.3047,-0.18515,-0.54274,-0.44323,-0.35269,-0.36167,-0.39991,-0.40664,-0.3843,-0.32879,-0.16477,-0.24707,1e-04,0.21132,0.5258,0.55131,0.46707,0.52553,0.61178,0.39813,0.24528,0.31051,0.235,0.02807,-0.38035,-0.39783,0.0,-0.52076,-1.43269,-1.5546,-1.23082,-1.41244,-1.37711,-1.40424,-1.2584,-1.14873,-0.77624,-0.41697,0.40695,0.03579,0.05703,0.09673,0.15964,0.09931,0.04238,-0.14398,-0.41957,-0.42327,-0.48735,-0.54128,-0.2012,0.21414,1.11473,1.04397,0.32763,0.62712,0.38336,0.72393,0.33624,0.27977,0.81571,0.80778,0.46507,0.19258,-0.00221,0.43103,0.48923,0.48469,0.48596,0.42797,0.4318,0.50089,0.5667,0.69327,0.4395,0.23721,0.16181,0.04493,-0.16523,-0.70081,-0.24518,-0.15416,-0.49053,-0.11256,0.16954,-0.16324,-0.3547,-0.17183,-0.21007,-0.55866,-0.60001,-0.39932,-0.66862,-0.93381,-0.64871,-0.7349,-0.39486,-0.07955,-0.12828,-0.2622
ALA69,-0.86425,-0.89965,-0.19509,-0.13208,-0.05343,-0.11483,-0.12012,-0.22085,0.1358,0.0214,0.02973,-0.09759,-0.41699,-0.30772,-0.00853,-0.28491,-0.3298,-0.2566,-0.2203,-0.17103,-0.20701,-0.20533,-0.10599,-0.02943,0.07627,0.1579,0.1667,0.26914,0.22269,0.27147,0.25616,0.2516,0.26246,0.04589,0.11007,0.02602,0.21732,0.25162,-0.01929,-0.00589,0.05018,0.08309,0.0169,-0.09381,-0.2375,-0.12129,0.05859,-0.06308,-0.04054,0.24452,0.202,0.06632,0.07261,0.14048,0.13369,-0.07991,-0.10442,-0.01169,-0.0958,-0.02864,-0.00678,-0.30494,-0.52076,0.0,-1.47311,-1.05056,-0.97102,-1.15789,-1.17184,-1.2259,-1.08153,-0.88398,-0.37942,-0.2548,0.13086,-0.08829,-0.02405,0.01238,0.04052,-0.04114,-0.0333,-0.23054,-0.42951,-0.37501,-0.33113,-0.29966,0.11958,0.83865,1.85284,1.7648,1.00031,1.24622,0.79197,0.70805,0.31934,0.24116,0.4602,0.5667,0.41534,0.1172,-0.03712,0.13295,0.15848,0.19857,0.14837,0.11953,0.20519,0.13478,0.05096,0.03422,-0.17246,-0.37562,-0.53083,-0.57129,-0.74653,-0.88079,-0.48903,-0.28559,-0.22456,-0.2085,-0.13799,-0.21771,-0.40284,-0.50977,-0.51727,-0.76363,-0.83627,-0.67987,-0.83199,-1.15159,-0.98483,-1.06035,-0.73421,-0.35196,-0.4419,-0.42461
LYS70,-0.76746,-0.56847,0.76659,0.83359,1.146,1.07828,0.81961,0.32435,0.08734,-0.17548,-0.3051,-0.47824,-0.69072,-0.8423,-0.74478,-0.78256,-0.49878,-0.37979,-0.23825,0.107,0.25761,0.61027,0.77067,0.48109,0.53518,0.47428,0.49079,0.4131,0.43526,0.23286,0.17581,0.65606,0.40837,-0.21353,-0.21296,-0.24518,0.40071,0.17437,0.09135,-0.01578,0.07621,0.16148,0.24145,0.21651,-0.04914,0.03434,0.17242,0.22094,0.03543,0.08219,-0.2834,-0.53794,-0.39691,-0.36309,-0.46912,-0.63276,-0.56188,-0.61247,-0.80304,-0.79599,-0.79051,-1.24748,-1.43269,-1.47311,0.0,-0.50788,-0.57526,-0.83284,-0.77062,-1.10511,-0.9712,-0.68322,-0.04745,-0.07894,-0.21082,-0.2877,-0.11877,-0.00932,0.01287,-0.03086,0.0139,-0.13884,-0.21117,-0.21576,-0.14691,-0.19543,0.3265,1.07048,2.17486,2.18377,1.34145,1.25029,0.61467,0.23316,-0.07467,-0.13665,-0.25484,-0.05929,0.04601,-0.17913,-0.20743,-0.29474,-0.26198,-0.24283,-0.37037,-0.24868,-0.08042,-0.09322,-0.2674,-0.40662,-0.51297,-0.60296,-0.83176,-0.84698,-0.9402,-0.99148,-0.88469,-0.75692,-0.23565,-0.34751,-0.62384,-0.49113,-0.53595,-0.89241,-0.87873,-0.9531,-1.02781,-0.80383,-0.85339,-1.03825,-0.98104,-1.18102,-0.90509,-0.68399,-0.67641,-0.46699
LYS71,-0.49409,-0.21652,0.83029,1.01191,1.41313,1.62385,1.45225,0.82265,0.27976,-0.02132,-0.28482,-0.55328,-0.6409,-1.10506,-1.12933,-0.84478,-0.43867,-0.24982,-0.01164,0.46268,0.66177,0.95186,1.1496,0.84082,0.78494,0.6911,0.81964,0.62855,0.66403,0.37583,0.38885,1.04463,0.56201,-0.16637,-0.19692,-0.32427,0.45082,0.11313,0.1725,-0.04037,-0.06284,0.00629,0.09923,0.12917,-0.08546,-0.0835,0.02276,0.21382,-0.01122,-0.04254,-0.41729,-0.7627,-0.5841,-0.61057,-0.7447,-0.88471,-0.69857,-0.75068,-1.03831,-0.91971,-0.71744,-1.37613,-1.5546,-1.05056,-0.50788,0.0,-0.69254,-0.63325,-0.59526,-0.78581,-0.64527,-0.34935,0.19214,0.01016,-0.43494,-0.19282,-0.05156,0.08728,0.04038,0.02818,0.13174,0.06819,0.12479,0.18534,0.35228,0.30838,0.91825,1.61364,2.25199,2.14517,1.58522,1.25274,0.84466,0.37734,0.08965,-0.10482,-0.45669,-0.23734,-0.08894,-0.28198,-0.20134,-0.4671,-0.36282,-0.29536,-0.45917,-0.33617,-0.15626,-0.19961,-0.48881,-0.73699,-0.85802,-0.98183,-1.17644,-1.10499,-1.20499,-1.10951,-1.04771,-0.89078,-0.32616,-0.54427,-0.85297,-0.6771,-0.63937,-1.09038,-1.11534,-1.15078,-1.15167,-0.83705,-0.84972,-0.96763,-0.84953,-1.08045,-0.91253,-0.7566,-0.80074,-0.41162
ILE72,-0.18546,0.06814,1.01343,1.4349,1.83462,2.35254,2.41179,1.77503,1.0466,0.73966,0.30424,-0.10241,-0.22628,-1.01841,-1.07846,-0.40397,0.2007,0.4263,0.79721,1.34419,1.44406,1.54959,1.53429,1.32417,1.1281,1.13123,1.3196,1.21314,1.18894,0.88745,1.01593,1.55136,0.79149,0.2155,0.08429,-0.16423,0.3877,-0.3301,-0.20781,-0.54873,-0.67072,-0.63326,-0.58941,-0.5855,-0.71666,-0.72555,-0.59783,-0.05875,-0.07068,-0.17698,-0.34891,-0.69887,-0.5197,-0.54414,-0.6517,-0.75298,-0.37294,-0.39047,-0.78558,-0.66631,-0.14122,-0.81654,-1.23082,-0.97102,-0.57526,-0.69254,0.0,0.0624,-0.09562,-0.50326,-0.40267,-0.25886,0.13295,0.01822,-0.37843,0.03616,0.12158,0.40618,0.36332,0.36108,0.41344,0.50724,0.58265,0.69555,0.96937,1.04071,1.76,2.34096,2.3188,1.55855,1.27617,0.96985,0.94412,0.62047,0.41316,-0.14736,-0.67305,-0.3423,-0.36121,-0.56514,-0.36587,-0.64073,-0.32746,-0.29025,-0.41915,-0.27692,-0.08602,-0.07016,-0.50838,-0.78087,-0.91473,-1.05261,-1.30647,-1.10503,-1.26042,-1.31843,-1.16437,-1.19787,-0.70327,-0.86994,-1.08169,-0.96872,-0.89804,-1.35031,-1.31259,-1.44704,-1.48092,-1.03918,-0.99208,-1.03901,-0.90295,-1.04414,-0.93687,-0.85908,-0.97799,-0.5875
GLU73,-0.01992,0.75959,1.58046,2.05107,2.47782,2.75653,2.49552,1.79781,1.01348,0.69378,0.31757,-0.10727,-0.1672,-1.22404,-1.34571,-0.38446,0.28996,0.47874,0.83313,1.47617,1.62156,2.03179,2.02543,1.54678,1.37696,1.25863,1.39931,1.25773,1.36669,1.0073,1.20732,1.91177,0.92822,0.37239,0.15442,-0.15722,0.52328,-0.36927,-0.03192,-0.44679,-0.61696,-0.63033,-0.57235,-0.51663,-0.62248,-0.64252,-0.63638,0.03495,-0.06023,-0.27815,-0.4976,-0.92943,-0.61486,-0.67169,-0.93993,-1.01434,-0.53548,-0.63845,-1.05576,-0.87657,-0.30426,-0.96736,-1.41244,-1.15789,-0.83284,-0.63325,0.0624,0.0,0.31859,0.07222,-0.09,0.02305,0.32858,0.13432,-0.70172,-0.05325,-0.00033,0.34787,0.22697,0.33663,0.44781,0.58837,0.8465,1.04357,1.43027,1.63076,2.20354,2.43554,1.88277,1.24159,1.25525,0.82676,1.10922,0.65398,0.62004,-0.06902,-0.83337,-0.4826,-0.32149,-0.55189,-0.294,-0.82316,-0.40461,-0.36473,-0.58431,-0.42883,-0.20654,-0.27015,-0.81931,-1.06265,-1.1759,-1.27142,-1.62726,-1.4185,-1.53738,-1.25168,-1.44627,-1.41846,-0.75133,-1.08357,-1.43889,-1.17523,-1.01528,-1.61288,-1.59922,-1.53914,-1.56314,-1.30429,-1.14528,-1.02965,-0.93851,-0.97779,-0.82417,-0.90401,-1.1445,-0.61112
VAL74,0.15652,1.33654,1.78652,2.09786,2.53948,2.45865,2.39557,1.72313,1.21155,1.10133,0.73722,0.35757,0.40516,-0.98587,-1.16346,0.04439,0.89272,1.06924,1.36552,1.97944,2.10442,2.46747,2.49299,1.99398,1.86353,1.86855,1.94492,1.74979,1.86841,1.56918,1.76262,2.34532,1.03912,0.47845,0.2365,-0.15686,0.64213,-0.54309,-0.06412,-0.67419,-0.9751,-1.04543,-1.06493,-1.01744,-1.02555,-1.06298,-1.13992,-0.2195,0.08815,-0.19925,-0.28375,-0.7989,-0.38324,-0.44284,-0.78154,-0.85912,-0.28447,-0.42022,-0.9918,-0.81263,-0.14907,-0.81904,-1.37711,-1.17184,-0.77062,-0.59526,-0.09562,0.31859,0.0,0.13606,0.24652,0.28441,0.48095,0.14343,-0.71219,0.14768,0.16541,0.60023,0.38601,0.60039,0.79014,1.08288,1.40002,1.68517,2.05589,2.18168,2.2585,1.86107,1.25471,0.69485,0.81604,0.3954,1.05913,0.76522,0.89215,0.01812,-0.80766,-0.3397,-0.16561,-0.20301,0.08789,-0.75768,-0.16667,-0.20542,-0.62219,-0.47906,-0.24145,-0.35472,-1.06012,-1.28309,-1.38414,-1.49616,-1.78778,-1.64395,-1.95511,-1.47215,-1.7298,-1.43256,-0.75893,-1.14961,-1.73944,-1.25042,-0.87048,-1.76455,-1.77987,-1.38995,-1.4173,-1.49965,-1.21652,-0.87298,-0.93983,-0.82227,-0.70017,-0.90781,-1.22296,-0.55362
GLU75,0.94198,1.81632,0.51033,1.00954,1.46773,1.54202,1.48034,0.91857,0.28624,0.2069,-0.16315,-0.30406,-0.04805,-1.45748,-1.53009,-0.14648,0.38858,0.41079,0.51754,0.96718,1.22148,1.47297,1.49156,1.40304,1.23611,1.11076,1.37309,1.20554,1.41659,1.31152,1.71134,2.2612,0.97306,0.51732,0.22331,-0.01537,0.90228,0.00383,0.72182,0.10684,-0.33674,-0.45614,-0.54158,-0.53895,-0.44393,-0.49043,-0.7254,-0.03728,0.01206,-0.17332,-0.33003,-0.81271,-0.47959,-0.58583,-0.95661,-0.94586,-0.36276,-0.60212,-1.06641,-0.76386,-0.26283,-1.03341,-1.40424,-1.2259,-1.10511,-0.78581,-0.50326,0.07222,0.13606,0.0,0.6263,0.86693,0.50617,-0.07628,-1.24281,0.12405,0.11541,0.47429,0.15712,0.35171,0.62506,0.94158,1.38635,1.8138,2.33547,2.53251,2.10374,1.5612,0.78861,0.41615,0.92614,0.58369,1.39148,0.97677,1.16326,0.42492,-0.5666,-0.37947,-0.20266,-0.23391,0.02587,-0.99705,-0.40471,-0.31913,-0.56632,-0.53422,-0.29495,-0.50259,-1.07173,-1.38101,-1.39775,-1.47969,-1.74796,-1.45679,-1.6743,-0.76444,-1.0874,-0.87054,-0.40701,-1.16093,-1.90359,-1.34364,-0.94434,-1.81653,-1.92147,-1.51288,-1.57433,-1.81825,-1.60009,-1.22105,-1.35039,-1.06067,-0.90528,-1.13915,-1.46502,-0.91311
PHE76,1.08956,1.26808,0.10769,0.94703,1.11024,1.25248,1.20836,0.66107,0.09929,0.07869,-0.19739,-0.29761,-0.03507,-1.50373,-1.44048,-0.11135,0.39939,0.44857,0.50192,0.83149,1.00495,1.21419,1.29669,1.21658,1.03482,0.95831,1.29184,1.267,1.44135,1.28287,1.53061,2.1791,1.04422,0.63621,0.42386,0.27346,1.11546,0.05901,0.60268,-0.0443,-0.40568,-0.404,-0.5407,-0.6373,-0.73733,-0.82756,-1.0188,-0.21651,-0.05316,-0.15254,-0.45722,-0.82682,-0.54562,-0.58573,-0.84197,-0.84191,-0.26308,-0.46504,-1.01992,-0.73995,-0.22817,-0.91709,-1.2584,-1.08153,-0.9712,-0.64527,-0.40267,-0.09,0.24652,0.6263,0.0,0.6279,0.22643,-0.35473,-1.25491,0.19346,0.11131,0.52621,0.32365,0.39824,0.63756,1.04545,1.56657,2.04313,2.38019,2.1818,1.66162,1.04914,0.36093,-0.00248,0.41819,0.10844,0.80921,0.49744,0.71702,0.09801,-0.9152,-0.52195,-0.32874,-0.4151,-0.2319,-0.99175,-0.32217,-0.22863,-0.24418,-0.20031,-0.13801,-0.25486,-0.89091,-1.21384,-1.22296,-1.18425,-1.30161,-1.08428,-1.22168,-0.40511,-0.37279,-0.51869,-0.32944,-1.05324,-1.59175,-1.18485,-0.84299,-1.52311,-1.56447,-1.33588,-1.44838,-1.51129,-1.39383,-1.20643,-1.32766,-1.06267,-0.8786,-1.08915,-1.29815,-0.78093
ASP77,1.01128,1.1478,0.05561,0.67624,0.88965,1.07794,0.90089,0.27652,-0.32438,-0.40872,-0.61674,-0.75895,-0.49723,-1.771,-1.8627,-0.52034,-0.14171,-0.08401,-0.06833,0.2228,0.44333,0.70037,0.92954,0.79955,0.54321,0.37751,0.68841,0.60578,0.95861,0.80151,1.06536,2.003,1.2246,0.56939,0.28636,0.26583,1.32146,0.54367,1.16842,0.65117,0.34413,0.26858,0.18517,0.16187,-0.00211,-0.09164,-0.32408,0.23231,-0.0273,-0.17931,-0.81845,-1.21364,-0.81544,-0.82913,-1.13935,-1.02359,-0.47976,-0.71708,-1.11185,-0.79398,-0.33298,-0.95296,-1.14873,-0.88398,-0.68322,-0.34935,-0.25886,0.02305,0.28441,0.86693,0.6279,0.0,0.09244,-0.5598,-2.43188,-0.52488,-0.52706,-0.29731,-0.45503,-0.2598,0.18187,0.62438,1.3388,1.65268,2.02242,1.98568,1.47586,0.9374,0.30831,0.08292,0.50201,0.21702,0.88783,0.45636,0.66098,0.22652,-0.81286,-0.65566,-0.29239,-0.40086,-0.20835,-0.97029,-0.4615,-0.33085,-0.44762,-0.33533,-0.27213,-0.60211,-1.01699,-1.38827,-1.30132,-1.21644,-1.32698,-1.1095,-1.11765,0.16066,-0.28452,-0.42644,0.15648,-0.79654,-1.76349,-1.26556,-0.94986,-1.60078,-1.60884,-1.29035,-1.33723,-1.41476,-1.2947,-1.10633,-1.26573,-1.07168,-0.87988,-1.03483,-1.20977,-0.71293
LYS78,0.6728,0.923,0.55279,0.85742,1.07966,1.18468,0.97919,0.30871,-0.20733,-0.30539,-0.44978,-0.5529,-0.41745,-1.61733,-1.62925,-0.62264,-0.11214,0.00273,0.03243,0.28108,0.50362,0.85366,1.10439,0.90668,0.72495,0.51107,0.74863,0.58848,0.80806,0.59014,0.76932,1.71535,1.0143,0.22419,-0.01148,0.03539,1.50072,0.7689,1.29715,0.8152,0.53128,0.53122,0.41216,0.29375,0.00116,-0.02917,-0.24242,0.16462,0.03036,0.02872,-0.75387,-1.28112,-0.77242,-0.79463,-1.07148,-0.93933,-0.41354,-0.55303,-0.88242,-0.57942,-0.14865,-0.61574,-0.77624,-0.37942,-0.04745,0.19214,0.13295,0.32858,0.48095,0.50617,0.22643,0.09244,0.0,-1.6574,-3.25068,-1.2152,-1.17757,-0.86364,-0.95485,-0.67634,-0.15351,0.3269,1.01716,1.31624,1.71276,1.53095,1.28637,0.94862,0.52151,0.36154,0.61833,0.32295,0.76916,0.38468,0.49772,0.14511,-0.70218,-0.39207,-0.02687,-0.10382,-0.02906,-0.83234,-0.46344,-0.29158,-0.44078,-0.38535,-0.49286,-0.93603,-1.2003,-1.51416,-1.38083,-1.30614,-1.47928,-1.36463,-1.43343,-0.36264,-0.67229,-0.23895,0.52646,-0.27344,-1.3504,-0.73672,-0.52146,-1.42711,-1.37969,-0.96015,-1.04047,-1.17176,-1.07614,-0.90684,-1.10036,-0.99664,-0.91081,-1.04196,-1.14623,-0.6661
GLY79,0.26461,0.25272,0.28828,0.6053,0.70607,0.73678,0.52373,0.02519,-0.34806,-0.36349,-0.37386,-0.51955,-0.37701,-1.24821,-1.29124,-0.39501,-0.05869,-0.01509,0.02377,0.08448,0.24256,0.44411,0.58355,0.39877,0.42236,0.25644,0.52713,0.45086,0.6368,0.54045,0.76384,1.45815,0.83244,0.39003,0.29867,0.17992,0.82071,0.27638,0.67244,0.26513,0.02163,0.04726,0.04163,-0.00887,-0.26568,-0.18647,-0.29525,0.22783,0.15299,-0.09673,-0.5199,-0.72891,-0.55904,-0.65392,-0.72764,-0.63034,-0.18141,-0.24217,-0.6126,-0.4462,-0.03281,-0.33561,-0.41697,-0.2548,-0.07894,0.01016,0.01822,0.13432,0.14343,-0.07628,-0.35473,-0.5598,-1.6574,0.0,-4.42993,-1.17962,-0.90364,-0.72169,-0.78062,-0.60428,0.00832,0.35808,0.87977,1.251,1.21735,1.02462,0.84683,0.59642,0.34201,0.25777,0.37222,0.12343,0.33639,0.09626,0.3033,0.03883,-0.68427,-0.52862,-0.3473,-0.3688,-0.18975,-0.64694,-0.18791,-0.14837,-0.17741,-0.16123,-0.21213,-0.46337,-0.78725,-0.78346,-0.63184,-0.55069,-0.63861,-0.50512,-0.53052,0.02619,-0.42978,-0.25718,0.38966,-0.27334,-1.01872,-0.83685,-0.68283,-1.17307,-1.22074,-0.97242,-0.95923,-0.86297,-0.88674,-0.83999,-0.84127,-0.73894,-0.65942,-0.82197,-0.93658,-0.54055
GLN80,0.00468,-0.27713,-0.48161,-0.4014,-0.53394,-0.67574,-0.21628,0.14348,0.67808,1.02932,0.98347,1.16333,1.36363,0.76381,1.3597,1.34407,1.91606,1.70398,1.52993,1.083,0.64414,0.21928,-0.07867,0.28863,0.67801,1.25079,1.3396,1.72874,1.64595,1.90925,1.84713,0.92013,-0.02502,0.52009,0.85212,0.32337,-0.07268,-0.66747,-0.89232,-1.47023,-1.90739,-1.92062,-2.28746,-2.40798,-2.02535,-2.08785,-2.10089,-1.48589,0.32702,0.54791,1.63248,1.57233,1.26374,1.36415,1.59121,1.24104,1.3009,1.40297,0.88914,0.59586,0.805,0.78146,0.40695,0.13086,-0.21082,-0.43494,-0.37843,-0.70172,-0.71219,-1.24281,-1.25491,-2.43188,-3.25068,-4.42993,0.0,-0.863,-0.30861,0.74563,0.95104,0.94961,0.96478,1.21434,1.10686,1.74118,1.25793,0.59327,0.47787,0.11372,0.20217,-0.23271,-0.48325,-0.41227,-0.26813,0.28413,0.31159,-0.25441,-0.0708,0.62358,-0.03367,0.08863,0.1713,0.33898,1.09175,0.9055,0.9499,0.67555,0.7675,1.2991,0.75719,1.03611,0.58631,0.46571,0.65544,0.57983,0.02549,-1.17669,-0.42347,-0.17922,-1.00819,-0.45131,-0.16446,-0.4713,-0.02424,-0.30611,-0.39302,-0.34943,-0.4051,-0.49357,-0.4486,-0.34824,-0.39614,-0.21829,-0.04745,-0.33633,-0.44878,-0.30975
ARG81,0.61553,0.25371,-0.58985,-0.26244,-0.24308,-0.21486,0.27101,0.3768,0.5995,1.00767,0.93877,0.8408,0.9995,0.09256,0.27752,1.04016,1.616,1.5145,1.53424,1.19015,0.94485,0.47639,0.1866,0.62393,1.03485,1.38568,1.59814,1.90299,1.88904,1.96146,1.89275,1.28311,-0.01544,0.44365,0.76456,0.38775,-0.0348,-1.02548,-0.91537,-1.58968,-1.87575,-1.94153,-2.0842,-2.02771,-1.56503,-1.68694,-1.724,-0.72895,0.45584,0.00115,0.73642,0.63547,0.50101,0.44169,0.62614,0.39643,0.7359,0.79113,0.21481,0.12146,0.53479,0.31712,0.03579,-0.08829,-0.2877,-0.19282,0.03616,-0.05325,0.14768,0.12405,0.19346,-0.52488,-1.2152,-1.17962,-0.863,0.0,0.42635,0.31997,0.16213,0.29485,1.0505,1.38229,1.60072,1.99463,1.5801,0.98266,0.71896,0.29056,0.19616,-0.16482,-0.14655,-0.22166,0.03667,0.36489,0.40957,-0.17505,-0.58537,-0.22998,-0.52534,-0.38664,-0.18502,-0.2629,0.59895,0.32921,0.27549,-0.03859,0.28765,0.86558,0.43164,0.47234,0.15331,0.05345,0.31617,0.67819,0.27195,-0.30037,0.03858,0.05018,-0.57003,-0.58858,-0.86324,-1.12091,-0.56651,-0.96975,-1.23741,-1.079,-0.98819,-0.98432,-0.87,-0.67465,-0.70089,-0.44754,-0.16262,-0.52398,-0.81896,-0.51702
THR82,0.71368,0.19853,-0.69754,-0.35833,-0.32045,-0.26331,0.29667,0.41452,0.54187,0.97828,0.92325,0.77692,0.87317,0.17109,0.14141,1.06269,1.38214,1.31266,1.37205,1.17403,0.97359,0.54774,0.22645,0.60933,0.95142,1.19713,1.37012,1.7134,1.66904,1.78026,1.50405,0.92737,-0.18132,0.33399,0.64263,0.41163,-0.37786,-1.26206,-1.07629,-1.52588,-1.67147,-1.72889,-1.748,-1.67042,-1.28551,-1.50562,-1.52337,-0.51568,0.32108,-0.41361,0.29875,0.33978,0.25549,0.19112,0.44495,0.33316,0.55525,0.60731,0.09162,0.02694,0.41138,0.21963,0.05703,-0.02405,-0.11877,-0.05156,0.12158,-0.00033,0.16541,0.11541,0.11131,-0.52706,-1.17757,-0.90364,-0.30861,0.42635,0.0,-0.51188,-0.29591,-0.06999,0.72338,1.13367,1.11612,1.41184,1.05589,0.58687,0.46352,0.20394,0.14107,-0.09852,-0.05376,-0.10259,0.09722,0.30486,0.31592,-0.04242,-0.50048,-0.45596,-0.64893,-0.42747,-0.24346,-0.36264,0.36297,0.09379,0.0558,-0.15421,0.16856,0.76814,0.428,0.4201,0.19643,0.14584,0.46885,0.98351,0.65692,0.11266,0.27493,0.23469,-0.16338,-0.31321,-0.66827,-0.93673,-0.49979,-0.8441,-1.10923,-0.99285,-1.01953,-0.99531,-0.77716,-0.58386,-0.63832,-0.46935,-0.28274,-0.59086,-0.81384,-0.60377
ASP83,0.65853,0.61908,-0.42681,-0.12626,-0.0176,0.14368,0.85404,1.08717,1.30649,1.58971,1.52572,1.5308,1.51909,0.39588,0.59265,1.23532,1.95827,1.96773,2.08039,1.92712,1.58529,1.03364,0.66052,1.02293,1.2532,1.70781,1.92775,2.33135,2.31456,2.54308,2.04951,1.15106,-0.42112,-0.02638,0.03865,-0.25289,-0.38419,-1.13845,-1.05099,-1.51364,-1.83172,-1.80401,-2.11157,-2.27045,-2.07999,-2.24667,-2.28494,-1.38439,0.06897,0.02397,0.93285,0.58123,0.48097,0.74491,0.93706,0.70055,1.11429,1.05412,0.344,0.18737,0.62627,0.47423,0.09673,0.01238,-0.00932,0.08728,0.40618,0.34787,0.60023,0.47429,0.52621,-0.29731,-0.86364,-0.72169,0.74563,0.31997,-0.51188,0.0,0.9074,0.97565,0.8862,1.35335,1.14872,1.76644,1.27683,0.64942,0.5766,0.26226,0.17336,-0.18786,-0.22522,-0.30203,-0.0117,0.29014,0.30013,-0.18821,-0.48998,0.0126,-0.37963,-0.16344,-0.07496,-0.49522,0.14038,-0.10921,-0.14743,-0.28503,-0.23639,0.48407,0.04566,0.08477,-0.14146,-0.05223,0.18997,0.4553,0.03199,-0.73564,-0.07944,0.06111,-0.47079,-0.40187,-0.54201,-0.56788,-0.10787,-1.00309,-1.00063,-0.68446,-0.94627,-1.05419,-0.68734,-0.44751,-0.67816,-0.55322,-0.54649,-0.95999,-1.03603,-0.63889
LYS84,0.48006,0.45579,-0.07432,0.10389,0.0968,0.2488,0.81286,1.10986,1.32281,1.48545,1.33501,1.47065,1.49026,0.47841,0.60608,0.95127,1.56242,1.55837,1.74204,1.72346,1.38838,0.92607,0.55855,0.89474,1.00767,1.44351,1.58095,1.91129,1.85207,2.0431,1.54434,0.5005,-0.7894,-0.27497,-0.11062,-0.36455,-0.5819,-1.20446,-1.1335,-1.53509,-1.73313,-1.67038,-1.92654,-2.03737,-1.73725,-1.99066,-2.11649,-1.26543,0.15768,0.05801,1.05916,0.74792,0.52651,0.74885,0.97494,0.70983,1.05908,1.12421,0.40031,0.15748,0.54202,0.5061,0.15964,0.04052,0.01287,0.04038,0.36332,0.22697,0.38601,0.15712,0.32365,-0.45503,-0.95485,-0.78062,0.95104,0.16213,-0.29591,0.9074,0.0,0.7976,0.50438,0.71186,0.38392,0.85824,0.51175,-0.03693,0.02638,-0.14796,-0.06206,-0.33585,-0.42975,-0.44978,-0.31874,0.0644,0.05554,-0.34198,-0.45773,-0.06995,-0.47222,-0.24685,-0.11531,-0.38859,0.05367,-0.23071,-0.2406,-0.36829,-0.31663,0.4905,0.213,0.35536,0.2195,0.36211,0.63332,0.82091,0.52172,-0.43792,0.07391,-0.09761,-0.60349,-0.44003,-0.38183,-0.47539,-0.09143,-0.75263,-0.73447,-0.51159,-0.69447,-0.76909,-0.47081,-0.24526,-0.45898,-0.38093,-0.39166,-0.74008,-0.72615,-0.36442
TYR85,0.48807,0.8151,0.36012,0.27931,0.29367,0.39103,1.02008,1.31976,1.65132,1.78045,1.70378,1.7912,1.95188,0.87566,0.7937,1.23974,1.90795,1.80614,1.93349,1.95035,1.64184,1.18907,0.82898,1.1138,1.30397,1.74989,1.85048,2.2368,2.29938,2.41475,1.81017,0.57781,-0.89288,-0.36995,-0.26529,-0.43816,-0.7264,-1.50152,-1.35613,-1.79427,-2.05602,-1.96601,-2.18508,-2.26286,-2.0052,-2.18789,-2.3472,-1.39604,0.28778,0.12482,1.24516,0.91329,0.80113,1.03423,1.14163,0.83082,1.17609,1.31698,0.53665,0.14783,0.59248,0.54021,0.09931,-0.04114,-0.03086,0.02818,0.36108,0.33663,0.60039,0.35171,0.39824,-0.2598,-0.67634,-0.60428,0.94961,0.29485,-0.06999,0.97565,0.7976,0.0,0.50144,1.0799,0.52095,0.50984,0.28365,-0.14279,-0.03975,-0.26578,-0.20911,-0.43859,-0.53313,-0.56355,-0.32471,0.12026,0.16836,-0.30343,-0.39354,0.0916,-0.35942,-0.15617,0.03237,-0.31151,0.16887,-0.21159,-0.41584,-0.52577,-0.39524,0.51208,0.24526,0.3842,0.31219,0.3875,0.54416,0.78833,0.49621,-0.56293,-0.06281,-0.17864,-0.66171,-0.45285,-0.46094,-0.48976,0.00341,-0.73086,-0.74167,-0.45362,-0.55306,-0.73745,-0.36607,-0.09121,-0.35721,-0.23323,-0.25031,-0.66581,-0.65258,-0.23242
GLY86,0.66418,0.73857,0.3302,0.3785,0.43469,0.48123,1.15541,1.30307,1.48239,1.72003,1.62091,1.58518,1.65318,0.54043,0.43453,1.14997,1.78185,1.61433,1.67547,1.59804,1.45323,1.13807,0.8303,1.16691,1.39894,1.76036,1.7273,2.07958,2.14202,2.23076,1.7535,0.81715,-0.74297,-0.37726,-0.21062,-0.44637,-0.67339,-1.61527,-1.35952,-1.78166,-1.97422,-1.94218,-2.00652,-1.9811,-1.74851,-1.85726,-1.94791,-1.02244,0.41339,0.15551,1.11634,0.75527,0.73538,0.89651,0.90853,0.60621,0.94214,1.09009,0.36333,0.11133,0.57551,0.44471,0.04238,-0.0333,0.0139,0.13174,0.41344,0.44781,0.79014,0.62506,0.63756,0.18187,-0.15351,0.00832,0.96478,1.0505,0.72338,0.8862,0.50438,0.50144,0.0,0.63543,0.53106,0.26386,0.13255,-0.21846,-0.12166,-0.3539,-0.25083,-0.44564,-0.45717,-0.50475,-0.19962,0.21138,0.2584,-0.23827,-0.43712,-0.0221,-0.39858,-0.24612,-0.08371,-0.46174,0.1482,-0.27007,-0.51124,-0.64131,-0.47864,0.37793,0.01601,0.16585,0.08813,0.08401,0.17266,0.64211,0.31647,-0.51633,-0.08961,-0.05384,-0.38628,-0.31779,-0.51412,-0.50499,-0.03081,-0.74864,-0.8429,-0.62264,-0.77738,-0.94518,-0.65586,-0.38936,-0.65313,-0.46145,-0.373,-0.72019,-0.79299,-0.37028
ARG87,0.53752,0.75293,0.2162,0.31561,0.51135,0.64311,1.73262,1.93809,2.07759,2.39213,2.32835,2.25859,2.39504,0.95326,0.83367,1.82244,2.67768,2.46614,2.38924,2.16847,1.87673,1.57752,1.2363,1.61655,1.98696,2.49378,2.57445,2.88225,2.89391,2.93939,2.40552,1.40879,-0.4496,-0.18622,-0.29194,-0.69285,-0.79383,-1.92944,-1.72452,-2.17402,-2.36338,-2.29618,-2.44673,-2.41724,-2.25729,-2.37628,-2.4388,-1.35337,0.38444,0.25105,1.35967,0.88761,0.96329,1.18781,1.15048,0.78981,1.18061,1.28865,0.38996,0.09106,0.71066,0.43566,-0.14398,-0.23054,-0.13884,0.06819,0.50724,0.58837,1.08288,0.94158,1.04545,0.62438,0.3269,0.35808,1.21434,1.38229,1.13367,1.35335,0.71186,1.0799,0.63543,0.0,0.68415,0.61975,0.27186,-0.17219,-0.05528,-0.47326,-0.46861,-0.76751,-0.73368,-0.72797,-0.17699,0.35675,0.51136,-0.14936,-0.39614,0.21829,-0.14291,-0.03533,0.07378,-0.37718,0.25904,-0.11878,-0.39863,-0.48589,-0.40806,0.31687,-0.13806,-0.10654,-0.26061,-0.24552,-0.10808,0.24336,-0.14049,-0.90139,-0.21853,0.0297,-0.34921,-0.19654,-0.39276,-0.33456,0.1605,-0.65298,-0.73048,-0.43462,-0.68308,-0.92322,-0.60544,-0.34604,-0.65855,-0.44645,-0.3596,-0.75196,-0.77956,-0.34916
GLY88,0.42004,0.77904,0.41274,0.66862,0.8677,1.02779,2.04463,2.07964,2.10294,2.18639,2.08204,1.94854,2.01258,0.45301,0.20606,1.49768,2.52219,2.34354,2.27417,1.98593,1.69549,1.4815,1.30072,1.62673,1.92022,2.48205,2.61483,2.88825,3.03408,2.87249,2.4211,1.86031,0.03301,0.03347,-0.19603,-0.66279,-0.48845,-1.85258,-1.48939,-2.13733,-2.30141,-2.12357,-2.16601,-2.13839,-1.98097,-2.00888,-2.06695,-0.91346,0.55458,0.36965,1.12526,0.59055,0.74769,0.84811,0.73466,0.41469,0.88621,0.88607,-0.02904,-0.20196,0.51984,0.1901,-0.41957,-0.42951,-0.21117,0.12479,0.58265,0.8465,1.40002,1.38635,1.56657,1.3388,1.01716,0.87977,1.10686,1.60072,1.11612,1.14872,0.38392,0.52095,0.53106,0.68415,0.0,0.14249,0.23515,-0.17892,-0.17078,-0.62034,-0.65159,-0.89828,-0.72203,-0.72712,-0.06845,0.41761,0.65275,-0.08825,-0.5206,0.137,-0.12164,-0.10812,0.06617,-0.42748,0.17104,-0.12481,-0.41805,-0.49364,-0.35402,0.09024,-0.4298,-0.47072,-0.56342,-0.54066,-0.43243,-0.07142,-0.43467,-0.72209,-0.28288,-0.05583,-0.21519,-0.16746,-0.54905,-0.45199,0.04533,-0.68766,-0.84096,-0.5923,-0.71218,-0.93692,-0.75135,-0.46732,-0.6435,-0.38634,-0.28417,-0.66912,-0.74258,-0.21003
LEU89,0.58991,0.963,-0.14458,0.32073,0.66857,0.87096,1.94679,1.94121,1.90846,2.15991,1.85473,1.78423,1.96706,0.29185,0.35162,1.70546,2.62536,2.39446,2.18297,1.84962,1.48225,1.20442,1.02168,1.396,1.75129,2.24488,2.51357,2.73423,2.86555,2.8692,2.85807,2.49874,0.5153,0.38699,0.01608,-0.62414,-0.41375,-1.82695,-1.4397,-2.10676,-2.4404,-2.18626,-2.2062,-2.19636,-2.01092,-1.97993,-2.04809,-1.00445,0.50027,0.57671,1.26912,0.69534,0.85538,0.97067,0.79839,0.52419,1.11279,0.98532,0.01549,-0.05657,0.60565,0.18445,-0.42327,-0.37501,-0.21576,0.18534,0.69555,1.04357,1.68517,1.8138,2.04313,1.65268,1.31624,1.251,1.74118,1.99463,1.41184,1.76644,0.85824,0.50984,0.26386,0.61975,0.14249,0.0,0.57035,-0.02805,-0.05801,-0.51256,-0.65296,-0.98647,-0.66818,-0.54291,0.27415,0.75368,1.01876,0.18894,-0.40297,0.24394,-0.00251,-0.03536,0.0307,-0.53131,0.20248,-0.01678,-0.29181,-0.3191,-0.16772,0.14011,-0.55215,-0.69614,-0.88562,-0.84309,-0.67482,-0.30829,-0.71933,-0.97726,-0.25564,0.16404,-0.09925,0.00992,-0.42113,-0.32409,0.16982,-0.72225,-0.90224,-0.69157,-0.96357,-1.24671,-1.13655,-0.98368,-1.21786,-0.89883,-0.72364,-1.1287,-1.26938,-0.68547
ALA90,0.85009,1.30231,0.0973,0.8015,1.08642,1.3421,2.05719,1.89175,1.70361,1.85467,1.51707,1.31183,1.49464,-0.15002,-0.07445,1.26988,1.948,1.86185,1.71378,1.57006,1.26847,1.04217,0.92435,1.11339,1.31709,1.74276,1.99573,2.24424,2.42225,2.47162,2.65625,2.66477,0.761,0.38951,0.00884,-0.60813,0.00459,-1.27976,-0.89429,-1.60486,-1.89283,-1.75326,-1.77863,-1.69852,-1.53316,-1.52214,-1.55705,-0.71882,0.4183,0.67021,1.02586,0.32959,0.60883,0.70193,0.3688,0.14496,0.7852,0.61402,-0.21277,-0.13158,0.47058,-0.04581,-0.48735,-0.33113,-0.14691,0.35228,0.96937,1.43027,2.05589,2.33547,2.38019,2.02242,1.71276,1.21735,1.25793,1.5801,1.05589,1.27683,0.51175,0.28365,0.13255,0.27186,0.23515,0.57035,0.0,-0.13741,0.07661,-0.47364,-0.74891,-1.0801,-0.55317,-0.32755,0.64011,0.954,1.26234,0.42477,-0.26915,0.25652,0.05308,-0.05389,-0.02226,-0.62481,-0.00862,-0.08445,-0.30957,-0.25439,-0.18767,-0.13207,-0.89543,-1.15812,-1.35886,-1.32384,-1.18632,-0.82687,-1.11776,-0.9289,-0.24541,0.15786,0.08241,0.11271,-0.39313,-0.22251,0.16602,-0.7811,-0.92969,-0.72002,-1.0072,-1.31478,-1.22901,-1.16893,-1.51472,-1.21017,-1.00318,-1.33326,-1.5693,-0.89269
TYR91,0.64134,1.61236,0.03731,0.51932,0.92412,1.16993,1.56157,1.31522,1.06521,1.13227,0.94354,0.88212,1.08812,-0.15099,-0.34798,1.0134,1.34931,1.11722,0.94635,0.95206,0.68773,0.58702,0.45974,0.49387,0.60732,0.86434,1.19319,1.42908,1.83251,1.94452,2.43936,2.42544,0.88072,0.54628,0.07016,-0.49554,0.1425,-0.61742,-0.13644,-0.68084,-1.1213,-1.09863,-1.19274,-1.09269,-0.84383,-0.76882,-0.83424,-0.36085,0.39241,0.70554,0.93979,0.25012,0.55653,0.56837,0.12668,0.03605,0.49407,0.25651,-0.25361,-0.05382,0.28947,-0.29027,-0.54128,-0.29966,-0.19543,0.30838,1.04071,1.63076,2.18168,2.53251,2.1818,1.98568,1.53095,1.02462,0.59327,0.98266,0.58687,0.64942,-0.03693,-0.14279,-0.21846,-0.17219,-0.17892,-0.02805,-0.13741,0.0,0.12903,-0.43287,-0.94071,-1.21472,-0.52335,-0.08633,1.10686,1.32912,1.71131,0.86109,0.2793,0.49626,0.28123,0.11858,0.1863,-0.41378,-0.00962,0.06308,-0.19139,-0.15856,-0.06625,-0.51027,-1.23874,-1.47032,-1.61121,-1.60337,-1.51575,-1.28156,-1.37804,-0.75118,-0.5226,0.09183,0.19467,0.16285,-0.37898,-0.11712,0.11393,-0.67385,-0.81741,-0.59497,-0.70958,-1.0757,-1.07934,-0.93175,-1.29036,-1.05249,-0.92055,-1.19688,-1.53951,-0.92743
ILE92,0.3362,1.47758,0.75916,1.07461,1.57704,1.79479,1.99085,1.52901,1.24806,1.40074,1.17909,1.07553,1.24791,0.0458,-0.20978,1.03833,1.412,1.21058,1.06115,1.14787,0.89285,0.84735,0.67823,0.57599,0.67927,0.86238,1.17046,1.41588,1.66524,1.70402,2.21541,2.19282,0.70193,0.39006,-0.10828,-0.62435,-0.0293,-0.72672,-0.36309,-0.84221,-1.30436,-1.28862,-1.30781,-1.23461,-1.05947,-0.89351,-0.86506,-0.41594,0.2487,0.54799,0.8154,0.18076,0.50999,0.55241,0.18869,0.10919,0.65085,0.41079,-0.03508,0.15973,0.5749,0.03394,-0.2012,0.11958,0.3265,0.91825,1.76,2.20354,2.2585,2.10374,1.66162,1.47586,1.28637,0.84683,0.47787,0.71896,0.46352,0.5766,0.02638,-0.03975,-0.12166,-0.05528,-0.17078,-0.05801,0.07661,0.12903,0.0,-0.42165,-0.84647,-1.2548,-0.64857,-0.09201,1.23348,1.39782,1.5687,0.72851,0.20076,0.45502,0.24954,0.06519,0.09477,-0.4613,-0.08231,-0.03062,-0.3135,-0.24424,-0.16834,-0.49937,-1.04913,-1.2424,-1.36158,-1.37327,-1.3819,-1.21826,-1.31624,-0.99354,-0.78156,-0.07392,0.12642,0.111,-0.38596,-0.07018,0.20886,-0.57864,-0.67348,-0.5121,-0.6418,-0.88814,-0.92132,-0.88156,-1.13712,-1.03415,-1.00083,-1.15511,-1.49946,-1.01029
TYR93,-0.14792,0.60597,0.70055,1.07004,1.52351,1.76917,1.53686,0.85498,0.38278,0.1812,0.09244,0.07637,0.09423,-0.57125,-0.53831,0.3969,0.44623,0.27221,0.13334,0.28351,0.14497,0.24044,0.24775,0.07909,-0.00182,-0.04308,0.14247,0.21379,0.52026,0.64996,1.24888,1.59863,0.51121,-0.00219,-0.35836,-0.73213,0.03556,-0.13048,0.12529,-0.11164,-0.3583,-0.36991,-0.39019,-0.3422,-0.37001,-0.21789,-0.18846,-0.09359,-0.08389,0.3905,0.32693,-0.16145,0.11455,0.21252,-0.07572,-0.08513,0.32149,0.14277,-0.01693,0.33906,0.56529,0.11252,0.21414,0.83865,1.07048,1.61364,2.34096,2.43554,1.86107,1.5612,1.04914,0.9374,0.94862,0.59642,0.11372,0.29056,0.20394,0.26226,-0.14796,-0.26578,-0.3539,-0.47326,-0.62034,-0.51256,-0.47364,-0.43287,-0.42165,0.0,-0.81211,-0.76118,-0.13978,0.50266,1.29575,0.9749,0.84691,0.52483,0.06815,0.19177,0.08262,-0.15212,-0.18036,-0.63329,-0.34849,-0.1628,-0.34989,-0.2658,-0.15562,-0.46711,-0.84689,-1.0639,-1.19042,-1.2114,-1.23656,-1.14995,-1.20356,-0.83031,-0.68043,-0.11171,0.2862,0.14895,-0.26541,0.05977,0.18747,-0.41923,-0.49963,-0.49575,-0.68313,-0.77828,-0.88357,-1.00632,-1.17868,-1.16887,-1.15269,-1.17572,-1.47428,-1.19148
ALA94,-0.57627,-0.0881,0.84186,0.96412,1.30216,1.35316,1.06116,0.49958,0.28921,0.12985,0.10215,0.05553,-0.05331,-0.45227,-0.29417,0.2141,0.21879,0.08635,0.05288,0.11367,-0.03417,0.04481,0.07184,-0.06717,-0.08531,-0.12932,-0.09887,-0.1046,0.03275,0.1716,0.64724,0.94261,0.17197,-0.22442,-0.3276,-0.60993,-0.12708,-0.28064,-0.20772,-0.40504,-0.50507,-0.4793,-0.5021,-0.45655,-0.44817,-0.27473,-0.15855,-0.10855,-0.04425,0.36779,0.40827,0.02693,0.30688,0.40448,0.31242,0.27056,0.56221,0.66886,0.55055,0.92871,1.25514,0.96838,1.11473,1.85284,2.17486,2.25199,2.3188,1.88277,1.25471,0.78861,0.36093,0.30831,0.52151,0.34201,0.20217,0.19616,0.14107,0.17336,-0.06206,-0.20911,-0.25083,-0.46861,-0.65159,-0.65296,-0.74891,-0.94071,-0.84647,-0.81211,0.0,-0.66735,-0.25571,0.44831,0.4676,0.49335,0.15302,-0.02551,-0.1183,-0.01428,-0.10037,-0.26755,-0.3109,-0.52072,-0.25027,-0.09057,-0.23787,-0.17212,0.01554,-0.08711,-0.33916,-0.44303,-0.62837,-0.75015,-0.79744,-0.75003,-0.90061,-0.87435,-0.65725,-0.20213,0.13382,0.13956,-0.16315,0.03347,0.18176,-0.23846,-0.3099,-0.36894,-0.5213,-0.54684,-0.66786,-0.8191,-0.87908,-0.96203,-0.87345,-0.88706,-1.22166,-1.04063
ASP95,-0.54633,-0.12773,0.50996,0.43418,0.89492,0.81103,0.48121,-0.07306,-0.4613,-0.82943,-0.83476,-0.75836,-0.89824,-0.93478,-0.7861,-0.36542,-0.49975,-0.58989,-0.63642,-0.42634,-0.46341,-0.31156,-0.22039,-0.39629,-0.38657,-0.59738,-0.65641,-0.76834,-0.63173,-0.5962,-0.26449,0.28614,0.0239,-0.45316,-0.53078,-0.68273,-0.05826,0.14012,0.26329,0.27839,0.31447,0.38528,0.38501,0.38715,0.30141,0.40123,0.4492,0.19015,-0.17386,0.1918,-0.04868,-0.3242,-0.09827,0.02405,-0.01231,-0.03624,0.05709,0.14764,0.26084,0.60589,0.77014,0.67699,1.04397,1.7648,2.18377,2.14517,1.55855,1.24159,0.69485,0.41615,-0.00248,0.08292,0.36154,0.25777,-0.23271,-0.16482,-0.09852,-0.18786,-0.33585,-0.43859,-0.44564,-0.76751,-0.89828,-0.98647,-1.0801,-1.21472,-1.2548,-0.76118,-0.66735,0.0,0.04574,0.17171,-0.43245,-0.66887,-0.7559,-0.48115,-0.49029,-0.43111,-0.28221,-0.44822,-0.43528,-0.53944,-0.43059,-0.1973,-0.2512,-0.16461,0.0105,-0.14219,-0.25933,-0.37902,-0.43724,-0.54068,-0.65815,-0.65585,-0.72844,-0.5314,-0.51095,-0.09251,0.41069,0.24502,-0.03762,0.14825,0.11555,-0.1139,-0.1407,-0.22984,-0.33664,-0.30004,-0.4615,-0.70148,-0.61402,-0.75469,-0.75277,-0.68698,-0.9315,-0.92197
GLY96,-0.07301,0.13316,0.08013,0.22139,0.72246,0.90036,0.39563,-0.28066,-0.99336,-1.45872,-1.52737,-1.38468,-1.35553,-1.38609,-1.37608,-0.69129,-0.85075,-0.85545,-0.95154,-0.62416,-0.49974,-0.41918,-0.32815,-0.43285,-0.52788,-0.78422,-0.78218,-0.93906,-0.77323,-0.74356,-0.35283,0.42039,0.16905,-0.36633,-0.63257,-0.65637,0.19807,0.47066,0.70034,0.80952,0.79393,0.87542,0.8889,0.8543,0.73602,0.77862,0.70857,0.36008,-0.29945,0.08951,-0.37692,-0.63235,-0.38489,-0.34225,-0.47054,-0.35798,-0.27142,-0.44417,-0.28682,0.17123,0.19093,-0.14539,0.32763,1.00031,1.34145,1.58522,1.27617,1.25525,0.81604,0.92614,0.41819,0.50201,0.61833,0.37222,-0.48325,-0.14655,-0.05376,-0.22522,-0.42975,-0.53313,-0.45717,-0.73368,-0.72203,-0.66818,-0.55317,-0.52335,-0.64857,-0.13978,-0.25571,0.04574,0.0,-0.54125,-0.58297,-1.01773,-0.94039,-0.49776,-0.61381,-0.57832,-0.35199,-0.47342,-0.40043,-0.60472,-0.53659,-0.26939,-0.27548,-0.20018,-0.09435,-0.38579,-0.47497,-0.70686,-0.80699,-0.89689,-0.98739,-0.93862,-0.87984,-0.29696,-0.41763,0.01957,0.60485,0.24251,-0.11322,0.19269,0.11585,-0.19199,-0.20065,-0.18327,-0.25631,-0.26317,-0.39541,-0.56256,-0.54246,-0.61292,-0.66482,-0.62101,-0.85647,-0.84195
LYS97,-0.25284,-0.14537,-0.31907,-0.23892,-0.11841,-0.09032,-0.6202,-1.06446,-1.45913,-1.81517,-1.70186,-1.4441,-1.47136,-1.05736,-0.94733,-0.23366,-0.90043,-0.99643,-1.14014,-1.0174,-1.00276,-0.89087,-0.87005,-0.96169,-1.11898,-1.34912,-1.18817,-1.19771,-0.923,-0.64618,-0.08607,0.43048,0.23446,-0.16414,-0.40823,-0.46914,0.20595,0.69983,0.78743,0.97064,0.97743,0.97298,0.98554,0.94754,0.7319,0.79894,0.72487,0.09083,-0.54544,0.16111,-0.16085,-0.33337,-0.09771,-0.03715,-0.04685,0.1877,0.198,0.03031,0.29494,0.7665,0.45816,0.14171,0.62712,1.24622,1.25029,1.25274,0.96985,0.82676,0.3954,0.58369,0.10844,0.21702,0.32295,0.12343,-0.41227,-0.22166,-0.10259,-0.30203,-0.44978,-0.56355,-0.50475,-0.72797,-0.72712,-0.54291,-0.32755,-0.08633,-0.09201,0.50266,0.44831,0.17171,-0.54125,0.0,-0.48933,-0.77784,-0.8407,-0.18533,-0.22237,-0.37544,-0.28426,-0.34882,-0.37848,-0.49445,-0.41343,-0.06148,-0.0498,0.0352,0.07711,-0.3298,-0.38259,-0.56728,-0.72473,-0.83761,-0.88675,-0.95465,-0.89916,-0.35724,-0.43925,0.09421,0.55058,0.45074,0.12695,0.37729,0.29343,0.03145,-0.06066,-0.08702,-0.19684,-0.26251,-0.41094,-0.59087,-0.60959,-0.57735,-0.58008,-0.47304,-0.76229,-0.85566
MET98,0.09071,0.61696,-0.43688,-0.4884,-0.12755,-0.13677,-0.33216,-0.83317,-1.12852,-1.34102,-1.19691,-0.88344,-0.66729,-0.6935,-0.69292,0.70595,0.01433,-0.39132,-0.64516,-0.56337,-0.72506,-0.64855,-0.62541,-0.67889,-0.73741,-0.92914,-0.79229,-0.63716,-0.28562,0.08755,0.86008,1.23063,0.62369,0.27754,-0.2356,-0.41279,0.22213,0.53697,0.69529,0.7563,0.56921,0.47147,0.35069,0.31809,0.256,0.3355,0.17282,-0.33152,-0.58369,0.19705,0.05143,-0.22551,0.1136,0.14836,0.03503,0.33396,0.54069,0.27479,0.39856,0.84413,0.5601,0.06116,0.38336,0.79197,0.61467,0.84466,0.94412,1.10922,1.05913,1.39148,0.80921,0.88783,0.76916,0.33639,-0.26813,0.03667,0.09722,-0.0117,-0.31874,-0.32471,-0.19962,-0.17699,-0.06845,0.27415,0.64011,1.10686,1.23348,1.29575,0.4676,-0.43245,-0.58297,-0.48933,0.0,-0.56952,0.02166,0.36071,0.01557,-0.19717,-0.14683,-0.09565,-0.12028,-0.49521,-0.26186,0.10614,0.00352,0.09502,0.03783,-0.54313,-0.65905,-0.87578,-1.01827,-1.13772,-1.21378,-1.34152,-1.32242,-0.56968,-0.65472,0.15298,0.53331,0.51843,0.00202,0.32727,0.41463,-0.10316,-0.28676,-0.09523,-0.18818,-0.53128,-0.5649,-0.52515,-0.70149,-0.44773,-0.47368,-0.52333,-0.86918,-0.84415
VAL99,0.23912,0.85791,-0.49116,-0.77596,-0.60821,-0.78546,-0.59057,-0.65789,-0.42745,-0.19196,-0.02547,0.32963,0.71001,0.71165,0.61986,1.62058,1.17553,0.63927,0.24559,-0.0418,-0.41968,-0.62758,-0.74879,-0.55404,-0.44957,-0.35284,-0.30007,-0.00262,0.30025,0.69377,1.5217,1.31658,0.59803,0.80299,0.3135,-0.07699,-0.11127,-0.04509,-0.01526,-0.1158,-0.42008,-0.6077,-0.88328,-1.03613,-0.9302,-0.78709,-0.78479,-1.00981,-0.37275,0.34385,0.85234,0.56759,0.74731,0.86274,0.88889,1.03109,1.21541,1.19726,1.16798,1.51295,1.19442,0.77932,0.72393,0.70805,0.23316,0.37734,0.62047,0.65398,0.76522,0.97677,0.49744,0.45636,0.38468,0.09626,0.28413,0.36489,0.30486,0.29014,0.0644,0.12026,0.21138,0.35675,0.41761,0.75368,0.954,1.32912,1.39782,0.9749,0.49335,-0.66887,-1.01773,-0.77784,-0.56952,0.0,0.14628,-0.08484,0.11269,0.14427,-0.02888,0.10688,0.07485,-0.14439,0.30406,0.57416,0.42319,0.40399,0.37003,-0.08489,-0.13932,-0.32273,-0.59187,-0.73874,-0.73127,-0.90959,-1.05274,-0.86566,-0.73351,0.14255,0.13594,0.45817,0.14708,0.30865,0.55458,0.13851,-0.05042,0.17246,0.1246,-0.36504,-0.31879,-0.15803,-0.40341,-0.04388,-0.03238,-0.17617,-0.48627,-0.52427
ASN100,0.13651,1.06206,-0.53425,-0.71019,-0.50258,-0.68679,-0.35667,-0.41056,-0.32483,-0.05402,0.13143,0.49857,0.95507,0.78428,0.48669,1.83682,1.4599,1.00125,0.54354,0.1776,-0.20492,-0.3817,-0.56963,-0.37058,-0.18165,-0.11002,-0.01692,0.30504,0.62304,1.04207,1.89416,1.70134,0.93942,1.07467,0.42567,0.03563,-0.00677,-0.09021,-0.01495,-0.16051,-0.53226,-0.70495,-0.95703,-1.10148,-1.04673,-0.93834,-1.03032,-1.10713,-0.36686,0.2987,0.77865,0.5336,0.77619,0.80867,0.70306,0.88654,1.07515,0.96228,0.91644,1.16424,0.88872,0.46645,0.33624,0.31934,-0.07467,0.08965,0.41316,0.62004,0.89215,1.16326,0.71702,0.66098,0.49772,0.3033,0.31159,0.40957,0.31592,0.30013,0.05554,0.16836,0.2584,0.51136,0.65275,1.01876,1.26234,1.71131,1.5687,0.84691,0.15302,-0.7559,-0.94039,-0.8407,0.02166,0.14628,0.0,-0.56457,-0.49911,-0.24293,-0.19465,0.03947,0.01001,-0.24391,0.24429,0.55069,0.47702,0.60401,0.55494,-0.07992,-0.25643,-0.41892,-0.6336,-0.7179,-0.65903,-0.8433,-1.00291,-0.7331,-0.53521,0.29611,0.1953,0.60623,0.22757,0.34854,0.62978,0.21914,-0.02951,0.25107,0.1992,-0.38131,-0.3263,-0.11645,-0.3723,0.05365,0.07326,-0.08808,-0.41233,-0.43906
GLU101,-0.3457,0.06724,-1.50054,-1.67569,-1.44006,-1.42395,-1.35756,-1.32372,-1.38184,-1.53158,-1.28619,-0.89628,-0.59769,0.18142,0.00255,0.81453,-0.23491,-0.66164,-0.99149,-1.19556,-1.28803,-1.23213,-1.15384,-1.0042,-0.94142,-0.96925,-1.01869,-0.87984,-0.61487,-0.01639,0.70224,0.78264,0.6102,0.60173,0.23414,0.06739,-0.02543,0.43381,0.51268,0.73239,0.56127,0.36663,0.25232,0.22097,0.2221,0.20608,0.03852,-0.62898,-0.73401,-0.06911,0.05169,0.11645,0.43436,0.33302,0.31936,0.70198,0.67946,0.44195,0.72749,1.08194,0.53295,0.18601,0.27977,0.24116,-0.13665,-0.10482,-0.14736,-0.06902,0.01812,0.42492,0.09801,0.22652,0.14511,0.03883,-0.25441,-0.17505,-0.04242,-0.18821,-0.34198,-0.30343,-0.23827,-0.14936,-0.08825,0.18894,0.42477,0.86109,0.72851,0.52483,-0.02551,-0.48115,-0.49776,-0.18533,0.36071,-0.08484,-0.56457,0.0,-0.70839,-0.69233,-0.19818,0.21871,-0.02531,-0.17584,0.06071,0.52836,0.58849,0.70985,0.373,-0.44634,-0.37073,-0.54004,-0.65984,-0.69254,-0.58789,-0.73383,-0.70585,-0.13291,-0.11717,0.68449,0.70689,1.09577,0.81053,0.97518,1.11441,0.91576,0.62407,0.85056,0.76773,0.13893,0.08724,0.19325,-0.06525,0.36416,0.18642,0.13251,-0.08176,-0.35461
ALA102,-0.55068,-0.05685,-1.41094,-2.37177,-2.3085,-2.43048,-2.12773,-1.77958,-1.13075,-1.16198,-0.78403,-0.36022,-0.16196,1.53899,1.36407,0.82503,-0.41757,-0.90168,-1.14731,-1.50339,-1.86359,-1.89624,-1.75701,-1.3937,-1.32816,-1.18208,-1.30881,-1.15997,-0.9878,-0.41778,0.1338,-0.16964,0.06553,0.38735,0.33334,0.20371,-0.18647,0.61869,0.36714,0.8854,0.73423,0.48843,0.25348,0.18952,0.27954,0.24937,0.18227,-0.81847,-0.45235,0.28641,0.75601,0.93362,1.06411,1.08361,1.11783,1.39934,0.98162,0.91133,1.33791,1.53389,0.82861,0.76149,0.81571,0.4602,-0.25484,-0.45669,-0.67305,-0.83337,-0.80766,-0.5666,-0.9152,-0.81286,-0.70218,-0.68427,-0.0708,-0.58537,-0.50048,-0.48998,-0.45773,-0.39354,-0.43712,-0.39614,-0.5206,-0.40297,-0.26915,0.2793,0.20076,0.06815,-0.1183,-0.49029,-0.61381,-0.22237,0.01557,0.11269,-0.49911,-0.70839,0.0,-0.84466,-0.33511,0.34107,0.34045,0.39962,0.42873,0.82956,0.84967,0.72919,0.34265,-0.3649,-0.15788,-0.20349,-0.43273,-0.5017,-0.38244,-0.69978,-0.61487,-0.49235,-0.59035,0.43534,0.3546,0.93445,1.01773,1.11227,1.15559,1.23653,1.0866,1.34824,1.48998,0.78954,0.70583,0.92472,0.68834,1.14568,0.90718,0.8083,0.65694,0.31117
LEU103,-0.49801,0.20861,-0.37215,-1.17018,-1.37774,-1.69239,-1.15442,-0.67004,0.30214,0.45962,0.87518,1.38562,1.63442,2.27075,2.05415,1.49112,1.08205,0.6379,0.34113,-0.19702,-0.71432,-0.99072,-1.15879,-0.73656,-0.5006,-0.26535,-0.28362,0.05806,0.17596,0.57099,0.92163,0.38929,0.20856,0.47123,0.006,-0.05726,0.31716,0.70433,0.2614,0.38841,0.05868,-0.07031,-0.58764,-0.90168,-1.22559,-1.12257,-1.16961,-1.87062,-0.27145,1.06399,1.49722,1.32126,1.42592,1.70327,1.64112,1.5529,1.17012,1.2232,1.335,1.22256,0.93278,0.92621,0.80778,0.5667,-0.05929,-0.23734,-0.3423,-0.4826,-0.3397,-0.37947,-0.52195,-0.65566,-0.39207,-0.52862,0.62358,-0.22998,-0.45596,0.0126,-0.06995,0.0916,-0.0221,0.21829,0.137,0.24394,0.25652,0.49626,0.45502,0.19177,-0.01428,-0.43111,-0.57832,-0.37544,-0.19717,0.14427,-0.24293,-0.69233,-0.84466,0.0,-0.16,0.21194,0.37399,0.33884,0.57783,0.97394,0.81587,0.73529,0.25637,-0.28478,-0.32488,-0.38912,-0.65253,-0.71662,-0.68087,-1.09821,-1.24352,-1.36199,-0.75825,0.42795,0.2095,0.99973,1.24174,1.42944,1.6076,1.25129,1.18496,1.514,1.62156,0.96923,0.83166,1.02319,0.78922,1.28866,1.14448,1.01348,0.88437,0.69646
VAL104,-0.83451,-0.08357,-0.33308,-0.80725,-0.89327,-1.04358,-0.82298,-0.56125,0.10028,0.1656,0.42721,0.65956,0.86139,1.60953,1.09942,0.58605,0.15838,-0.12232,-0.31649,-0.66944,-0.8463,-0.90736,-0.95903,-0.66657,-0.46856,-0.34093,-0.46466,-0.27703,-0.19692,-0.0058,0.24209,0.35555,0.63939,0.64461,-0.03686,-0.04849,0.48686,0.79697,0.5876,0.81556,0.58551,0.48032,-0.00463,-0.29346,-0.62108,-0.55948,-0.6443,-1.3461,-0.35708,0.70847,0.69341,0.44753,0.72433,0.90731,0.59923,0.68179,0.41222,0.39553,0.58781,0.65025,0.40715,0.4254,0.46507,0.41534,0.04601,-0.08894,-0.36121,-0.32149,-0.16561,-0.20266,-0.32874,-0.29239,-0.02687,-0.3473,-0.03367,-0.52534,-0.64893,-0.37963,-0.47222,-0.35942,-0.39858,-0.14291,-0.12164,-0.00251,0.05308,0.28123,0.24954,0.08262,-0.10037,-0.28221,-0.35199,-0.28426,-0.14683,-0.02888,-0.19465,-0.19818,-0.33511,-0.16,0.0,0.08634,0.09585,0.07785,0.11525,0.90078,0.77991,0.88832,0.25436,-0.62194,-0.63001,-0.81943,-1.05391,-1.04207,-0.96477,-1.31329,-1.31232,-0.9646,-0.37448,0.74429,0.7249,1.62033,1.83824,2.05098,2.21684,1.85243,1.59543,1.81757,2.00491,1.29988,1.04965,1.10328,0.93307,1.38048,1.14066,1.18912,1.20844,0.86888
ARG105,-0.87768,-0.00933,-0.36252,-1.16255,-0.97031,-1.33469,-0.87357,-0.51644,0.17979,0.32524,0.58594,0.73929,0.86182,1.8603,1.42563,0.57877,0.16156,-0.18972,-0.27303,-0.66566,-0.87605,-0.89719,-0.84713,-0.54655,-0.32898,-0.14819,-0.31843,-0.17379,-0.2129,0.01726,0.01154,-0.22312,-0.0104,0.1892,-0.25301,-0.26746,0.02088,0.38723,0.19329,0.53437,0.43909,0.32073,-0.00099,-0.20892,-0.37387,-0.43254,-0.52328,-1.19104,-0.37525,0.31532,0.61085,0.4272,0.64892,0.77074,0.55937,0.67813,0.42991,0.39542,0.52873,0.51252,0.28114,0.28856,0.19258,0.1172,-0.17913,-0.28198,-0.56514,-0.55189,-0.20301,-0.23391,-0.4151,-0.40086,-0.10382,-0.3688,0.08863,-0.38664,-0.42747,-0.16344,-0.24685,-0.15617,-0.24612,-0.03533,-0.10812,-0.03536,-0.05389,0.11858,0.06519,-0.15212,-0.26755,-0.44822,-0.47342,-0.34882,-0.09565,0.10688,0.03947,0.21871,0.34107,0.21194,0.08634,0.0,-0.07586,-0.28257,-0.5634,-0.12075,0.01397,0.14387,-0.2959,-0.92882,-0.77287,-0.81585,-0.96105,-0.9577,-0.84708,-1.11128,-1.0654,-0.79564,-0.48311,0.55265,0.50774,1.20485,1.51443,2.02216,2.41039,1.7781,1.64824,2.31633,2.45541,1.44838,1.4803,1.87887,1.36721,1.92068,1.3202,0.96588,1.18935,0.97508
GLN106,-0.34039,0.67501,0.42307,-0.33022,-0.12986,-0.52538,-0.27391,-0.0497,0.54875,0.63051,0.80891,0.92067,1.11571,1.85292,1.39178,0.66564,0.32365,-0.08017,-0.09194,-0.40681,-0.58769,-0.59004,-0.47224,-0.26263,-0.07823,0.08063,-0.05985,0.05148,0.01174,0.1264,0.10602,-0.32842,-0.26402,0.24411,-0.16416,-0.03076,-0.06,0.01078,-0.1968,0.00519,-0.11201,-0.24626,-0.47179,-0.55063,-0.57658,-0.62727,-0.5577,-0.78651,0.28221,0.36248,0.74366,0.77716,0.95549,0.79637,0.55999,0.65873,0.33717,0.35915,0.40269,0.35068,0.24414,0.18356,-0.00221,-0.03712,-0.20743,-0.20134,-0.36587,-0.294,0.08789,0.02587,-0.2319,-0.20835,-0.02906,-0.18975,0.1713,-0.18502,-0.24346,-0.07496,-0.11531,0.03237,-0.08371,0.07378,0.06617,0.0307,-0.02226,0.1863,0.09477,-0.18036,-0.3109,-0.43528,-0.40043,-0.37848,-0.12028,0.07485,0.01001,-0.02531,0.34045,0.37399,0.09585,-0.07586,0.0,-0.78735,-0.63042,-0.58944,-0.71905,-0.74313,-0.72897,-0.99166,-0.69214,-0.69118,-0.76317,-0.7233,-0.66276,-0.88451,-0.83803,-0.66144,-0.7687,-0.06171,-0.0004,0.2157,0.24841,0.67508,1.24809,0.89931,0.76832,1.55856,2.11034,1.265,1.33156,2.0699,1.84792,2.66984,2.35533,1.72233,1.68904,1.70158
GLY107,-1.0668,-0.58778,0.14676,-0.51435,-0.77245,-1.34428,-1.21062,-0.49781,0.37848,0.48103,0.68174,0.70913,0.79022,2.3592,2.05911,0.70249,-0.07718,-0.40966,-0.50258,-0.9111,-1.12336,-1.2625,-1.25532,-0.90908,-0.76841,-0.60007,-0.69881,-0.40364,-0.46539,-0.30104,-0.19481,-0.81884,-0.0935,0.78935,0.91737,0.78691,-0.38688,-0.29153,-0.7323,-0.42878,-0.41357,-0.50596,-0.64902,-0.64783,-0.53817,-0.5027,-0.27507,-0.38644,0.52888,0.20999,0.69183,1.28645,1.2748,0.9772,1.06955,1.16788,0.50101,0.59149,0.84887,0.6298,0.28978,0.45846,0.43103,0.13295,-0.29474,-0.4671,-0.64073,-0.82316,-0.75768,-0.99705,-0.99175,-0.97029,-0.83234,-0.64694,0.33898,-0.2629,-0.36264,-0.49522,-0.38859,-0.31151,-0.46174,-0.37718,-0.42748,-0.53131,-0.62481,-0.41378,-0.4613,-0.63329,-0.52072,-0.53944,-0.60472,-0.49445,-0.49521,-0.14439,-0.24391,-0.17584,0.39962,0.33884,0.07785,-0.28257,-0.78735,0.0,-1.01163,-0.26267,-0.34995,-0.34161,-0.41202,-0.75825,-0.39115,-0.17451,-0.2941,-0.25216,-0.00563,-0.28044,-0.17388,-0.22876,-0.35264,0.01535,-0.15952,0.30755,0.75426,0.67053,0.79551,1.69575,1.47957,1.49025,2.26996,2.00962,1.65381,1.98642,2.40468,2.95557,3.11813,3.14268,3.03941,2.28541
LEU108,-0.16259,0.39497,0.65634,-0.00118,-0.25023,-0.8681,-0.48325,0.06842,0.9448,1.09637,1.31147,1.54821,1.64333,2.66237,2.8339,1.67028,1.24742,0.80958,0.43599,-0.14512,-0.49196,-0.63861,-0.85146,-0.63348,-0.29182,0.09989,0.10056,0.4143,0.36752,0.48613,0.72733,0.02751,0.36814,1.45717,1.70307,1.51249,-0.36941,-0.98736,-1.34723,-1.43973,-1.50963,-1.60127,-1.81512,-1.82883,-1.48855,-1.33571,-0.9391,-0.35027,0.99558,0.52424,1.20238,1.97499,2.0154,1.50495,1.75707,1.84494,1.27161,1.1947,1.16912,0.92789,0.65738,0.64933,0.48923,0.15848,-0.26198,-0.36282,-0.32746,-0.40461,-0.16667,-0.40471,-0.32217,-0.4615,-0.46344,-0.18791,1.09175,0.59895,0.36297,0.14038,0.05367,0.16887,0.1482,0.25904,0.17104,0.20248,-0.00862,-0.00962,-0.08231,-0.34849,-0.25027,-0.43059,-0.53659,-0.41343,-0.26186,0.30406,0.24429,0.06071,0.42873,0.57783,0.11525,-0.5634,-0.63042,-1.01163,0.0,-0.06987,-0.51623,-0.57582,-0.35333,-0.33571,-0.06303,0.12655,-0.07537,-0.08152,0.31833,0.21756,0.11461,-0.30146,-0.30534,-0.2249,-0.53588,0.00311,0.20462,-0.12114,0.1392,0.85606,0.35512,0.35537,1.0565,0.69581,0.35985,0.74668,1.23286,1.89608,2.47289,2.45159,1.96838,1.41728
ALA109,-0.22196,-0.24153,-0.03301,-0.34109,-0.57931,-0.89782,-0.67277,-0.1399,0.61022,0.88265,1.12505,1.52217,1.52995,2.43755,2.63666,1.56715,0.76228,0.37808,-0.01568,-0.5782,-0.97514,-1.16161,-1.33517,-1.1276,-0.93637,-0.5314,-0.43054,-0.05266,0.02143,0.35299,0.68281,0.38483,1.11235,1.85317,2.36288,1.69969,0.18458,-0.25704,-0.66846,-0.73219,-0.82493,-0.88494,-1.14589,-1.30314,-1.12118,-1.00557,-0.71411,-0.60187,0.51328,0.50848,0.91268,1.34505,1.33755,1.11966,1.32426,1.37924,0.87321,0.82961,0.91424,0.74336,0.43536,0.53124,0.48469,0.19857,-0.24283,-0.29536,-0.29025,-0.36473,-0.20542,-0.31913,-0.22863,-0.33085,-0.29158,-0.14837,0.9055,0.32921,0.09379,-0.10921,-0.23071,-0.21159,-0.27007,-0.11878,-0.12481,-0.01678,-0.08445,0.06308,-0.03062,-0.1628,-0.09057,-0.1973,-0.26939,-0.06148,0.10614,0.57416,0.55069,0.52836,0.82956,0.97394,0.90078,-0.12075,-0.58944,-0.26267,-0.06987,0.0,-0.45295,-0.1973,-0.49106,-0.96974,-0.80852,-0.58209,-0.78078,-0.74239,-0.31159,-0.42021,-0.39257,-0.49106,-0.14187,0.24958,-0.0773,0.62239,0.91813,0.58485,0.58902,1.26119,0.86107,0.63243,1.08885,0.78532,0.27629,0.31962,0.79596,1.25015,1.64914,2.00895,1.7341,1.12422
LYS110,-0.41651,-1.97839,-1.73443,-1.10807,-1.44661,-1.22181,-0.99651,-0.32149,0.47769,0.54965,0.88263,1.17835,1.19712,2.1631,2.31514,1.29329,0.42396,-0.01195,-0.3709,-0.94763,-1.2458,-1.73832,-1.90359,-1.54752,-1.43549,-1.08453,-0.96536,-0.4417,-0.38345,0.13171,0.41445,0.30427,1.50315,2.10646,2.38496,1.49772,0.35347,0.19931,-0.42345,-0.24403,-0.31986,-0.30942,-0.62466,-0.83085,-0.80627,-0.7832,-0.55394,-0.73702,-0.0054,0.3111,0.48855,0.88647,0.70907,0.66969,0.89623,0.92912,0.49795,0.51703,0.67637,0.51741,0.18183,0.4325,0.48596,0.14837,-0.37037,-0.45917,-0.41915,-0.58431,-0.62219,-0.56632,-0.24418,-0.44762,-0.44078,-0.17741,0.9499,0.27549,0.0558,-0.14743,-0.2406,-0.41584,-0.51124,-0.39863,-0.41805,-0.29181,-0.30957,-0.19139,-0.3135,-0.34989,-0.23787,-0.2512,-0.27548,-0.0498,0.00352,0.42319,0.47702,0.58849,0.84967,0.81587,0.77991,0.01397,-0.71905,-0.34995,-0.51623,-0.45295,0.0,-0.06902,-0.73002,-1.4406,-1.29128,-1.03188,-1.15222,-1.027,-0.53325,-0.59739,-0.49289,-0.31779,0.35611,0.71332,0.19109,1.14775,1.67099,1.20262,0.97501,1.79126,1.55887,1.07709,1.19567,1.16878,0.60637,0.32149,0.6607,0.80448,1.02436,1.54769,1.56442,0.81233
VAL111,-1.14485,-1.99627,-0.7475,-0.47673,-1.37431,-1.06248,-0.79471,-0.22743,0.41366,0.4583,0.82545,1.19868,1.12029,2.04128,1.93452,1.22944,0.53143,0.20014,-0.22767,-0.80812,-1.22161,-1.53328,-1.70701,-1.42094,-1.35464,-1.11825,-0.98165,-0.41548,-0.29277,0.15604,0.61372,0.91291,2.41068,2.32494,1.99178,1.15951,0.12869,0.07576,-0.4426,-0.27796,-0.25571,-0.18255,-0.46181,-0.66972,-0.75206,-0.72094,-0.63332,-0.83527,-0.31869,0.06863,0.18851,0.51491,0.37787,0.38545,0.57632,0.57419,0.19648,0.23722,0.39467,0.26679,-0.08659,0.24826,0.42797,0.11953,-0.24868,-0.33617,-0.27692,-0.42883,-0.47906,-0.53422,-0.20031,-0.33533,-0.38535,-0.16123,0.67555,-0.03859,-0.15421,-0.28503,-0.36829,-0.52577,-0.64131,-0.48589,-0.49364,-0.3191,-0.25439,-0.15856,-0.24424,-0.2658,-0.17212,-0.16461,-0.20018,0.0352,0.09502,0.40399,0.60401,0.70985,0.72919,0.73529,0.88832,0.14387,-0.74313,-0.34161,-0.57582,-0.1973,-0.06902,0.0,-1.00737,-1.78467,-1.73762,-1.48101,-1.49487,-1.21319,-0.64392,-0.68281,-0.5526,-0.19674,0.75616,1.02622,0.57136,1.7041,2.08311,1.45922,1.18397,1.93145,1.65748,1.00309,0.96837,1.14218,0.54684,0.00491,0.24765,0.19896,0.36639,1.05589,1.10933,0.35195
ALA112,-0.74882,-1.1397,0.09267,0.41293,-0.43906,-0.53079,-0.49379,-0.01908,0.42852,0.5628,1.02803,1.26138,1.24412,1.57011,1.88602,1.2933,0.71606,0.64875,0.18287,-0.43218,-0.91221,-1.29054,-1.30304,-1.10269,-0.94769,-0.75389,-0.59546,-0.25313,-0.13126,0.2692,1.03599,0.94893,2.20374,2.18055,1.67813,0.91117,-0.6204,-0.88973,-1.22333,-1.31785,-1.26285,-1.08093,-1.11349,-1.12083,-0.98353,-0.91476,-0.8678,-0.64075,-0.10012,-0.23924,0.26722,0.66233,0.34223,0.22959,0.52754,0.53895,0.19129,0.28534,0.4345,0.31484,0.00708,0.32265,0.4318,0.20519,-0.08042,-0.15626,-0.08602,-0.20654,-0.24145,-0.29495,-0.13801,-0.27213,-0.49286,-0.21213,0.7675,0.28765,0.16856,-0.23639,-0.31663,-0.39524,-0.47864,-0.40806,-0.35402,-0.16772,-0.18767,-0.06625,-0.16834,-0.15562,0.01554,0.0105,-0.09435,0.07711,0.03783,0.37003,0.55494,0.373,0.34265,0.25637,0.25436,-0.2959,-0.72897,-0.41202,-0.35333,-0.49106,-0.73002,-1.00737,0.0,-0.96879,-0.89413,-0.61572,-0.66442,-0.48339,0.19645,0.22108,0.0756,-0.00081,0.63943,0.3542,-0.13045,0.74773,1.02813,0.46873,0.44228,1.07309,0.77119,0.27994,0.28809,0.45021,0.1256,-0.19449,0.07267,0.07765,0.35843,0.76175,0.7431,0.26924
TYR113,0.17592,-0.35214,0.55053,0.86635,0.21577,-0.01809,0.39005,1.06143,1.42401,1.58565,2.00411,2.19415,1.98813,1.70756,2.34567,1.72139,1.68296,1.6668,1.45113,0.82569,0.35585,-0.30607,-0.61758,-0.16013,0.01269,0.25586,0.36676,0.60152,0.39828,0.58981,0.92563,-0.02389,0.20907,0.89268,1.17739,0.48791,-1.33314,-1.74986,-2.07556,-2.52371,-2.57368,-2.35054,-2.05778,-1.89647,-1.49374,-1.43692,-1.39883,-0.77869,-0.12318,-0.48772,0.60608,1.0144,0.48529,0.44565,0.96735,0.82109,0.58159,0.85424,0.80954,0.47818,0.33106,0.67294,0.50089,0.13478,-0.09322,-0.19961,-0.07016,-0.27015,-0.35472,-0.50259,-0.25486,-0.60211,-0.93603,-0.46337,1.2991,0.86558,0.76814,0.48407,0.4905,0.51208,0.37793,0.31687,0.09024,0.14011,-0.13207,-0.51027,-0.49937,-0.46711,-0.08711,-0.14219,-0.38579,-0.3298,-0.54313,-0.08489,-0.07992,-0.44634,-0.3649,-0.28478,-0.62194,-0.92882,-0.99166,-0.75825,-0.33571,-0.96974,-1.4406,-1.78467,-0.96879,0.0,-0.0859,0.67088,0.48003,0.44602,1.1138,1.4048,0.89894,-0.01226,0.71909,-0.25484,-1.0167,-0.32408,0.0667,-0.52504,-0.21068,0.18733,-0.03942,-0.36575,-0.40764,-0.3582,-0.45965,-0.54452,-0.32189,-0.26393,0.10584,0.13378,0.02339,-0.16985
VAL114,-0.40575,-0.48441,-0.03015,-0.24353,-0.58649,-1.09621,-1.25195,-0.15102,0.58595,0.54002,0.6276,0.98425,0.96217,1.95153,2.87734,1.21266,0.77077,0.59145,0.34074,-0.2093,-0.53658,-1.15895,-1.55962,-1.10549,-0.87544,-0.68419,-0.76307,-0.61297,-0.87138,-0.68353,-0.32474,-1.20024,-0.4689,0.65776,0.97055,0.53496,-1.59409,-1.74891,-1.89992,-2.21218,-2.09423,-2.0602,-1.76623,-1.41889,-0.85794,-0.75086,-0.64395,-0.10541,0.06341,-0.71347,0.38001,1.11292,0.44368,0.23352,0.82266,0.74915,0.42666,0.64574,0.79541,0.48588,0.23926,0.64254,0.5667,0.05096,-0.2674,-0.48881,-0.50838,-0.81931,-1.06012,-1.07173,-0.89091,-1.01699,-1.2003,-0.78725,0.75719,0.43164,0.428,0.04566,0.213,0.24526,0.01601,-0.13806,-0.4298,-0.55215,-0.89543,-1.23874,-1.04913,-0.84689,-0.33916,-0.25933,-0.47497,-0.38259,-0.65905,-0.13932,-0.25643,-0.37073,-0.15788,-0.32488,-0.63001,-0.77287,-0.69214,-0.39115,-0.06303,-0.80852,-1.29128,-1.73762,-0.89413,-0.0859,0.0,1.01778,0.97701,0.80604,1.45214,1.71609,1.44985,0.45294,0.72065,-0.44269,-1.0983,-0.53238,-0.2041,-0.74256,-0.45782,0.13233,-0.10547,-0.31146,-0.20849,-0.21394,-0.28836,-0.25089,-0.00836,0.06405,0.39867,0.28071,0.1557,-0.16497
TYR115,-0.76728,-0.74851,0.01039,-0.41797,-0.76207,-1.00976,-1.05431,-0.30679,0.59645,0.72029,0.71299,0.9108,0.92167,2.06688,2.76184,1.03324,0.66643,0.59367,0.31417,-0.26483,-0.57653,-1.14058,-1.44088,-1.09467,-0.89307,-0.69222,-0.85649,-0.74563,-1.0576,-0.9207,-0.66652,-1.95396,-1.22957,0.29048,0.98907,0.5112,-1.79022,-1.84251,-2.04109,-2.16345,-2.09691,-2.03731,-1.81674,-1.51574,-0.84618,-0.69254,-0.55002,-0.06168,0.11801,-0.68755,0.51226,1.34649,0.55728,0.34914,1.11081,0.93669,0.54083,0.82853,1.01027,0.6172,0.39159,0.85245,0.69327,0.03422,-0.40662,-0.73699,-0.78087,-1.06265,-1.28309,-1.38101,-1.21384,-1.38827,-1.51416,-0.78346,1.03611,0.47234,0.4201,0.08477,0.35536,0.3842,0.16585,-0.10654,-0.47072,-0.69614,-1.15812,-1.47032,-1.2424,-1.0639,-0.44303,-0.37902,-0.70686,-0.56728,-0.87578,-0.32273,-0.41892,-0.54004,-0.20349,-0.38912,-0.81943,-0.81585,-0.69118,-0.17451,0.12655,-0.58209,-1.03188,-1.48101,-0.61572,0.67088,1.01778,0.0,1.24252,1.13839,1.48254,1.65607,1.4537,0.23675,0.33208,-0.76226,-1.42157,-0.81244,-0.3328,-0.91566,-0.62097,0.09627,-0.09296,-0.33325,-0.18992,-0.15587,-0.2244,-0.25179,0.02314,0.0815,0.44942,0.31433,0.14281,-0.10018
LYS116,-0.66793,-0.61879,0.37495,-0.21183,-0.61059,-0.97418,-0.86888,-0.26691,0.28869,0.41282,0.4983,0.37413,0.31202,1.22185,1.74471,0.28933,0.09137,0.1379,-0.03363,-0.52025,-0.61111,-1.01834,-1.15549,-0.98468,-0.98024,-0.95269,-1.03629,-1.08869,-1.3573,-1.26932,-1.2089,-2.39125,-1.49624,-0.14728,0.28582,0.09503,-2.0,-1.73339,-1.81078,-1.86942,-1.63842,-1.65141,-1.30242,-1.05533,-0.56074,-0.34679,-0.23957,0.24983,0.03453,-0.86092,0.0193,0.87869,0.09685,-0.04724,0.6939,0.60082,0.18997,0.44411,0.6231,0.27889,0.04507,0.49175,0.4395,-0.17246,-0.51297,-0.85802,-0.91473,-1.1759,-1.38414,-1.39775,-1.22296,-1.30132,-1.38083,-0.63184,0.58631,0.15331,0.19643,-0.14146,0.2195,0.31219,0.08813,-0.26061,-0.56342,-0.88562,-1.35886,-1.61121,-1.36158,-1.19042,-0.62837,-0.43724,-0.80699,-0.72473,-1.01827,-0.59187,-0.6336,-0.65984,-0.43273,-0.65253,-1.05391,-0.96105,-0.76317,-0.2941,-0.07537,-0.78078,-1.15222,-1.49487,-0.66442,0.48003,0.97701,1.24252,0.0,1.51361,1.57809,1.60086,1.45091,0.49837,0.26939,-1.04045,-1.46308,-1.04794,-0.66753,-1.13776,-0.8549,-0.14754,-0.28922,-0.4627,-0.31468,-0.21563,-0.21152,-0.24105,-0.05065,-0.04979,0.27932,0.11451,-0.03906,-0.1917
PRO117,-0.64993,-0.6614,0.58931,-0.00225,-0.60289,-0.95052,-1.07428,-0.35431,0.13462,0.25661,0.39765,0.27468,0.16733,0.71847,1.19413,0.08613,-0.05581,0.08302,-0.12327,-0.55928,-0.61329,-0.80302,-0.93312,-0.88151,-0.89312,-0.95339,-1.06435,-1.10135,-1.39515,-1.3292,-1.28608,-2.3336,-1.4849,-0.28083,-0.15513,-0.18595,-2.13589,-1.77666,-1.65344,-1.70461,-1.45199,-1.35757,-1.05444,-0.80943,-0.43001,-0.28186,-0.1399,0.36795,0.02386,-0.84486,-0.15995,0.59777,-0.12525,-0.24849,0.48936,0.41358,0.05984,0.24178,0.40291,0.0755,-0.15156,0.23942,0.23721,-0.37562,-0.60296,-0.98183,-1.05261,-1.27142,-1.49616,-1.47969,-1.18425,-1.21644,-1.30614,-0.55069,0.46571,0.05345,0.14584,-0.05223,0.36211,0.3875,0.08401,-0.24552,-0.54066,-0.84309,-1.32384,-1.60337,-1.37327,-1.2114,-0.75015,-0.54068,-0.89689,-0.83761,-1.13772,-0.73874,-0.7179,-0.69254,-0.5017,-0.71662,-1.04207,-0.9577,-0.7233,-0.25216,-0.08152,-0.74239,-1.027,-1.21319,-0.48339,0.44602,0.80604,1.13839,1.51361,0.0,1.35455,1.3119,1.21653,0.32284,0.05215,-1.32432,-1.56161,-1.14152,-0.78915,-1.20523,-0.8941,-0.20994,-0.30469,-0.47912,-0.32433,-0.1606,-0.13487,-0.15176,0.00186,-0.07494,0.21029,0.07886,-0.05179,-0.16048
ASN118,-0.71381,-0.95249,0.005,-0.53302,-1.31752,-1.64775,-1.63058,-0.92146,-0.22582,0.01089,0.18966,0.24509,0.25813,0.86145,1.33639,0.41178,0.06738,0.10401,-0.14811,-0.66929,-0.78127,-1.06958,-1.14493,-1.03635,-0.92936,-0.94123,-1.1104,-1.18842,-1.39912,-1.29317,-1.0565,-2.17418,-1.26715,0.12627,0.38173,0.21103,-2.46775,-2.27924,-2.13455,-1.97428,-1.68855,-1.57657,-1.15532,-0.93526,-0.39201,-0.34025,-0.19764,0.44308,0.1193,-0.85698,-0.07299,0.72856,-0.01621,-0.23612,0.60349,0.59688,0.18753,0.32717,0.43721,0.09635,-0.18523,0.18722,0.16181,-0.53083,-0.83176,-1.17644,-1.30647,-1.62726,-1.78778,-1.74796,-1.30161,-1.32698,-1.47928,-0.63861,0.65544,0.31617,0.46885,0.18997,0.63332,0.54416,0.17266,-0.10808,-0.43243,-0.67482,-1.18632,-1.51575,-1.3819,-1.23656,-0.79744,-0.65815,-0.98739,-0.88675,-1.21378,-0.73127,-0.65903,-0.58789,-0.38244,-0.68087,-0.96477,-0.84708,-0.66276,-0.00563,0.31833,-0.31159,-0.53325,-0.64392,0.19645,1.1138,1.45214,1.48254,1.57809,1.35455,0.0,1.04229,1.26685,0.10533,-0.10398,-1.60996,-1.88908,-1.20358,-0.77299,-1.27263,-0.94308,-0.03049,-0.21099,-0.46136,-0.26628,-0.06605,-0.07965,-0.09683,0.10009,0.05202,0.32969,0.27319,0.13443,-0.15243
ASN119,0.12697,-0.47198,-0.02061,-0.28062,-1.0833,-1.30321,-1.12298,-0.46185,-0.1296,0.3511,0.50856,0.04496,0.11703,0.57987,0.72472,0.383,0.09965,0.19857,0.16445,-0.19638,-0.12374,-0.55944,-0.66162,-0.38562,-0.3699,-0.47516,-0.59431,-0.79369,-1.1981,-1.07722,-1.03451,-2.12335,-1.46316,-0.10348,0.63214,0.42188,-2.75409,-2.97218,-2.66206,-2.52307,-1.92785,-1.82494,-1.26058,-0.84776,-0.24232,-0.28749,-0.22335,0.62707,0.07019,-1.19237,-0.34187,0.43381,-0.26407,-0.55964,0.27839,0.31354,0.08277,0.26023,0.25788,-0.07401,-0.20739,0.09355,0.04493,-0.57129,-0.84698,-1.10499,-1.10503,-1.4185,-1.64395,-1.45679,-1.08428,-1.1095,-1.36463,-0.50512,0.57983,0.67819,0.98351,0.4553,0.82091,0.78833,0.64211,0.24336,-0.07142,-0.30829,-0.82687,-1.28156,-1.21826,-1.14995,-0.75003,-0.65585,-0.93862,-0.95465,-1.34152,-0.90959,-0.8433,-0.73383,-0.69978,-1.09821,-1.31329,-1.11128,-0.88451,-0.28044,0.21756,-0.42021,-0.59739,-0.68281,0.22108,1.4048,1.71609,1.65607,1.60086,1.3119,1.04229,0.0,1.35772,0.12333,-0.08877,-1.90796,-2.26019,-1.62422,-1.20341,-1.71514,-1.2718,-0.35443,-0.54098,-0.79736,-0.57741,-0.35532,-0.31051,-0.29374,-0.0966,-0.13174,0.17443,0.0285,-0.19303,-0.45449
THR120,0.47761,-0.24543,0.23193,-0.13798,-1.16077,-1.47498,-1.7632,-1.20221,-1.21314,-0.94286,-0.65726,-1.07572,-1.11591,0.4557,0.36466,-0.14536,-0.78865,-0.81809,-0.87657,-1.07879,-0.85903,-0.99686,-0.98676,-0.91537,-0.94562,-1.18753,-1.23615,-1.48791,-1.95071,-1.90594,-1.76531,-2.56605,-1.358,-0.06052,0.66126,0.65082,-2.68599,-2.6263,-2.40286,-2.09286,-1.33802,-1.15135,-0.53012,-0.04215,0.61625,0.43868,0.46326,1.17329,0.04298,-1.4411,-0.77934,0.10904,-0.53794,-0.88438,-0.21811,-0.07437,-0.30409,-0.17628,-0.06938,-0.30675,-0.55085,-0.25861,-0.16523,-0.74653,-0.9402,-1.20499,-1.26042,-1.53738,-1.95511,-1.6743,-1.22168,-1.11765,-1.43343,-0.53052,0.02549,0.27195,0.65692,0.03199,0.52172,0.49621,0.31647,-0.14049,-0.43467,-0.71933,-1.11776,-1.37804,-1.31624,-1.20356,-0.90061,-0.72844,-0.87984,-0.89916,-1.32242,-1.05274,-1.00291,-0.70585,-0.61487,-1.24352,-1.31232,-1.0654,-0.83803,-0.17388,0.11461,-0.39257,-0.49289,-0.5526,0.0756,0.89894,1.44985,1.4537,1.45091,1.21653,1.26685,1.35772,0.0,-0.24493,-0.61699,-2.49058,-2.47379,-1.95286,-1.42696,-1.82007,-1.46894,-0.3453,-0.49185,-0.75499,-0.46106,-0.14543,-0.15175,-0.1297,0.11647,0.04843,0.29424,0.2385,0.05264,-0.24883
HIS121,0.40813,-0.81119,-1.17172,-0.59523,-1.33279,-1.32448,-2.28239,-2.43952,-2.9425,-2.95291,-2.96201,-3.22743,-3.26492,-2.42753,-2.75549,-1.801,-2.53888,-2.45756,-2.74373,-2.70942,-2.0233,-1.95762,-1.48191,-1.58906,-1.86171,-2.30999,-2.43925,-2.82153,-2.79767,-2.87465,-2.57368,-1.6915,0.3279,0.38333,0.16241,0.25952,-1.68776,-1.14254,-0.57392,0.00874,0.64917,0.61533,1.18662,1.57945,1.85175,1.65977,1.58433,1.76061,-0.31222,-1.79999,-1.8481,-0.97385,-1.40563,-1.81311,-1.56421,-1.29434,-1.44163,-1.52783,-1.1419,-0.90434,-1.1736,-1.10054,-0.70081,-0.88079,-0.99148,-1.10951,-1.31843,-1.25168,-1.47215,-0.76444,-0.40511,0.16066,-0.36264,0.02619,-1.17669,-0.30037,0.11266,-0.73564,-0.43792,-0.56293,-0.51633,-0.90139,-0.72209,-0.97726,-0.9289,-0.75118,-0.99354,-0.83031,-0.87435,-0.5314,-0.29696,-0.35724,-0.56968,-0.86566,-0.7331,-0.13291,-0.49235,-1.36199,-0.9646,-0.79564,-0.66144,-0.22876,-0.30146,-0.49106,-0.31779,-0.19674,-0.00081,-0.01226,0.45294,0.23675,0.49837,0.32284,0.10533,0.12333,-0.24493,0.0,-1.22884,-2.44666,-1.45569,-1.48995,-1.43344,-1.52711,-1.3403,-0.23423,-0.33411,-0.52217,-0.22019,0.11381,0.0502,-0.02643,0.21276,0.07543,0.16251,0.25178,0.16144,-0.18191
GLU122,0.09061,-1.66778,-2.02735,-1.0328,-2.08837,-1.79595,-2.13389,-1.66514,-1.33789,-0.8558,-0.52611,-0.80882,-0.65908,-0.51377,-0.58107,-0.13589,-1.03319,-0.7382,-0.79073,-1.06808,-1.04069,-1.68898,-1.80992,-1.10442,-1.30403,-1.38361,-1.2865,-1.34237,-1.55333,-1.30494,-1.30523,-0.68665,0.94767,0.61071,0.10385,0.01386,-0.92367,-0.43306,-0.31034,-0.07619,0.35766,0.53593,0.66718,0.57298,0.41021,0.36276,0.19118,0.0577,-1.03638,-1.19215,-1.24031,-0.61574,-1.012,-0.97229,-0.68579,-0.63954,-0.80564,-0.70546,-0.47004,-0.49546,-0.72639,-0.48393,-0.24518,-0.48903,-0.88469,-1.04771,-1.16437,-1.44627,-1.7298,-1.0874,-0.37279,-0.28452,-0.67229,-0.42978,-0.42347,0.03858,0.27493,-0.07944,0.07391,-0.06281,-0.08961,-0.21853,-0.28288,-0.25564,-0.24541,-0.5226,-0.78156,-0.68043,-0.65725,-0.51095,-0.41763,-0.43925,-0.65472,-0.73351,-0.53521,-0.11717,-0.59035,-0.75825,-0.37448,-0.48311,-0.7687,-0.35264,-0.30534,-0.14187,0.35611,0.75616,0.63943,0.71909,0.72065,0.33208,0.26939,0.05215,-0.10398,-0.08877,-0.61699,-1.22884,0.0,-1.71159,-1.40566,-0.68502,-0.23661,-0.55368,-0.50214,0.11599,0.12403,-0.19252,-0.30289,-0.00161,-0.13874,-0.46652,-0.33408,-0.5138,-0.45844,-0.24137,-0.25861,-0.64944
GLN123,-0.3265,-1.37896,-2.52333,-2.22597,-2.65787,-2.23999,-1.80199,-1.06946,-0.22369,0.48635,0.83948,0.97455,1.3766,1.47256,1.38387,1.79585,0.66645,0.40833,0.22784,-0.14779,-0.35571,-1.251,-1.44084,-0.50236,-0.21112,-0.20481,-0.41031,-0.2659,-0.52163,-0.18321,-0.17909,0.23688,0.9852,0.03352,-0.68057,-0.6302,0.4601,1.35264,1.28301,1.48586,1.41082,1.34986,0.9274,0.60759,0.28929,0.29364,0.01453,-0.86094,-1.25405,-0.15535,-0.33431,-0.50806,-0.50717,-0.20766,-0.29989,-0.35827,-0.45103,-0.39084,-0.23212,-0.26202,-0.55156,-0.32552,-0.15416,-0.28559,-0.75692,-0.89078,-1.19787,-1.41846,-1.43256,-0.87054,-0.51869,-0.42644,-0.23895,-0.25718,-0.17922,0.05018,0.23469,0.06111,-0.09761,-0.17864,-0.05384,0.0297,-0.05583,0.16404,0.15786,0.09183,-0.07392,-0.11171,-0.20213,-0.09251,0.01957,0.09421,0.15298,0.14255,0.29611,0.68449,0.43534,0.42795,0.74429,0.55265,-0.06171,0.01535,-0.2249,0.24958,0.71332,1.02622,0.3542,-0.25484,-0.44269,-0.76226,-1.04045,-1.32432,-1.60996,-1.90796,-2.49058,-2.44666,-1.71159,0.0,-0.67885,0.15408,0.50717,0.55327,0.42493,0.49383,0.56463,0.44769,0.14245,0.17455,0.02372,-0.33275,-0.45909,-0.58904,-0.70138,-0.36944,-0.26145,-0.53775
HIS124,-0.13998,-0.93319,-1.44938,-0.76232,-0.79139,-0.90714,-1.0572,-1.30756,-1.45056,-1.14217,-0.76462,-0.71079,-0.43537,-0.11095,-0.55882,0.02891,-0.9398,-0.91043,-0.85145,-0.82315,-0.65332,-0.73061,-0.54314,-0.35869,-0.22601,-0.69649,-0.72315,-0.86129,-0.79015,-0.77987,-0.76358,0.71621,1.5981,-0.41743,-1.47391,-0.93918,1.14436,2.0757,2.24076,2.61989,2.55643,2.51809,2.31724,1.95125,1.21229,1.14547,0.87526,-0.0448,-0.96217,-0.15725,-1.04564,-1.39306,-1.1166,-0.839,-1.13802,-1.06016,-1.05571,-1.15336,-1.02462,-0.77704,-0.96698,-0.87567,-0.49053,-0.22456,-0.23565,-0.32616,-0.70327,-0.75133,-0.75893,-0.40701,-0.32944,0.15648,0.52646,0.38966,-1.00819,-0.57003,-0.16338,-0.47079,-0.60349,-0.66171,-0.38628,-0.34921,-0.21519,-0.09925,0.08241,0.19467,0.12642,0.2862,0.13382,0.41069,0.60485,0.55058,0.53331,0.13594,0.1953,0.70689,0.3546,0.2095,0.7249,0.50774,-0.0004,-0.15952,-0.53588,-0.0773,0.19109,0.57136,-0.13045,-1.0167,-1.0983,-1.42157,-1.46308,-1.56161,-1.88908,-2.26019,-2.47379,-1.45569,-1.40566,-0.67885,0.0,-0.55903,-0.91085,0.00073,-0.13761,-0.06397,0.07461,0.13319,-0.05139,0.12703,0.03977,-0.27733,-0.39943,-0.56468,-0.73025,-0.36734,-0.22937,-0.36069
LEU125,-0.91337,-1.55469,-1.25732,-1.092,-0.97528,-1.16799,-1.42863,-1.19703,-0.78421,-0.5065,-0.02497,0.16484,0.27838,1.10987,1.24504,1.13411,0.71378,0.43198,-0.01025,-0.50042,-0.56801,-0.75884,-0.74038,-0.42621,-0.16902,-0.33157,-0.42509,-0.27229,-0.30996,-0.03292,0.1096,1.13494,2.36674,0.93137,-0.13539,-0.49898,0.49402,1.31373,1.02332,1.40924,1.46394,1.52451,1.31341,1.01586,0.45531,0.53381,0.28327,-0.60608,-1.01509,-0.05922,-0.52237,-0.7017,-0.60679,-0.32398,-0.38098,-0.35731,-0.51359,-0.5344,-0.3675,-0.34393,-0.6792,-0.40968,-0.11256,-0.2085,-0.34751,-0.54427,-0.86994,-1.08357,-1.14961,-1.16093,-1.05324,-0.79654,-0.27344,-0.27334,-0.45131,-0.58858,-0.31321,-0.40187,-0.44003,-0.45285,-0.31779,-0.19654,-0.16746,0.00992,0.11271,0.16285,0.111,0.14895,0.13956,0.24502,0.24251,0.45074,0.51843,0.45817,0.60623,1.09577,0.93445,0.99973,1.62033,1.20485,0.2157,0.30755,0.00311,0.62239,1.14775,1.7041,0.74773,-0.32408,-0.53238,-0.81244,-1.04794,-1.14152,-1.20358,-1.62422,-1.95286,-1.48995,-0.68502,0.15408,-0.55903,0.0,-0.26112,0.54607,0.62439,0.78441,0.72842,0.58485,0.27297,0.38405,0.21024,-0.21533,-0.29525,-0.45665,-0.63641,-0.16447,0.01731,-0.38272
ARG126,-1.20613,-2.01348,-1.49315,-1.38073,-1.81453,-1.36583,-1.38264,-0.94104,-0.06646,0.11112,0.49546,0.71684,0.69428,2.02345,2.34128,1.3417,0.59619,0.58806,0.38635,-0.47646,-0.79791,-1.19106,-1.26161,-0.83509,-0.77104,-0.61854,-0.86003,-0.51437,-0.74007,-0.27533,-0.36035,-0.08968,1.51219,1.06116,0.4895,-0.0857,0.22998,1.45591,0.60821,1.32577,1.40848,1.583,1.15631,0.78133,0.21963,0.21686,0.09416,-0.98307,-1.13401,-0.01946,-0.1966,-0.16732,-0.32836,0.09489,0.16388,0.10224,-0.26716,-0.1802,0.08713,-0.07244,-0.56825,-0.09339,0.16954,-0.13799,-0.62384,-0.85297,-1.08169,-1.43889,-1.73944,-1.90359,-1.59175,-1.76349,-1.3504,-1.01872,-0.16446,-0.86324,-0.66827,-0.54201,-0.38183,-0.46094,-0.51412,-0.39276,-0.54905,-0.42113,-0.39313,-0.37898,-0.38596,-0.26541,-0.16315,-0.03762,-0.11322,0.12695,0.00202,0.14708,0.22757,0.81053,1.01773,1.24174,1.83824,1.51443,0.24841,0.75426,0.20462,0.91813,1.67099,2.08311,1.02813,0.0667,-0.2041,-0.3328,-0.66753,-0.78915,-0.77299,-1.20341,-1.42696,-1.43344,-0.23661,0.50717,-0.91085,-0.26112,0.0,0.58233,0.39928,1.16871,1.46053,1.08666,0.68436,0.91295,0.73182,0.17224,0.17945,-0.12462,-0.43783,0.19609,0.54801,-0.07876
LYS127,-1.22607,-1.63685,-1.03665,-1.04609,-1.37959,-1.20578,-0.76491,-0.37289,0.19672,0.35924,0.72234,0.85899,0.78911,1.90446,1.70053,0.79153,0.60786,0.60677,0.67805,0.01584,-0.49456,-0.85581,-0.75246,-0.36053,-0.24203,-0.12594,-0.37412,-0.15678,-0.3277,0.0135,-0.30279,0.15678,1.23139,0.26897,-0.69266,-0.94679,0.84496,2.1422,1.47885,2.17395,2.15147,2.19283,1.64688,1.13724,0.43903,0.38832,0.11861,-1.25353,-1.20663,0.15463,-0.21714,-0.45464,-0.39092,0.07445,-0.13101,-0.21002,-0.43502,-0.35836,-0.15106,-0.26174,-0.6166,-0.31617,-0.16324,-0.21771,-0.49113,-0.6771,-0.96872,-1.17523,-1.25042,-1.34364,-1.18485,-1.26556,-0.73672,-0.83685,-0.4713,-1.12091,-0.93673,-0.56788,-0.47539,-0.48976,-0.50499,-0.33456,-0.45199,-0.32409,-0.22251,-0.11712,-0.07018,0.05977,0.03347,0.14825,0.19269,0.37729,0.32727,0.30865,0.34854,0.97518,1.11227,1.42944,2.05098,2.02216,0.67508,0.67053,-0.12114,0.58485,1.20262,1.45922,0.46873,-0.52504,-0.74256,-0.91566,-1.13776,-1.20523,-1.27263,-1.71514,-1.82007,-1.52711,-0.55368,0.55327,0.00073,0.54607,0.58233,0.0,0.18309,0.38358,1.06392,1.07566,0.61845,0.70916,0.73927,0.3184,0.10482,-0.14052,-0.63959,-0.12528,0.38213,-0.04483
SER128,-0.82458,-1.19534,-0.72145,-0.72458,-0.85622,-0.94447,-0.51424,0.02472,0.70254,0.98243,1.24487,1.42436,1.4545,1.97701,1.97586,1.27621,1.41907,1.52183,1.52033,1.16611,0.78873,0.03411,-0.09009,0.33145,0.5683,0.86027,0.73985,1.00727,0.86074,1.03751,0.67208,0.7144,1.10442,0.43191,-0.52276,-0.87927,0.32389,1.17362,0.55079,0.96587,0.85044,0.90292,0.39226,-0.00447,-0.47461,-0.44245,-0.66874,-1.65475,-1.0955,0.12677,0.1049,-0.18444,-0.11227,0.24729,0.0721,-0.03329,-0.22767,-0.12985,-0.10002,-0.24153,-0.42334,-0.25074,-0.3547,-0.40284,-0.53595,-0.63937,-0.89804,-1.01528,-0.87048,-0.94434,-0.84299,-0.94986,-0.52146,-0.68283,-0.02424,-0.56651,-0.49979,-0.10787,-0.09143,0.00341,-0.03081,0.1605,0.04533,0.16982,0.16602,0.11393,0.20886,0.18747,0.18176,0.11555,0.11585,0.29343,0.41463,0.55458,0.62978,1.11441,1.15559,1.6076,2.21684,2.41039,1.24809,0.79551,0.1392,0.58902,0.97501,1.18397,0.44228,-0.21068,-0.45782,-0.62097,-0.8549,-0.8941,-0.94308,-1.2718,-1.46894,-1.3403,-0.50214,0.42493,-0.13761,0.62439,0.39928,0.18309,0.0,-0.92934,0.10501,0.75357,0.40401,0.14662,0.38261,0.2475,-0.09461,-0.05693,-0.51537,-0.30006,0.12017,-0.13744
GLU129,-1.67257,-2.34981,-1.11188,-0.95187,-1.12718,-1.35477,-1.52019,-0.85399,-0.10645,-0.09443,0.01113,0.01475,-0.07385,1.94404,2.21411,0.58711,-0.26285,-0.306,-0.17102,-0.51903,-0.6984,-1.56032,-1.4825,-0.81699,-0.62052,-0.53137,-0.78446,-0.63366,-0.8824,-0.54628,-0.55924,-0.56377,1.48074,1.69139,1.58233,0.7596,-0.35067,0.55357,-0.39777,0.44535,0.69746,0.78644,0.5866,0.36919,0.13441,0.21569,0.31922,-0.59798,-0.68016,-0.23494,-0.12252,0.23652,-0.02986,0.06905,0.23157,0.21458,-0.35545,-0.23418,0.08335,-0.13998,-0.60263,-0.28307,-0.17183,-0.50977,-0.89241,-1.09038,-1.35031,-1.61288,-1.76455,-1.81653,-1.52311,-1.60078,-1.42711,-1.17307,-0.30611,-0.96975,-0.8441,-1.00309,-0.75263,-0.73086,-0.74864,-0.65298,-0.68766,-0.72225,-0.7811,-0.67385,-0.57864,-0.41923,-0.23846,-0.1139,-0.19199,0.03145,-0.10316,0.13851,0.21914,0.91576,1.23653,1.25129,1.85243,1.7781,0.89931,1.69575,0.85606,1.26119,1.79126,1.93145,1.07309,0.18733,0.13233,0.09627,-0.14754,-0.20994,-0.03049,-0.35443,-0.3453,-0.23423,0.11599,0.49383,-0.06397,0.78441,1.16871,0.38358,-0.92934,0.0,0.54033,0.25228,0.52521,0.98487,0.73251,0.34881,0.59106,0.48288,0.30149,0.92568,1.36726,0.48853
ALA130,-2.1504,-2.37276,-0.837,-1.0103,-1.12348,-0.94299,-0.96156,-0.3654,0.33196,0.46908,0.68708,0.50597,0.35583,2.11995,2.12713,0.26653,-0.21538,-0.18775,0.06149,-0.172,-0.18439,-0.64466,-1.15692,-0.58539,-0.47812,-0.24184,-0.47955,-0.35805,-0.70649,-0.42652,-0.8575,-1.07222,1.05415,1.22163,0.76628,0.18375,-0.23458,0.95953,-0.04854,1.05424,1.16284,1.27475,0.89915,0.56153,0.12055,0.07799,0.14653,-0.9554,-1.06496,-0.37808,-0.26309,0.01079,-0.20073,0.15394,0.23142,0.08791,-0.44486,-0.31574,0.00637,-0.2293,-0.64542,-0.24456,-0.21007,-0.51727,-0.87873,-1.11534,-1.31259,-1.59922,-1.77987,-1.92147,-1.56447,-1.60884,-1.37969,-1.22074,-0.39302,-1.23741,-1.10923,-1.00063,-0.73447,-0.74167,-0.8429,-0.73048,-0.84096,-0.90224,-0.92969,-0.81741,-0.67348,-0.49963,-0.3099,-0.1407,-0.20065,-0.06066,-0.28676,-0.05042,-0.02951,0.62407,1.0866,1.18496,1.59543,1.64824,0.76832,1.47957,0.35512,0.86107,1.55887,1.65748,0.77119,-0.03942,-0.10547,-0.09296,-0.28922,-0.30469,-0.21099,-0.54098,-0.49185,-0.33411,0.12403,0.56463,0.07461,0.72842,1.46053,1.06392,0.10501,0.54033,0.0,0.16895,0.28693,1.09561,1.17179,0.69874,0.78853,0.3902,-0.02514,0.64757,1.42192,0.6663
GLN131,-1.87074,-1.99408,-0.49395,-0.92695,-1.04858,-0.87817,-0.5493,-0.1086,0.56733,0.79697,1.05988,0.96369,0.87898,2.15214,2.0065,0.36505,0.26553,0.28281,0.53565,0.23889,0.23405,0.08507,0.03114,0.3547,0.42513,0.53067,0.07044,0.20415,0.0085,0.22459,-0.42611,-0.85985,0.60895,0.86432,-0.10878,-0.44177,-0.2405,1.01264,0.16641,1.23498,1.30677,1.18743,0.76291,0.37897,-0.04911,-0.20549,-0.26146,-1.33947,-1.07319,-0.33969,-0.05059,-0.02329,-0.08875,0.24992,0.17775,0.03941,-0.42858,-0.39305,-0.22035,-0.47676,-0.68072,-0.40498,-0.55866,-0.76363,-0.9531,-1.15078,-1.44704,-1.53914,-1.38995,-1.51288,-1.33588,-1.29035,-0.96015,-0.97242,-0.34943,-1.079,-0.99285,-0.68446,-0.51159,-0.45362,-0.62264,-0.43462,-0.5923,-0.69157,-0.72002,-0.59497,-0.5121,-0.49575,-0.36894,-0.22984,-0.18327,-0.08702,-0.09523,0.17246,0.25107,0.85056,1.34824,1.514,1.81757,2.31633,1.55856,1.49025,0.35537,0.63243,1.07709,1.00309,0.27994,-0.36575,-0.31146,-0.33325,-0.4627,-0.47912,-0.46136,-0.79736,-0.75499,-0.52217,-0.19252,0.44769,0.13319,0.58485,1.08666,1.07566,0.75357,0.25228,0.16895,0.0,0.15861,0.23711,1.06279,1.08463,0.71275,0.58437,-0.11031,0.09376,0.93411,0.59787
ALA132,-1.58255,-1.97378,-0.26739,-0.59144,-0.65425,-0.96291,-0.71874,-0.19894,0.28778,0.38974,0.6679,0.60312,0.65935,2.13381,1.83323,0.11503,-0.30783,-0.35949,0.00319,-0.31188,-0.22869,-0.14972,0.0233,0.28074,0.25493,0.30557,-0.206,-0.09457,-0.27754,-0.15229,-0.67327,-1.17912,0.63344,1.48991,0.82664,0.39522,-0.15665,0.8155,-0.03421,0.86803,0.99361,0.86714,0.45802,0.21646,-0.03402,-0.1796,-0.1215,-0.89418,-0.33059,-0.2336,0.15387,0.37401,0.20384,0.29376,0.25084,0.20192,-0.33027,-0.3466,-0.19707,-0.50099,-0.76427,-0.47621,-0.60001,-0.83627,-1.02781,-1.15167,-1.48092,-1.56314,-1.4173,-1.57433,-1.44838,-1.33723,-1.04047,-0.95923,-0.4051,-0.98819,-1.01953,-0.94627,-0.69447,-0.55306,-0.77738,-0.68308,-0.71218,-0.96357,-1.0072,-0.70958,-0.6418,-0.68313,-0.5213,-0.33664,-0.25631,-0.19684,-0.18818,0.1246,0.1992,0.76773,1.48998,1.62156,2.00491,2.45541,2.11034,2.26996,1.0565,1.08885,1.19567,0.96837,0.28809,-0.40764,-0.20849,-0.18992,-0.31468,-0.32433,-0.26628,-0.57741,-0.46106,-0.22019,-0.30289,0.14245,-0.05139,0.27297,0.68436,0.61845,0.40401,0.52521,0.28693,0.15861,0.0,-0.12808,0.63394,1.08372,1.15716,1.35471,0.81886,0.86763,1.62801,1.20748
LYS133,-1.78586,-2.1234,0.39065,0.29465,0.04767,-0.06921,-0.31938,0.13655,0.56131,0.54084,0.7389,0.45905,0.37579,1.60571,1.34186,-0.23264,-0.53368,-0.52404,-0.05021,-0.1272,0.02501,0.14719,0.3502,0.45819,0.34979,0.43347,-0.15276,-0.16776,-0.40792,-0.48818,-1.09422,-1.30014,0.97196,1.76849,1.28444,0.75959,-0.06338,0.63795,-0.28812,0.61918,0.75143,0.8476,0.58962,0.29038,-0.09953,-0.26522,-0.08194,-0.57397,-0.35034,-0.54757,-0.4158,0.03603,-0.17041,0.08237,0.12427,-0.00143,-0.48086,-0.34475,-0.23583,-0.57127,-0.84088,-0.44233,-0.39932,-0.67987,-0.80383,-0.83705,-1.03918,-1.30429,-1.49965,-1.81825,-1.51129,-1.41476,-1.17176,-0.86297,-0.49357,-0.98432,-0.99531,-1.05419,-0.76909,-0.73745,-0.94518,-0.92322,-0.93692,-1.24671,-1.31478,-1.0757,-0.88814,-0.77828,-0.54684,-0.30004,-0.26317,-0.26251,-0.53128,-0.36504,-0.38131,0.13893,0.78954,0.96923,1.29988,1.44838,1.265,2.00962,0.69581,0.78532,1.16878,1.14218,0.45021,-0.3582,-0.21394,-0.15587,-0.21563,-0.1606,-0.06605,-0.35532,-0.14543,0.11381,-0.00161,0.17455,0.12703,0.38405,0.91295,0.70916,0.14662,0.98487,1.09561,0.23711,-0.12808,0.0,0.54648,0.54012,1.21929,0.8202,0.56993,1.1668,2.01267,1.45832
LYS134,-1.87116,-1.55484,0.66947,0.17726,0.14083,0.20455,0.13289,0.5198,0.87681,0.94384,1.13407,0.82978,0.77805,1.73124,1.29951,-0.03319,-0.01309,0.00917,0.46206,0.40006,0.55351,0.58537,0.68528,0.9862,0.92907,1.32946,0.87632,0.58599,0.09098,-0.11194,-0.87358,-1.34697,0.33406,0.99801,0.62405,0.17403,-0.48503,0.35766,-0.34325,0.64978,0.76128,0.69967,0.52528,0.29797,-0.04968,-0.37441,-0.32641,-0.85938,-0.74558,-0.9674,-0.55859,-0.19459,-0.3161,0.08351,0.11315,-0.01503,-0.43802,-0.28652,-0.23538,-0.63461,-0.78814,-0.4827,-0.66862,-0.83199,-0.85339,-0.84972,-0.99208,-1.14528,-1.21652,-1.60009,-1.39383,-1.2947,-1.07614,-0.88674,-0.4486,-0.87,-0.77716,-0.68734,-0.47081,-0.36607,-0.65586,-0.60544,-0.75135,-1.13655,-1.22901,-1.07934,-0.92132,-0.88357,-0.66786,-0.4615,-0.39541,-0.41094,-0.5649,-0.31879,-0.3263,0.08724,0.70583,0.83166,1.04965,1.4803,1.33156,1.65381,0.35985,0.27629,0.60637,0.54684,0.1256,-0.45965,-0.28836,-0.2244,-0.21152,-0.13487,-0.07965,-0.31051,-0.15175,0.0502,-0.13874,0.02372,0.03977,0.21024,0.73182,0.73927,0.38261,0.73251,1.17179,1.06279,0.63394,0.54648,0.0,0.53688,0.84574,0.29449,-0.25143,0.1829,1.34343,1.06052
GLU135,-1.33392,-0.67534,1.00619,0.29282,0.33963,0.17509,0.35635,0.61095,1.03049,1.03017,1.12178,0.88776,1.04001,2.03006,1.36039,0.29176,0.28332,0.24478,0.72194,0.53257,0.70282,0.96117,0.97993,1.13236,1.36316,1.60202,1.36444,1.43004,0.69434,0.277,-0.65216,-1.30754,-0.20557,0.8213,0.38813,0.20235,-0.63206,0.09527,-0.5201,0.41972,0.54542,0.36886,0.15219,0.01549,-0.10685,-0.51905,-0.46031,-0.76991,-0.28461,-0.92777,-0.25597,0.05529,0.03085,0.25162,0.18247,0.10605,-0.28334,-0.22753,-0.22923,-0.58559,-0.66381,-0.54966,-0.93381,-1.15159,-1.03825,-0.96763,-1.03901,-1.02965,-0.87298,-1.22105,-1.20643,-1.10633,-0.90684,-0.83999,-0.34824,-0.67465,-0.58386,-0.44751,-0.24526,-0.09121,-0.38936,-0.34604,-0.46732,-0.98368,-1.16893,-0.93175,-0.88156,-1.00632,-0.8191,-0.70148,-0.56256,-0.59087,-0.52515,-0.15803,-0.11645,0.19325,0.92472,1.02319,1.10328,1.87887,2.0699,1.98642,0.74668,0.31962,0.32149,0.00491,-0.19449,-0.54452,-0.25089,-0.25179,-0.24105,-0.15176,-0.09683,-0.29374,-0.1297,-0.02643,-0.46652,-0.33275,-0.27733,-0.21533,0.17224,0.3184,0.2475,0.34881,0.69874,1.08463,1.08372,0.54012,0.53688,0.0,0.4389,0.68517,0.02913,-0.10812,1.11362,1.19411
LYS136,-1.65681,-1.46095,1.55439,0.92392,0.75572,0.37986,0.2478,0.64459,0.92507,0.91144,0.90636,0.612,0.6026,1.72001,1.38191,0.16533,0.12636,0.01784,0.4023,0.31565,0.35915,0.72758,0.96761,0.72866,0.63919,1.03756,0.76751,0.83404,0.41687,-0.18729,-1.00289,-1.36416,0.15718,1.36028,1.41455,1.17009,-0.35435,-0.05599,-0.88099,0.02863,0.25822,0.23678,0.12707,0.01257,-0.17171,-0.48299,-0.17779,-0.08971,0.33797,-0.86178,-0.50429,0.14544,0.03317,0.10582,0.20379,0.13692,-0.331,-0.18899,-0.17219,-0.49772,-0.51663,-0.37971,-0.64871,-0.98483,-0.98104,-0.84953,-0.90295,-0.93851,-0.93983,-1.35039,-1.32766,-1.26573,-1.10036,-0.84127,-0.39614,-0.70089,-0.63832,-0.67816,-0.45898,-0.35721,-0.65313,-0.65855,-0.6435,-1.21786,-1.51472,-1.29036,-1.13712,-1.17868,-0.87908,-0.61402,-0.54246,-0.60959,-0.70149,-0.40341,-0.3723,-0.06525,0.68834,0.78922,0.93307,1.36721,1.84792,2.40468,1.23286,0.79596,0.6607,0.24765,0.07267,-0.32189,-0.00836,0.02314,-0.05065,0.00186,0.10009,-0.0966,0.11647,0.21276,-0.33408,-0.45909,-0.39943,-0.29525,0.17945,0.10482,-0.09461,0.59106,0.78853,0.71275,1.15716,1.21929,0.84574,0.4389,0.0,0.52941,0.48563,0.59351,1.69227,1.5657
LEU137,-1.67823,-0.85664,1.25062,0.31495,0.39203,-0.01413,-0.21751,0.31721,0.76694,0.79769,0.88312,0.58964,0.743,1.7504,1.62398,0.41872,0.41704,0.27322,0.45282,0.28387,0.32394,0.55777,0.7834,0.69987,0.61495,0.92988,0.89271,0.90964,0.857,0.62281,-0.1793,-1.08131,0.13375,1.45712,1.66505,1.62081,-0.04931,-0.04964,-0.76233,-0.04708,0.03977,-0.08419,-0.21307,-0.27641,-0.32317,-0.60628,-0.29365,-0.0345,0.96505,-0.39243,0.17646,0.79682,0.63925,0.39553,0.55136,0.62462,0.00915,0.04043,0.00879,-0.30511,-0.36393,-0.35004,-0.7349,-1.06035,-1.18102,-1.08045,-1.04414,-0.97779,-0.82227,-1.06067,-1.06267,-1.07168,-0.99664,-0.73894,-0.21829,-0.44754,-0.46935,-0.55322,-0.38093,-0.23323,-0.46145,-0.44645,-0.38634,-0.89883,-1.21017,-1.05249,-1.03415,-1.16887,-0.96203,-0.75469,-0.61292,-0.57735,-0.44773,-0.04388,0.05365,0.36416,1.14568,1.28866,1.38048,1.92068,2.66984,2.95557,1.89608,1.25015,0.80448,0.19896,0.07765,-0.26393,0.06405,0.0815,-0.04979,-0.07494,0.05202,-0.13174,0.04843,0.07543,-0.5138,-0.58904,-0.56468,-0.45665,-0.12462,-0.14052,-0.05693,0.48288,0.3902,0.58437,1.35471,0.8202,0.29449,0.68517,0.52941,0.0,0.64675,0.43354,1.13851,1.04732
ASN138,-0.72204,-0.50908,1.30105,0.87372,0.68843,0.10634,0.10035,0.28485,0.69435,0.80436,0.73579,0.5461,0.69024,1.54741,1.5837,0.61104,0.4968,0.42786,0.61,0.38512,0.42522,0.70466,0.72593,0.59615,0.60745,0.7645,0.77013,0.98279,0.86507,0.74899,0.69446,-0.67861,0.58301,1.9298,2.32536,2.44972,0.24219,-0.4859,-1.17592,-0.8243,-0.71061,-0.78224,-0.75133,-0.7229,-0.55799,-0.69661,-0.22861,0.67509,1.87137,0.00767,0.56153,1.32358,1.0407,0.45865,0.70244,0.86145,0.23193,0.27011,0.2263,-0.07501,-0.15348,-0.20077,-0.39486,-0.73421,-0.90509,-0.91253,-0.93687,-0.82417,-0.70017,-0.90528,-0.8786,-0.87988,-0.91081,-0.65942,-0.04745,-0.16262,-0.28274,-0.54649,-0.39166,-0.25031,-0.373,-0.3596,-0.28417,-0.72364,-1.00318,-0.92055,-1.00083,-1.15269,-0.87345,-0.75277,-0.66482,-0.58008,-0.47368,-0.03238,0.07326,0.18642,0.90718,1.14448,1.14066,1.3202,2.35533,3.11813,2.47289,1.64914,1.02436,0.36639,0.35843,0.10584,0.39867,0.44942,0.27932,0.21029,0.32969,0.17443,0.29424,0.16251,-0.45844,-0.70138,-0.73025,-0.63641,-0.43783,-0.63959,-0.51537,0.30149,-0.02514,-0.11031,0.81886,0.56993,-0.25143,0.02913,0.48563,0.64675,0.0,0.44792,0.80418,0.65291
ILE139,-0.45807,-1.21574,0.84759,0.51623,0.43878,-0.13464,-0.26527,0.08976,0.29272,0.41639,0.49553,0.25482,0.27791,1.48322,1.44117,0.41431,-0.03108,-0.08029,0.19739,0.09452,0.01912,0.22216,0.23373,-0.08017,-0.16376,-0.08431,-0.16208,-0.07307,-0.0813,-0.05969,0.16737,-0.71287,1.59376,2.8361,2.857,2.61674,0.68888,0.21316,-0.55365,-0.11686,0.01358,-0.08824,-0.12329,-0.08012,0.0236,0.02764,0.45248,1.05749,1.88814,0.10608,0.23453,1.09969,0.7886,0.19225,0.47097,0.65436,0.042,0.10461,0.29394,0.04236,-0.17236,-0.09573,-0.07955,-0.35196,-0.68399,-0.7566,-0.85908,-0.90401,-0.90781,-1.13915,-1.08915,-1.03483,-1.04196,-0.82197,-0.33633,-0.52398,-0.59086,-0.95999,-0.74008,-0.66581,-0.72019,-0.75196,-0.66912,-1.1287,-1.33326,-1.19688,-1.15511,-1.17572,-0.88706,-0.68698,-0.62101,-0.47304,-0.52333,-0.17617,-0.08808,0.13251,0.8083,1.01348,1.18912,0.96588,1.72233,3.14268,2.45159,2.00895,1.54769,1.05589,0.76175,0.13378,0.28071,0.31433,0.11451,0.07886,0.27319,0.0285,0.2385,0.25178,-0.24137,-0.36944,-0.36734,-0.16447,0.19609,-0.12528,-0.30006,0.92568,0.64757,0.09376,0.86763,1.1668,0.1829,-0.10812,0.59351,0.43354,0.44792,0.0,0.70184,0.16091
TRP140,0.0,-0.92968,0.72075,0.27707,-0.05165,-0.40348,-0.65514,0.0417,0.57305,0.58222,0.82395,0.5366,0.43655,1.94606,1.48101,0.21816,-0.09727,-0.10636,0.1939,0.19673,0.18083,0.17786,0.19679,-0.05781,-0.34102,-0.17004,-0.34554,-0.29424,-0.40861,-0.48659,-0.51677,-1.15649,1.61086,3.04133,2.82605,1.89509,0.33997,0.45729,-0.45181,0.37091,0.7365,0.64694,0.53403,0.39708,0.26494,0.10188,0.41206,0.44515,1.12936,-0.25632,-0.1823,0.58975,0.27723,0.11762,0.33351,0.39606,-0.28271,-0.01173,0.19216,-0.17821,-0.30832,-0.04275,-0.12828,-0.4419,-0.67641,-0.80074,-0.97799,-1.1445,-1.22296,-1.46502,-1.29815,-1.20977,-1.14623,-0.93658,-0.44878,-0.81896,-0.81384,-1.03603,-0.72615,-0.65258,-0.79299,-0.77956,-0.74258,-1.26938,-1.5693,-1.53951,-1.49946,-1.47428,-1.22166,-0.9315,-0.85647,-0.76229,-0.86918,-0.48627,-0.41233,-0.08176,0.65694,0.88437,1.20844,1.18935,1.68904,3.03941,1.96838,1.7341,1.56442,1.10933,0.7431,0.02339,0.1557,0.14281,-0.03906,-0.05179,0.13443,-0.19303,0.05264,0.16144,-0.25861,-0.26145,-0.22937,0.01731,0.54801,0.38213,0.12017,1.36726,1.42192,0.93411,1.62801,2.01267,1.34343,1.11362,1.69227,1.13851,0.80418,0.70184,0.0,-0.21557
SER141,0.0,0.0,1.38775,1.21702,1.06264,0.74782,0.63524,0.77851,1.13579,1.23893,1.61485,1.3016,1.27414,1.76803,0.75953,0.04269,0.31781,0.41088,0.72403,0.74324,0.72921,0.90168,0.90387,0.70868,0.64047,0.62101,0.53078,0.59144,0.46153,0.10581,-0.21529,-0.43946,0.91474,2.23247,1.9565,1.40328,0.67223,0.5126,0.08049,0.54985,0.61859,0.61427,0.40944,0.23788,0.02152,-0.37854,-0.2789,-0.24977,0.9532,0.03777,0.08956,0.18184,0.22109,0.28688,0.13149,-0.01043,-0.36841,-0.06227,-0.12549,-0.438,-0.20313,-0.03898,-0.2622,-0.42461,-0.46699,-0.41162,-0.5875,-0.61112,-0.55362,-0.91311,-0.78093,-0.71293,-0.6661,-0.54055,-0.30975,-0.51702,-0.60377,-0.63889,-0.36442,-0.23242,-0.37028,-0.34916,-0.21003,-0.68547,-0.89269,-0.92743,-1.01029,-1.19148,-1.04063,-0.92197,-0.84195,-0.85566,-0.84415,-0.52427,-0.43906,-0.35461,0.31117,0.69646,0.86888,0.97508,1.70158,2.28541,1.41728,1.12422,0.81233,0.35195,0.26924,-0.16985,-0.16497,-0.10018,-0.1917,-0.16048,-0.15243,-0.45449,-0.24883,-0.18191,-0.64944,-0.53775,-0.36069,-0.38272,-0.07876,-0.04483,-0.13744,0.48853,0.6663,0.59787,1.20748,1.45832,1.06052,1.19411,1.5657,1.04732,0.65291,0.16091,-0.21557,0.0
