,LYS6,LEU7,HIS8,LYS9,GLU10,PRO11,ALA12,THR13,LEU14,ILE15,LYS16,ALA17,ILE18,ASP19,GLY20,ASP21,THR22,VAL23,LYS24,LEU25,MET26,TYR27,LYS28,GLY29,GLN30,PRO31,MET32,THR33,PHE34,ARG35,LEU36,LEU37,LEU38,VAL39,ASP40,THR41,PRO42,GLU43,THR44,LYS45,HIS46,PRO47,LYS48,LYS49,GLY50,VAL51,GLU52,LYS53,TYR54,GLY55,PRO56,GLU57,ALA58,SER59,ALA60,PHE61,THR62,LYS63,LYS64,MET65,VAL66,GLU67,ASN68,ALA69,LYS70,LYS71,ILE72,GLU73,VAL74,GLU75,PHE76,ASP77,LYS78,GLY79,GLN80,ARG81,THR82,ASP83,LYS84,TYR85,GLY86,ARG87,GLY88,LEU89,ALA90,TYR91,ILE92,TYR93,ALA94,ASP95,GLY96,LYS97,MET98,VAL99,ASN100,GLU101,ALA102,LEU103,VAL104,ARG105,GLN106,GLY107,LEU108,ALA109,LYS110,VAL111,ALA112,TYR113,VAL114,TYR115,LYS116,PRO117,ASN118,ASN119,THR120,HIS121,GLU122,GLN123,HIS124,LEU125,ARG126,LYS127,SER128,GLU129,ALA130,GLN131,ALA132,LYS133,LYS134,GLU135,LYS136,LEU137,ASN138,ILE139,TRP140,SER141
LYS6,1.0,0.66449,0.02422,0.00411,-0.01315,0.05297,0.04986,0.03443,-0.02607,-0.01998,-0.06009,-0.04345,-0.02392,-0.11224,-0.10604,-0.03542,-0.01912,-0.02191,-0.0089,0.01486,0.02955,0.02146,0.02319,0.03267,-0.00269,0.00526,0.02119,0.0327,0.02132,0.01947,-0.01777,-0.03118,-0.13385,-0.11333,-0.03757,0.03292,-0.00285,-0.03833,0.04545,-0.0003,-0.03801,-0.03704,-0.03671,-0.03434,0.01779,-0.02541,-0.05115,0.01744,0.01816,-0.04233,-0.01883,-0.03811,-0.03344,-0.06275,-0.09545,-0.1018,-0.03487,-0.05842,-0.12995,-0.10813,-0.05002,-0.10942,-0.13827,-0.14098,-0.11916,-0.05775,0.01669,0.04838,0.08076,0.23017,0.24874,0.21936,0.1449,0.05057,-0.01047,0.08951,0.09529,0.08457,0.06812,0.07987,0.11268,0.096,0.08187,0.10196,0.13274,0.09118,0.04541,-0.02558,-0.0967,-0.10571,-0.06133,-0.09241,-0.0638,-0.05695,-0.07584,-0.12721,-0.15163,-0.15021,-0.19544,-0.1986,-0.128,-0.18411,-0.11869,-0.13952,-0.15946,-0.20541,-0.16003,-0.05911,-0.10404,-0.12538,-0.11102,-0.11691,-0.13398,-0.05115,-0.02766,-0.0419,-0.07195,-0.11917,-0.1054,-0.21366,-0.23325,-0.20903,-0.17958,-0.27245,-0.25092,-0.19712,-0.20698,-0.21055,-0.18056,-0.12969,-0.14707,-0.13149,-0.0875,-0.12536,-0.1682,-0.07574
LEU7,0.66449,1.0,0.34789,0.16116,0.21087,0.20248,0.19011,0.12796,0.05434,0.04572,0.0052,0.02737,0.06643,-0.03317,-0.0691,0.03046,0.06586,0.07246,0.08071,0.11349,0.1309,0.19031,0.19678,0.14176,0.12315,0.13987,0.13368,0.12274,0.11861,0.08147,0.0803,0.03994,-0.18474,-0.15032,-0.08606,-0.00813,-0.04004,-0.12547,0.0166,-0.0627,-0.12953,-0.16415,-0.1467,-0.10747,-0.00733,-0.03041,-0.07932,0.02905,0.10769,-0.00488,0.05306,-0.02637,0.02302,-0.02665,-0.08912,-0.08744,-0.01752,-0.05037,-0.12156,-0.09463,-0.01949,-0.09944,-0.15803,-0.14535,-0.07163,0.00631,0.06454,0.20685,0.31251,0.41626,0.29623,0.26084,0.20132,0.05944,-0.05842,0.03465,0.02198,0.08112,0.05464,0.11714,0.11506,0.12506,0.12926,0.15579,0.19623,0.23345,0.19302,0.0782,-0.01788,-0.0398,-0.02293,-0.0705,0.01236,0.02017,0.02936,-0.08265,-0.09674,-0.07133,-0.10352,-0.09257,-0.00604,-0.15277,-0.06696,-0.124,-0.28801,-0.31251,-0.20496,-0.12258,-0.12222,-0.1338,-0.11253,-0.11044,-0.14529,-0.10934,-0.0904,-0.18388,-0.31253,-0.24044,-0.1889,-0.28289,-0.36033,-0.28617,-0.20583,-0.34571,-0.34688,-0.23822,-0.20457,-0.25445,-0.19083,-0.09454,-0.13812,-0.0893,-0.05383,-0.12737,-0.18173,-0.05466
HIS8,0.02422,0.34789,1.0,0.85876,0.74782,0.55928,0.38826,0.20156,0.12662,0.07619,0.08603,0.03372,0.01328,-0.04788,-0.07764,-0.07187,0.05922,0.09904,0.13442,0.19269,0.2158,0.40895,0.44518,0.19986,0.18053,0.16578,0.19788,0.15534,0.13825,0.0067,-0.03891,0.06623,-0.02958,-0.06607,-0.02551,-0.00476,-0.03254,-0.21041,-0.18659,-0.24324,-0.19261,-0.16039,-0.09029,-0.05318,-0.0779,-0.0768,-0.0496,0.12867,0.1384,-0.06094,-0.13833,-0.16287,-0.0821,-0.09957,-0.12179,-0.13809,-0.08842,-0.07279,-0.12177,-0.12969,-0.00729,-0.00778,-0.04799,0.01674,0.24106,0.2563,0.2864,0.39349,0.41348,0.15163,0.07088,0.0506,0.13727,0.07161,-0.08996,-0.12134,-0.13769,-0.07929,-0.02278,0.04051,0.0462,0.04168,0.0776,0.00209,0.03793,0.02883,0.12073,0.09839,0.10686,0.05913,-0.01344,-0.07802,-0.10743,-0.12111,-0.13219,-0.23942,-0.22812,-0.13,-0.12862,-0.13494,-0.03867,-0.07155,-0.02824,-0.10126,-0.22442,-0.18395,-0.11013,-0.05734,-0.09218,-0.07493,-0.03627,-0.00803,-0.05093,-0.05789,-0.03763,-0.18803,-0.33129,-0.42406,-0.24851,-0.22615,-0.27517,-0.23009,-0.1737,-0.19712,-0.18093,-0.14716,-0.09793,-0.03364,-0.00936,0.02772,0.06587,0.0418,0.06648,0.03627,0.02902,0.09526
LYS9,0.00411,0.16116,0.85876,1.0,0.84326,0.67775,0.45796,0.23543,0.13339,0.07213,0.06041,-0.01345,-0.04661,-0.17299,-0.19001,-0.1167,0.02155,0.07804,0.11916,0.20235,0.23319,0.41483,0.4489,0.20888,0.16648,0.13504,0.20396,0.15329,0.13866,0.00102,-0.03825,0.13312,0.05342,-0.02588,0.0003,0.01037,0.03385,-0.17477,-0.16429,-0.23718,-0.16841,-0.1081,-0.04089,-0.02379,-0.10435,-0.10915,-0.06775,0.12908,0.08915,-0.08079,-0.22466,-0.24773,-0.17599,-0.1888,-0.21703,-0.24211,-0.16802,-0.14683,-0.20672,-0.18881,-0.03444,-0.05984,-0.08461,0.02827,0.24384,0.29795,0.39806,0.5227,0.50603,0.25714,0.23666,0.18581,0.21304,0.14817,-0.06932,-0.04537,-0.07476,-0.03419,0.00665,0.03021,0.04322,0.04407,0.10523,0.06476,0.13235,0.09539,0.1661,0.1618,0.13049,0.05732,0.02197,-0.05391,-0.09865,-0.15038,-0.1475,-0.25711,-0.3308,-0.20443,-0.17589,-0.21635,-0.1313,-0.15553,-0.0899,-0.12807,-0.18742,-0.13982,-0.08584,-0.03517,-0.12669,-0.12879,-0.09617,-0.06901,-0.10512,-0.07643,-0.0689,-0.1219,-0.17338,-0.35537,-0.19448,-0.20754,-0.24033,-0.21908,-0.18849,-0.20201,-0.18653,-0.19073,-0.15752,-0.05226,-0.04907,-0.04241,0.0207,-0.0233,0.01679,0.00982,-0.00162,0.0691
GLU10,-0.01315,0.21087,0.74782,0.84326,1.0,0.85113,0.63394,0.37203,0.22233,0.1502,0.08686,-0.00254,-0.0387,-0.19095,-0.19859,-0.12837,0.04798,0.11157,0.17986,0.29579,0.3592,0.55394,0.58797,0.368,0.32735,0.27302,0.2885,0.21171,0.18336,0.01871,-0.02141,0.14347,0.00976,-0.07278,-0.0405,-0.0557,0.01522,-0.2007,-0.14959,-0.21865,-0.1858,-0.15237,-0.08674,-0.05265,-0.08743,-0.0773,-0.04711,0.15315,0.10157,-0.09195,-0.21043,-0.28433,-0.20331,-0.2421,-0.29178,-0.30602,-0.20004,-0.19409,-0.26317,-0.21394,-0.02071,-0.06745,-0.10513,0.03902,0.28835,0.37178,0.48873,0.64257,0.63393,0.36897,0.2774,0.22549,0.26736,0.18237,-0.08842,-0.03697,-0.05717,-0.00621,0.00622,0.03739,0.05349,0.06284,0.12484,0.10523,0.1716,0.14923,0.2394,0.2255,0.19247,0.12206,0.09235,-0.02178,-0.03978,-0.11325,-0.11575,-0.23541,-0.32636,-0.22654,-0.17718,-0.19309,-0.10713,-0.18112,-0.1226,-0.1616,-0.23873,-0.20875,-0.13729,-0.10251,-0.17593,-0.17198,-0.14698,-0.13354,-0.18319,-0.15272,-0.15504,-0.18095,-0.27401,-0.34467,-0.18148,-0.22225,-0.29038,-0.2402,-0.19526,-0.24216,-0.2231,-0.19052,-0.16103,-0.08958,-0.06476,-0.03733,-0.00179,-0.02469,0.00357,-0.01207,-0.03118,0.05055
PRO11,0.05297,0.20248,0.55928,0.67775,0.85113,1.0,0.77504,0.51818,0.3246,0.23189,0.12812,0.02192,-0.02446,-0.23895,-0.25702,-0.1482,0.05386,0.13373,0.22026,0.36824,0.44389,0.56907,0.58274,0.42979,0.35406,0.31414,0.32717,0.24909,0.2045,0.03728,-0.01661,0.13522,0.01172,-0.08821,-0.06385,-0.08305,0.03247,-0.17768,-0.11319,-0.17286,-0.16119,-0.13361,-0.08569,-0.05986,-0.08787,-0.10043,-0.08214,0.09976,0.03863,-0.12471,-0.2369,-0.33887,-0.25481,-0.28264,-0.34095,-0.35279,-0.24185,-0.22933,-0.29637,-0.23731,-0.02741,-0.08049,-0.12069,0.02012,0.26046,0.38558,0.57917,0.70253,0.63807,0.40678,0.32215,0.2709,0.28294,0.19805,-0.09757,-0.02215,-0.0411,0.03725,0.04739,0.05952,0.06776,0.08472,0.13908,0.12531,0.19984,0.18325,0.26911,0.26556,0.20295,0.12758,0.12272,-0.00642,-0.02414,-0.12323,-0.12282,-0.23247,-0.3547,-0.25894,-0.19149,-0.22062,-0.14616,-0.23557,-0.1919,-0.20333,-0.24128,-0.20028,-0.14115,-0.10897,-0.21343,-0.21693,-0.1905,-0.17907,-0.2334,-0.18195,-0.1866,-0.16966,-0.22439,-0.28946,-0.16014,-0.22713,-0.27316,-0.22058,-0.19019,-0.25781,-0.21761,-0.19296,-0.18158,-0.0973,-0.07291,-0.06198,-0.03442,-0.06935,-0.04907,-0.05564,-0.06795,0.02654
ALA12,0.04986,0.19011,0.38826,0.45796,0.63394,0.77504,1.0,0.79845,0.59773,0.49013,0.34755,0.22652,0.17764,-0.0956,-0.12349,0.04412,0.29155,0.37535,0.47825,0.64177,0.7074,0.71236,0.65577,0.59583,0.56667,0.55901,0.5439,0.47465,0.41554,0.26054,0.15467,0.18946,-0.02366,-0.09579,-0.07548,-0.13382,-0.0385,-0.28766,-0.23253,-0.30677,-0.3304,-0.31539,-0.29094,-0.27122,-0.2672,-0.28012,-0.26646,-0.05544,0.00402,-0.12007,-0.12172,-0.25351,-0.15894,-0.16681,-0.21278,-0.23877,-0.12599,-0.10027,-0.19817,-0.17361,0.0527,0.01004,-0.08849,0.01273,0.20567,0.33363,0.54592,0.61074,0.61882,0.40871,0.33079,0.24567,0.25103,0.15424,0.0054,0.09424,0.08408,0.18723,0.17339,0.20257,0.198,0.27041,0.29471,0.27476,0.29886,0.23068,0.2978,0.23359,0.16916,0.08757,0.0727,-0.06245,-0.03581,-0.08257,-0.06884,-0.20453,-0.32163,-0.201,-0.16379,-0.17366,-0.11623,-0.21844,-0.1445,-0.1699,-0.21564,-0.18831,-0.14336,-0.06736,-0.19197,-0.20988,-0.20329,-0.19925,-0.24327,-0.18325,-0.22188,-0.25644,-0.24195,-0.22496,-0.16896,-0.21511,-0.25315,-0.19482,-0.1413,-0.25636,-0.20848,-0.16512,-0.17337,-0.11446,-0.07529,-0.05677,-0.05607,-0.07761,-0.0593,-0.08079,-0.09308,0.00097
THR13,0.03443,0.12796,0.20156,0.23543,0.37203,0.51818,0.79845,1.0,0.81394,0.64985,0.49893,0.37545,0.30797,0.04853,0.00461,0.15757,0.4033,0.48503,0.58217,0.73444,0.75895,0.65097,0.55099,0.5742,0.5507,0.60756,0.5739,0.54108,0.47445,0.34568,0.20661,0.12447,-0.06534,-0.07909,-0.03943,-0.13644,-0.0984,-0.3119,-0.29233,-0.35172,-0.38794,-0.38475,-0.382,-0.36952,-0.3382,-0.36552,-0.35438,-0.17517,-0.03414,-0.11523,-0.0196,-0.14063,-0.05368,-0.02798,-0.05589,-0.08971,-0.01481,0.0328,-0.05578,-0.07179,0.11874,0.11135,-0.01435,-0.00761,0.102,0.20628,0.39679,0.42098,0.44022,0.2763,0.21663,0.11859,0.11687,0.05907,0.0802,0.12528,0.12331,0.24825,0.23951,0.27652,0.25951,0.33979,0.3266,0.27921,0.26663,0.19031,0.2261,0.1393,0.09078,0.01473,-0.01324,-0.1202,-0.08838,-0.0754,-0.05939,-0.19151,-0.25595,-0.13697,-0.12956,-0.13024,-0.08725,-0.13826,-0.08353,-0.10819,-0.13032,-0.11976,-0.09212,0.01231,-0.11072,-0.12839,-0.14332,-0.15343,-0.1859,-0.13293,-0.19082,-0.28059,-0.20305,-0.14688,-0.17859,-0.18321,-0.16371,-0.13075,-0.09188,-0.18025,-0.12364,-0.10146,-0.11841,-0.06828,-0.02692,-0.02322,-0.02613,-0.05043,-0.04129,-0.06023,-0.05459,0.01005
LEU14,-0.02607,0.05434,0.12662,0.13339,0.22233,0.3246,0.59773,0.81394,1.0,0.83563,0.72294,0.59074,0.50185,0.25947,0.18208,0.29776,0.5507,0.6333,0.7191,0.78595,0.7114,0.57482,0.45111,0.49776,0.5226,0.63392,0.59285,0.6211,0.54781,0.4433,0.27497,0.10519,-0.0937,-0.05276,-0.01971,-0.12775,-0.13331,-0.33332,-0.36393,-0.42014,-0.46223,-0.46096,-0.4896,-0.49948,-0.48875,-0.51467,-0.49158,-0.3263,-0.05499,-0.07758,0.10335,-0.0083,0.08283,0.15005,0.1484,0.10273,0.13941,0.22119,0.13667,0.08044,0.25931,0.27427,0.11719,0.06911,0.05648,0.09305,0.25074,0.24778,0.30168,0.123,0.08631,-0.0144,0.0084,-0.02599,0.19045,0.16899,0.15865,0.30401,0.29718,0.35015,0.3096,0.41533,0.36966,0.29888,0.24361,0.14461,0.18048,0.06508,0.06036,-0.04152,-0.11057,-0.16918,-0.12866,-0.03897,-0.03492,-0.18445,-0.16703,-0.00235,-0.03938,-0.0403,-0.01367,-0.04233,0.00371,-0.02638,-0.04287,-0.0475,-0.03799,0.08685,-0.03528,-0.05082,-0.08833,-0.10937,-0.14098,-0.11674,-0.20386,-0.35714,-0.18496,-0.07836,-0.18092,-0.1295,-0.06803,-0.04379,-0.0004,-0.10898,-0.04428,-0.01645,-0.05173,-0.01705,0.02267,0.02635,0.011,-0.01312,-0.01978,-0.04072,-0.01782,0.03878
ILE15,-0.01998,0.04572,0.07619,0.07213,0.1502,0.23189,0.49013,0.64985,0.83563,1.0,0.87083,0.69879,0.62338,0.36275,0.25587,0.39819,0.64764,0.71819,0.81985,0.8016,0.71916,0.55176,0.42306,0.50077,0.57313,0.71258,0.6657,0.70782,0.62811,0.54776,0.36512,0.14867,-0.09014,-0.03654,-0.0253,-0.1255,-0.13266,-0.35278,-0.40095,-0.47488,-0.52945,-0.53866,-0.57722,-0.59083,-0.58479,-0.61011,-0.57739,-0.39929,-0.06144,-0.05562,0.15715,0.04144,0.12365,0.20131,0.21148,0.14867,0.2007,0.29789,0.17356,0.10028,0.26425,0.28247,0.1046,0.04853,0.00212,0.03388,0.18542,0.18069,0.26497,0.09725,0.07718,-0.0315,-0.00995,-0.02716,0.27361,0.25676,0.24275,0.37046,0.34027,0.39222,0.3642,0.49469,0.43722,0.37998,0.29017,0.15801,0.19414,0.0244,0.02955,-0.09573,-0.17885,-0.22246,-0.15356,-0.00493,0.0065,-0.18158,-0.15614,0.0347,-0.01898,-0.01088,0.01399,-0.02108,0.03296,-0.00241,-0.03277,-0.04492,-0.0307,0.10626,-0.02278,-0.02184,-0.06553,-0.09049,-0.11983,-0.08509,-0.18777,-0.3681,-0.15771,-0.0266,-0.15781,-0.09661,-0.04554,-0.02466,0.03902,-0.097,-0.03395,0.00904,-0.03686,-0.01998,0.03395,0.04151,0.01393,-0.00288,-0.00915,-0.04237,-0.0198,0.04062
LYS16,-0.06009,0.0052,0.08603,0.06041,0.08686,0.12812,0.34755,0.49893,0.72294,0.87083,1.0,0.81972,0.70096,0.46252,0.31957,0.45407,0.67307,0.74997,0.80811,0.7029,0.56274,0.42507,0.30759,0.3599,0.44523,0.60714,0.59369,0.67454,0.61797,0.55784,0.38468,0.16728,-0.05544,0.0011,-0.00886,-0.09847,-0.12396,-0.32112,-0.38642,-0.46296,-0.50872,-0.51877,-0.56348,-0.58345,-0.6025,-0.6243,-0.60001,-0.44875,-0.07008,-0.0264,0.1967,0.09727,0.19024,0.29272,0.3069,0.24047,0.25766,0.36486,0.25149,0.14164,0.26242,0.29793,0.12599,0.04969,-0.0249,-0.02142,0.10158,0.10064,0.18931,0.01755,0.01499,-0.07635,-0.04102,-0.026,0.27958,0.25391,0.23978,0.34935,0.31897,0.3845,0.35909,0.48851,0.4316,0.3705,0.26352,0.14263,0.16502,0.00099,0.01284,-0.10596,-0.19312,-0.21232,-0.13829,0.02053,0.0378,-0.14355,-0.09073,0.10615,0.03059,0.03222,0.05039,0.02016,0.0698,0.03597,-0.00241,-0.00368,0.01533,0.13167,-0.01317,-0.00133,-0.04406,-0.06675,-0.095,-0.07776,-0.18278,-0.36411,-0.139,0.0043,-0.13519,-0.06117,-0.00712,0.01179,0.06556,-0.06336,-0.00227,0.04307,-0.00576,0.00327,0.05445,0.05768,0.0263,0.01098,-0.00962,-0.04198,-0.00925,0.05485
ALA17,-0.04345,0.02737,0.03372,-0.01345,-0.00254,0.02192,0.22652,0.37545,0.59074,0.69879,0.81972,1.0,0.83098,0.59143,0.46007,0.49079,0.70346,0.75969,0.73795,0.59746,0.42664,0.30711,0.19491,0.2532,0.34705,0.50726,0.52013,0.63607,0.58761,0.54427,0.39847,0.17744,-0.03731,0.03331,0.00982,-0.05858,-0.06801,-0.23582,-0.3045,-0.39655,-0.47829,-0.48973,-0.57472,-0.6145,-0.61861,-0.62449,-0.60752,-0.49306,-0.05057,0.08031,0.31823,0.21571,0.31417,0.42961,0.42398,0.36228,0.38351,0.46507,0.35737,0.21411,0.26067,0.27778,0.12532,0.02306,-0.06441,-0.08072,0.01784,0.01601,0.10868,-0.01745,-0.00876,-0.09928,-0.06226,-0.0572,0.33439,0.24709,0.21871,0.36203,0.33862,0.41119,0.36047,0.49152,0.41089,0.37101,0.26127,0.14849,0.164,-0.0002,-0.00446,-0.11306,-0.18321,-0.1815,-0.09964,0.06956,0.08987,-0.09798,-0.03079,0.17295,0.07839,0.07018,0.073,0.03775,0.12453,0.09286,0.04156,0.02869,0.0423,0.13866,0.01678,0.02213,-0.04335,-0.06644,-0.07898,-0.10473,-0.2117,-0.43179,-0.17606,0.00267,-0.14386,-0.05451,0.003,0.02534,0.07762,-0.05976,-0.0112,0.03126,-0.01648,-0.02971,0.01371,0.02355,-0.01029,-0.01261,-0.02418,-0.06201,-0.03761,0.02955
ILE18,-0.02392,0.06643,0.01328,-0.04661,-0.0387,-0.02446,0.17764,0.30797,0.50185,0.62338,0.70096,0.83098,1.0,0.69369,0.48178,0.50824,0.7415,0.7232,0.69747,0.55986,0.40818,0.29585,0.18598,0.24821,0.35264,0.50462,0.52449,0.64077,0.60199,0.5693,0.45306,0.23469,-0.01617,0.05474,0.04239,-0.03831,-0.04142,-0.23465,-0.28169,-0.40124,-0.51363,-0.53599,-0.62693,-0.66275,-0.64068,-0.64108,-0.62651,-0.49578,0.01195,0.13366,0.39202,0.27761,0.36672,0.44994,0.42813,0.3672,0.40104,0.4618,0.31516,0.16378,0.21121,0.20807,0.05119,-0.03811,-0.10574,-0.10094,-0.00718,0.0039,0.12257,0.02721,0.03596,-0.04782,-0.02979,-0.02343,0.37951,0.29598,0.25446,0.38014,0.35387,0.43233,0.38329,0.52454,0.44043,0.41468,0.3121,0.21626,0.21476,0.00509,-0.01963,-0.14527,-0.20042,-0.19539,-0.07311,0.11975,0.15472,-0.05519,-0.00096,0.21212,0.10924,0.10443,0.11792,0.05711,0.1561,0.12233,0.05729,0.03547,0.03317,0.11896,0.00837,0.00973,-0.05251,-0.069,-0.0681,-0.08924,-0.18282,-0.39677,-0.18296,0.0148,-0.13043,-0.04932,-0.00855,0.00925,0.07853,-0.06288,-0.02501,0.02812,-0.00563,-0.04611,0.00687,0.03787,-0.01223,0.00718,-0.00025,-0.05215,-0.04222,0.04079
ASP19,-0.11224,-0.03317,-0.04788,-0.17299,-0.19095,-0.23895,-0.0956,0.04853,0.25947,0.36275,0.46252,0.59143,0.69369,1.0,0.71241,0.50303,0.49676,0.42424,0.39259,0.23457,0.09446,0.0011,-0.09223,-0.03872,0.05305,0.18709,0.17087,0.28606,0.26096,0.29085,0.21771,-0.01608,-0.07407,0.08531,0.15567,0.11471,-0.10594,-0.13544,-0.24372,-0.24408,-0.29546,-0.33302,-0.39254,-0.40995,-0.38244,-0.37514,-0.34188,-0.34201,0.02716,0.10081,0.37223,0.38617,0.42323,0.49959,0.5446,0.51125,0.44766,0.47137,0.42896,0.2686,0.19344,0.23494,0.13202,-0.0081,-0.12527,-0.19572,-0.18573,-0.23157,-0.17229,-0.26479,-0.26517,-0.30874,-0.26699,-0.19884,0.22843,0.08475,0.10176,0.14577,0.15378,0.2302,0.15749,0.24181,0.13111,0.08308,-0.01795,-0.0227,0.00655,-0.11481,-0.08341,-0.1517,-0.21729,-0.1568,-0.08612,0.1193,0.12998,0.04938,0.22755,0.32044,0.20908,0.23064,0.23204,0.27566,0.28518,0.25671,0.19859,0.14967,0.08265,0.07877,0.1151,0.1252,0.04355,-0.00184,0.01708,-0.03589,-0.0621,-0.27105,-0.16419,0.02356,-0.11511,0.01544,0.11745,0.0965,0.11201,0.12225,0.14286,0.15799,0.16037,0.10908,0.13059,0.15041,0.11602,0.13178,0.11442,0.09718,0.12185,0.10281
GLY20,-0.10604,-0.0691,-0.07764,-0.19001,-0.19859,-0.25702,-0.12349,0.00461,0.18208,0.25587,0.31957,0.46007,0.48178,0.71241,1.0,0.56262,0.47835,0.39765,0.32498,0.17635,0.06558,-0.02072,-0.11011,-0.05642,0.02469,0.14866,0.12203,0.23511,0.19922,0.27388,0.21922,-0.02117,-0.07096,0.10643,0.18151,0.13839,-0.11654,-0.14098,-0.26925,-0.267,-0.29968,-0.30968,-0.37211,-0.40093,-0.37244,-0.35253,-0.30475,-0.27963,0.05907,0.13281,0.38379,0.43838,0.4492,0.49484,0.54188,0.50816,0.48174,0.45951,0.44796,0.30813,0.21764,0.26921,0.18683,0.04772,-0.09288,-0.18408,-0.18994,-0.25924,-0.21795,-0.28942,-0.26125,-0.33728,-0.28059,-0.20318,0.33183,0.12107,0.09608,0.20059,0.19364,0.22236,0.14144,0.21459,0.09077,0.11057,0.007,-0.05841,-0.03466,-0.11097,-0.06461,-0.13747,-0.21782,-0.15252,-0.10348,0.09839,0.08791,0.02235,0.2104,0.29571,0.16569,0.18669,0.1737,0.25859,0.33587,0.28205,0.2412,0.17106,0.13268,0.164,0.19389,0.20057,0.09113,0.04042,0.07519,0.00013,-0.05743,-0.31944,-0.14684,-0.00376,-0.17325,0.00331,0.13169,0.08659,0.1027,0.13252,0.1386,0.13222,0.1255,0.0769,0.07196,0.08224,0.0761,0.10499,0.11086,0.10026,0.09691,-0.00192
ASP21,-0.03542,0.03046,-0.07187,-0.1167,-0.12837,-0.1482,0.04412,0.15757,0.29776,0.39819,0.45407,0.49079,0.50824,0.50303,0.56262,1.0,0.72487,0.60476,0.52177,0.37417,0.24827,0.14038,0.03921,0.10383,0.19791,0.32137,0.35413,0.47911,0.50631,0.66096,0.58149,0.32602,0.08179,0.16403,0.16616,0.12129,-0.12404,-0.26199,-0.31824,-0.38003,-0.43696,-0.44823,-0.49277,-0.50508,-0.48012,-0.47158,-0.45562,-0.35193,-0.01231,0.04897,0.28629,0.27011,0.33432,0.39406,0.41125,0.37197,0.37794,0.38385,0.29714,0.20168,0.17809,0.17765,0.08002,-0.00606,-0.09481,-0.11227,-0.03545,-0.03923,0.05298,0.01077,0.01592,-0.0699,-0.0882,-0.03551,0.31247,0.26681,0.29441,0.34976,0.28467,0.33794,0.29985,0.42071,0.34389,0.39386,0.2966,0.23293,0.22489,0.08877,0.04041,-0.07752,-0.12212,-0.04665,0.09157,0.23498,0.26934,0.13366,0.13559,0.2277,0.10145,0.0969,0.09414,0.08993,0.20853,0.17519,0.1184,0.10366,0.09382,0.11466,0.04516,0.01241,-0.06023,-0.08428,-0.04771,-0.04366,-0.10778,-0.2742,-0.10951,0.01305,-0.11831,-0.00923,0.01175,-0.01461,0.04604,-0.01785,-0.03595,-0.01877,-0.04517,-0.08496,-0.06803,-0.05019,-0.07355,-0.03433,-0.01142,-0.03585,-0.0628,-0.07981
THR22,-0.01912,0.06586,0.05922,0.02155,0.04798,0.05386,0.29155,0.4033,0.5507,0.64764,0.67307,0.70346,0.7415,0.49676,0.47835,0.72487,1.0,0.89697,0.81104,0.68647,0.54409,0.42859,0.29961,0.34979,0.46706,0.62465,0.67266,0.80294,0.8023,0.77737,0.63876,0.38572,0.04404,0.09076,0.05381,-0.05032,-0.10996,-0.36008,-0.40236,-0.52961,-0.63182,-0.63703,-0.70285,-0.72664,-0.70886,-0.69368,-0.67365,-0.46963,0.00141,0.07576,0.33219,0.2331,0.31028,0.37876,0.38848,0.32359,0.37778,0.42001,0.25946,0.14184,0.22702,0.20548,0.04265,-0.0188,-0.04549,-0.03149,0.09052,0.10675,0.23812,0.13029,0.13354,0.00938,0.01499,0.02507,0.42339,0.36567,0.3364,0.49213,0.42561,0.50896,0.46139,0.63214,0.56151,0.56347,0.44288,0.31269,0.31571,0.10389,0.05253,-0.10321,-0.16544,-0.15599,-0.00949,0.16089,0.21148,-0.02169,-0.03826,0.17097,0.04624,0.04528,0.06319,0.00368,0.15615,0.09162,0.03018,0.02558,0.03863,0.14076,0.01063,-0.01213,-0.08028,-0.09663,-0.08627,-0.08288,-0.18972,-0.40463,-0.19735,-0.04521,-0.17097,-0.06041,-0.06134,-0.05234,0.04463,-0.10105,-0.08752,-0.03604,-0.07886,-0.10601,-0.06259,-0.03467,-0.07024,-0.04074,-0.02538,-0.08522,-0.10004,-0.04951
VAL23,-0.02191,0.07246,0.09904,0.07804,0.11157,0.13373,0.37535,0.48503,0.6333,0.71819,0.74997,0.75969,0.7232,0.42424,0.39765,0.60476,0.89697,1.0,0.89862,0.7715,0.61762,0.49694,0.36649,0.41319,0.51899,0.67444,0.72355,0.84209,0.81493,0.72721,0.56843,0.34277,0.02541,0.05597,0.01536,-0.09079,-0.11537,-0.38105,-0.42207,-0.54371,-0.62718,-0.62656,-0.68381,-0.70536,-0.703,-0.70164,-0.67873,-0.45997,-0.01796,0.03071,0.26436,0.1614,0.24603,0.31425,0.3254,0.25541,0.31889,0.38071,0.21956,0.10719,0.22778,0.22027,0.04933,-0.00928,-0.02835,0.00041,0.1278,0.14445,0.26643,0.13346,0.14376,0.02482,0.04047,0.03517,0.37911,0.34365,0.30632,0.45556,0.40384,0.48213,0.44012,0.61723,0.55946,0.53581,0.4148,0.27495,0.28458,0.079,0.03035,-0.11199,-0.17477,-0.19183,-0.07354,0.08414,0.13516,-0.09891,-0.11536,0.10901,0.00515,-0.00115,0.01329,-0.03369,0.11167,0.0505,-0.00807,0.00179,0.03988,0.15907,0.00928,-0.00875,-0.06757,-0.0811,-0.07977,-0.07239,-0.18627,-0.39777,-0.18131,-0.05306,-0.17158,-0.0787,-0.07104,-0.06032,0.02748,-0.11822,-0.09387,-0.04427,-0.09011,-0.09817,-0.0551,-0.03632,-0.06265,-0.05244,-0.03933,-0.09154,-0.09387,-0.03628
LYS24,-0.0089,0.08071,0.13442,0.11916,0.17986,0.22026,0.47825,0.58217,0.7191,0.81985,0.80811,0.73795,0.69747,0.39259,0.32498,0.52177,0.81104,0.89862,1.0,0.88596,0.74132,0.60117,0.4648,0.51359,0.62137,0.78222,0.81482,0.87123,0.79696,0.68543,0.50202,0.29836,-0.0173,0.01612,-0.00392,-0.11427,-0.14096,-0.42359,-0.45958,-0.57782,-0.65139,-0.65212,-0.69585,-0.71001,-0.70593,-0.70936,-0.68052,-0.43382,-0.01808,-0.01637,0.21946,0.11275,0.19127,0.25788,0.27911,0.20888,0.27603,0.35711,0.17799,0.06957,0.2382,0.22823,0.02959,-0.01638,-0.00575,0.04196,0.19346,0.20271,0.31646,0.15338,0.15325,0.02766,0.05101,0.045,0.35648,0.34502,0.31537,0.45654,0.40963,0.48666,0.45183,0.6218,0.57351,0.52454,0.39884,0.23653,0.26362,0.06634,0.03345,-0.11735,-0.18557,-0.23205,-0.1282,0.0296,0.0698,-0.15904,-0.16996,0.05923,-0.02416,-0.0156,0.01216,-0.04261,0.07803,0.01117,-0.04052,-0.03585,-0.0004,0.13762,-0.00892,-0.02411,-0.0774,-0.09496,-0.10385,-0.0734,-0.1861,-0.4032,-0.18998,-0.0615,-0.17916,-0.09944,-0.08177,-0.06343,0.02819,-0.12036,-0.08353,-0.02473,-0.06854,-0.06335,-0.01011,0.01175,-0.02028,-0.0168,-0.01162,-0.06937,-0.06011,0.00156
LEU25,0.01486,0.11349,0.19269,0.20235,0.29579,0.36824,0.64177,0.73444,0.78595,0.8016,0.7029,0.59746,0.55986,0.23457,0.17635,0.37417,0.68647,0.7715,0.88596,1.0,0.8824,0.73619,0.59824,0.63574,0.70259,0.81913,0.82211,0.81956,0.73708,0.59686,0.42069,0.25988,-0.04467,-0.03209,-0.0401,-0.14877,-0.13708,-0.42365,-0.43381,-0.53989,-0.60005,-0.59351,-0.61539,-0.61902,-0.60442,-0.6181,-0.59582,-0.344,-0.02149,-0.07093,0.11067,-0.00719,0.07324,0.12214,0.12876,0.06858,0.14964,0.21615,0.05248,-0.01727,0.18578,0.17228,-0.00904,-0.026,0.04958,0.12912,0.30091,0.31865,0.4138,0.23919,0.21771,0.09264,0.10614,0.06271,0.27296,0.28582,0.27267,0.42559,0.3867,0.45202,0.4126,0.56615,0.52725,0.47683,0.39122,0.24557,0.27577,0.10642,0.06236,-0.06608,-0.11484,-0.19896,-0.11601,-0.01889,0.01859,-0.19077,-0.23461,-0.03093,-0.08274,-0.07288,-0.03402,-0.09937,0.00469,-0.05596,-0.10232,-0.09366,-0.06218,0.08114,-0.06465,-0.08563,-0.12462,-0.13493,-0.15223,-0.1086,-0.20453,-0.37995,-0.21443,-0.10983,-0.19184,-0.14402,-0.1368,-0.10669,-0.02217,-0.16939,-0.12045,-0.06678,-0.10573,-0.07986,-0.0244,-0.00381,-0.02636,-0.03234,-0.02394,-0.0741,-0.06946,0.00288
MET26,0.02955,0.1309,0.2158,0.23319,0.3592,0.44389,0.7074,0.75895,0.7114,0.71916,0.56274,0.42664,0.40818,0.09446,0.06558,0.24827,0.54409,0.61762,0.74132,0.8824,1.0,0.85649,0.71812,0.75474,0.79005,0.8286,0.77721,0.71793,0.628,0.48429,0.31062,0.20597,-0.06367,-0.072,-0.05861,-0.14653,-0.1189,-0.40676,-0.39139,-0.48743,-0.53286,-0.52404,-0.52251,-0.512,-0.49122,-0.50487,-0.48239,-0.22665,-0.00903,-0.10971,0.02162,-0.09612,-0.02312,-0.00888,-0.01171,-0.05636,0.04122,0.08948,-0.06003,-0.09776,0.11318,0.08821,-0.07064,-0.05435,0.06536,0.16138,0.31795,0.35388,0.43449,0.27423,0.24652,0.13817,0.15362,0.09749,0.18858,0.24323,0.24078,0.35527,0.31861,0.37073,0.35086,0.47413,0.45647,0.40916,0.34448,0.19931,0.23366,0.08049,0.04221,-0.05455,-0.08132,-0.19221,-0.13949,-0.0871,-0.04844,-0.21875,-0.29087,-0.11812,-0.12592,-0.11176,-0.062,-0.13267,-0.0423,-0.10514,-0.14416,-0.13568,-0.10631,0.03929,-0.09166,-0.10939,-0.1295,-0.13582,-0.15923,-0.09501,-0.17381,-0.30416,-0.20346,-0.13418,-0.17285,-0.1602,-0.1738,-0.13825,-0.0547,-0.1798,-0.13697,-0.08498,-0.11092,-0.07354,-0.02077,0.00179,-0.0193,-0.02558,-0.01794,-0.06251,-0.06364,-4e-05
TYR27,0.02146,0.19031,0.40895,0.41483,0.55394,0.56907,0.71236,0.65097,0.57482,0.55176,0.42507,0.30711,0.29585,0.0011,-0.02072,0.14038,0.42859,0.49694,0.60117,0.73619,0.85649,1.0,0.8854,0.76785,0.75357,0.72795,0.69357,0.61999,0.55609,0.3904,0.23221,0.2044,-0.04991,-0.08842,-0.07837,-0.13729,-0.08658,-0.37721,-0.33421,-0.42692,-0.45367,-0.43743,-0.40816,-0.38473,-0.38013,-0.38486,-0.36411,-0.10292,0.03953,-0.11163,-0.05095,-0.16418,-0.07465,-0.07858,-0.11394,-0.14603,-0.05371,-0.02667,-0.15893,-0.17634,0.0221,-0.01427,-0.13769,-0.07398,0.12328,0.21334,0.3403,0.43104,0.51544,0.31806,0.27289,0.18744,0.22226,0.1407,0.09226,0.15085,0.15776,0.25327,0.22286,0.27903,0.27216,0.37615,0.38688,0.34259,0.30598,0.1893,0.23403,0.10239,0.06098,-0.01386,-0.04559,-0.16255,-0.11983,-0.11966,-0.07946,-0.23453,-0.31724,-0.16008,-0.14661,-0.13337,-0.07158,-0.15616,-0.06593,-0.13348,-0.20613,-0.18214,-0.14408,-0.03264,-0.15575,-0.16828,-0.16321,-0.15381,-0.19078,-0.13495,-0.18659,-0.28193,-0.26889,-0.2257,-0.17641,-0.18601,-0.23747,-0.17959,-0.09588,-0.21271,-0.17525,-0.11086,-0.1185,-0.07544,-0.01998,0.01462,0.00393,-0.00156,0.01013,-0.03863,-0.04578,0.02374
LYS28,0.02319,0.19678,0.44518,0.4489,0.58797,0.58274,0.65577,0.55099,0.45111,0.42306,0.30759,0.19491,0.18598,-0.09223,-0.11011,0.03921,0.29961,0.36649,0.4648,0.59824,0.71812,0.8854,1.0,0.81122,0.71197,0.62436,0.59271,0.50779,0.45386,0.2917,0.15559,0.1838,-0.03943,-0.10661,-0.09755,-0.13013,-0.04216,-0.31722,-0.26311,-0.34838,-0.36371,-0.34405,-0.30457,-0.27754,-0.28453,-0.28589,-0.27144,-0.02545,0.0554,-0.11368,-0.10797,-0.21304,-0.1295,-0.1494,-0.19247,-0.21459,-0.10842,-0.0956,-0.21796,-0.20346,-0.01029,-0.05447,-0.16096,-0.0696,0.15228,0.2405,0.33749,0.43619,0.51978,0.32905,0.28556,0.22047,0.2658,0.16691,0.02717,0.08492,0.09464,0.18204,0.15447,0.20336,0.20779,0.29138,0.31983,0.28536,0.27764,0.16943,0.21007,0.10361,0.06846,0.00934,-0.01721,-0.13693,-0.10742,-0.14031,-0.10787,-0.23481,-0.32962,-0.19782,-0.15534,-0.13772,-0.0712,-0.16504,-0.09881,-0.16184,-0.2345,-0.20199,-0.15172,-0.06213,-0.18499,-0.19205,-0.17017,-0.15283,-0.19713,-0.14164,-0.18171,-0.23747,-0.26739,-0.24272,-0.15084,-0.17751,-0.24868,-0.18307,-0.10295,-0.21742,-0.18558,-0.11812,-0.11685,-0.07484,-0.02464,0.01773,0.01518,0.00876,0.01346,-0.03404,-0.04121,0.03074
GLY29,0.03267,0.14176,0.19986,0.20888,0.368,0.42979,0.59583,0.5742,0.49776,0.50077,0.3599,0.2532,0.24821,-0.03872,-0.05642,0.10383,0.34979,0.41319,0.51359,0.63574,0.75474,0.76785,0.81122,1.0,0.84721,0.69448,0.62909,0.55092,0.4794,0.35294,0.22228,0.17635,-0.06504,-0.09751,-0.09478,-0.15099,-0.06782,-0.321,-0.27841,-0.36839,-0.41105,-0.40266,-0.39053,-0.37662,-0.35501,-0.3541,-0.3467,-0.12111,0.01144,-0.10061,-0.03208,-0.15148,-0.08558,-0.10363,-0.12951,-0.15619,-0.04322,-0.02587,-0.15517,-0.14547,0.04278,0.00862,-0.12399,-0.0688,0.07331,0.16854,0.27844,0.34015,0.42985,0.31006,0.27654,0.1939,0.21626,0.12894,0.10648,0.17975,0.17987,0.27377,0.23244,0.26994,0.27124,0.36392,0.36777,0.33922,0.30561,0.17781,0.19669,0.07362,0.03511,-0.02573,-0.03203,-0.14528,-0.09821,-0.0926,-0.06303,-0.19628,-0.28307,-0.14475,-0.11811,-0.09353,-0.05143,-0.13511,-0.07768,-0.13734,-0.19107,-0.16879,-0.12202,-0.00072,-0.12154,-0.12848,-0.13331,-0.13542,-0.1654,-0.10094,-0.17221,-0.24763,-0.19787,-0.13871,-0.12858,-0.13847,-0.18818,-0.13635,-0.04865,-0.17571,-0.14553,-0.08389,-0.09702,-0.07471,-0.01929,0.01756,-0.00629,-0.00806,-0.00744,-0.05853,-0.06138,0.01094
GLN30,-0.00269,0.12315,0.18053,0.16648,0.32735,0.35406,0.56667,0.5507,0.5226,0.57313,0.44523,0.34705,0.35264,0.05305,0.02469,0.19791,0.46706,0.51899,0.62137,0.70259,0.79005,0.75357,0.71197,0.84721,1.0,0.84468,0.73713,0.65282,0.57244,0.44453,0.30739,0.22819,-0.06224,-0.08868,-0.10436,-0.17158,-0.08998,-0.35969,-0.32831,-0.43321,-0.48775,-0.49001,-0.48327,-0.46316,-0.43391,-0.4215,-0.40938,-0.17943,0.01661,-0.06959,0.04446,-0.08875,-0.02205,-0.02553,-0.04298,-0.08362,0.02337,0.05301,-0.10096,-0.11561,0.08103,0.04725,-0.10822,-0.06091,0.06885,0.14728,0.23514,0.28991,0.40766,0.27712,0.23921,0.14793,0.18014,0.12707,0.1831,0.25939,0.25086,0.32449,0.27034,0.32051,0.32924,0.43595,0.42422,0.39215,0.32316,0.19388,0.22081,0.06122,0.03619,-0.03436,-0.05221,-0.16563,-0.09994,-0.05175,-0.01526,-0.17968,-0.26218,-0.10338,-0.0962,-0.06344,-0.02336,-0.1261,-0.0448,-0.12024,-0.1803,-0.16452,-0.10435,0.02558,-0.09523,-0.09568,-0.11457,-0.12153,-0.14149,-0.08422,-0.17188,-0.28619,-0.21643,-0.10418,-0.11151,-0.10857,-0.17494,-0.12137,-0.02056,-0.16671,-0.14179,-0.06455,-0.0906,-0.09118,-0.02909,0.01363,-0.02899,-0.01716,-0.01609,-0.07317,-0.08183,0.00411
PRO31,0.00526,0.13987,0.16578,0.13504,0.27302,0.31414,0.55901,0.60756,0.63392,0.71258,0.60714,0.50726,0.50462,0.18709,0.14866,0.32137,0.62465,0.67444,0.78222,0.81913,0.8286,0.72795,0.62436,0.69448,0.84468,1.0,0.86988,0.79622,0.70126,0.57377,0.4016,0.25478,-0.06634,-0.06224,-0.0835,-0.17635,-0.12868,-0.42009,-0.4084,-0.51977,-0.5883,-0.59394,-0.60888,-0.59981,-0.56273,-0.56754,-0.5533,-0.30059,0.00674,-0.05546,0.12843,-0.00852,0.05866,0.08762,0.08689,0.02492,0.12461,0.17409,-0.00026,-0.04909,0.1578,0.13053,-0.05681,-0.0548,0.03437,0.10686,0.23157,0.2654,0.39675,0.24721,0.22114,0.11273,0.14179,0.09375,0.27963,0.32037,0.29264,0.41512,0.36723,0.43726,0.41874,0.55692,0.53539,0.48868,0.39048,0.23103,0.25019,0.05329,0.03133,-0.08043,-0.12086,-0.21746,-0.12867,-0.02221,0.01704,-0.17882,-0.22886,-0.04596,-0.07126,-0.03816,0.00289,-0.10155,0.00209,-0.07985,-0.14105,-0.13603,-0.0818,0.05951,-0.06664,-0.07102,-0.10294,-0.11131,-0.12772,-0.08387,-0.18382,-0.34472,-0.22861,-0.09614,-0.15509,-0.1219,-0.15599,-0.10671,0.00281,-0.15765,-0.11975,-0.04082,-0.07413,-0.0786,-0.00836,0.03611,-0.01481,-0.00155,-0.00286,-0.07614,-0.07372,0.00409
MET32,0.02119,0.13368,0.19788,0.20396,0.2885,0.32717,0.5439,0.5739,0.59285,0.6657,0.59369,0.52013,0.52449,0.17087,0.12203,0.35413,0.67266,0.72355,0.81482,0.82211,0.77721,0.69357,0.59271,0.62909,0.73713,0.86988,1.0,0.89856,0.78966,0.62443,0.45509,0.32506,-0.01024,-0.02596,-0.07174,-0.15316,-0.11337,-0.43095,-0.41519,-0.54544,-0.61334,-0.60776,-0.62292,-0.61705,-0.5978,-0.59864,-0.58484,-0.30866,0.01199,-0.0461,0.12421,-0.00271,0.07405,0.10644,0.09946,0.03935,0.14423,0.19102,-0.00214,-0.05684,0.14429,0.10587,-0.07491,-0.06595,0.02494,0.11705,0.26009,0.29683,0.42449,0.28907,0.28581,0.16675,0.18414,0.14486,0.29347,0.34359,0.31735,0.44235,0.38757,0.45864,0.43218,0.59394,0.5821,0.54172,0.43921,0.28294,0.29332,0.09126,0.04035,-0.09225,-0.12251,-0.20872,-0.10542,-0.00617,0.0457,-0.16705,-0.24934,-0.04525,-0.08651,-0.06673,-0.02216,-0.12334,0.00343,-0.07622,-0.14334,-0.1266,-0.06308,0.07249,-0.07922,-0.08944,-0.11648,-0.11653,-0.13039,-0.08305,-0.1804,-0.33631,-0.21506,-0.11138,-0.15286,-0.12662,-0.17391,-0.13021,-0.01515,-0.18248,-0.15119,-0.08102,-0.11455,-0.11086,-0.04881,-0.0054,-0.04474,-0.02746,-0.01663,-0.09142,-0.09881,-0.0131
THR33,0.0327,0.12274,0.15534,0.15329,0.21171,0.24909,0.47465,0.54108,0.6211,0.70782,0.67454,0.63607,0.64077,0.28606,0.23511,0.47911,0.80294,0.84209,0.87123,0.81956,0.71793,0.61999,0.50779,0.55092,0.65282,0.79622,0.89856,1.0,0.8846,0.73956,0.56102,0.37423,0.02192,0.02681,-0.02195,-0.12181,-0.11104,-0.43478,-0.43695,-0.57897,-0.66543,-0.66068,-0.70117,-0.71057,-0.6939,-0.69889,-0.68137,-0.40348,-7e-05,-0.01825,0.19558,0.07616,0.15245,0.20676,0.20829,0.13856,0.24235,0.29551,0.09049,0.00776,0.19215,0.15575,-0.03099,-0.05272,-0.00865,0.05794,0.21125,0.245,0.38215,0.25309,0.26601,0.13958,0.14661,0.12684,0.37435,0.39735,0.36481,0.5038,0.43898,0.52999,0.5101,0.69193,0.66147,0.60693,0.48762,0.32669,0.32652,0.09866,0.03671,-0.1149,-0.15852,-0.21714,-0.08887,0.05348,0.11165,-0.12873,-0.19567,0.03452,-0.04391,-0.02734,0.00769,-0.08444,0.05692,-0.01953,-0.07787,-0.06289,-0.02425,0.10394,-0.0624,-0.07684,-0.12017,-0.12507,-0.13164,-0.0919,-0.19811,-0.3815,-0.20269,-0.08577,-0.1657,-0.10352,-0.13598,-0.1047,0.0155,-0.16041,-0.13444,-0.06596,-0.10148,-0.11072,-0.05166,-0.01156,-0.05024,-0.03097,-0.01959,-0.09623,-0.10405,-0.01748
PHE34,0.02132,0.11861,0.13825,0.13866,0.18336,0.2045,0.41554,0.47445,0.54781,0.62811,0.61797,0.58761,0.60199,0.26096,0.19922,0.50631,0.8023,0.81493,0.79696,0.73708,0.628,0.55609,0.45386,0.4794,0.57244,0.70126,0.78966,0.8846,1.0,0.86011,0.65394,0.45644,0.0787,0.06191,-0.02749,-0.12951,-0.07028,-0.37384,-0.36732,-0.51618,-0.61176,-0.61029,-0.65558,-0.66895,-0.66368,-0.66054,-0.65093,-0.39256,0.00407,0.01445,0.19937,0.06694,0.14735,0.21107,0.18832,0.12373,0.22296,0.25469,0.05914,-0.00711,0.15374,0.10992,-0.05117,-0.06287,-0.01556,0.04971,0.19218,0.24801,0.39389,0.30104,0.30776,0.19899,0.18269,0.15635,0.3568,0.40497,0.35421,0.47552,0.41083,0.5185,0.50941,0.693,0.72608,0.65659,0.54205,0.40493,0.37359,0.15127,0.06182,-0.07966,-0.11603,-0.15475,-0.00943,0.11503,0.17937,-0.06747,-0.15056,0.07498,-0.01843,-0.0308,0.01041,-0.0963,0.05527,-0.0067,-0.06909,-0.05588,-0.02131,0.06726,-0.10159,-0.12362,-0.16012,-0.16072,-0.16441,-0.13282,-0.23252,-0.36675,-0.22064,-0.1027,-0.15218,-0.09929,-0.15472,-0.1164,-0.00456,-0.18382,-0.16811,-0.09315,-0.12601,-0.14034,-0.08483,-0.04297,-0.07971,-0.0483,-0.03529,-0.11253,-0.12791,-0.03182
ARG35,0.01947,0.08147,0.0067,0.00102,0.01871,0.03728,0.26054,0.34568,0.4433,0.54776,0.55784,0.54427,0.5693,0.29085,0.27388,0.66096,0.77737,0.72721,0.68543,0.59686,0.48429,0.3904,0.2917,0.35294,0.44453,0.57377,0.62443,0.73956,0.86011,1.0,0.79504,0.50859,0.11762,0.12895,0.0174,-0.09689,-0.09129,-0.32653,-0.33205,-0.46145,-0.5647,-0.56643,-0.63306,-0.66161,-0.64364,-0.63989,-0.64037,-0.43568,-0.03154,0.03085,0.25438,0.14369,0.20106,0.28599,0.27061,0.20948,0.29301,0.31064,0.14081,0.07542,0.17105,0.12591,-0.01037,-0.04298,-0.06065,-0.02886,0.10167,0.14867,0.29649,0.25812,0.26849,0.15943,0.11891,0.12565,0.41278,0.4175,0.38419,0.51537,0.42553,0.51997,0.50444,0.68257,0.68819,0.689,0.57181,0.4427,0.37912,0.17198,0.08305,-0.06617,-0.10435,-0.08657,0.08217,0.21361,0.27638,0.05071,-0.02909,0.16454,0.03816,0.02605,0.03853,-0.05322,0.09514,0.05263,0.01116,0.01174,0.02709,0.08418,-0.08472,-0.10847,-0.15277,-0.1563,-0.14722,-0.12189,-0.21902,-0.3448,-0.17455,-0.04684,-0.13416,-0.05625,-0.09512,-0.07225,0.02679,-0.14303,-0.13573,-0.06964,-0.11126,-0.15227,-0.10364,-0.06621,-0.11363,-0.06586,-0.05743,-0.12489,-0.14792,-0.07935
LEU36,-0.01777,0.0803,-0.03891,-0.03825,-0.02141,-0.01661,0.15467,0.20661,0.27497,0.36512,0.38468,0.39847,0.45306,0.21771,0.21922,0.58149,0.63876,0.56843,0.50202,0.42069,0.31062,0.23221,0.15559,0.22228,0.30739,0.4016,0.45509,0.56102,0.65394,0.79504,1.0,0.71717,0.28637,0.31682,0.11763,-0.03145,-0.06716,-0.26405,-0.25419,-0.38959,-0.49966,-0.51044,-0.57207,-0.5939,-0.54968,-0.52066,-0.52635,-0.3651,-0.01143,0.07298,0.27821,0.17553,0.21863,0.27874,0.265,0.21792,0.28684,0.28098,0.14275,0.1152,0.16241,0.10435,0.00227,-0.03428,-0.06348,-0.02661,0.11432,0.17606,0.32961,0.33052,0.31153,0.21554,0.15197,0.15666,0.40417,0.40945,0.32949,0.43562,0.33122,0.38263,0.39171,0.54025,0.57002,0.68495,0.64111,0.56487,0.49903,0.2877,0.17144,-0.00228,-0.01665,0.0408,0.26274,0.41841,0.48697,0.20246,0.08093,0.23172,0.09805,0.04167,0.04448,-0.02711,0.15599,0.13471,0.06377,0.08922,0.14358,0.124,-0.04962,-0.08233,-0.14868,-0.15508,-0.11917,-0.113,-0.21279,-0.30034,-0.15407,-0.02959,-0.12046,-0.0258,-0.09773,-0.09842,-0.00017,-0.14069,-0.17366,-0.13569,-0.1646,-0.21737,-0.20031,-0.17064,-0.19431,-0.11299,-0.06104,-0.1066,-0.16917,-0.12423
LEU37,-0.03118,0.03994,0.06623,0.13312,0.14347,0.13522,0.18946,0.12447,0.10519,0.14867,0.16728,0.17744,0.23469,-0.01608,-0.02117,0.32602,0.38572,0.34277,0.29836,0.25988,0.20597,0.2044,0.1838,0.17635,0.22819,0.25478,0.32506,0.37423,0.45644,0.50859,0.71717,1.0,0.61463,0.37823,0.117,-0.01024,0.13336,-0.07132,-0.02306,-0.16775,-0.26371,-0.25398,-0.30658,-0.33643,-0.36063,-0.31064,-0.32492,-0.1946,-0.02625,0.08719,0.056,-0.07923,0.02283,0.05711,-0.03,-0.05644,0.05815,0.02693,-0.08839,-0.04486,0.02594,-0.05069,-0.08527,-0.0277,0.04938,0.12268,0.22704,0.31472,0.44072,0.44904,0.4425,0.4267,0.37377,0.31165,0.19062,0.28395,0.2149,0.26157,0.13977,0.15301,0.19977,0.32485,0.42853,0.58688,0.64154,0.5892,0.51181,0.37077,0.22618,0.09974,0.13173,0.14275,0.33149,0.3686,0.46052,0.23385,0.01282,0.13234,0.12149,0.00402,-0.0272,-0.14759,0.01833,0.08631,0.05855,0.15407,0.1435,-0.01522,-0.18985,-0.28797,-0.32462,-0.30562,-0.27735,-0.26442,-0.31566,-0.20304,-0.07054,0.03334,0.08568,0.12036,-0.05008,-0.03222,0.02409,-0.13542,-0.1945,-0.17389,-0.21512,-0.2309,-0.24585,-0.25441,-0.25894,-0.20216,-0.153,-0.15571,-0.21852,-0.16168
LEU38,-0.13385,-0.18474,-0.02958,0.05342,0.00976,0.01172,-0.02366,-0.06534,-0.0937,-0.09014,-0.05544,-0.03731,-0.01617,-0.07407,-0.07096,0.08179,0.04404,0.02541,-0.0173,-0.04467,-0.06367,-0.04991,-0.03943,-0.06504,-0.06224,-0.06634,-0.01024,0.02192,0.0787,0.11762,0.28637,0.61463,1.0,0.68428,0.25987,0.15254,0.15837,0.05982,0.06294,0.02553,-0.00654,0.01972,-0.01752,-0.05149,-0.08515,-0.03948,-0.0306,0.01111,0.00746,0.04554,-0.08122,-0.09888,-0.03083,-0.04511,-0.10426,-0.09455,-0.05974,-0.09506,-0.10366,-0.05925,-0.05943,-0.06691,-0.0455,-0.01942,0.00495,0.0297,0.06844,0.09107,0.11951,0.12158,0.15751,0.21399,0.18565,0.15884,-0.03218,-0.01271,-0.02819,-0.05685,-0.1118,-0.12635,-0.09052,-0.0335,0.05799,0.15292,0.20951,0.24083,0.20158,0.1499,0.07408,0.04166,0.07649,0.09535,0.18206,0.19183,0.28114,0.20471,0.07054,0.09508,0.18266,0.05023,-0.00425,0.02039,0.09892,0.24002,0.31383,0.48235,0.38792,0.02369,-0.0819,-0.19418,-0.22101,-0.19729,-0.15681,-0.17946,-0.16022,0.06729,0.14564,0.13306,0.19877,0.2982,0.16822,0.11085,0.08782,0.1164,0.04164,-0.01816,-0.02693,0.01177,-0.05806,-0.11726,-0.07181,-0.07317,-0.03558,0.0291,0.0006,-0.04342
VAL39,-0.11333,-0.15032,-0.06607,-0.02588,-0.07278,-0.08821,-0.09579,-0.07909,-0.05276,-0.03654,0.0011,0.03331,0.05474,0.08531,0.10643,0.16403,0.09076,0.05597,0.01612,-0.03209,-0.072,-0.08842,-0.10661,-0.09751,-0.08868,-0.06224,-0.02596,0.02681,0.06191,0.12895,0.31682,0.37823,0.68428,1.0,0.49825,0.35583,0.01538,-0.114,-0.15762,-0.168,-0.17675,-0.15675,-0.18541,-0.20267,-0.17301,-0.14717,-0.10247,-0.00487,0.08807,0.00037,0.03921,0.12362,0.10173,0.04335,0.06867,0.08189,0.0666,0.04423,0.04094,0.04056,0.02192,0.01183,0.00751,-0.0528,-0.12055,-0.11476,-0.04278,-0.02136,-0.00706,0.00279,0.04324,0.04377,-0.0255,0.03346,0.08281,0.07647,0.06323,0.00483,-0.0274,-0.03109,-0.02787,0.01214,0.05546,0.12665,0.12715,0.16288,0.13062,0.04322,-0.00842,-0.05593,-0.03672,0.01033,0.10378,0.21855,0.29706,0.20282,0.15246,0.16293,0.18993,0.09208,0.09979,0.20867,0.33454,0.40733,0.44316,0.48101,0.43605,0.1504,0.09635,0.03188,-0.0344,-0.04319,0.02904,0.00556,0.01366,0.07687,0.10471,0.02486,-0.03775,0.11774,0.1301,0.01052,0.01346,0.16218,0.08519,0.02087,0.07424,0.08477,0.01452,-0.00653,0.05914,0.09024,0.14958,0.18994,0.14511,0.04242
ASP40,-0.03757,-0.08606,-0.02551,0.0003,-0.0405,-0.06385,-0.07548,-0.03943,-0.01971,-0.0253,-0.00886,0.00982,0.04239,0.15567,0.18151,0.16616,0.05381,0.01536,-0.00392,-0.0401,-0.05861,-0.07837,-0.09755,-0.09478,-0.10436,-0.0835,-0.07174,-0.02195,-0.02749,0.0174,0.11763,0.117,0.25987,0.49825,1.0,0.71527,0.05342,-0.155,-0.20304,-0.26645,-0.26065,-0.26473,-0.24138,-0.20058,-0.07239,-0.08516,-0.0321,0.08513,0.18761,0.02894,0.12424,0.24043,0.20765,0.11926,0.1865,0.19841,0.16911,0.16069,0.15879,0.14273,0.10112,0.10496,0.07884,-0.02511,-0.1085,-0.11702,-0.06255,-0.05556,-0.05047,-0.06273,-0.01812,-0.03812,-0.09538,-0.00767,0.14611,0.14232,0.1226,-0.00096,-0.01312,-0.02545,-0.00043,-0.01157,0.01033,0.05225,0.0533,0.06171,0.02074,-0.03748,-0.02996,-0.07435,-0.09324,-0.04514,-0.00386,0.11082,0.14177,0.1115,0.14058,0.06305,0.04722,-0.00531,0.02097,0.23089,0.39337,0.51803,0.51777,0.41973,0.34943,0.23422,0.16451,0.15,0.03118,-0.03556,0.05374,0.10011,0.11227,0.04436,0.03882,-0.06616,-0.1743,-0.00341,0.06404,-0.09572,-0.08991,0.15361,0.04499,-0.07506,0.01674,0.05269,-0.02786,-0.04981,0.05621,0.09347,0.19848,0.26457,0.18893,0.05817
THR41,0.03292,-0.00813,-0.00476,0.01037,-0.0557,-0.08305,-0.13382,-0.13644,-0.12775,-0.1255,-0.09847,-0.05858,-0.03831,0.11471,0.13839,0.12129,-0.05032,-0.09079,-0.11427,-0.14877,-0.14653,-0.13729,-0.13013,-0.15099,-0.17158,-0.17635,-0.15316,-0.12181,-0.12951,-0.09689,-0.03145,-0.01024,0.15254,0.35583,0.71527,1.0,0.35951,0.05794,-0.03215,-0.10388,-0.076,-0.0793,-0.06747,-0.04418,0.00886,0.01077,0.09168,0.16975,0.23347,0.10407,0.07013,0.20329,0.19523,0.0746,0.10462,0.12292,0.0956,0.06343,0.08481,0.07513,0.01948,0.02768,0.03307,-0.03461,-0.10288,-0.13246,-0.11007,-0.11286,-0.12068,-0.10444,-0.05179,-0.05347,-0.09649,-0.04953,-0.00176,0.0329,0.0564,-0.085,-0.08859,-0.08294,-0.06194,-0.09322,-0.0824,-0.06861,-0.06269,-0.04453,-0.08061,-0.11473,-0.09398,-0.10983,-0.10138,-0.05925,-0.04605,0.02764,0.05645,0.06886,0.10478,0.05,0.05028,-0.00529,0.04303,0.21234,0.34677,0.39269,0.34275,0.26327,0.1989,0.10728,0.10497,0.08129,0.00522,-0.0395,0.0185,0.05961,0.10273,0.05622,0.0239,-0.06113,-0.10038,-0.04549,0.00264,-0.11051,-0.11974,0.07275,-0.01677,-0.10805,-0.01435,0.00941,-0.06378,-0.06936,0.03267,0.07803,0.18187,0.2348,0.14528,0.04652
PRO42,-0.00285,-0.04004,-0.03254,0.03385,0.01522,0.03247,-0.0385,-0.0984,-0.13331,-0.13266,-0.12396,-0.06801,-0.04142,-0.10594,-0.11654,-0.12404,-0.10996,-0.11537,-0.14096,-0.13708,-0.1189,-0.08658,-0.04216,-0.06782,-0.08998,-0.12868,-0.11337,-0.11104,-0.07028,-0.09129,-0.06716,0.13336,0.15837,0.01538,0.05342,0.35951,1.0,0.72557,0.61428,0.44206,0.35484,0.33005,0.20404,0.12674,0.01329,0.08477,0.14464,0.04642,0.18723,0.48405,0.14103,-0.0152,0.05771,0.04381,-0.09303,-0.14851,-0.10371,-0.14502,-0.13942,-0.10224,-0.10649,-0.12475,-0.07929,0.02098,0.0474,0.04948,0.02076,0.03599,0.05364,0.10089,0.13786,0.17688,0.22277,0.08615,-0.11004,-0.0875,-0.15375,-0.13732,-0.16127,-0.16723,-0.13308,-0.13196,-0.05389,-0.03484,0.04732,0.07553,0.0459,0.05462,0.01666,0.02993,0.08826,0.0842,0.08451,0.01451,0.04158,0.0445,0.01721,0.12983,0.17618,0.06654,0.04195,-0.03443,-0.02033,0.0882,0.12057,0.0654,-0.10638,-0.25973,-0.31629,-0.36284,-0.37364,-0.35605,-0.38139,-0.41926,-0.39507,-0.22579,-0.10888,0.08534,0.18049,0.08927,0.05082,0.11598,0.04392,-0.05168,-0.05336,-0.06845,-0.07193,-0.06959,-0.1268,-0.14833,-0.12414,-0.09595,-0.06778,-0.0165,-0.04903,-0.00638
GLU43,-0.03833,-0.12547,-0.21041,-0.17477,-0.2007,-0.17768,-0.28766,-0.3119,-0.33332,-0.35278,-0.32112,-0.23582,-0.23465,-0.13544,-0.14098,-0.26199,-0.36008,-0.38105,-0.42359,-0.42365,-0.40676,-0.37721,-0.31722,-0.321,-0.35969,-0.42009,-0.43095,-0.43478,-0.37384,-0.32653,-0.26405,-0.07132,0.05982,-0.114,-0.155,0.05794,0.72557,1.0,0.88616,0.83185,0.74823,0.70167,0.55773,0.45735,0.30309,0.38989,0.39952,0.02855,-0.06019,0.39584,0.05771,-0.07665,-0.0532,0.00053,-0.12401,-0.14405,-0.16529,-0.21034,-0.10582,-0.05983,-0.18186,-0.15784,-0.04267,0.04444,0.01153,-0.01554,-0.12147,-0.14214,-0.19056,-0.07931,-0.07552,0.01534,0.05631,-0.05111,-0.25995,-0.33828,-0.38131,-0.33918,-0.337,-0.37446,-0.36042,-0.4008,-0.34533,-0.31144,-0.20023,-0.06737,-0.08453,0.02628,-0.01017,0.07468,0.14872,0.2011,0.15545,0.02894,0.01874,0.12906,0.17053,0.19847,0.23575,0.15308,0.06417,-0.01078,-0.16504,0.00228,0.09107,0.06443,-0.14092,-0.34094,-0.34469,-0.36683,-0.35141,-0.33318,-0.37927,-0.45697,-0.40039,-0.16926,-0.04953,0.20874,0.30778,0.20355,0.21655,0.30345,0.156,0.07183,0.11701,0.10485,0.06019,0.02873,-0.01887,-0.0633,-0.08791,-0.09416,-0.142,-0.07085,-0.04259,-0.02751
THR44,0.04545,0.0166,-0.18659,-0.16429,-0.14959,-0.11319,-0.23253,-0.29233,-0.36393,-0.40095,-0.38642,-0.3045,-0.28169,-0.24372,-0.26925,-0.31824,-0.40236,-0.42207,-0.45958,-0.43381,-0.39139,-0.33421,-0.26311,-0.27841,-0.32831,-0.4084,-0.41519,-0.43695,-0.36732,-0.33205,-0.25419,-0.02306,0.06294,-0.15762,-0.20304,-0.03215,0.61428,0.88616,1.0,0.87527,0.7408,0.68284,0.54617,0.47118,0.40205,0.49565,0.42135,0.0771,-0.03135,0.38381,0.04757,-0.14726,-0.09088,-0.06872,-0.24749,-0.2524,-0.24421,-0.30636,-0.2133,-0.12822,-0.22692,-0.2388,-0.11875,-0.00542,0.0088,0.01112,-0.08579,-0.0562,-0.07647,0.07816,0.04543,0.15657,0.17679,0.03526,-0.31253,-0.3176,-0.35045,-0.33078,-0.33798,-0.37392,-0.34154,-0.38416,-0.30701,-0.26212,-0.13198,0.01813,-0.02048,0.07237,0.0113,0.10128,0.19634,0.21987,0.20008,0.0366,0.0352,0.13983,0.11583,0.10062,0.17472,0.10248,0.01764,-0.11004,-0.25119,-0.09568,-0.0312,-0.03393,-0.19817,-0.38116,-0.3721,-0.4044,-0.36037,-0.33532,-0.39802,-0.44126,-0.37167,-0.09739,-0.04751,0.19154,0.33267,0.16289,0.10749,0.21959,0.0932,-0.03536,-0.00135,0.01489,-0.02794,-0.07425,-0.09557,-0.1246,-0.17014,-0.16199,-0.205,-0.14914,-0.14118,-0.08504
LYS45,-0.0003,-0.0627,-0.24324,-0.23718,-0.21865,-0.17286,-0.30677,-0.35172,-0.42014,-0.47488,-0.46296,-0.39655,-0.40124,-0.24408,-0.267,-0.38003,-0.52961,-0.54371,-0.57782,-0.53989,-0.48743,-0.42692,-0.34838,-0.36839,-0.43321,-0.51977,-0.54544,-0.57897,-0.51618,-0.46145,-0.38959,-0.16775,0.02553,-0.168,-0.26645,-0.10388,0.44206,0.83185,0.87527,1.0,0.93624,0.87921,0.77485,0.69775,0.57378,0.61082,0.5489,0.12564,-0.15105,0.19697,-0.13343,-0.22849,-0.19575,-0.16699,-0.30609,-0.26443,-0.30639,-0.37373,-0.21012,-0.11728,-0.26047,-0.25638,-0.0938,0.00069,-0.00463,-0.0205,-0.14754,-0.13811,-0.1968,-0.03968,-0.08459,0.05553,0.08267,-0.04434,-0.43225,-0.46852,-0.45959,-0.45522,-0.44667,-0.49907,-0.47751,-0.53036,-0.47388,-0.4386,-0.29541,-0.09091,-0.11667,0.02589,-0.02529,0.10559,0.21321,0.25504,0.21288,0.01767,0.00534,0.19062,0.21469,0.12005,0.20905,0.16389,0.06095,-0.03615,-0.2759,-0.11113,-0.00336,-0.00192,-0.20435,-0.46102,-0.40884,-0.42683,-0.36932,-0.33877,-0.39988,-0.46841,-0.34909,-0.01033,-0.0239,0.21527,0.37935,0.21664,0.20453,0.32067,0.15171,0.07927,0.14146,0.15464,0.10523,0.05494,0.04,0.00109,-0.05851,-0.07888,-0.16849,-0.10077,-0.05162,-0.03524
HIS46,-0.03801,-0.12953,-0.19261,-0.16841,-0.1858,-0.16119,-0.3304,-0.38794,-0.46223,-0.52945,-0.50872,-0.47829,-0.51363,-0.29546,-0.29968,-0.43696,-0.63182,-0.62718,-0.65139,-0.60005,-0.53286,-0.45367,-0.36371,-0.41105,-0.48775,-0.5883,-0.61334,-0.66543,-0.61176,-0.5647,-0.49966,-0.26371,-0.00654,-0.17675,-0.26065,-0.076,0.35484,0.74823,0.7408,0.93624,1.0,0.96425,0.91859,0.85379,0.67807,0.661,0.62115,0.20247,-0.19331,0.06512,-0.28608,-0.29858,-0.28085,-0.25828,-0.3551,-0.29313,-0.35438,-0.41601,-0.2236,-0.12688,-0.27825,-0.25691,-0.07493,0.01439,0.01896,-0.0152,-0.1607,-0.16255,-0.25375,-0.12293,-0.14998,-0.00207,0.03055,-0.08334,-0.50983,-0.52073,-0.48682,-0.53072,-0.5078,-0.57138,-0.54294,-0.61911,-0.55989,-0.53975,-0.393,-0.19796,-0.21088,-0.02425,-0.04666,0.1072,0.20559,0.24762,0.16786,-0.05134,-0.07599,0.16067,0.191,0.04864,0.15919,0.13539,0.03236,-0.0315,-0.2868,-0.13176,-0.01723,-0.0059,-0.2001,-0.44889,-0.37421,-0.38548,-0.3178,-0.28401,-0.3355,-0.39053,-0.25372,0.09496,0.04195,0.19563,0.3719,0.21696,0.21654,0.31822,0.14047,0.11619,0.17406,0.17222,0.12531,0.09022,0.07297,0.02729,-0.01937,-0.05716,-0.15149,-0.08061,-0.01679,-0.0255
PRO47,-0.03704,-0.16415,-0.16039,-0.1081,-0.15237,-0.13361,-0.31539,-0.38475,-0.46096,-0.53866,-0.51877,-0.48973,-0.53599,-0.33302,-0.30968,-0.44823,-0.63703,-0.62656,-0.65212,-0.59351,-0.52404,-0.43743,-0.34405,-0.40266,-0.49001,-0.59394,-0.60776,-0.66068,-0.61029,-0.56643,-0.51044,-0.25398,0.01972,-0.15675,-0.26473,-0.0793,0.33005,0.70167,0.68284,0.87921,0.96425,1.0,0.94201,0.84572,0.65962,0.63119,0.58806,0.18847,-0.22345,0.02977,-0.33669,-0.33248,-0.32003,-0.28502,-0.36509,-0.31143,-0.36863,-0.42512,-0.24328,-0.15154,-0.29049,-0.26399,-0.07843,0.01982,0.03879,0.0034,-0.14331,-0.15172,-0.25681,-0.14015,-0.13765,-0.00487,0.03767,-0.07026,-0.48966,-0.51715,-0.48869,-0.51647,-0.49319,-0.56358,-0.54413,-0.62143,-0.56074,-0.53319,-0.39041,-0.22372,-0.23167,-0.03108,-0.04736,0.11751,0.2105,0.24031,0.14394,-0.08771,-0.11533,0.12617,0.145,0.02369,0.13333,0.10661,0.00129,-0.04781,-0.2937,-0.14194,-0.0109,0.01404,-0.1854,-0.41896,-0.34891,-0.3627,-0.29523,-0.25947,-0.30947,-0.36325,-0.23431,0.10016,0.07662,0.19061,0.3591,0.22093,0.23369,0.32598,0.14631,0.13175,0.19258,0.17731,0.11868,0.10756,0.08355,0.02319,-0.01031,-0.06275,-0.15617,-0.08338,-0.01418,-0.02882
LYS48,-0.03671,-0.1467,-0.09029,-0.04089,-0.08674,-0.08569,-0.29094,-0.382,-0.4896,-0.57722,-0.56348,-0.57472,-0.62693,-0.39254,-0.37211,-0.49277,-0.70285,-0.68381,-0.69585,-0.61539,-0.52251,-0.40816,-0.30457,-0.39053,-0.48327,-0.60888,-0.62292,-0.70117,-0.65558,-0.63306,-0.57207,-0.30658,-0.01752,-0.18541,-0.24138,-0.06747,0.20404,0.55773,0.54617,0.77485,0.91859,0.94201,1.0,0.96155,0.78278,0.7265,0.68919,0.32519,-0.21164,-0.08782,-0.44993,-0.38998,-0.38372,-0.379,-0.43146,-0.3564,-0.41811,-0.47602,-0.28056,-0.1764,-0.31219,-0.28758,-0.09087,0.00612,0.05426,0.02515,-0.12914,-0.12963,-0.24838,-0.14597,-0.15866,-0.00867,0.02603,-0.06634,-0.55657,-0.52388,-0.47568,-0.57219,-0.54388,-0.6129,-0.57329,-0.66492,-0.5897,-0.58085,-0.4387,-0.26858,-0.2683,-0.05062,-0.05652,0.11772,0.21037,0.23078,0.11961,-0.13366,-0.16357,0.09968,0.10072,-0.08659,0.03735,0.03666,-0.05076,-0.07752,-0.3142,-0.19317,-0.08158,-0.04663,-0.19796,-0.39787,-0.30139,-0.3015,-0.21415,-0.17429,-0.21747,-0.2449,-0.09983,0.23608,0.10955,0.14001,0.33556,0.18125,0.16706,0.24266,0.07474,0.10276,0.1471,0.12485,0.08095,0.08488,0.06839,0.01306,-0.00748,-0.06511,-0.14726,-0.0768,-0.01528,-0.03909
LYS49,-0.03434,-0.10747,-0.05318,-0.02379,-0.05265,-0.05986,-0.27122,-0.36952,-0.49948,-0.59083,-0.58345,-0.6145,-0.66275,-0.40995,-0.40093,-0.50508,-0.72664,-0.70536,-0.71001,-0.61902,-0.512,-0.38473,-0.27754,-0.37662,-0.46316,-0.59981,-0.61705,-0.71057,-0.66895,-0.66161,-0.5939,-0.33643,-0.05149,-0.20267,-0.20058,-0.04418,0.12674,0.45735,0.47118,0.69775,0.85379,0.84572,0.96155,1.0,0.86605,0.80019,0.76076,0.43184,-0.15997,-0.13849,-0.47884,-0.3954,-0.39378,-0.42211,-0.46266,-0.37143,-0.43635,-0.4978,-0.2974,-0.18694,-0.32092,-0.30031,-0.10742,-0.01718,0.05069,0.02984,-0.125,-0.11294,-0.22958,-0.13139,-0.16703,-0.00487,0.0151,-0.06458,-0.58675,-0.50246,-0.43732,-0.58762,-0.556,-0.61911,-0.56546,-0.67168,-0.5911,-0.5971,-0.45727,-0.27968,-0.27768,-0.06249,-0.06399,0.11459,0.20735,0.22118,0.10787,-0.14939,-0.17837,0.09224,0.08558,-0.15908,-0.02328,-0.00513,-0.07374,-0.08571,-0.30837,-0.21002,-0.12362,-0.09203,-0.20113,-0.37627,-0.25891,-0.25099,-0.15324,-0.1145,-0.15014,-0.15359,0.00409,0.32935,0.11262,0.09876,0.30581,0.14057,0.1027,0.16427,0.01068,0.07152,0.09931,0.07628,0.05254,0.0588,0.04937,0.00644,-0.00491,-0.05866,-0.12722,-0.06223,-0.01413,-0.04769
GLY50,0.01779,-0.00733,-0.0779,-0.10435,-0.08743,-0.08787,-0.2672,-0.3382,-0.48875,-0.58479,-0.6025,-0.61861,-0.64068,-0.38244,-0.37244,-0.48012,-0.70886,-0.703,-0.70593,-0.60442,-0.49122,-0.38013,-0.28453,-0.35501,-0.43391,-0.56273,-0.5978,-0.6939,-0.66368,-0.64364,-0.54968,-0.36063,-0.08515,-0.17301,-0.07239,0.00886,0.01329,0.30309,0.40205,0.57378,0.67807,0.65962,0.78278,0.86605,1.0,0.90747,0.80331,0.49864,-0.06991,-0.14791,-0.38248,-0.3176,-0.33735,-0.39888,-0.43585,-0.35033,-0.40849,-0.47939,-0.29183,-0.17699,-0.30723,-0.28991,-0.12141,-0.06387,-0.00642,-0.01675,-0.15407,-0.13311,-0.22617,-0.10079,-0.17552,-0.02729,-0.04005,-0.10737,-0.49854,-0.40767,-0.34787,-0.523,-0.47338,-0.54898,-0.50405,-0.62969,-0.56717,-0.56058,-0.43541,-0.24921,-0.27198,-0.08977,-0.08507,0.08876,0.18171,0.18397,0.09367,-0.122,-0.15145,0.09284,0.10496,-0.23227,-0.09597,-0.04058,-0.08159,-0.07124,-0.25265,-0.16991,-0.10891,-0.10622,-0.1648,-0.28856,-0.13976,-0.13433,-0.05882,-0.03147,-0.03012,-0.00976,0.15045,0.39111,0.09148,0.05554,0.20831,0.06356,0.02127,0.05216,-0.07154,0.03019,0.03682,0.01523,0.02005,0.01073,0.01387,7e-05,-0.01632,-0.04814,-0.09438,-0.03628,-0.01852,-0.05936
VAL51,-0.02541,-0.03041,-0.0768,-0.10915,-0.0773,-0.10043,-0.28012,-0.36552,-0.51467,-0.61011,-0.6243,-0.62449,-0.64108,-0.37514,-0.35253,-0.47158,-0.69368,-0.70164,-0.70936,-0.6181,-0.50487,-0.38486,-0.28589,-0.3541,-0.4215,-0.56754,-0.59864,-0.69889,-0.66054,-0.63989,-0.52066,-0.31064,-0.03948,-0.14717,-0.08516,0.01077,0.08477,0.38989,0.49565,0.61082,0.661,0.63119,0.7265,0.80019,0.90747,1.0,0.91776,0.61386,0.02825,-0.00883,-0.27795,-0.2512,-0.27472,-0.35445,-0.41499,-0.33994,-0.40126,-0.47031,-0.28243,-0.17346,-0.31477,-0.29602,-0.11938,-0.04829,0.00613,-0.01469,-0.1597,-0.13795,-0.22969,-0.10711,-0.18694,-0.0319,-0.03324,-0.08112,-0.50628,-0.42571,-0.39504,-0.54807,-0.50431,-0.56993,-0.5167,-0.64448,-0.57192,-0.56692,-0.44357,-0.24907,-0.2613,-0.07689,-0.06907,0.09598,0.18493,0.19382,0.10826,-0.09866,-0.1235,0.09156,0.09843,-0.19952,-0.08265,-0.05357,-0.09512,-0.06623,-0.23143,-0.15675,-0.10377,-0.09155,-0.14214,-0.26994,-0.11439,-0.1021,-0.02571,-0.00271,-0.014,-0.009,0.1282,0.36716,0.08683,0.06776,0.2278,0.08539,0.02495,0.04654,-0.07798,0.02945,0.02226,-0.00867,-0.00273,-0.01143,-0.02565,-0.04814,-0.04574,-0.06913,-0.09623,-0.02009,-0.02674,-0.10004
GLU52,-0.05115,-0.07932,-0.0496,-0.06775,-0.04711,-0.08214,-0.26646,-0.35438,-0.49158,-0.57739,-0.60001,-0.60752,-0.62651,-0.34188,-0.30475,-0.45562,-0.67365,-0.67873,-0.68052,-0.59582,-0.48239,-0.36411,-0.27144,-0.3467,-0.40938,-0.5533,-0.58484,-0.68137,-0.65093,-0.64037,-0.52635,-0.32492,-0.0306,-0.10247,-0.0321,0.09168,0.14464,0.39952,0.42135,0.5489,0.62115,0.58806,0.68919,0.76076,0.80331,0.91776,1.0,0.77169,0.15334,0.04681,-0.26322,-0.19491,-0.22836,-0.32772,-0.37432,-0.30342,-0.37648,-0.43266,-0.2464,-0.14951,-0.27655,-0.2544,-0.07952,-0.00818,0.03337,0.00315,-0.13852,-0.13979,-0.2461,-0.15567,-0.22467,-0.07387,-0.06544,-0.09178,-0.50017,-0.42663,-0.39051,-0.56061,-0.52096,-0.5789,-0.51851,-0.64359,-0.57528,-0.58104,-0.46562,-0.27889,-0.27253,-0.08968,-0.06313,0.08827,0.16149,0.1741,0.07334,-0.1057,-0.1435,0.05639,0.08694,-0.19234,-0.09566,-0.07452,-0.08172,-0.01932,-0.15698,-0.10658,-0.06707,-0.07445,-0.12143,-0.24901,-0.08605,-0.06731,0.00106,0.01929,0.01424,0.00877,0.14276,0.3603,0.06217,0.01567,0.18609,0.05433,0.00574,0.00904,-0.11184,0.03447,0.01933,-0.02542,0.00305,0.01071,-0.01976,-0.03701,-0.00306,-0.02268,-0.02323,0.05173,0.02867,-0.07313
LYS53,0.01744,0.02905,0.12867,0.12908,0.15315,0.09976,-0.05544,-0.17517,-0.3263,-0.39929,-0.44875,-0.49306,-0.49578,-0.34201,-0.27963,-0.35193,-0.46963,-0.45997,-0.43382,-0.344,-0.22665,-0.10292,-0.02545,-0.12111,-0.17943,-0.30059,-0.30866,-0.40348,-0.39256,-0.43568,-0.3651,-0.1946,0.01111,-0.00487,0.08513,0.16975,0.04642,0.02855,0.0771,0.12564,0.20247,0.18847,0.32519,0.43184,0.49864,0.61386,0.77169,1.0,0.48314,0.06505,-0.21991,-0.09995,-0.12388,-0.30121,-0.34228,-0.28284,-0.30652,-0.34979,-0.2584,-0.18217,-0.18985,-0.2066,-0.10527,-0.04999,0.03842,0.04487,-0.01784,0.01382,-0.04668,-0.00635,-0.04409,0.05369,0.03588,0.03915,-0.35371,-0.19987,-0.1621,-0.3606,-0.34402,-0.37089,-0.30176,-0.39112,-0.31077,-0.33761,-0.27189,-0.17907,-0.17875,-0.08445,-0.07022,0.0177,0.0689,0.02982,-0.03879,-0.15421,-0.16726,-0.0695,-0.10143,-0.31125,-0.2285,-0.21439,-0.13364,-0.0432,-0.0355,-0.08685,-0.11118,-0.12293,-0.0759,-0.1033,0.03653,0.04898,0.12022,0.13941,0.14609,0.18018,0.28072,0.405,0.05102,-0.15633,0.00355,-0.11528,-0.20045,-0.23841,-0.27814,-0.10124,-0.15371,-0.19807,-0.11431,-0.06009,-0.09633,-0.08015,0.01202,0.01588,0.09529,0.13307,0.05078,-0.05528
TYR54,0.01816,0.10769,0.1384,0.08915,0.10157,0.03863,0.00402,-0.03414,-0.05499,-0.06144,-0.07008,-0.05057,0.01195,0.02716,0.05907,-0.01231,0.00141,-0.01796,-0.01808,-0.02149,-0.00903,0.03953,0.0554,0.01144,0.01661,0.00674,0.01199,-7e-05,0.00407,-0.03154,-0.01143,-0.02625,0.00746,0.08807,0.18761,0.23347,0.18723,-0.06019,-0.03135,-0.15105,-0.19331,-0.22345,-0.21164,-0.15997,-0.06991,0.02825,0.15334,0.48314,1.0,0.59821,0.41786,0.44248,0.44234,0.2157,0.11438,0.08994,0.05331,0.03204,0.01089,-0.01572,0.01249,-0.01606,-0.03009,-0.04612,-0.02139,-0.02822,-0.03422,-0.01822,0.02663,0.00503,-0.0098,-0.0026,0.00876,0.03327,0.06122,0.07345,0.02998,-0.03411,-0.02874,-0.01404,0.006,-0.00744,0.01768,-0.0023,-0.01936,-0.01346,-0.03305,-0.09926,-0.07242,-0.08612,-0.09579,-0.1279,-0.11396,-0.0471,-0.0305,-0.096,-0.03693,-0.0007,-0.01767,-0.02956,0.10554,0.1618,0.26762,0.15035,0.03719,-0.02715,0.02304,0.02537,0.06805,0.08586,0.07129,0.06724,0.08278,0.06499,0.06265,-0.00854,-0.16037,-0.21473,-0.17735,-0.19473,-0.22269,-0.24543,-0.20978,-0.12031,-0.17121,-0.1711,-0.05047,-0.03791,-0.08403,-0.01719,0.07069,0.1516,0.26767,0.24301,0.1418,0.1162
GLY55,-0.04233,-0.00488,-0.06094,-0.08079,-0.09195,-0.12471,-0.12007,-0.11523,-0.07758,-0.05562,-0.0264,0.08031,0.13366,0.10081,0.13281,0.04897,0.07576,0.03071,-0.01637,-0.07093,-0.10971,-0.11163,-0.11368,-0.10061,-0.06959,-0.05546,-0.0461,-0.01825,0.01445,0.03085,0.07298,0.08719,0.04554,0.00037,0.02894,0.10407,0.48405,0.39584,0.38381,0.19697,0.06512,0.02977,-0.08782,-0.13849,-0.14791,-0.00883,0.04681,0.06505,0.59821,1.0,0.66602,0.46044,0.51613,0.42657,0.24586,0.17233,0.13212,0.1171,0.11389,0.07138,0.02554,0.03064,0.03046,0.03877,-0.01097,-0.04403,-0.0758,-0.0919,-0.05402,-0.03632,-0.03173,-0.03723,0.00968,-0.01952,0.12196,-0.01126,-0.11781,-0.03506,-0.03651,-0.03581,-0.04214,-0.02782,-0.01054,0.02242,0.03478,0.04489,0.02273,0.00092,0.00888,-0.01487,-0.02201,0.01097,0.03347,0.08375,0.08821,0.02679,0.09888,0.24265,0.17976,0.11275,0.12161,0.08986,0.16076,0.15807,0.10683,0.05259,-0.0112,-0.05392,-0.09013,-0.08475,-0.13026,-0.13264,-0.13927,-0.21592,-0.26374,-0.30818,-0.17988,0.01772,0.00747,0.01017,0.00873,0.03948,0.02284,-0.05388,-0.0714,-0.06254,-0.04714,-0.08222,-0.12459,-0.10945,-0.09666,-0.02875,0.02491,0.03445,-0.01813,0.00914
PRO56,-0.01883,0.05306,-0.13833,-0.22466,-0.21043,-0.2369,-0.12172,-0.0196,0.10335,0.15715,0.1967,0.31823,0.39202,0.37223,0.38379,0.28629,0.33219,0.26436,0.21946,0.11067,0.02162,-0.05095,-0.10797,-0.03208,0.04446,0.12843,0.12421,0.19558,0.19937,0.25438,0.27821,0.056,-0.08122,0.03921,0.12424,0.07013,0.14103,0.05771,0.04757,-0.13343,-0.28608,-0.33669,-0.44993,-0.47884,-0.38248,-0.27795,-0.26322,-0.21991,0.41786,0.66602,1.0,0.77155,0.68034,0.66234,0.58613,0.4792,0.40218,0.4204,0.36944,0.26322,0.20122,0.20289,0.11857,0.0279,-0.10995,-0.15402,-0.13299,-0.16784,-0.09346,-0.0877,-0.10466,-0.18045,-0.16216,-0.11061,0.36521,0.1643,0.05493,0.17839,0.19153,0.22338,0.17757,0.21367,0.15427,0.17763,0.11866,0.0936,0.06947,-0.02869,0.00517,-0.09083,-0.15352,-0.08296,-0.01445,0.17589,0.17642,0.03843,0.18556,0.33014,0.17432,0.16178,0.19583,0.1891,0.30536,0.248,0.15359,0.08045,0.09388,0.15859,0.11838,0.14971,0.05908,0.02449,0.04635,-0.01851,-0.12187,-0.35226,-0.19556,-0.01284,-0.16225,-0.0665,-0.01836,-0.03167,0.02936,-0.02731,-0.05898,-0.01836,0.01141,-0.07404,-0.08383,-0.02465,-0.05036,0.04629,0.10113,0.05493,-0.00365,0.02399
GLU57,-0.03811,-0.02637,-0.16287,-0.24773,-0.28433,-0.33887,-0.25351,-0.14063,-0.0083,0.04144,0.09727,0.21571,0.27761,0.38617,0.43838,0.27011,0.2331,0.1614,0.11275,-0.00719,-0.09612,-0.16418,-0.21304,-0.15148,-0.08875,-0.00852,-0.00271,0.07616,0.06694,0.14369,0.17553,-0.07923,-0.09888,0.12362,0.24043,0.20329,-0.0152,-0.07665,-0.14726,-0.22849,-0.29858,-0.33248,-0.38998,-0.3954,-0.3176,-0.2512,-0.19491,-0.09995,0.44248,0.46044,0.77155,1.0,0.76456,0.60041,0.67437,0.63341,0.48857,0.48078,0.45508,0.32601,0.22475,0.21699,0.13665,-0.00328,-0.17501,-0.24498,-0.23466,-0.30156,-0.25432,-0.24051,-0.21562,-0.28677,-0.28378,-0.15673,0.34815,0.14339,0.07522,0.11776,0.13771,0.1596,0.11614,0.12834,0.05028,0.06472,-0.01892,-0.04755,-0.07202,-0.14904,-0.09846,-0.17029,-0.23056,-0.1429,-0.0987,0.1052,0.10662,0.03528,0.21617,0.29432,0.12966,0.12524,0.19241,0.30112,0.45203,0.33634,0.24212,0.15952,0.18242,0.24927,0.26039,0.31029,0.22141,0.17679,0.22065,0.16388,0.08721,-0.16616,-0.08421,-0.04822,-0.219,-0.09272,0.00543,-0.07195,-0.02499,0.05614,-0.00049,-0.01554,0.0504,-0.00624,-0.04138,0.00598,0.03174,0.13119,0.20423,0.17441,0.10194,0.04446
ALA58,-0.03344,0.02302,-0.0821,-0.17599,-0.20331,-0.25481,-0.15894,-0.05368,0.08283,0.12365,0.19024,0.31417,0.36672,0.42323,0.4492,0.33432,0.31028,0.24603,0.19127,0.07324,-0.02312,-0.07465,-0.1295,-0.08558,-0.02205,0.05866,0.07405,0.15245,0.14735,0.20106,0.21863,0.02283,-0.03083,0.10173,0.20765,0.19523,0.05771,-0.0532,-0.09088,-0.19575,-0.28085,-0.32003,-0.38372,-0.39378,-0.33735,-0.27472,-0.22836,-0.12388,0.44234,0.51613,0.68034,0.76456,1.0,0.7834,0.6568,0.64241,0.524,0.49522,0.46023,0.34192,0.22405,0.22175,0.13519,0.00996,-0.12612,-0.18767,-0.17653,-0.2106,-0.14296,-0.16266,-0.16626,-0.21269,-0.18055,-0.12251,0.27654,0.11324,0.05885,0.10693,0.10559,0.14941,0.12066,0.16168,0.09823,0.10654,0.04671,0.02856,0.00813,-0.08646,-0.04428,-0.12757,-0.18483,-0.10256,-0.03393,0.13812,0.15356,0.08505,0.23727,0.31538,0.17946,0.16812,0.22265,0.28405,0.44251,0.32141,0.19823,0.12788,0.12068,0.14432,0.13058,0.14879,0.06216,0.02497,0.05185,0.00151,-0.06147,-0.2679,-0.17485,-0.0606,-0.17067,-0.0659,-0.01726,-0.03987,-0.00085,0.0066,-0.03282,-0.02052,0.02561,-0.03777,-0.059,-0.0081,0.00275,0.10111,0.16522,0.13057,0.06242,0.05315
SER59,-0.06275,-0.02665,-0.09957,-0.1888,-0.2421,-0.28264,-0.16681,-0.02798,0.15005,0.20131,0.29272,0.42961,0.44994,0.49959,0.49484,0.39406,0.37876,0.31425,0.25788,0.12214,-0.00888,-0.07858,-0.1494,-0.10363,-0.02553,0.08762,0.10644,0.20676,0.21107,0.28599,0.27874,0.05711,-0.04511,0.04335,0.11926,0.0746,0.04381,0.00053,-0.06872,-0.16699,-0.25828,-0.28502,-0.379,-0.42211,-0.39888,-0.35445,-0.32772,-0.30121,0.2157,0.42657,0.66234,0.60041,0.7834,1.0,0.79628,0.67954,0.55389,0.57942,0.53921,0.38075,0.24111,0.26876,0.18445,0.04993,-0.10535,-0.18279,-0.17671,-0.21934,-0.16134,-0.20179,-0.19313,-0.24508,-0.20733,-0.15202,0.30701,0.09779,0.04529,0.16774,0.16709,0.21851,0.1704,0.21969,0.13646,0.14622,0.07394,0.03828,0.0277,-0.05561,-0.0232,-0.10755,-0.18431,-0.10153,-0.04365,0.1487,0.15305,0.05083,0.22616,0.3735,0.21086,0.18839,0.19628,0.22665,0.32643,0.26876,0.18456,0.12796,0.09458,0.14394,0.09014,0.11092,0.02737,-0.00642,0.00327,-0.05873,-0.13544,-0.35718,-0.16631,0.00832,-0.13277,-0.01119,0.07073,0.06417,0.08943,0.03681,0.04416,0.05887,0.05644,0.00361,0.00335,0.02606,0.00297,0.05576,0.07574,0.04683,0.03819,0.06374
ALA60,-0.09545,-0.08912,-0.12179,-0.21703,-0.29178,-0.34095,-0.21278,-0.05589,0.1484,0.21148,0.3069,0.42398,0.42813,0.5446,0.54188,0.41125,0.38848,0.3254,0.27911,0.12876,-0.01171,-0.11394,-0.19247,-0.12951,-0.04298,0.08689,0.09946,0.20829,0.18832,0.27061,0.265,-0.03,-0.10426,0.06867,0.1865,0.10462,-0.09303,-0.12401,-0.24749,-0.30609,-0.3551,-0.36509,-0.43146,-0.46266,-0.43585,-0.41499,-0.37432,-0.34228,0.11438,0.24586,0.58613,0.67437,0.6568,0.79628,1.0,0.86362,0.69597,0.74506,0.69441,0.49571,0.3567,0.36825,0.2479,0.08124,-0.10922,-0.20635,-0.19369,-0.28524,-0.25029,-0.30847,-0.27616,-0.35205,-0.31245,-0.19008,0.38848,0.14218,0.0985,0.20886,0.21892,0.2553,0.19056,0.22627,0.1205,0.12557,0.01669,-0.04827,-0.04081,-0.10371,-0.03421,-0.11414,-0.21818,-0.11561,-0.08424,0.13363,0.10978,0.03394,0.23276,0.34732,0.13818,0.14074,0.14784,0.24846,0.37045,0.29315,0.22543,0.16543,0.15881,0.26028,0.22873,0.27894,0.18262,0.13515,0.16276,0.10395,0.01077,-0.28552,-0.09575,-0.00866,-0.20355,-0.03315,0.08698,0.02675,0.06369,0.08624,0.07053,0.04903,0.05905,0.02234,0.00918,0.01938,0.01889,0.06874,0.10066,0.07747,0.06654,0.0401
PHE61,-0.1018,-0.08744,-0.13809,-0.24211,-0.30602,-0.35279,-0.23877,-0.08971,0.10273,0.14867,0.24047,0.36228,0.3672,0.51125,0.50816,0.37197,0.32359,0.25541,0.20888,0.06858,-0.05636,-0.14603,-0.21459,-0.15619,-0.08362,0.02492,0.03935,0.13856,0.12373,0.20948,0.21792,-0.05644,-0.09455,0.08189,0.19841,0.12292,-0.14851,-0.14405,-0.2524,-0.26443,-0.29313,-0.31143,-0.3564,-0.37143,-0.35033,-0.33994,-0.30342,-0.28284,0.08994,0.17233,0.4792,0.63341,0.64241,0.67954,0.86362,1.0,0.78572,0.73147,0.72977,0.57737,0.38588,0.35274,0.24394,0.06445,-0.12064,-0.21772,-0.20854,-0.28987,-0.26308,-0.29659,-0.27562,-0.3289,-0.29464,-0.18981,0.31685,0.10084,0.07675,0.15408,0.15903,0.18685,0.13506,0.16415,0.0644,0.07443,-0.01747,-0.05491,-0.05199,-0.09784,-0.03127,-0.10891,-0.18957,-0.07094,-0.02705,0.15437,0.13306,0.10951,0.29684,0.33362,0.13882,0.155,0.16077,0.26481,0.39655,0.30078,0.22039,0.16296,0.15777,0.22256,0.21128,0.25437,0.16919,0.12432,0.15674,0.10518,0.03492,-0.20823,-0.08138,-0.0198,-0.18691,-0.02576,0.07196,0.01175,0.04577,0.09249,0.05714,0.03065,0.05397,0.00773,-0.00569,0.0079,0.012,0.08195,0.11452,0.09363,0.06694,0.01855
THR62,-0.03487,-0.01752,-0.08842,-0.16802,-0.20004,-0.24185,-0.12599,-0.01481,0.13941,0.2007,0.25766,0.38351,0.40104,0.44766,0.48174,0.37794,0.37778,0.31889,0.27603,0.14964,0.04122,-0.05371,-0.10842,-0.04322,0.02337,0.12461,0.14423,0.24235,0.22296,0.29301,0.28684,0.05815,-0.05974,0.0666,0.16911,0.0956,-0.10371,-0.16529,-0.24421,-0.30639,-0.35438,-0.36863,-0.41811,-0.43635,-0.40849,-0.40126,-0.37648,-0.30652,0.05331,0.13212,0.40218,0.48857,0.524,0.55389,0.69597,0.78572,1.0,0.84498,0.67383,0.59186,0.50994,0.42841,0.25945,0.10994,-0.06338,-0.13797,-0.08411,-0.15098,-0.09631,-0.12697,-0.10423,-0.17191,-0.15176,-0.07707,0.3471,0.18678,0.13908,0.2512,0.23203,0.26127,0.21162,0.26406,0.18559,0.21798,0.13157,0.05895,0.07739,-0.00688,0.03699,-0.07592,-0.1593,-0.06826,0.00802,0.17795,0.16493,0.08349,0.17769,0.24104,0.06918,0.08408,0.08232,0.12898,0.28477,0.21096,0.13828,0.08547,0.08869,0.16651,0.13691,0.16448,0.08644,0.05276,0.07731,0.05348,-0.01746,-0.23261,-0.10879,-0.03977,-0.18154,-0.05876,-0.00523,-0.0449,0.0082,-0.01696,-0.04081,-0.0475,-0.04612,-0.08556,-0.08109,-0.05967,-0.07128,-0.00869,0.02311,-0.00646,-0.04347,-0.04045
LYS63,-0.05842,-0.05037,-0.07279,-0.14683,-0.19409,-0.22933,-0.10027,0.0328,0.22119,0.29789,0.36486,0.46507,0.4618,0.47137,0.45951,0.38385,0.42001,0.38071,0.35711,0.21615,0.08948,-0.02667,-0.0956,-0.02587,0.05301,0.17409,0.19102,0.29551,0.25469,0.31064,0.28098,0.02693,-0.09506,0.04423,0.16069,0.06343,-0.14502,-0.21034,-0.30636,-0.37373,-0.41601,-0.42512,-0.47602,-0.4978,-0.47939,-0.47031,-0.43266,-0.34979,0.03204,0.1171,0.4204,0.48078,0.49522,0.57942,0.74506,0.73147,0.84498,1.0,0.79475,0.6316,0.60747,0.55486,0.3471,0.19422,-0.02553,-0.11345,-0.05682,-0.15343,-0.12047,-0.18055,-0.15502,-0.23213,-0.19289,-0.102,0.37772,0.20537,0.15367,0.25918,0.25342,0.28811,0.24241,0.28871,0.19791,0.20763,0.10825,0.01584,0.04072,-0.03195,0.06691,-0.04936,-0.18079,-0.09465,-0.0515,0.15489,0.11907,0.01324,0.139,0.23658,0.05248,0.06529,0.0687,0.13653,0.26878,0.19972,0.14293,0.09021,0.10184,0.21728,0.17965,0.22418,0.14276,0.09809,0.11029,0.09243,0.00145,-0.26045,-0.08856,-0.02438,-0.19482,-0.06065,0.0194,-0.02599,0.02148,0.00689,-0.00922,-0.03033,-0.03089,-0.04913,-0.04585,-0.03827,-0.04069,-0.00399,0.03357,0.00403,-0.01439,-0.01122
LYS64,-0.12995,-0.12156,-0.12177,-0.20672,-0.26317,-0.29637,-0.19817,-0.05578,0.13667,0.17356,0.25149,0.35737,0.31516,0.42896,0.44796,0.29714,0.25946,0.21956,0.17799,0.05248,-0.06003,-0.15893,-0.21796,-0.15517,-0.10096,-0.00026,-0.00214,0.09049,0.05914,0.14081,0.14275,-0.08839,-0.10366,0.04094,0.15879,0.08481,-0.13942,-0.10582,-0.2133,-0.21012,-0.2236,-0.24328,-0.28056,-0.2974,-0.29183,-0.28243,-0.2464,-0.2584,0.01089,0.11389,0.36944,0.45508,0.46023,0.53921,0.69441,0.72977,0.67383,0.79475,1.0,0.78482,0.57101,0.54409,0.42314,0.24991,-0.00665,-0.13908,-0.12271,-0.23206,-0.24568,-0.29149,-0.29134,-0.33239,-0.27871,-0.20995,0.2265,0.03666,0.0109,0.08587,0.10178,0.12219,0.08076,0.0889,-0.00446,0.00239,-0.05885,-0.08262,-0.04798,-0.05292,0.05581,-0.01977,-0.13985,-0.02617,-0.01575,0.14339,0.09207,0.06447,0.22787,0.24042,0.08168,0.08491,0.06698,0.17514,0.25965,0.21226,0.17023,0.11956,0.12659,0.19837,0.20587,0.25435,0.17957,0.13351,0.14204,0.09538,0.02389,-0.1925,-0.05041,0.00406,-0.15334,-0.02133,0.08349,0.02623,0.03284,0.06785,0.05529,0.00935,0.00928,-0.00845,-0.02642,-0.03414,-0.02701,-0.00089,0.02968,0.03743,0.01715,-0.03118
MET65,-0.10813,-0.09463,-0.12969,-0.18881,-0.21394,-0.23731,-0.17361,-0.07179,0.08044,0.10028,0.14164,0.21411,0.16378,0.2686,0.30813,0.20168,0.14184,0.10719,0.06957,-0.01727,-0.09776,-0.17634,-0.20346,-0.14547,-0.11561,-0.04909,-0.05684,0.00776,-0.00711,0.07542,0.1152,-0.04486,-0.05925,0.04056,0.14273,0.07513,-0.10224,-0.05983,-0.12822,-0.11728,-0.12688,-0.15154,-0.1764,-0.18694,-0.17699,-0.17346,-0.14951,-0.18217,-0.01572,0.07138,0.26322,0.32601,0.34192,0.38075,0.49571,0.57737,0.59186,0.6316,0.78482,1.0,0.70823,0.56267,0.47388,0.36095,0.08243,-0.03627,-0.03989,-0.14684,-0.16802,-0.18617,-0.20509,-0.23143,-0.18638,-0.15582,0.13613,0.00359,-0.01727,0.03752,0.03784,0.041,0.02721,0.02156,-0.0409,-0.01058,-0.03064,-0.02349,0.00831,0.03391,0.15411,0.06772,-0.03881,0.07955,0.08872,0.22303,0.14257,0.12909,0.25201,0.20024,0.0765,0.06332,0.04157,0.11962,0.19231,0.1689,0.13229,0.09143,0.10432,0.13464,0.13877,0.1713,0.10448,0.06065,0.06465,0.02707,-0.02614,-0.14975,-0.06266,-0.0091,-0.10257,-0.01483,0.04382,0.00258,0.00502,0.02374,-0.00016,-0.04193,-0.04529,-0.06636,-0.08923,-0.09915,-0.08901,-0.05405,-0.01776,-0.00364,-0.03903,-0.07727
VAL66,-0.05002,-0.01949,-0.00729,-0.03444,-0.02071,-0.02741,0.0527,0.11874,0.25931,0.26425,0.26242,0.26067,0.21121,0.19344,0.21764,0.17809,0.22702,0.22778,0.2382,0.18578,0.11318,0.0221,-0.01029,0.04278,0.08103,0.1578,0.14429,0.19215,0.15374,0.17105,0.16241,0.02594,-0.05943,0.02192,0.10112,0.01948,-0.10649,-0.18186,-0.22692,-0.26047,-0.27825,-0.29049,-0.31219,-0.32092,-0.30723,-0.31477,-0.27655,-0.18985,0.01249,0.02554,0.20122,0.22475,0.22405,0.24111,0.3567,0.38588,0.50994,0.60747,0.57101,0.70823,1.0,0.75499,0.50735,0.46618,0.18122,0.10121,0.16135,0.05665,0.0461,-0.0232,-0.04631,-0.09738,-0.06029,-0.03649,0.19667,0.11864,0.08777,0.15477,0.13612,0.14985,0.14396,0.16106,0.11479,0.13619,0.1067,0.06392,0.11635,0.09753,0.23443,0.11939,-0.02159,0.02215,0.03656,0.162,0.08928,0.00483,0.07242,0.11221,0.0049,-0.01187,-0.00211,0.02674,0.12602,0.08527,0.04921,0.01057,0.04146,0.10741,0.09059,0.1214,0.06033,0.01628,0.00403,-0.00357,-0.08017,-0.21269,-0.11275,-0.07393,-0.14909,-0.08342,-0.06048,-0.07632,-0.03489,-0.07964,-0.09137,-0.09834,-0.09978,-0.11148,-0.1102,-0.09515,-0.08483,-0.06167,-0.02321,-0.03734,-0.06717,-0.04306
GLU67,-0.10942,-0.09944,-0.00778,-0.05984,-0.06745,-0.08049,0.01004,0.11135,0.27427,0.28247,0.29793,0.27778,0.20807,0.23494,0.26921,0.17765,0.20548,0.22027,0.22823,0.17228,0.08821,-0.01427,-0.05447,0.00862,0.04725,0.13053,0.10587,0.15575,0.10992,0.12591,0.10435,-0.05069,-0.06691,0.01183,0.10496,0.02768,-0.12475,-0.15784,-0.2388,-0.25638,-0.25691,-0.26399,-0.28758,-0.30031,-0.28991,-0.29602,-0.2544,-0.2066,-0.01606,0.03064,0.20289,0.21699,0.22175,0.26876,0.36825,0.35274,0.42841,0.55486,0.54409,0.56267,0.75499,1.0,0.72393,0.52142,0.19216,0.04308,0.07751,-0.04836,-0.08061,-0.18844,-0.19553,-0.23554,-0.17222,-0.10987,0.1868,0.05922,0.02839,0.10602,0.12028,0.13561,0.1118,0.11029,0.0448,0.04186,-0.00666,-0.06258,0.00654,0.01351,0.18621,0.10788,-0.08104,-0.03218,-0.06219,0.08222,0.00971,-0.06129,0.05469,0.09425,-0.00578,-0.0235,-0.03523,0.05014,0.11427,0.09677,0.08464,0.06337,0.09304,0.16957,0.1669,0.20365,0.13985,0.09803,0.0857,0.06457,-0.01508,-0.2038,-0.06427,-0.02938,-0.13903,-0.03842,0.0312,-0.00919,0.00445,-0.00236,0.00431,-0.03661,-0.05386,-0.035,-0.04173,-0.06199,-0.0376,-0.05023,-0.02832,-0.01145,-0.01126,-0.01838
ASN68,-0.13827,-0.15803,-0.04799,-0.08461,-0.10513,-0.12069,-0.08849,-0.01435,0.11719,0.1046,0.12599,0.12532,0.05119,0.13202,0.18683,0.08002,0.04265,0.04933,0.02959,-0.00904,-0.07064,-0.13769,-0.16096,-0.12399,-0.10822,-0.05681,-0.07491,-0.03099,-0.05117,-0.01037,0.00227,-0.08527,-0.0455,0.00751,0.07884,0.03307,-0.07929,-0.04267,-0.11875,-0.0938,-0.07493,-0.07843,-0.09087,-0.10742,-0.12141,-0.11938,-0.07952,-0.10527,-0.03009,0.03046,0.11857,0.13665,0.13519,0.18445,0.2479,0.24394,0.25945,0.3471,0.42314,0.47388,0.50735,0.72393,1.0,0.7096,0.31109,0.12434,0.07736,-0.06503,-0.15238,-0.23666,-0.24811,-0.25655,-0.1894,-0.11961,0.08706,-0.01768,-0.01405,-0.00681,0.01468,0.00351,-0.00279,-0.03979,-0.0956,-0.09219,-0.10421,-0.1153,-0.04276,0.04701,0.23642,0.20284,0.03141,0.08808,0.01983,0.07861,-0.01007,-0.02934,0.07363,0.0648,-0.0089,-0.05993,-0.09316,0.02402,0.05764,0.07419,0.08628,0.08366,0.10249,0.12896,0.14913,0.17659,0.12751,0.09297,0.08297,0.05654,0.00837,-0.1144,-0.01143,0.0067,-0.0637,0.01425,0.07659,0.01753,-0.01703,0.02187,0.01457,-0.06933,-0.08103,-0.03714,-0.08053,-0.12957,-0.08201,-0.10955,-0.05954,-0.00355,-0.01808,-0.05542
ALA69,-0.14098,-0.14535,0.01674,0.02827,0.03902,0.02012,0.01273,-0.00761,0.06911,0.04853,0.04969,0.02306,-0.03811,-0.0081,0.04772,-0.00606,-0.0188,-0.00928,-0.01638,-0.026,-0.05435,-0.07398,-0.0696,-0.0688,-0.06091,-0.0548,-0.06595,-0.05272,-0.06287,-0.04298,-0.03428,-0.0277,-0.01942,-0.0528,-0.02511,-0.03461,0.02098,0.04444,-0.00542,0.00069,0.01439,0.01982,0.00612,-0.01718,-0.06387,-0.04829,-0.00818,-0.04999,-0.04612,0.03877,0.0279,-0.00328,0.00996,0.04993,0.08124,0.06445,0.10994,0.19422,0.24991,0.36095,0.46618,0.52142,0.7096,1.0,0.59859,0.38236,0.25322,0.09456,-0.00748,-0.11399,-0.15061,-0.14881,-0.05391,-0.05327,0.02538,-0.04428,-0.03409,-0.02663,-0.02291,-0.04362,-0.03456,-0.07866,-0.11331,-0.08487,-0.07161,-0.0634,0.02961,0.18859,0.41503,0.38101,0.19323,0.23248,0.12417,0.0897,-0.00734,-0.02988,0.00841,0.02028,-0.02083,-0.08671,-0.11335,-0.06078,-0.04123,-0.01322,-0.00768,0.00133,0.03524,0.03918,0.03828,0.04668,0.01125,-0.02279,-0.04846,-0.05923,-0.10564,-0.14702,-0.06683,-0.02052,-0.00845,-0.00505,0.00914,-0.00031,-0.02935,-0.04858,-0.05439,-0.11381,-0.13442,-0.09921,-0.13125,-0.17771,-0.13951,-0.16522,-0.10941,-0.05063,-0.0776,-0.07836
LYS70,-0.11916,-0.07163,0.24106,0.24384,0.28835,0.26046,0.20567,0.102,0.05648,0.00212,-0.0249,-0.06441,-0.10574,-0.12527,-0.09288,-0.09481,-0.04549,-0.02835,-0.00575,0.04958,0.06536,0.12328,0.15228,0.07331,0.06885,0.03437,0.02494,-0.00865,-0.01556,-0.06065,-0.06348,0.04938,0.00495,-0.12055,-0.1085,-0.10288,0.0474,0.01153,0.0088,-0.00463,0.01896,0.03879,0.05426,0.05069,-0.00642,0.00613,0.03337,0.03842,-0.02139,-0.01097,-0.10995,-0.17501,-0.12612,-0.10535,-0.10922,-0.12064,-0.06338,-0.02553,-0.00665,0.08243,0.18122,0.19216,0.31109,0.59859,1.0,0.7111,0.471,0.28374,0.18592,0.00848,-0.04934,-0.0444,0.07306,0.02524,-0.04178,-0.0854,-0.05236,-0.03005,-0.02649,-0.04335,-0.02764,-0.06485,-0.07328,-0.05827,-0.02996,-0.04131,0.07275,0.23811,0.48589,0.48935,0.28685,0.24822,0.09424,0.00183,-0.07874,-0.10421,-0.13319,-0.10027,-0.09129,-0.15054,-0.15933,-0.17326,-0.15538,-0.13731,-0.15193,-0.10434,-0.04502,-0.02962,-0.04654,-0.05393,-0.05861,-0.07097,-0.10689,-0.10668,-0.13078,-0.15584,-0.14786,-0.127,-0.00928,-0.03491,-0.09142,-0.06179,-0.0635,-0.12514,-0.12366,-0.15061,-0.17507,-0.12681,-0.13873,-0.17611,-0.1434,-0.17771,-0.13384,-0.09924,-0.11801,-0.08273
LYS71,-0.05775,0.00631,0.2563,0.29795,0.37178,0.38558,0.33363,0.20628,0.09305,0.03388,-0.02142,-0.08072,-0.10094,-0.19572,-0.18408,-0.11227,-0.03149,0.00041,0.04196,0.12912,0.16138,0.21334,0.2405,0.16854,0.14728,0.10686,0.11705,0.05794,0.04971,-0.02886,-0.02661,0.12268,0.0297,-0.11476,-0.11702,-0.13246,0.04948,-0.01554,0.01112,-0.0205,-0.0152,0.0034,0.02515,0.02984,-0.01675,-0.01469,0.00315,0.04487,-0.02822,-0.04403,-0.15402,-0.24498,-0.18767,-0.18279,-0.20635,-0.21772,-0.13797,-0.11345,-0.13908,-0.03627,0.10121,0.04308,0.12434,0.38236,0.7111,1.0,0.68958,0.46019,0.33621,0.18233,0.11848,0.10851,0.18901,0.08833,-0.06854,-0.03709,-0.0229,0.00228,-0.01642,-0.02218,0.00321,-0.01188,0.01082,0.03696,0.088,0.07965,0.20742,0.35262,0.49718,0.47928,0.35492,0.26711,0.15899,0.04229,-0.02958,-0.08523,-0.1722,-0.12954,-0.10647,-0.16156,-0.15539,-0.21742,-0.1891,-0.16338,-0.1891,-0.14359,-0.08184,-0.07265,-0.11559,-0.14663,-0.1449,-0.14882,-0.1805,-0.15727,-0.17261,-0.16362,-0.16736,-0.14919,-0.03025,-0.07869,-0.14369,-0.1025,-0.09156,-0.17359,-0.16876,-0.17902,-0.19445,-0.13083,-0.13757,-0.16474,-0.13506,-0.1634,-0.12543,-0.10382,-0.12289,-0.06302
ILE72,0.01669,0.06454,0.2864,0.39806,0.48873,0.57917,0.54592,0.39679,0.25074,0.18542,0.10158,0.01784,-0.00718,-0.18573,-0.18994,-0.03545,0.09052,0.1278,0.19346,0.30091,0.31795,0.3403,0.33749,0.27844,0.23514,0.23157,0.26009,0.21125,0.19218,0.10167,0.11432,0.22704,0.06844,-0.04278,-0.06255,-0.11007,0.02076,-0.12147,-0.08579,-0.14754,-0.1607,-0.14331,-0.12914,-0.125,-0.15407,-0.1597,-0.13852,-0.01784,-0.03422,-0.0758,-0.13299,-0.23466,-0.17653,-0.17671,-0.19369,-0.20854,-0.08411,-0.05682,-0.12271,-0.03989,0.16135,0.07751,0.07736,0.25322,0.471,0.68958,1.0,0.77758,0.56046,0.35653,0.27272,0.2109,0.23094,0.14264,-0.01472,0.05555,0.04499,0.09824,0.07548,0.07152,0.08636,0.11075,0.13751,0.17466,0.25493,0.26527,0.42911,0.52516,0.50594,0.34513,0.28594,0.21672,0.19847,0.10967,0.05013,-0.08147,-0.20752,-0.1479,-0.15535,-0.20609,-0.17954,-0.25126,-0.18618,-0.17222,-0.19303,-0.14547,-0.0826,-0.06088,-0.14423,-0.17907,-0.18452,-0.18411,-0.21129,-0.16686,-0.18593,-0.19349,-0.17426,-0.19813,-0.10847,-0.15238,-0.19956,-0.1686,-0.14844,-0.23436,-0.21771,-0.23367,-0.2462,-0.16961,-0.16678,-0.18195,-0.15002,-0.17739,-0.13451,-0.11502,-0.14857,-0.07969
GLU73,0.04838,0.20685,0.39349,0.5227,0.64257,0.70253,0.61074,0.42098,0.24778,0.18069,0.10064,0.01601,0.0039,-0.23157,-0.25924,-0.03923,0.10675,0.14445,0.20271,0.31865,0.35388,0.43104,0.43619,0.34015,0.28991,0.2654,0.29683,0.245,0.24801,0.14867,0.17606,0.31472,0.09107,-0.02136,-0.05556,-0.11286,0.03599,-0.14214,-0.0562,-0.13811,-0.16255,-0.15172,-0.12963,-0.11294,-0.13311,-0.13795,-0.13979,0.01382,-0.01822,-0.0919,-0.16784,-0.30156,-0.2106,-0.21934,-0.28524,-0.28987,-0.15098,-0.15343,-0.23206,-0.14684,0.05665,-0.04836,-0.06503,0.09456,0.28374,0.46019,0.77758,1.0,0.80745,0.59176,0.4478,0.37314,0.35142,0.23129,-0.04933,0.07152,0.04594,0.10407,0.05081,0.06841,0.0953,0.13564,0.20791,0.27134,0.38556,0.4388,0.56469,0.59174,0.42283,0.27172,0.27863,0.18595,0.24802,0.13394,0.10958,-0.05542,-0.23165,-0.16653,-0.14348,-0.19506,-0.14937,-0.27752,-0.19974,-0.19452,-0.24061,-0.19535,-0.12862,-0.12749,-0.24324,-0.27272,-0.26492,-0.26055,-0.29992,-0.23285,-0.24944,-0.18432,-0.21704,-0.22355,-0.10663,-0.19105,-0.28017,-0.2206,-0.17862,-0.2971,-0.28435,-0.2627,-0.25638,-0.21025,-0.19303,-0.1755,-0.15839,-0.16706,-0.12955,-0.1279,-0.1706,-0.07441
VAL74,0.08076,0.31251,0.41348,0.50603,0.63393,0.63807,0.61882,0.44022,0.30168,0.26497,0.18931,0.10868,0.12257,-0.17229,-0.21795,0.05298,0.23812,0.26643,0.31646,0.4138,0.43449,0.51544,0.51978,0.42985,0.40766,0.39675,0.42449,0.38215,0.39389,0.29649,0.32961,0.44072,0.11951,-0.00706,-0.05047,-0.12068,0.05364,-0.19056,-0.07647,-0.1968,-0.25375,-0.25681,-0.24838,-0.22958,-0.22617,-0.22969,-0.2461,-0.04668,0.02663,-0.05402,-0.09346,-0.25432,-0.14296,-0.16134,-0.25029,-0.26308,-0.09631,-0.12047,-0.24568,-0.16802,0.0461,-0.08061,-0.15238,-0.00748,0.18592,0.33621,0.56046,0.80745,1.0,0.78617,0.62427,0.53049,0.48116,0.30713,0.01641,0.17716,0.12951,0.20413,0.11403,0.14964,0.18868,0.26945,0.3643,0.44809,0.56529,0.60125,0.61332,0.4765,0.30747,0.15753,0.17919,0.09009,0.23765,0.17077,0.18691,-0.02284,-0.21709,-0.12358,-0.09831,-0.11831,-0.0618,-0.24637,-0.13686,-0.15628,-0.25211,-0.21613,-0.15047,-0.16409,-0.32008,-0.35614,-0.34725,-0.33453,-0.37061,-0.30328,-0.3361,-0.23698,-0.27247,-0.21451,-0.09562,-0.18824,-0.33348,-0.23784,-0.15206,-0.33988,-0.33183,-0.24232,-0.2385,-0.24396,-0.19239,-0.13292,-0.15467,-0.13114,-0.10384,-0.14774,-0.19207,-0.05554
GLU75,0.23017,0.41626,0.15163,0.25714,0.36897,0.40678,0.40871,0.2763,0.123,0.09725,0.01755,-0.01745,0.02721,-0.26479,-0.28942,0.01077,0.13029,0.13346,0.15338,0.23919,0.27423,0.31806,0.32905,0.31006,0.27712,0.24721,0.28907,0.25309,0.30104,0.25812,0.33052,0.44904,0.12158,0.00279,-0.06273,-0.10444,0.10089,-0.07931,0.07816,-0.03968,-0.12293,-0.14015,-0.14597,-0.13139,-0.10079,-0.10711,-0.15567,-0.00635,0.00503,-0.03632,-0.0877,-0.24051,-0.16266,-0.20179,-0.30847,-0.29659,-0.12697,-0.18055,-0.29149,-0.18617,-0.0232,-0.18844,-0.23666,-0.11399,0.00848,0.18233,0.35653,0.59176,0.78617,1.0,0.84331,0.73997,0.57947,0.34971,-0.02445,0.22868,0.16855,0.21143,0.08741,0.10507,0.15617,0.22884,0.35267,0.48087,0.63433,0.70369,0.57888,0.41946,0.20035,0.10559,0.20918,0.12867,0.3085,0.21932,0.26016,0.08299,-0.15147,-0.12337,-0.09357,-0.11301,-0.06969,-0.28779,-0.17253,-0.16952,-0.23503,-0.23243,-0.17331,-0.21302,-0.33574,-0.39832,-0.38405,-0.3694,-0.38926,-0.30006,-0.3094,-0.107,-0.1635,-0.11404,-0.02566,-0.1736,-0.34274,-0.24753,-0.1691,-0.36483,-0.37365,-0.27631,-0.27936,-0.31812,-0.26361,-0.19332,-0.23832,-0.18269,-0.1506,-0.2038,-0.26894,-0.12973
PHE76,0.24874,0.29623,0.07088,0.23666,0.2774,0.32215,0.33079,0.21663,0.08631,0.07718,0.01499,-0.00876,0.03596,-0.26517,-0.26125,0.01592,0.13354,0.14376,0.15325,0.21771,0.24652,0.27289,0.28556,0.27654,0.23921,0.22114,0.28581,0.26601,0.30776,0.26849,0.31153,0.4425,0.15751,0.04324,-0.01812,-0.05179,0.13786,-0.07552,0.04543,-0.08459,-0.14998,-0.13765,-0.15866,-0.16703,-0.17552,-0.18694,-0.22467,-0.04409,-0.0098,-0.03173,-0.10466,-0.21562,-0.16626,-0.19313,-0.27616,-0.27562,-0.10423,-0.15502,-0.29134,-0.20509,-0.04631,-0.19553,-0.24811,-0.15061,-0.04934,0.11848,0.27272,0.4478,0.62427,0.84331,1.0,0.8435,0.62052,0.38934,0.07167,0.3191,0.22545,0.27809,0.17148,0.15092,0.1797,0.26743,0.39458,0.53277,0.64043,0.59032,0.4508,0.27615,0.08577,-0.00335,0.10608,0.02656,0.17771,0.11246,0.16153,0.02092,-0.21508,-0.14165,-0.11226,-0.14008,-0.11258,-0.28587,-0.14721,-0.1357,-0.15347,-0.15516,-0.1438,-0.16399,-0.30604,-0.36976,-0.35979,-0.33208,-0.32811,-0.24501,-0.24995,-0.05363,-0.03164,-0.05488,-0.01427,-0.14466,-0.25716,-0.19546,-0.13881,-0.29909,-0.30814,-0.24762,-0.26289,-0.26669,-0.23384,-0.18659,-0.21501,-0.1748,-0.14047,-0.19371,-0.24001,-0.12014
ASP77,0.21936,0.26084,0.0506,0.18581,0.22549,0.2709,0.24567,0.11859,-0.0144,-0.0315,-0.07635,-0.09928,-0.04782,-0.30874,-0.33728,-0.0699,0.00938,0.02482,0.02766,0.09264,0.13817,0.18744,0.22047,0.1939,0.14793,0.11273,0.16675,0.13958,0.19899,0.15943,0.21554,0.4267,0.21399,0.04377,-0.03812,-0.05347,0.17688,0.01534,0.15657,0.05553,-0.00207,-0.00487,-0.00867,-0.00487,-0.02729,-0.0319,-0.07387,0.05369,-0.0026,-0.03723,-0.18045,-0.28677,-0.21269,-0.24508,-0.35205,-0.3289,-0.17191,-0.23213,-0.33239,-0.23143,-0.09738,-0.23554,-0.25655,-0.14881,-0.0444,0.10851,0.2109,0.37314,0.53049,0.73997,0.8435,1.0,0.78108,0.47389,-0.06942,0.24389,0.14675,0.12172,0.01645,0.01674,0.09393,0.17626,0.34507,0.41742,0.52709,0.52929,0.38815,0.24051,0.0635,0.00848,0.12655,0.05765,0.20062,0.10098,0.14832,0.0524,-0.18364,-0.15735,-0.09115,-0.12805,-0.09482,-0.27148,-0.17323,-0.14902,-0.18151,-0.17299,-0.17083,-0.24761,-0.34124,-0.42519,-0.39071,-0.3582,-0.36682,-0.28358,-0.25226,0.0447,-0.02932,-0.04196,0.07407,-0.1004,-0.27545,-0.19389,-0.14731,-0.30337,-0.31835,-0.24649,-0.24791,-0.2559,-0.22319,-0.17675,-0.19819,-0.16292,-0.13444,-0.1767,-0.22198,-0.10674
LYS78,0.1449,0.20132,0.13727,0.21304,0.26736,0.28294,0.25103,0.11687,0.0084,-0.00995,-0.04102,-0.06226,-0.02979,-0.26699,-0.28059,-0.0882,0.01499,0.04047,0.05101,0.10614,0.15362,0.22226,0.2658,0.21626,0.18014,0.14179,0.18414,0.14661,0.18269,0.11891,0.15197,0.37377,0.18565,-0.0255,-0.09538,-0.09649,0.22277,0.05631,0.17679,0.08267,0.03055,0.03767,0.02603,0.0151,-0.04005,-0.03324,-0.06544,0.03588,0.00876,0.00968,-0.16216,-0.28378,-0.18055,-0.20733,-0.31245,-0.29464,-0.15176,-0.19289,-0.27871,-0.18638,-0.06029,-0.17222,-0.1894,-0.05391,0.07306,0.18901,0.23094,0.35142,0.48116,0.57947,0.62052,0.78108,1.0,0.5771,-0.02796,0.19929,0.08992,0.06624,-0.04519,-0.04256,0.04493,0.13213,0.27881,0.3391,0.43335,0.39232,0.33228,0.23716,0.11975,0.07878,0.15733,0.08045,0.19058,0.08825,0.10998,0.03521,-0.15423,-0.08914,-0.0175,-0.04966,-0.04667,-0.23142,-0.16241,-0.13713,-0.17192,-0.16848,-0.20675,-0.31569,-0.38142,-0.45686,-0.4234,-0.39186,-0.42228,-0.37599,-0.35867,-0.08817,-0.13284,-0.02014,0.14139,-0.00804,-0.20252,-0.08637,-0.04956,-0.2451,-0.25536,-0.17265,-0.19029,-0.2123,-0.18548,-0.14529,-0.17557,-0.14554,-0.13019,-0.17023,-0.20253,-0.09452
GLY79,0.05057,0.05944,0.07161,0.14817,0.18237,0.19805,0.15424,0.05907,-0.02599,-0.02716,-0.026,-0.0572,-0.02343,-0.19884,-0.20318,-0.03551,0.02507,0.03517,0.045,0.06271,0.09749,0.1407,0.16691,0.12894,0.12707,0.09375,0.14486,0.12684,0.15635,0.12565,0.15666,0.31165,0.15884,0.03346,-0.00767,-0.04953,0.08615,-0.05111,0.03526,-0.04434,-0.08334,-0.07026,-0.06634,-0.06458,-0.10737,-0.08112,-0.09178,0.03915,0.03327,-0.01952,-0.11061,-0.15673,-0.12251,-0.15202,-0.19008,-0.18981,-0.07707,-0.102,-0.20995,-0.15582,-0.03649,-0.10987,-0.11961,-0.05327,0.02524,0.08833,0.14264,0.23129,0.30713,0.34971,0.38934,0.47389,0.5771,1.0,0.25391,0.35829,0.2681,0.19746,0.0861,0.0438,0.14,0.18061,0.27776,0.33986,0.31293,0.25086,0.20472,0.13791,0.06343,0.04317,0.08184,0.01975,0.0839,0.02858,0.07008,0.0102,-0.14665,-0.11561,-0.07908,-0.09355,-0.06857,-0.18191,-0.09035,-0.0946,-0.11287,-0.11369,-0.13225,-0.20043,-0.28323,-0.28818,-0.25166,-0.22454,-0.23205,-0.18478,-0.17294,-0.0203,-0.10276,-0.04436,0.10654,-0.0125,-0.15038,-0.10783,-0.07645,-0.17595,-0.20281,-0.16692,-0.17244,-0.15037,-0.15096,-0.13637,-0.13212,-0.1038,-0.07955,-0.11211,-0.14696,-0.06207
GLN80,-0.01047,-0.05842,-0.08996,-0.06932,-0.08842,-0.09757,0.0054,0.0802,0.19045,0.27361,0.27958,0.33439,0.37951,0.22843,0.33183,0.31247,0.42339,0.37911,0.35648,0.27296,0.18858,0.09226,0.02717,0.10648,0.1831,0.27963,0.29347,0.37435,0.3568,0.41278,0.40417,0.19062,-0.03218,0.08281,0.14611,-0.00176,-0.11004,-0.25995,-0.31253,-0.43225,-0.50983,-0.48966,-0.55657,-0.58675,-0.49854,-0.50628,-0.50017,-0.35371,0.06122,0.12196,0.36521,0.34815,0.27654,0.30701,0.38848,0.31685,0.3471,0.37772,0.2265,0.13613,0.19667,0.1868,0.08706,0.02538,-0.04178,-0.06854,-0.01472,-0.04933,0.01641,-0.02445,0.07167,-0.06942,-0.02796,0.25391,1.0,0.66971,0.52073,0.63236,0.59205,0.49997,0.44209,0.46158,0.3792,0.50465,0.34167,0.14776,0.10586,0.00369,0.02684,-0.10116,-0.172,-0.14334,-0.08911,0.07045,0.08042,-0.05448,-0.01364,0.14012,-0.00549,0.01882,0.02658,0.04775,0.19867,0.14902,0.14175,0.06834,0.07975,0.1839,0.06109,0.11461,0.01822,0.00359,0.06438,0.05964,-0.05542,-0.33024,-0.12455,-0.04831,-0.20444,-0.06293,0.00845,-0.04583,0.042,-0.00708,-0.02465,-0.02427,-0.04372,-0.06785,-0.05718,-0.03507,-0.04407,-0.00699,0.0335,-0.01634,-0.03617,-0.00858
ARG81,0.08951,0.03465,-0.12134,-0.04537,-0.03697,-0.02215,0.09424,0.12528,0.16899,0.25676,0.25391,0.24709,0.29598,0.08475,0.12107,0.26681,0.36567,0.34365,0.34502,0.28582,0.24323,0.15085,0.08492,0.17975,0.25939,0.32037,0.34359,0.39735,0.40497,0.4175,0.40945,0.28395,-0.01271,0.07647,0.14232,0.0329,-0.0875,-0.33828,-0.3176,-0.46852,-0.52073,-0.51715,-0.52388,-0.50246,-0.40767,-0.42571,-0.42663,-0.19987,0.07345,-0.01126,0.1643,0.14339,0.11324,0.09779,0.14218,0.10084,0.18678,0.20537,0.03666,0.00359,0.11864,0.05922,-0.01768,-0.04428,-0.0854,-0.03709,0.05555,0.07152,0.17716,0.22868,0.3191,0.24389,0.19929,0.35829,0.66971,1.0,0.82001,0.63796,0.50349,0.43726,0.5241,0.54808,0.56461,0.61465,0.46223,0.2698,0.18102,0.05619,0.0263,-0.07655,-0.07648,-0.09604,-0.01447,0.08687,0.10275,-0.03673,-0.12839,-0.04825,-0.11181,-0.08402,-0.04264,-0.06999,0.10494,0.03175,0.0111,-0.07098,-0.01407,0.10018,0.00243,6e-05,-0.07801,-0.10097,-0.03119,0.06983,-0.01407,-0.13486,-0.03441,-0.01474,-0.13325,-0.115,-0.14595,-0.17558,-0.06401,-0.13233,-0.17857,-0.1577,-0.15516,-0.1695,-0.1524,-0.10802,-0.11096,-0.05476,0.00419,-0.06112,-0.11077,-0.05006
THR82,0.09529,0.02198,-0.13769,-0.07476,-0.05717,-0.0411,0.08408,0.12331,0.15865,0.24275,0.23978,0.21871,0.25446,0.10176,0.09608,0.29441,0.3364,0.30632,0.31537,0.27267,0.24078,0.15776,0.09464,0.17987,0.25086,0.29264,0.31735,0.36481,0.35421,0.38419,0.32949,0.2149,-0.02819,0.06323,0.1226,0.0564,-0.15375,-0.38131,-0.35045,-0.45959,-0.48682,-0.48869,-0.47568,-0.43732,-0.34787,-0.39504,-0.39051,-0.1621,0.02998,-0.11781,0.05493,0.07522,0.05885,0.04529,0.0985,0.07675,0.13908,0.15367,0.0109,-0.01727,0.08777,0.02839,-0.01405,-0.03409,-0.05236,-0.0229,0.04499,0.04594,0.12951,0.16855,0.22545,0.14675,0.08992,0.2681,0.52073,0.82001,1.0,0.71064,0.5231,0.45222,0.53835,0.54399,0.48051,0.51424,0.36568,0.20061,0.13427,0.04472,0.01655,-0.05451,-0.04526,-0.06389,-0.00345,0.06251,0.07326,-0.01364,-0.11508,-0.09949,-0.13934,-0.09035,-0.05217,-0.08253,0.06921,-0.00619,-0.02809,-0.08297,-0.0264,0.088,0.00904,2e-05,-0.05906,-0.07964,-0.00805,0.12401,0.06474,-0.0522,0.0054,0.01333,-0.06425,-0.07743,-0.13199,-0.16076,-0.05607,-0.11703,-0.15805,-0.13354,-0.14617,-0.15662,-0.12451,-0.08813,-0.09985,-0.06113,-0.02049,-0.08182,-0.11868,-0.06867
ASP83,0.08457,0.08112,-0.07929,-0.03419,-0.00621,0.03725,0.18723,0.24825,0.30401,0.37046,0.34935,0.36203,0.38014,0.14577,0.20059,0.34976,0.49213,0.45556,0.45654,0.42559,0.35527,0.25327,0.18204,0.27377,0.32449,0.41512,0.44235,0.5038,0.47552,0.51537,0.43562,0.26157,-0.05685,0.00483,-0.00096,-0.085,-0.13732,-0.33918,-0.33078,-0.45522,-0.53072,-0.51647,-0.57219,-0.58762,-0.523,-0.54807,-0.56061,-0.3606,-0.03411,-0.03506,0.17839,0.11776,0.10693,0.16774,0.20886,0.15408,0.2512,0.25918,0.08587,0.03752,0.15477,0.10602,-0.00681,-0.02663,-0.03005,0.00228,0.09824,0.10407,0.20413,0.21143,0.27809,0.12172,0.06624,0.19746,0.63236,0.63796,0.71064,1.0,0.87608,0.76025,0.6634,0.68696,0.54759,0.64559,0.47824,0.25788,0.1979,0.08172,0.03662,-0.07069,-0.08926,-0.11521,-0.03786,0.05257,0.06115,-0.06689,-0.12888,0.00844,-0.08245,-0.03378,-0.01305,-0.10818,0.03044,-0.03581,-0.05926,-0.1027,-0.10096,0.0415,-0.06548,-0.06245,-0.11746,-0.11234,-0.07001,-0.01108,-0.09728,-0.26885,-0.09819,-0.04673,-0.1584,-0.11954,-0.12716,-0.11059,0.00628,-0.15292,-0.14693,-0.07973,-0.12496,-0.15289,-0.09351,-0.05293,-0.10931,-0.08071,-0.07773,-0.16133,-0.17124,-0.08394
LYS84,0.06812,0.05464,-0.02278,0.00665,0.00622,0.04739,0.17339,0.23951,0.29718,0.34027,0.31897,0.33862,0.35387,0.15378,0.19364,0.28467,0.42561,0.40384,0.40963,0.3867,0.31861,0.22286,0.15447,0.23244,0.27034,0.36723,0.38757,0.43898,0.41083,0.42553,0.33122,0.13977,-0.1118,-0.0274,-0.01312,-0.08859,-0.16127,-0.337,-0.33798,-0.44667,-0.5078,-0.49319,-0.54388,-0.556,-0.47338,-0.50431,-0.52096,-0.34402,-0.02874,-0.03651,0.19153,0.13771,0.10559,0.16709,0.21892,0.15903,0.23203,0.25342,0.10178,0.03784,0.13612,0.12028,0.01468,-0.02291,-0.02649,-0.01642,0.07548,0.05081,0.11403,0.08741,0.17148,0.01645,-0.04519,0.0861,0.59205,0.50349,0.5231,0.87608,1.0,0.86328,0.67236,0.6249,0.45827,0.47811,0.32709,0.12793,0.09264,0.00706,-0.00295,-0.09814,-0.13483,-0.15083,-0.11991,-0.01607,-0.01555,-0.12317,-0.14183,-0.02073,-0.10828,-0.05279,-0.02332,-0.08182,0.01394,-0.0529,-0.06503,-0.10785,-0.10961,0.05817,-0.01684,0.00031,-0.03439,-0.01211,0.03455,0.06766,0.00377,-0.20656,-0.07492,-0.10254,-0.20876,-0.15092,-0.11489,-0.11268,-0.00903,-0.12366,-0.10123,-0.05352,-0.08158,-0.09233,-0.03974,-0.00292,-0.05542,-0.04255,-0.04437,-0.11939,-0.1127,-0.03634
TYR85,0.07987,0.11714,0.04051,0.03021,0.03739,0.05952,0.20257,0.27652,0.35015,0.39222,0.3845,0.41119,0.43233,0.2302,0.22236,0.33794,0.50896,0.48213,0.48666,0.45202,0.37073,0.27903,0.20336,0.26994,0.32051,0.43726,0.45864,0.52999,0.5185,0.51997,0.38263,0.15301,-0.12635,-0.03109,-0.02545,-0.08294,-0.16723,-0.37446,-0.37392,-0.49907,-0.57138,-0.56358,-0.6129,-0.61911,-0.54898,-0.56993,-0.5789,-0.37089,-0.01404,-0.03581,0.22338,0.1596,0.14941,0.21851,0.2553,0.18685,0.26127,0.28811,0.12219,0.041,0.14985,0.13561,0.00351,-0.04362,-0.04335,-0.02218,0.07152,0.06841,0.14964,0.10507,0.15092,0.01674,-0.04256,0.0438,0.49997,0.43726,0.45222,0.76025,0.86328,1.0,0.82876,0.77969,0.58273,0.48797,0.34067,0.16095,0.12718,0.01515,-0.00905,-0.10125,-0.15035,-0.17032,-0.11654,0.00376,0.0137,-0.11978,-0.13796,0.0109,-0.09526,-0.03219,0.00957,-0.06598,0.04042,-0.04507,-0.09448,-0.12846,-0.11377,0.07178,0.00448,0.02001,-0.00886,0.00061,0.02597,0.06777,-0.00319,-0.23885,-0.11933,-0.13542,-0.23759,-0.17203,-0.15601,-0.13991,-0.00861,-0.14533,-0.12145,-0.04719,-0.06144,-0.0895,-0.01812,0.03389,-0.02586,-0.00639,-0.01321,-0.10603,-0.10056,-0.01002
GLY86,0.11268,0.11506,0.0462,0.04322,0.05349,0.06776,0.198,0.25951,0.3096,0.3642,0.35909,0.36047,0.38329,0.15749,0.14144,0.29985,0.46139,0.44012,0.45183,0.4126,0.35086,0.27216,0.20779,0.27124,0.32924,0.41874,0.43218,0.5101,0.50941,0.50444,0.39171,0.19977,-0.09052,-0.02787,-0.00043,-0.06194,-0.13308,-0.36042,-0.34154,-0.47751,-0.54294,-0.54413,-0.57329,-0.56546,-0.50405,-0.5167,-0.51851,-0.30176,0.006,-0.04214,0.17757,0.11614,0.12066,0.1704,0.19056,0.13506,0.21162,0.24241,0.08076,0.02721,0.14396,0.1118,-0.00279,-0.03456,-0.02764,0.00321,0.08636,0.0953,0.18868,0.15617,0.1797,0.09393,0.04493,0.14,0.44209,0.5241,0.53835,0.6634,0.67236,0.82876,1.0,0.84438,0.67733,0.52595,0.39897,0.22057,0.16631,0.04341,0.01912,-0.07135,-0.1061,-0.14284,-0.07381,0.03047,0.04268,-0.10275,-0.1586,-0.03134,-0.12538,-0.06609,-0.01474,-0.10078,0.03398,-0.05583,-0.11174,-0.14511,-0.11798,0.05632,-0.0368,-0.0129,-0.04371,-0.05733,-0.04415,0.04646,-0.03334,-0.22412,-0.13297,-0.11724,-0.18516,-0.15525,-0.18697,-0.16673,-0.03352,-0.17206,-0.16921,-0.09746,-0.10949,-0.13633,-0.07446,-0.02241,-0.0751,-0.04723,-0.03675,-0.11875,-0.13463,-0.03981
ARG87,0.096,0.12506,0.04168,0.04407,0.06284,0.08472,0.27041,0.33979,0.41533,0.49469,0.48851,0.49152,0.52454,0.24181,0.21459,0.42071,0.63214,0.61723,0.6218,0.56615,0.47413,0.37615,0.29138,0.36392,0.43595,0.55692,0.59394,0.69193,0.693,0.68257,0.54025,0.32485,-0.0335,0.01214,-0.01157,-0.09322,-0.13196,-0.4008,-0.38416,-0.53036,-0.61911,-0.62143,-0.66492,-0.67168,-0.62969,-0.64448,-0.64359,-0.39112,-0.00744,-0.02782,0.21367,0.12834,0.16168,0.21969,0.22627,0.16415,0.26406,0.28871,0.0889,0.02156,0.16106,0.11029,-0.03979,-0.07866,-0.06485,-0.01188,0.11075,0.13564,0.26945,0.22884,0.26743,0.17626,0.13213,0.18061,0.46158,0.54808,0.54399,0.68696,0.6249,0.77969,0.84438,1.0,0.85006,0.69387,0.52772,0.32708,0.2596,0.07706,0.01283,-0.11792,-0.14722,-0.1768,-0.0561,0.07374,0.11273,-0.07219,-0.14796,0.03171,-0.06602,-0.02439,0.01628,-0.08539,0.06019,-0.02407,-0.08402,-0.1061,-0.09273,0.05896,-0.0572,-0.06363,-0.10626,-0.11551,-0.09814,-0.02942,-0.11726,-0.29428,-0.15914,-0.10629,-0.18593,-0.13971,-0.1732,-0.1432,-0.00473,-0.17775,-0.16812,-0.08219,-0.10964,-0.13755,-0.07145,-0.01733,-0.07198,-0.03501,-0.02635,-0.11904,-0.13208,-0.03481
GLY88,0.08187,0.12926,0.0776,0.10523,0.12484,0.13908,0.29471,0.3266,0.36966,0.43722,0.4316,0.41089,0.44043,0.13111,0.09077,0.34389,0.56151,0.55946,0.57351,0.52725,0.45647,0.38688,0.31983,0.36777,0.42422,0.53539,0.5821,0.66147,0.72608,0.68819,0.57002,0.42853,0.05799,0.05546,0.01033,-0.0824,-0.05389,-0.34533,-0.30701,-0.47388,-0.55989,-0.56074,-0.5897,-0.5911,-0.56717,-0.57192,-0.57528,-0.31077,0.01768,-0.01054,0.15427,0.05028,0.09823,0.13646,0.1205,0.0644,0.18559,0.19791,-0.00446,-0.0409,0.11479,0.0448,-0.0956,-0.11331,-0.07328,0.01082,0.13751,0.20791,0.3643,0.35267,0.39458,0.34507,0.27881,0.27776,0.3792,0.56461,0.48051,0.54759,0.45827,0.58273,0.67733,0.85006,1.0,0.78692,0.62215,0.42816,0.32742,0.12444,0.03179,-0.10174,-0.10585,-0.1455,-0.00462,0.10127,0.15224,-0.05169,-0.17678,0.00472,-0.067,-0.05604,0.00383,-0.11279,0.04658,-0.02553,-0.08914,-0.10485,-0.07676,0.01918,-0.10712,-0.13038,-0.16363,-0.16757,-0.15573,-0.09036,-0.17065,-0.23893,-0.16176,-0.12364,-0.16107,-0.14366,-0.22415,-0.18738,-0.05058,-0.2112,-0.22133,-0.13808,-0.14135,-0.1608,-0.10448,-0.04507,-0.07218,-0.02185,-0.00353,-0.08978,-0.117,-0.00416
LEU89,0.10196,0.15579,0.00209,0.06476,0.10523,0.12531,0.27476,0.27921,0.29888,0.37998,0.3705,0.37101,0.41468,0.08308,0.11057,0.39386,0.56347,0.53581,0.52454,0.47683,0.40916,0.34259,0.28536,0.33922,0.39215,0.48868,0.54172,0.60693,0.65659,0.689,0.68495,0.58688,0.15292,0.12665,0.05225,-0.06861,-0.03484,-0.31144,-0.26212,-0.4386,-0.53975,-0.53319,-0.58085,-0.5971,-0.56058,-0.56692,-0.58104,-0.33761,-0.0023,0.02242,0.17763,0.06472,0.10654,0.14622,0.12557,0.07443,0.21798,0.20763,0.00239,-0.01058,0.13619,0.04186,-0.09219,-0.08487,-0.05827,0.03696,0.17466,0.27134,0.44809,0.48087,0.53277,0.41742,0.3391,0.33986,0.50465,0.61465,0.51424,0.64559,0.47811,0.48797,0.52595,0.69387,0.78692,1.0,0.83679,0.57306,0.45487,0.24679,0.11664,-0.05321,-0.04039,-0.05835,0.11824,0.21002,0.26037,0.02924,-0.138,0.03861,-0.03523,-0.04194,-0.01619,-0.16228,0.04942,0.00137,-0.06283,-0.06763,-0.03339,0.03317,-0.12509,-0.16635,-0.22165,-0.22485,-0.19694,-0.12902,-0.228,-0.28366,-0.14135,-0.066,-0.13311,-0.11071,-0.20266,-0.17026,-0.03852,-0.23771,-0.26343,-0.1867,-0.21878,-0.25528,-0.20103,-0.14918,-0.18841,-0.11926,-0.08397,-0.16735,-0.21278,-0.1046
ALA90,0.13274,0.19623,0.03793,0.13235,0.1716,0.19984,0.29886,0.26663,0.24361,0.29017,0.26352,0.26127,0.3121,-0.01795,0.007,0.2966,0.44288,0.4148,0.39884,0.39122,0.34448,0.30598,0.27764,0.30561,0.32316,0.39048,0.43921,0.48762,0.54205,0.57181,0.64111,0.64154,0.20951,0.12715,0.0533,-0.06269,0.04732,-0.20023,-0.13198,-0.29541,-0.393,-0.39041,-0.4387,-0.45727,-0.43541,-0.44357,-0.46562,-0.27189,-0.01936,0.03478,0.11866,-0.01892,0.04671,0.07394,0.01669,-0.01747,0.13157,0.10825,-0.05885,-0.03064,0.1067,-0.00666,-0.10421,-0.07161,-0.02996,0.088,0.25493,0.38556,0.56529,0.63433,0.64043,0.52709,0.43335,0.31293,0.34167,0.46223,0.36568,0.47824,0.32709,0.34067,0.39897,0.52772,0.62215,0.83679,1.0,0.75429,0.59258,0.36307,0.19104,0.01447,0.05677,0.05044,0.25541,0.29731,0.34282,0.10316,-0.09224,0.04285,-0.01516,-0.04995,-0.03814,-0.20435,-0.01697,-0.02446,-0.06912,-0.05447,-0.03905,-0.02557,-0.19722,-0.26118,-0.31376,-0.31806,-0.29998,-0.23023,-0.30322,-0.27252,-0.13123,-0.05484,-0.08349,-0.08686,-0.20087,-0.15647,-0.05286,-0.26617,-0.28829,-0.21907,-0.25986,-0.29511,-0.25151,-0.20755,-0.25136,-0.18694,-0.1385,-0.19623,-0.25281,-0.13559
TYR91,0.09118,0.23345,0.02883,0.09539,0.14923,0.18325,0.23068,0.19031,0.14461,0.15801,0.14263,0.14849,0.21626,-0.0227,-0.05841,0.23293,0.31269,0.27495,0.23653,0.24557,0.19931,0.1893,0.16943,0.17781,0.19388,0.23103,0.28294,0.32669,0.40493,0.4427,0.56487,0.5892,0.24083,0.16288,0.06171,-0.04453,0.07553,-0.06737,0.01813,-0.09091,-0.19796,-0.22372,-0.26858,-0.27968,-0.24921,-0.24907,-0.27889,-0.17907,-0.01346,0.04489,0.0936,-0.04755,0.02856,0.03828,-0.04827,-0.05491,0.05895,0.01584,-0.08262,-0.02349,0.06392,-0.06258,-0.1153,-0.0634,-0.04131,0.07965,0.26527,0.4388,0.60125,0.70369,0.59032,0.52929,0.39232,0.25086,0.14776,0.2698,0.20061,0.25788,0.12793,0.16095,0.22057,0.32708,0.42816,0.57306,0.75429,1.0,0.78535,0.49756,0.25992,0.08116,0.14764,0.17528,0.43292,0.43815,0.49679,0.23806,0.06466,0.11074,0.04963,0.00329,0.01884,-0.15183,-0.02776,0.00297,-0.052,-0.03277,-0.01246,-0.1092,-0.26823,-0.32513,-0.36293,-0.36814,-0.36027,-0.32083,-0.35089,-0.22433,-0.18621,-0.06098,-0.04714,-0.06625,-0.19415,-0.13913,-0.07822,-0.25405,-0.27486,-0.20668,-0.21653,-0.27574,-0.24394,-0.18815,-0.23203,-0.16242,-0.13163,-0.17421,-0.23421,-0.1283
ILE92,0.04541,0.19302,0.12073,0.1661,0.2394,0.26911,0.2978,0.2261,0.18048,0.19414,0.16502,0.164,0.21476,0.00655,-0.03466,0.22489,0.31571,0.28458,0.26362,0.27577,0.23366,0.23403,0.21007,0.19669,0.22081,0.25019,0.29332,0.32652,0.37359,0.37912,0.49903,0.51181,0.20158,0.13062,0.02074,-0.08061,0.0459,-0.08453,-0.02048,-0.11667,-0.21088,-0.23167,-0.2683,-0.27768,-0.27198,-0.2613,-0.27253,-0.17875,-0.03305,0.02273,0.06947,-0.07202,0.00813,0.0277,-0.04081,-0.05199,0.07739,0.04072,-0.04798,0.00831,0.11635,0.00654,-0.04276,0.02961,0.07275,0.20742,0.42911,0.56469,0.61332,0.57888,0.4508,0.38815,0.33228,0.20472,0.10586,0.18102,0.13427,0.1979,0.09264,0.12718,0.16631,0.2596,0.32742,0.45487,0.59258,0.78535,1.0,0.72116,0.42042,0.19055,0.21471,0.25082,0.5103,0.5105,0.50169,0.23792,0.06567,0.11117,0.04531,-0.00962,-0.00342,-0.16662,-0.05558,-0.03379,-0.10173,-0.0656,-0.03512,-0.10919,-0.22636,-0.26904,-0.30094,-0.3095,-0.31888,-0.29483,-0.32842,-0.26671,-0.23087,-0.09089,-0.05378,-0.06465,-0.18384,-0.12677,-0.06621,-0.23929,-0.25396,-0.20177,-0.2181,-0.26,-0.23996,-0.20095,-0.23192,-0.18039,-0.15248,-0.17643,-0.23,-0.13675
TYR93,-0.02558,0.0782,0.09839,0.1618,0.2255,0.26556,0.23359,0.1393,0.06508,0.0244,0.00099,-0.0002,0.00509,-0.11481,-0.11097,0.08877,0.10389,0.079,0.06634,0.10642,0.08049,0.10239,0.10361,0.07362,0.06122,0.05329,0.09126,0.09866,0.15127,0.17198,0.2877,0.37077,0.1499,0.04322,-0.03748,-0.11473,0.05462,0.02628,0.07237,0.02589,-0.02425,-0.03108,-0.05062,-0.06249,-0.08977,-0.07689,-0.08968,-0.08445,-0.09926,0.00092,-0.02869,-0.14904,-0.08646,-0.05561,-0.10371,-0.09784,-0.00688,-0.03195,-0.05292,0.03391,0.09753,0.01351,0.04701,0.18859,0.23811,0.35262,0.52516,0.59174,0.4765,0.41946,0.27615,0.24051,0.23716,0.13791,0.00369,0.05619,0.04472,0.08172,0.00706,0.01515,0.04341,0.07706,0.12444,0.24679,0.36307,0.49756,0.72116,1.0,0.67564,0.43633,0.43681,0.48628,0.58276,0.44466,0.36361,0.22484,0.06398,0.06332,0.01261,-0.06121,-0.07695,-0.20853,-0.13431,-0.07895,-0.12544,-0.08847,-0.04278,-0.10705,-0.1868,-0.22957,-0.25764,-0.26752,-0.2788,-0.26729,-0.29159,-0.22205,-0.19817,-0.08671,-0.01438,-0.04908,-0.14339,-0.08834,-0.07055,-0.20671,-0.22092,-0.21139,-0.24271,-0.25137,-0.25888,-0.25966,-0.26553,-0.23869,-0.20428,-0.18613,-0.23739,-0.17322
ALA94,-0.0967,-0.01788,0.10686,0.13049,0.19247,0.20295,0.16916,0.09078,0.06036,0.02955,0.01284,-0.00446,-0.01963,-0.08341,-0.06461,0.04041,0.05253,0.03035,0.03345,0.06236,0.04221,0.06098,0.06846,0.03511,0.03619,0.03133,0.04035,0.03671,0.06182,0.08305,0.17144,0.22618,0.07408,-0.00842,-0.02996,-0.09398,0.01666,-0.01017,0.0113,-0.02529,-0.04666,-0.04736,-0.05652,-0.06399,-0.08507,-0.06907,-0.06313,-0.07022,-0.07242,0.00888,0.00517,-0.09846,-0.04428,-0.0232,-0.03421,-0.03127,0.03699,0.06691,0.05581,0.15411,0.23443,0.18621,0.23642,0.41503,0.48589,0.49718,0.50594,0.42283,0.30747,0.20035,0.08577,0.0635,0.11975,0.06343,0.02684,0.0263,0.01655,0.03662,-0.00295,-0.00905,0.01912,0.01283,0.03179,0.11664,0.19104,0.25992,0.42042,0.67564,1.0,0.69251,0.5306,0.56669,0.47801,0.39083,0.23604,0.13098,0.05427,0.04227,-0.01295,-0.08007,-0.10332,-0.17029,-0.10062,-0.06045,-0.10075,-0.07441,-0.01025,-0.02514,-0.07624,-0.0966,-0.13487,-0.1611,-0.17542,-0.16953,-0.21183,-0.21917,-0.18417,-0.09346,-0.03387,-0.04553,-0.11409,-0.08087,-0.0622,-0.16349,-0.18225,-0.19052,-0.21751,-0.21009,-0.22445,-0.24319,-0.23016,-0.21844,-0.17572,-0.15075,-0.19497,-0.15456
ASP95,-0.10571,-0.0398,0.05913,0.05732,0.12206,0.12758,0.08757,0.01473,-0.04152,-0.09573,-0.10596,-0.11306,-0.14527,-0.1517,-0.13747,-0.07752,-0.10321,-0.11199,-0.11735,-0.06608,-0.05455,-0.01386,0.00934,-0.02573,-0.03436,-0.08043,-0.09225,-0.1149,-0.07966,-0.06617,-0.00228,0.09974,0.04166,-0.05593,-0.07435,-0.10983,0.02993,0.07468,0.10128,0.10559,0.1072,0.11751,0.11772,0.11459,0.08876,0.09598,0.08827,0.0177,-0.08612,-0.01487,-0.09083,-0.17029,-0.12757,-0.10755,-0.11414,-0.10891,-0.07592,-0.04936,-0.01977,0.06772,0.11939,0.10788,0.20284,0.38101,0.48935,0.47928,0.34513,0.27172,0.15753,0.10559,-0.00335,0.00848,0.07878,0.04317,-0.10116,-0.07655,-0.05451,-0.07069,-0.09814,-0.10125,-0.07135,-0.11792,-0.10174,-0.05321,0.01447,0.08116,0.19055,0.43633,0.69251,1.0,0.77564,0.61032,0.37217,0.20992,0.09201,0.07506,0.00705,-0.0287,-0.02831,-0.10377,-0.12446,-0.16392,-0.14557,-0.0857,-0.10645,-0.07947,-0.02199,-0.0541,-0.06949,-0.08584,-0.09531,-0.11581,-0.14093,-0.14392,-0.16468,-0.12971,-0.13923,-0.06056,0.0407,-0.00994,-0.08318,-0.04923,-0.0637,-0.12555,-0.14216,-0.16434,-0.18301,-0.1645,-0.18965,-0.23265,-0.19327,-0.20133,-0.17296,-0.13597,-0.15971,-0.13731
GLY96,-0.06133,-0.02293,-0.01344,0.02197,0.09235,0.12272,0.0727,-0.01324,-0.11057,-0.17885,-0.19312,-0.18321,-0.20042,-0.21729,-0.21782,-0.12212,-0.16544,-0.17477,-0.18557,-0.11484,-0.08132,-0.04559,-0.01721,-0.03203,-0.05221,-0.12086,-0.12251,-0.15852,-0.11603,-0.10435,-0.01665,0.13173,0.07649,-0.03672,-0.09324,-0.10138,0.08826,0.14872,0.19634,0.21321,0.20559,0.2105,0.21037,0.20735,0.18171,0.18493,0.16149,0.0689,-0.09579,-0.02201,-0.15352,-0.23056,-0.18483,-0.18431,-0.21818,-0.18957,-0.1593,-0.18079,-0.13985,-0.03881,-0.02159,-0.08104,0.03141,0.19323,0.28685,0.35492,0.28594,0.27863,0.17919,0.20918,0.10608,0.12655,0.15733,0.08184,-0.172,-0.07648,-0.04526,-0.08926,-0.13483,-0.15035,-0.1061,-0.14722,-0.10585,-0.04039,0.05677,0.14764,0.21471,0.43681,0.5306,0.77564,1.0,0.70721,0.46957,0.24291,0.14587,0.15376,0.04138,-0.01643,-0.00771,-0.07867,-0.09129,-0.1693,-0.16317,-0.10137,-0.10773,-0.09184,-0.05907,-0.13574,-0.14662,-0.18473,-0.18887,-0.19797,-0.21294,-0.20243,-0.19375,-0.06778,-0.10441,-0.02252,0.09209,0.00388,-0.08704,-0.03425,-0.05598,-0.12803,-0.14414,-0.15145,-0.17026,-0.16592,-0.18735,-0.21385,-0.19388,-0.193,-0.18049,-0.14433,-0.1721,-0.14166
LYS97,-0.09241,-0.0705,-0.07802,-0.05391,-0.02178,-0.00642,-0.06245,-0.1202,-0.16918,-0.22246,-0.21232,-0.1815,-0.19539,-0.1568,-0.15252,-0.04665,-0.15599,-0.19183,-0.23205,-0.19896,-0.19221,-0.16255,-0.13693,-0.14528,-0.16563,-0.21746,-0.20872,-0.21714,-0.15475,-0.08657,0.0408,0.14275,0.09535,0.01033,-0.04514,-0.05925,0.0842,0.2011,0.21987,0.25504,0.24762,0.24031,0.23078,0.22118,0.18397,0.19382,0.1741,0.02982,-0.1279,0.01097,-0.08296,-0.1429,-0.10256,-0.10153,-0.11561,-0.07094,-0.06826,-0.09465,-0.02617,0.07955,0.02215,-0.03218,0.08808,0.23248,0.24822,0.26711,0.21672,0.18595,0.09009,0.12867,0.02656,0.05765,0.08045,0.01975,-0.14334,-0.09604,-0.06389,-0.11521,-0.15083,-0.17032,-0.14284,-0.1768,-0.1455,-0.05835,0.05044,0.17528,0.25082,0.48628,0.56669,0.61032,0.70721,1.0,0.71327,0.43322,0.282,0.32399,0.21963,0.10189,0.06198,-0.00687,-0.05366,-0.11584,-0.11868,-0.03717,-0.04115,-0.0202,-0.01243,-0.12744,-0.13482,-0.17228,-0.18933,-0.19624,-0.1957,-0.20582,-0.19377,-0.07748,-0.09973,0.00943,0.09429,0.05836,-0.02142,0.01852,-0.01284,-0.07356,-0.10056,-0.11979,-0.15441,-0.17165,-0.20029,-0.23417,-0.22511,-0.20239,-0.18501,-0.13604,-0.17503,-0.17193
MET98,-0.0638,0.01236,-0.10743,-0.09865,-0.03978,-0.02414,-0.03581,-0.08838,-0.12866,-0.15356,-0.13829,-0.09964,-0.07311,-0.08612,-0.10348,0.09157,-0.00949,-0.07354,-0.1282,-0.11601,-0.13949,-0.11983,-0.10742,-0.09821,-0.09994,-0.12867,-0.10542,-0.08887,-0.00943,0.08217,0.26274,0.33149,0.18206,0.10378,-0.00386,-0.04605,0.08451,0.15545,0.20008,0.21288,0.16786,0.14394,0.11961,0.10787,0.09367,0.10826,0.07334,-0.03879,-0.11396,0.03347,-0.01445,-0.0987,-0.03393,-0.04365,-0.08424,-0.02705,0.00802,-0.0515,-0.01575,0.08872,0.03656,-0.06219,0.01983,0.12417,0.09424,0.15899,0.19847,0.24802,0.23765,0.3085,0.17771,0.20062,0.19058,0.0839,-0.08911,-0.01447,-0.00345,-0.03786,-0.11991,-0.11654,-0.07381,-0.0561,-0.00462,0.11824,0.25541,0.43292,0.5103,0.58276,0.47801,0.37217,0.46957,0.71327,1.0,0.70392,0.58233,0.54734,0.37138,0.22566,0.15992,0.11228,0.05374,-0.08441,-0.05511,0.01883,-0.01993,-0.00144,-0.01946,-0.19006,-0.22305,-0.27639,-0.29766,-0.29567,-0.2868,-0.29727,-0.28579,-0.12153,-0.14367,0.03327,0.1071,0.08722,-0.03987,0.02244,0.02656,-0.0971,-0.13984,-0.10779,-0.14147,-0.22738,-0.23929,-0.22685,-0.26067,-0.18636,-0.17711,-0.17119,-0.22787,-0.19282
VAL99,-0.05695,0.02017,-0.12111,-0.15038,-0.11325,-0.12323,-0.08257,-0.0754,-0.03897,-0.00493,0.02053,0.06956,0.11975,0.1193,0.09839,0.23498,0.16089,0.08414,0.0296,-0.01889,-0.0871,-0.11966,-0.14031,-0.0926,-0.05175,-0.02221,-0.00617,0.05348,0.11503,0.21361,0.41841,0.3686,0.19183,0.21855,0.11082,0.02764,0.01451,0.02894,0.0366,0.01767,-0.05134,-0.08771,-0.13366,-0.14939,-0.122,-0.09866,-0.1057,-0.15421,-0.0471,0.08375,0.17589,0.1052,0.13812,0.1487,0.13363,0.15437,0.17795,0.15489,0.14339,0.22303,0.162,0.08222,0.07861,0.0897,0.00183,0.04229,0.10967,0.13394,0.17077,0.21932,0.11246,0.10098,0.08825,0.02858,0.07045,0.08687,0.06251,0.05257,-0.01607,0.00376,0.03047,0.07374,0.10127,0.21002,0.29731,0.43815,0.5105,0.44466,0.39083,0.20992,0.24291,0.43322,0.70392,1.0,0.78736,0.56247,0.49257,0.40174,0.26592,0.22432,0.15774,0.04735,0.12612,0.16315,0.10274,0.08627,0.07398,-0.05403,-0.07441,-0.12539,-0.1949,-0.21995,-0.19101,-0.21357,-0.23277,-0.18647,-0.15745,0.03372,0.02944,0.09039,0.00553,0.02725,0.0722,-0.03287,-0.08589,-0.04419,-0.0618,-0.17936,-0.18101,-0.14828,-0.19854,-0.10314,-0.08692,-0.10458,-0.16217,-0.14791
ASN100,-0.07584,0.02936,-0.13219,-0.1475,-0.11575,-0.12282,-0.06884,-0.05939,-0.03492,0.0065,0.0378,0.08987,0.15472,0.12998,0.08791,0.26934,0.21148,0.13516,0.0698,0.01859,-0.04844,-0.07946,-0.10787,-0.06303,-0.01526,0.01704,0.0457,0.11165,0.17937,0.27638,0.48697,0.46052,0.28114,0.29706,0.14177,0.05645,0.04158,0.01874,0.0352,0.00534,-0.07599,-0.11533,-0.16357,-0.17837,-0.15145,-0.1235,-0.1435,-0.16726,-0.0305,0.08821,0.17642,0.10662,0.15356,0.15305,0.10978,0.13306,0.16493,0.11907,0.09207,0.14257,0.08928,0.00971,-0.01007,-0.00734,-0.07874,-0.02958,0.05013,0.10958,0.18691,0.26016,0.16153,0.14832,0.10998,0.07008,0.08042,0.10275,0.07326,0.06115,-0.01555,0.0137,0.04268,0.11273,0.15224,0.26037,0.34282,0.49679,0.50169,0.36361,0.23604,0.09201,0.14587,0.282,0.58233,0.78736,1.0,0.7045,0.48521,0.41403,0.32179,0.28227,0.19973,0.07274,0.15043,0.19108,0.13779,0.1506,0.1263,-0.04941,-0.10236,-0.15449,-0.21565,-0.23107,-0.19779,-0.21986,-0.23603,-0.16139,-0.11462,0.06832,0.04546,0.13506,0.0391,0.04985,0.09755,-0.00124,-0.06902,-0.02184,-0.03862,-0.16764,-0.17106,-0.13687,-0.19621,-0.09224,-0.07508,-0.10026,-0.16215,-0.15068
GLU101,-0.12721,-0.08265,-0.23942,-0.25711,-0.23541,-0.23247,-0.20453,-0.19151,-0.18445,-0.18158,-0.14355,-0.09798,-0.05519,0.04938,0.02235,0.13366,-0.02169,-0.09891,-0.15904,-0.19077,-0.21875,-0.23453,-0.23481,-0.19628,-0.17968,-0.17882,-0.16705,-0.12873,-0.06747,0.05071,0.20246,0.23385,0.20471,0.20282,0.1115,0.06886,0.0445,0.12906,0.13983,0.19062,0.16067,0.12617,0.09968,0.09224,0.09284,0.09156,0.05639,-0.0695,-0.096,0.02679,0.03843,0.03528,0.08505,0.05083,0.03394,0.10951,0.08349,0.01324,0.06447,0.12909,0.00483,-0.06129,-0.02934,-0.02988,-0.10421,-0.08523,-0.08147,-0.05542,-0.02284,0.08299,0.02092,0.0524,0.03521,0.0102,-0.05448,-0.03673,-0.01364,-0.06689,-0.12317,-0.11978,-0.10275,-0.07219,-0.05169,0.02924,0.10316,0.23806,0.23792,0.22484,0.13098,0.07506,0.15376,0.32399,0.54734,0.56247,0.7045,1.0,0.68773,0.44917,0.42391,0.4193,0.26677,0.15256,0.15397,0.22577,0.20104,0.19858,0.08946,-0.13923,-0.12916,-0.18226,-0.22348,-0.23277,-0.19375,-0.21858,-0.18447,-0.02659,-0.02383,0.15059,0.15839,0.2458,0.18094,0.20538,0.21833,0.16014,0.08741,0.12037,0.08792,-0.05117,-0.06962,-0.05974,-0.12569,-0.03147,-0.06136,-0.06089,-0.09875,-0.14808
ALA102,-0.15163,-0.09674,-0.22812,-0.3308,-0.32636,-0.3547,-0.32163,-0.25595,-0.16703,-0.15614,-0.09073,-0.03079,-0.00096,0.22755,0.2104,0.13559,-0.03826,-0.11536,-0.16996,-0.23461,-0.29087,-0.31724,-0.32962,-0.28307,-0.26218,-0.22886,-0.24934,-0.19567,-0.15056,-0.02909,0.08093,0.01282,0.07054,0.15246,0.14058,0.10478,0.01721,0.17053,0.11583,0.21469,0.191,0.145,0.10072,0.08558,0.10496,0.09843,0.08694,-0.10143,-0.03693,0.09888,0.18556,0.21617,0.23727,0.22616,0.23276,0.29684,0.17769,0.139,0.22787,0.25201,0.07242,0.05469,0.07363,0.00841,-0.13319,-0.1722,-0.20752,-0.23165,-0.21709,-0.15147,-0.21508,-0.18364,-0.15423,-0.14665,-0.01364,-0.12839,-0.11508,-0.12888,-0.14183,-0.13796,-0.1586,-0.14796,-0.17678,-0.138,-0.09224,0.06466,0.06567,0.06398,0.05427,0.00705,0.04138,0.21963,0.37138,0.49257,0.48521,0.68773,1.0,0.67185,0.51579,0.54301,0.44801,0.36841,0.30602,0.35898,0.31099,0.2381,0.10271,-0.10583,-0.06273,-0.08329,-0.15203,-0.17819,-0.14273,-0.22587,-0.18551,-0.12949,-0.13671,0.09957,0.07886,0.20829,0.22844,0.24871,0.24551,0.2452,0.19754,0.24595,0.25798,0.09255,0.06691,0.10558,0.04634,0.13852,0.09,0.08326,0.06474,-0.00468
LEU103,-0.15021,-0.07133,-0.13,-0.20443,-0.22654,-0.25894,-0.201,-0.13697,-0.00235,0.0347,0.10615,0.17295,0.21212,0.32044,0.29571,0.2277,0.17097,0.10901,0.05923,-0.03093,-0.11812,-0.16008,-0.19782,-0.14475,-0.10338,-0.04596,-0.04525,0.03452,0.07498,0.16454,0.23172,0.13234,0.09508,0.16293,0.06305,0.05,0.12983,0.19847,0.10062,0.12005,0.04864,0.02369,-0.08659,-0.15908,-0.23227,-0.19952,-0.19234,-0.31125,-0.0007,0.24265,0.33014,0.29432,0.31538,0.3735,0.34732,0.33362,0.24104,0.23658,0.24042,0.20024,0.11221,0.09425,0.0648,0.02028,-0.10027,-0.12954,-0.1479,-0.16653,-0.12358,-0.12337,-0.14165,-0.15735,-0.08914,-0.11561,0.14012,-0.04825,-0.09949,0.00844,-0.02073,0.0109,-0.03134,0.03171,0.00472,0.03861,0.04285,0.11074,0.11117,0.06332,0.04227,-0.0287,-0.01643,0.10189,0.22566,0.40174,0.41403,0.44917,0.67185,1.0,0.75166,0.61782,0.55028,0.44764,0.41104,0.44442,0.35533,0.28065,0.11356,-0.0611,-0.09524,-0.12406,-0.20643,-0.232,-0.2295,-0.35057,-0.38195,-0.39322,-0.19796,0.10843,0.04913,0.21913,0.27567,0.32004,0.35995,0.26679,0.23385,0.29109,0.30578,0.14591,0.1015,0.13301,0.07724,0.17497,0.13826,0.11378,0.10096,0.07421
VAL104,-0.19544,-0.10352,-0.12862,-0.17589,-0.17718,-0.19149,-0.16379,-0.12956,-0.03938,-0.01898,0.03059,0.07839,0.10924,0.20908,0.16569,0.10145,0.04624,0.00515,-0.02416,-0.08274,-0.12592,-0.14661,-0.15534,-0.11811,-0.0962,-0.07126,-0.08651,-0.04391,-0.01843,0.03816,0.09805,0.12149,0.18266,0.18993,0.04722,0.05028,0.17618,0.23575,0.17472,0.20905,0.15919,0.13333,0.03735,-0.02328,-0.09597,-0.08265,-0.09566,-0.2285,-0.01767,0.17976,0.17432,0.12966,0.17946,0.21086,0.13818,0.13882,0.06918,0.05248,0.08168,0.0765,0.0049,-0.00578,-0.0089,-0.02083,-0.09129,-0.10647,-0.15535,-0.14348,-0.09831,-0.09357,-0.11226,-0.09115,-0.0175,-0.07908,-0.00549,-0.11181,-0.13934,-0.08245,-0.10828,-0.09526,-0.12538,-0.06602,-0.067,-0.03523,-0.01516,0.04963,0.04531,0.01261,-0.01295,-0.02831,-0.00771,0.06198,0.15992,0.26592,0.32179,0.42391,0.51579,0.75166,1.0,0.78037,0.59617,0.48487,0.39489,0.48829,0.39517,0.37465,0.1531,-0.11779,-0.15122,-0.22612,-0.30036,-0.31325,-0.30191,-0.41062,-0.41273,-0.30189,-0.11868,0.18894,0.17992,0.36422,0.40145,0.45311,0.49523,0.41493,0.34334,0.37302,0.39855,0.23536,0.16321,0.1592,0.11424,0.20093,0.14326,0.148,0.15739,0.09735
ARG105,-0.1986,-0.09257,-0.13494,-0.21635,-0.19309,-0.22062,-0.17366,-0.13024,-0.0403,-0.01088,0.03222,0.07018,0.10443,0.23064,0.18669,0.0969,0.04528,-0.00115,-0.0156,-0.07288,-0.11176,-0.13337,-0.13772,-0.09353,-0.06344,-0.03816,-0.06673,-0.02734,-0.0308,0.02605,0.04167,0.00402,0.05023,0.09208,-0.00531,-0.00529,0.06654,0.15308,0.10248,0.16389,0.13539,0.10661,0.03666,-0.00513,-0.04058,-0.05357,-0.07452,-0.21439,-0.02956,0.11275,0.16178,0.12524,0.16812,0.18839,0.14074,0.155,0.08408,0.06529,0.08491,0.06332,-0.01187,-0.0235,-0.05993,-0.08671,-0.15054,-0.16156,-0.20609,-0.19506,-0.11831,-0.11301,-0.14008,-0.12805,-0.04966,-0.09355,0.01882,-0.08402,-0.09035,-0.03378,-0.05279,-0.03219,-0.06609,-0.02439,-0.05604,-0.04194,-0.04995,0.00329,-0.00962,-0.06121,-0.08007,-0.10377,-0.07867,-0.00687,0.11228,0.22432,0.28227,0.4193,0.54301,0.61782,0.78037,1.0,0.76146,0.52559,0.34325,0.33922,0.27616,0.23371,0.05888,-0.1607,-0.15755,-0.19974,-0.26361,-0.27485,-0.25978,-0.34319,-0.33963,-0.26271,-0.16368,0.13907,0.12803,0.29547,0.34057,0.44144,0.53192,0.39761,0.36908,0.50368,0.51334,0.27673,0.27486,0.34167,0.21527,0.31995,0.18832,0.10581,0.14805,0.10519
GLN106,-0.128,-0.00604,-0.03867,-0.1313,-0.10713,-0.14616,-0.11623,-0.08725,-0.01367,0.01399,0.05039,0.073,0.11792,0.23204,0.1737,0.09414,0.06319,0.01329,0.01216,-0.03402,-0.062,-0.07158,-0.0712,-0.05143,-0.02336,0.00289,-0.02216,0.00769,0.01041,0.03853,0.04448,-0.0272,-0.00425,0.09979,0.02097,0.04303,0.04195,0.06417,0.01764,0.06095,0.03236,0.00129,-0.05076,-0.07374,-0.08159,-0.09512,-0.08172,-0.13364,0.10554,0.12161,0.19583,0.19241,0.22265,0.19628,0.14784,0.16077,0.08232,0.0687,0.06698,0.04157,-0.00211,-0.03523,-0.09316,-0.11335,-0.15933,-0.15539,-0.17954,-0.14937,-0.0618,-0.06969,-0.11258,-0.09482,-0.04667,-0.06857,0.02658,-0.04264,-0.05217,-0.01305,-0.02332,0.00957,-0.01474,0.01628,0.00383,-0.01619,-0.03814,0.01884,-0.00342,-0.07695,-0.10332,-0.12446,-0.09129,-0.05366,0.05374,0.15774,0.19973,0.26677,0.44801,0.55028,0.59617,0.76146,1.0,0.67853,0.46072,0.3375,0.19808,0.09507,0.01215,-0.12664,-0.09793,-0.13603,-0.18599,-0.20068,-0.19663,-0.27004,-0.26621,-0.22394,-0.25489,-0.04271,-0.01468,0.05283,0.06521,0.15311,0.27313,0.20058,0.17295,0.34894,0.45786,0.25146,0.25116,0.40393,0.33501,0.49201,0.41049,0.27244,0.26076,0.25982
GLY107,-0.18411,-0.15277,-0.07155,-0.15553,-0.18112,-0.23557,-0.21844,-0.13826,-0.04233,-0.02108,0.02016,0.03775,0.05711,0.27566,0.25859,0.08993,0.00368,-0.03369,-0.04261,-0.09937,-0.13267,-0.15616,-0.16504,-0.13511,-0.1261,-0.10155,-0.12334,-0.08444,-0.0963,-0.05322,-0.02711,-0.14759,0.02039,0.20867,0.23089,0.21234,-0.03443,-0.01078,-0.11004,-0.03615,-0.0315,-0.04781,-0.07752,-0.08571,-0.07124,-0.06623,-0.01932,-0.0432,0.1618,0.08986,0.1891,0.30112,0.28405,0.22665,0.24846,0.26481,0.12898,0.13653,0.17514,0.11962,0.02674,0.05014,0.02402,-0.06078,-0.17326,-0.21742,-0.25126,-0.27752,-0.24637,-0.28779,-0.28587,-0.27148,-0.23142,-0.18191,0.04775,-0.06999,-0.08253,-0.10818,-0.08182,-0.06598,-0.10078,-0.08539,-0.11279,-0.16228,-0.20435,-0.15183,-0.16662,-0.20853,-0.17029,-0.16392,-0.1693,-0.11584,-0.08441,0.04735,0.07274,0.15256,0.36841,0.44764,0.48487,0.52559,0.67853,1.0,0.65238,0.5293,0.39039,0.28712,0.17427,0.00472,0.03348,0.03936,-0.03144,-0.05258,-0.01075,-0.09524,-0.07517,-0.09456,-0.1355,-0.02722,-0.07079,0.07093,0.19151,0.16683,0.18001,0.37047,0.32781,0.33357,0.5087,0.43546,0.33699,0.3945,0.47722,0.57338,0.58725,0.57449,0.54798,0.38854
LEU108,-0.11869,-0.06696,-0.02824,-0.0899,-0.1226,-0.1919,-0.1445,-0.08353,0.00371,0.03296,0.0698,0.12453,0.1561,0.28518,0.33587,0.20853,0.15615,0.11167,0.07803,0.00469,-0.0423,-0.06593,-0.09881,-0.07768,-0.0448,0.00209,0.00343,0.05692,0.05527,0.09514,0.15599,0.01833,0.09892,0.33454,0.39337,0.34677,-0.02033,-0.16504,-0.25119,-0.2759,-0.2868,-0.2937,-0.3142,-0.30837,-0.25265,-0.23143,-0.15698,-0.0355,0.26762,0.16076,0.30536,0.45203,0.44251,0.32643,0.37045,0.39655,0.28477,0.26878,0.25965,0.19231,0.12602,0.11427,0.05764,-0.04123,-0.15538,-0.1891,-0.18618,-0.19974,-0.13686,-0.17253,-0.14721,-0.17323,-0.16241,-0.09035,0.19867,0.10494,0.06921,0.03044,0.01394,0.04042,0.03398,0.06019,0.04658,0.04942,-0.01697,-0.02776,-0.05558,-0.13431,-0.10062,-0.14557,-0.16317,-0.11868,-0.05511,0.12612,0.15043,0.15397,0.30602,0.41104,0.39489,0.34325,0.46072,0.65238,1.0,0.76216,0.48201,0.3405,0.28436,0.19252,0.18119,0.17153,0.06565,0.02455,0.09636,0.04832,0.00953,-0.11016,-0.11614,-0.09892,-0.18728,-0.02411,0.04232,-0.03391,0.03892,0.19353,0.07897,0.08131,0.23706,0.15518,0.06852,0.13744,0.22955,0.36588,0.4695,0.44564,0.32989,0.20863
ALA109,-0.13952,-0.124,-0.10126,-0.12807,-0.1616,-0.20333,-0.1699,-0.10819,-0.02638,-0.00241,0.03597,0.09286,0.12233,0.25671,0.28205,0.17519,0.09162,0.0505,0.01117,-0.05596,-0.10514,-0.13348,-0.16184,-0.13734,-0.12024,-0.07985,-0.07622,-0.01953,-0.0067,0.05263,0.13471,0.08631,0.24002,0.40733,0.51803,0.39269,0.0882,0.00228,-0.09568,-0.11113,-0.13176,-0.14194,-0.19317,-0.21002,-0.16991,-0.15675,-0.10658,-0.08685,0.15035,0.15807,0.248,0.33634,0.32141,0.26876,0.29315,0.30078,0.21096,0.19972,0.21226,0.1689,0.08527,0.09677,0.07419,-0.01322,-0.13731,-0.16338,-0.17222,-0.19452,-0.15628,-0.16952,-0.1357,-0.14902,-0.13713,-0.0946,0.14902,0.03175,-0.00619,-0.03581,-0.0529,-0.04507,-0.05583,-0.02407,-0.02553,0.00137,-0.02446,0.00297,-0.03379,-0.07895,-0.06045,-0.0857,-0.10137,-0.03717,0.01883,0.16315,0.19108,0.22577,0.35898,0.44442,0.48829,0.33922,0.3375,0.5293,0.76216,1.0,0.71751,0.54149,0.35923,0.13895,0.07943,0.04943,-0.07041,-0.11125,-0.03604,-0.09645,-0.11315,-0.15109,-0.0664,0.0402,-0.05665,0.14904,0.23855,0.14803,0.14896,0.30903,0.19465,0.13927,0.24214,0.17673,0.06096,0.05957,0.14828,0.23334,0.31182,0.36966,0.29322,0.15406
LYS110,-0.15946,-0.28801,-0.22442,-0.18742,-0.23873,-0.24128,-0.21564,-0.13032,-0.04287,-0.03277,-0.00241,0.04156,0.05729,0.19859,0.2412,0.1184,0.03018,-0.00807,-0.04052,-0.10232,-0.14416,-0.20613,-0.2345,-0.19107,-0.1803,-0.14105,-0.14334,-0.07787,-0.06909,0.01116,0.06377,0.05855,0.31383,0.44316,0.51777,0.34275,0.12057,0.09107,-0.0312,-0.00336,-0.01723,-0.0109,-0.08158,-0.12362,-0.10891,-0.10377,-0.06707,-0.11118,0.03719,0.10683,0.15359,0.24212,0.19823,0.18456,0.22543,0.22039,0.13828,0.14293,0.17023,0.13229,0.04921,0.08464,0.08628,-0.00768,-0.15193,-0.1891,-0.19303,-0.24061,-0.25211,-0.23503,-0.15347,-0.18151,-0.17192,-0.11287,0.14175,0.0111,-0.02809,-0.05926,-0.06503,-0.09448,-0.11174,-0.08402,-0.08914,-0.06283,-0.06912,-0.052,-0.10173,-0.12544,-0.10075,-0.10645,-0.10773,-0.04115,-0.01993,0.10274,0.13779,0.20104,0.31099,0.35533,0.39517,0.27616,0.19808,0.39039,0.48201,0.71751,1.0,0.76226,0.44214,0.14951,0.06309,0.026,-0.09529,-0.13607,-0.05579,-0.11132,-0.11543,-0.09336,0.07357,0.16811,0.02372,0.29419,0.45353,0.32021,0.2565,0.45853,0.38069,0.24289,0.26173,0.25967,0.13691,0.07111,0.13543,0.15015,0.18392,0.28961,0.274,0.09739
VAL111,-0.20541,-0.31251,-0.18395,-0.13982,-0.20875,-0.20028,-0.18831,-0.11976,-0.0475,-0.04492,-0.00368,0.02869,0.03547,0.14967,0.17106,0.10366,0.02558,0.00179,-0.03585,-0.09366,-0.13568,-0.18214,-0.20199,-0.16879,-0.16452,-0.13603,-0.1266,-0.06289,-0.05588,0.01174,0.08922,0.15407,0.48235,0.48101,0.41973,0.26327,0.0654,0.06443,-0.03393,-0.00192,-0.0059,0.01404,-0.04663,-0.09203,-0.10622,-0.09155,-0.07445,-0.12293,-0.02715,0.05259,0.08045,0.15952,0.12788,0.12796,0.16543,0.16296,0.08547,0.09021,0.11956,0.09143,0.01057,0.06337,0.08366,0.00133,-0.10434,-0.14359,-0.14547,-0.19535,-0.21613,-0.23243,-0.15516,-0.17299,-0.16848,-0.11369,0.06834,-0.07098,-0.08297,-0.1027,-0.10785,-0.12846,-0.14511,-0.1061,-0.10485,-0.06763,-0.05447,-0.03277,-0.0656,-0.08847,-0.07441,-0.07947,-0.09184,-0.0202,-0.00144,0.08627,0.1506,0.19858,0.2381,0.28065,0.37465,0.23371,0.09507,0.28712,0.3405,0.54149,0.76226,1.0,0.65288,0.24545,0.08391,0.01834,-0.08474,-0.11077,-0.03392,-0.09545,-0.09953,-0.03811,0.19087,0.25128,0.12918,0.44996,0.56206,0.39203,0.31486,0.5224,0.42408,0.24689,0.21861,0.2501,0.12329,0.00309,0.05453,0.03273,0.05378,0.19082,0.19365,0.01307
ALA112,-0.16003,-0.20496,-0.11013,-0.08584,-0.13729,-0.14115,-0.14336,-0.09212,-0.03799,-0.0307,0.01533,0.0423,0.03317,0.08265,0.13268,0.09382,0.03863,0.03988,-0.0004,-0.06218,-0.10631,-0.14408,-0.15172,-0.12202,-0.10435,-0.0818,-0.06308,-0.02425,-0.02131,0.02709,0.14358,0.1435,0.38792,0.43605,0.34943,0.1989,-0.10638,-0.14092,-0.19817,-0.20435,-0.2001,-0.1854,-0.19796,-0.20113,-0.1648,-0.14214,-0.12143,-0.0759,0.02304,-0.0112,0.09388,0.18242,0.12068,0.09458,0.15881,0.15777,0.08869,0.10184,0.12659,0.10432,0.04146,0.09304,0.10249,0.03524,-0.04502,-0.08184,-0.0826,-0.12862,-0.15047,-0.17331,-0.1438,-0.17083,-0.20675,-0.13225,0.07975,-0.01407,-0.0264,-0.10096,-0.10961,-0.11377,-0.11798,-0.09273,-0.07676,-0.03339,-0.03905,-0.01246,-0.03512,-0.04278,-0.01025,-0.02199,-0.05907,-0.01243,-0.01946,0.07398,0.1263,0.08946,0.10271,0.11356,0.1531,0.05888,0.01215,0.17427,0.28436,0.35923,0.44214,0.65288,1.0,0.65738,0.41154,0.33169,0.21097,0.1572,0.24706,0.19673,0.10569,0.04581,0.18019,0.08448,-0.05546,0.17755,0.25953,0.09972,0.09675,0.28303,0.19983,0.06937,0.07476,0.10289,0.02906,-0.03926,0.01817,0.01635,0.0682,0.14075,0.12235,0.00973
TYR113,-0.05911,-0.12258,-0.05734,-0.03517,-0.10251,-0.10897,-0.06736,0.01231,0.08685,0.10626,0.13167,0.13866,0.11896,0.07877,0.164,0.11466,0.14076,0.15907,0.13762,0.08114,0.03929,-0.03264,-0.06213,-0.00072,0.02558,0.05951,0.07249,0.10394,0.06726,0.08418,0.124,-0.01522,0.02369,0.1504,0.23422,0.10728,-0.25973,-0.34094,-0.38116,-0.46102,-0.44889,-0.41896,-0.39787,-0.37627,-0.28856,-0.26994,-0.24901,-0.1033,0.02537,-0.05392,0.15859,0.24927,0.14432,0.14394,0.26028,0.22256,0.16651,0.21728,0.19837,0.13464,0.10741,0.16957,0.12896,0.03918,-0.02962,-0.07265,-0.06088,-0.12749,-0.16409,-0.21302,-0.16399,-0.24761,-0.31569,-0.20043,0.1839,0.10018,0.088,0.0415,0.05817,0.07178,0.05632,0.05896,0.01918,0.03317,-0.02557,-0.1092,-0.10919,-0.10705,-0.02514,-0.0541,-0.13574,-0.12744,-0.19006,-0.05403,-0.04941,-0.13923,-0.10583,-0.0611,-0.11779,-0.1607,-0.12664,0.00472,0.19252,0.13895,0.14951,0.24545,0.65738,1.0,0.76029,0.70341,0.5737,0.47292,0.53924,0.55379,0.37748,0.08239,0.23544,-0.05328,-0.27833,-0.10681,-0.0092,-0.17803,-0.09485,0.02272,-0.03632,-0.11625,-0.10768,-0.08083,-0.10031,-0.11664,-0.0672,-0.05672,0.02268,0.01824,-0.02168,-0.07748
VAL114,-0.10404,-0.12222,-0.09218,-0.12669,-0.17593,-0.21343,-0.19197,-0.11072,-0.03528,-0.02278,-0.01317,0.01678,0.00837,0.1151,0.19389,0.04516,0.01063,0.00928,-0.00892,-0.06465,-0.09166,-0.15575,-0.18499,-0.12154,-0.09523,-0.06664,-0.07922,-0.0624,-0.10159,-0.08472,-0.04962,-0.18985,-0.0819,0.09635,0.16451,0.10497,-0.31629,-0.34469,-0.3721,-0.40884,-0.37421,-0.34891,-0.30139,-0.25891,-0.13976,-0.11439,-0.08605,0.03653,0.06805,-0.09013,0.11838,0.26039,0.13058,0.09014,0.22873,0.21128,0.13691,0.17965,0.20587,0.13877,0.09059,0.1669,0.14913,0.03828,-0.04654,-0.11559,-0.14423,-0.24324,-0.32008,-0.33574,-0.30604,-0.34124,-0.38142,-0.28323,0.06109,0.00243,0.00904,-0.06548,-0.01684,0.00448,-0.0368,-0.0572,-0.10712,-0.12509,-0.19722,-0.26823,-0.22636,-0.1868,-0.07624,-0.06949,-0.14662,-0.13482,-0.22305,-0.07441,-0.10236,-0.12916,-0.06273,-0.09524,-0.15122,-0.15755,-0.09793,0.03348,0.18119,0.07943,0.06309,0.08391,0.41154,0.76029,1.0,0.88895,0.7605,0.6457,0.71026,0.68331,0.56522,0.25855,0.27677,-0.07058,-0.27348,-0.15016,-0.07499,-0.23112,-0.15909,0.00339,-0.0623,-0.1144,-0.07253,-0.0578,-0.06401,-0.05369,-6e-05,0.01743,0.0907,0.06196,0.02311,-0.06312
TYR115,-0.12538,-0.1338,-0.07493,-0.12879,-0.17198,-0.21693,-0.20988,-0.12839,-0.05082,-0.02184,-0.00133,0.02213,0.00973,0.1252,0.20057,0.01241,-0.01213,-0.00875,-0.02411,-0.08563,-0.10939,-0.16828,-0.19205,-0.12848,-0.09568,-0.07102,-0.08944,-0.07684,-0.12362,-0.10847,-0.08233,-0.28797,-0.19418,0.03188,0.15,0.08129,-0.36284,-0.36683,-0.4044,-0.42683,-0.38548,-0.3627,-0.3015,-0.25099,-0.13433,-0.1021,-0.06731,0.04898,0.08586,-0.08475,0.14971,0.31029,0.14879,0.11092,0.27894,0.25437,0.16448,0.22418,0.25435,0.1713,0.1214,0.20365,0.17659,0.04668,-0.05393,-0.14663,-0.17907,-0.27272,-0.35614,-0.39832,-0.36976,-0.42519,-0.45686,-0.28818,0.11461,6e-05,2e-05,-0.06245,0.00031,0.02001,-0.0129,-0.06363,-0.13038,-0.16635,-0.26118,-0.32513,-0.26904,-0.22957,-0.0966,-0.08584,-0.18473,-0.17228,-0.27639,-0.12539,-0.15449,-0.18226,-0.08329,-0.12406,-0.22612,-0.19974,-0.13603,0.03936,0.17153,0.04943,0.026,0.01834,0.33169,0.70341,0.88895,1.0,0.91515,0.7906,0.79511,0.75837,0.62054,0.25729,0.22633,-0.11652,-0.32841,-0.19885,-0.09734,-0.26369,-0.19778,-0.003,-0.06114,-0.12844,-0.07952,-0.0579,-0.0605,-0.05521,0.00751,0.01948,0.10193,0.07194,0.03099,-0.0338
LYS116,-0.11102,-0.11253,-0.03627,-0.09617,-0.14698,-0.1905,-0.20329,-0.14332,-0.08833,-0.06553,-0.04406,-0.04335,-0.05251,0.04355,0.09113,-0.06023,-0.08028,-0.06757,-0.0774,-0.12462,-0.1295,-0.16321,-0.17017,-0.13331,-0.11457,-0.10294,-0.11648,-0.12017,-0.16012,-0.15277,-0.14868,-0.32462,-0.22101,-0.0344,0.03118,0.00522,-0.37364,-0.35141,-0.36037,-0.36932,-0.3178,-0.29523,-0.21415,-0.15324,-0.05882,-0.02571,0.00106,0.12022,0.07129,-0.13026,0.05908,0.22141,0.06216,0.02737,0.18262,0.16919,0.08644,0.14276,0.17957,0.10448,0.06033,0.13985,0.12751,0.01125,-0.05861,-0.1449,-0.18452,-0.26492,-0.34725,-0.38405,-0.35979,-0.39071,-0.4234,-0.25166,0.01822,-0.07801,-0.05906,-0.11746,-0.03439,-0.00886,-0.04371,-0.10626,-0.16363,-0.22165,-0.31376,-0.36293,-0.30094,-0.25764,-0.13487,-0.09531,-0.18887,-0.18933,-0.29766,-0.1949,-0.21565,-0.22348,-0.15203,-0.20643,-0.30036,-0.26361,-0.18599,-0.03144,0.06565,-0.07041,-0.09529,-0.08474,0.21097,0.5737,0.7605,0.91515,1.0,0.94675,0.8726,0.82124,0.70997,0.39203,0.26557,-0.13965,-0.30239,-0.23,-0.16102,-0.31037,-0.24758,-0.06795,-0.1116,-0.16702,-0.12305,-0.0869,-0.07337,-0.06478,-0.00679,-0.00878,0.06249,0.0285,-0.00669,-0.04414
PRO117,-0.11691,-0.11044,-0.00803,-0.06901,-0.13354,-0.17907,-0.19925,-0.15343,-0.10937,-0.09049,-0.06675,-0.06644,-0.069,-0.00184,0.04042,-0.08428,-0.09663,-0.0811,-0.09496,-0.13493,-0.13582,-0.15381,-0.15283,-0.13542,-0.12153,-0.11131,-0.11653,-0.12507,-0.16072,-0.1563,-0.15508,-0.30562,-0.19729,-0.04319,-0.03556,-0.0395,-0.35605,-0.33318,-0.33532,-0.33877,-0.28401,-0.25947,-0.17429,-0.1145,-0.03147,-0.00271,0.01929,0.13941,0.06724,-0.13264,0.02449,0.17679,0.02497,-0.00642,0.13515,0.12432,0.05276,0.09809,0.13351,0.06065,0.01628,0.09803,0.09297,-0.02279,-0.07097,-0.14882,-0.18411,-0.26055,-0.33453,-0.3694,-0.33208,-0.3582,-0.39186,-0.22454,0.00359,-0.10097,-0.07964,-0.11234,-0.01211,0.00061,-0.05733,-0.11551,-0.16757,-0.22485,-0.31806,-0.36814,-0.3095,-0.26752,-0.1611,-0.11581,-0.19797,-0.19624,-0.29567,-0.21995,-0.23107,-0.23277,-0.17819,-0.232,-0.31325,-0.27485,-0.20068,-0.05258,0.02455,-0.11125,-0.13607,-0.11077,0.1572,0.47292,0.6457,0.7906,0.94675,1.0,0.92821,0.82296,0.73636,0.44386,0.2853,-0.13898,-0.27862,-0.21711,-0.16183,-0.3014,-0.24589,-0.07654,-0.11105,-0.16509,-0.1274,-0.07831,-0.06372,-0.05676,-0.00224,-0.01263,0.04931,0.0189,-0.00797,-0.0337
ASN118,-0.13398,-0.14529,-0.05093,-0.10512,-0.18319,-0.2334,-0.24327,-0.1859,-0.14098,-0.11983,-0.095,-0.07898,-0.0681,0.01708,0.07519,-0.04771,-0.08627,-0.07977,-0.10385,-0.15223,-0.15923,-0.19078,-0.19713,-0.1654,-0.14149,-0.12772,-0.13039,-0.13164,-0.16441,-0.14722,-0.11917,-0.27735,-0.15681,0.02904,0.05374,0.0185,-0.38139,-0.37927,-0.39802,-0.39988,-0.3355,-0.30947,-0.21747,-0.15014,-0.03012,-0.014,0.01424,0.14609,0.08278,-0.13927,0.04635,0.22065,0.05185,0.00327,0.16276,0.15674,0.07731,0.11029,0.14204,0.06465,0.00403,0.0857,0.08297,-0.04846,-0.10689,-0.1805,-0.21129,-0.29992,-0.37061,-0.38926,-0.32811,-0.36682,-0.42228,-0.23205,0.06438,-0.03119,-0.00805,-0.07001,0.03455,0.02597,-0.04415,-0.09814,-0.15573,-0.19694,-0.29998,-0.36027,-0.31888,-0.2788,-0.17542,-0.14093,-0.21294,-0.1957,-0.2868,-0.19101,-0.19779,-0.19375,-0.14273,-0.2295,-0.30191,-0.25978,-0.19663,-0.01075,0.09636,-0.03604,-0.05579,-0.03392,0.24706,0.53924,0.71026,0.79511,0.8726,0.92821,1.0,0.89181,0.81456,0.49094,0.34318,-0.11227,-0.28234,-0.18315,-0.11937,-0.28918,-0.23296,-0.01733,-0.07682,-0.15401,-0.10513,-0.05343,-0.05481,-0.05279,0.01326,0.01068,0.08478,0.06335,0.03099,-0.03004
ASN119,-0.05115,-0.10934,-0.05789,-0.07643,-0.15272,-0.18195,-0.18325,-0.13293,-0.11674,-0.08509,-0.07776,-0.10473,-0.08924,-0.03589,0.00013,-0.04366,-0.08288,-0.07239,-0.0734,-0.1086,-0.09501,-0.13495,-0.14164,-0.10094,-0.08422,-0.08387,-0.08305,-0.0919,-0.13282,-0.12189,-0.113,-0.26442,-0.17946,0.00556,0.10011,0.05961,-0.41926,-0.45697,-0.44126,-0.46841,-0.39053,-0.36325,-0.2449,-0.15359,-0.00976,-0.009,0.00877,0.18018,0.06499,-0.21592,-0.01851,0.16388,0.00151,-0.05873,0.10395,0.10518,0.05348,0.09243,0.09538,0.02707,-0.00357,0.06457,0.05654,-0.05923,-0.10668,-0.15727,-0.16686,-0.23285,-0.30328,-0.30006,-0.24501,-0.28358,-0.37599,-0.18478,0.05964,0.06983,0.12401,-0.01108,0.06766,0.06777,0.04646,-0.02942,-0.09036,-0.12902,-0.23023,-0.32083,-0.29483,-0.26729,-0.16953,-0.14392,-0.20243,-0.20582,-0.29727,-0.21357,-0.21986,-0.21858,-0.22587,-0.35057,-0.41062,-0.34319,-0.27004,-0.09524,0.04832,-0.09645,-0.11132,-0.09545,0.19673,0.55379,0.68331,0.75837,0.82124,0.82296,0.89181,1.0,0.92858,0.60129,0.44807,-0.08238,-0.26781,-0.2151,-0.1831,-0.36924,-0.28896,-0.07928,-0.15243,-0.23232,-0.18583,-0.13022,-0.12344,-0.11697,-0.05273,-0.0512,0.0422,0.01227,-0.04077,-0.09707
THR120,-0.02766,-0.0904,-0.03763,-0.0689,-0.15504,-0.1866,-0.22188,-0.19082,-0.20386,-0.18777,-0.18278,-0.2117,-0.18282,-0.0621,-0.05743,-0.10778,-0.18972,-0.18627,-0.1861,-0.20453,-0.17381,-0.18659,-0.18171,-0.17221,-0.17188,-0.18382,-0.1804,-0.19811,-0.23252,-0.21902,-0.21279,-0.31566,-0.16022,0.01366,0.11227,0.10273,-0.39507,-0.40039,-0.37167,-0.34909,-0.25372,-0.23431,-0.09983,0.00409,0.15045,0.1282,0.14276,0.28072,0.06265,-0.26374,-0.12187,0.08721,-0.06147,-0.13544,0.01077,0.03492,-0.01746,0.00145,0.02389,-0.02614,-0.08017,-0.01508,0.00837,-0.10564,-0.13078,-0.17261,-0.18593,-0.24944,-0.3361,-0.3094,-0.24995,-0.25226,-0.35867,-0.17294,-0.05542,-0.01407,0.06474,-0.09728,0.00377,-0.00319,-0.03334,-0.11726,-0.17065,-0.228,-0.30322,-0.35089,-0.32842,-0.29159,-0.21183,-0.16468,-0.19375,-0.19377,-0.28579,-0.23277,-0.23603,-0.18447,-0.18551,-0.38195,-0.41273,-0.33963,-0.26621,-0.07517,0.00953,-0.11315,-0.11543,-0.09953,0.10569,0.37748,0.56522,0.62054,0.70997,0.73636,0.81456,0.92858,1.0,0.74176,0.46322,-0.08238,-0.21586,-0.19429,-0.16503,-0.34753,-0.30395,-0.04492,-0.11516,-0.20907,-0.14314,-0.06737,-0.07287,-0.07166,0.00214,-0.0111,0.06723,0.0587,0.01808,-0.05323
HIS121,-0.0419,-0.18388,-0.18803,-0.1219,-0.18095,-0.16966,-0.25644,-0.28059,-0.35714,-0.3681,-0.36411,-0.43179,-0.39677,-0.27105,-0.31944,-0.2742,-0.40463,-0.39777,-0.4032,-0.37995,-0.30416,-0.28193,-0.23747,-0.24763,-0.28619,-0.34472,-0.33631,-0.3815,-0.36675,-0.3448,-0.30034,-0.20304,0.06729,0.07687,0.04436,0.05622,-0.22579,-0.16926,-0.09739,-0.01033,0.09496,0.10016,0.23608,0.32935,0.39111,0.36716,0.3603,0.405,-0.00854,-0.30818,-0.35226,-0.16616,-0.2679,-0.35718,-0.28552,-0.20823,-0.23261,-0.26045,-0.1925,-0.14975,-0.21269,-0.2038,-0.1144,-0.14702,-0.15584,-0.16362,-0.19349,-0.18432,-0.23698,-0.107,-0.05363,0.0447,-0.08817,-0.0203,-0.33024,-0.13486,-0.0522,-0.26885,-0.20656,-0.23885,-0.22412,-0.29428,-0.23893,-0.28366,-0.27252,-0.22433,-0.26671,-0.22205,-0.21917,-0.12971,-0.06778,-0.07748,-0.12153,-0.18647,-0.16139,-0.02659,-0.12949,-0.39322,-0.30189,-0.26271,-0.22394,-0.09456,-0.11016,-0.15109,-0.09336,-0.03811,0.04581,0.08239,0.25855,0.25729,0.39203,0.44386,0.49094,0.60129,0.74176,1.0,0.62706,0.12199,0.14618,0.01623,-0.07005,-0.19045,-0.21961,0.02352,-0.04198,-0.12307,-0.06753,0.00932,-0.01373,-0.03756,0.02642,-0.00978,0.02165,0.05543,0.03886,-0.03839
GLU122,-0.07195,-0.31253,-0.33129,-0.17338,-0.27401,-0.22439,-0.24195,-0.20305,-0.18496,-0.15771,-0.139,-0.17606,-0.18296,-0.16419,-0.14684,-0.10951,-0.19735,-0.18131,-0.18998,-0.21443,-0.20346,-0.26889,-0.26739,-0.19787,-0.21643,-0.22861,-0.21506,-0.20269,-0.22064,-0.17455,-0.15407,-0.07054,0.14564,0.10471,0.03882,0.0239,-0.10888,-0.04953,-0.04751,-0.0239,0.04195,0.07662,0.10955,0.11262,0.09148,0.08683,0.06217,0.05102,-0.16037,-0.17988,-0.19556,-0.08421,-0.17485,-0.16631,-0.09575,-0.08138,-0.10879,-0.08856,-0.05041,-0.06266,-0.11275,-0.06427,-0.01143,-0.06683,-0.14786,-0.16736,-0.17426,-0.21704,-0.27247,-0.1635,-0.03164,-0.02932,-0.13284,-0.10276,-0.12455,-0.03441,0.0054,-0.09819,-0.07492,-0.11933,-0.13297,-0.15914,-0.16176,-0.14135,-0.13123,-0.18621,-0.23087,-0.19817,-0.18417,-0.13923,-0.10441,-0.09973,-0.14367,-0.15745,-0.11462,-0.02383,-0.13671,-0.19796,-0.11868,-0.16368,-0.25489,-0.1355,-0.11614,-0.0664,0.07357,0.19087,0.18019,0.23544,0.27677,0.22633,0.26557,0.2853,0.34318,0.44807,0.46322,0.62706,1.0,0.57079,0.31613,0.31639,0.31189,0.14038,0.06973,0.16871,0.11854,-0.00468,-0.06582,-0.00968,-0.05766,-0.15542,-0.12423,-0.18166,-0.1648,-0.09428,-0.08647,-0.16994
GLN123,-0.11917,-0.24044,-0.42406,-0.35537,-0.34467,-0.28946,-0.22496,-0.14688,-0.07836,-0.0266,0.0043,0.00267,0.0148,0.02356,-0.00376,0.01305,-0.04521,-0.05306,-0.0615,-0.10983,-0.13418,-0.2257,-0.24272,-0.13871,-0.10418,-0.09614,-0.11138,-0.08577,-0.1027,-0.04684,-0.02959,0.03334,0.13306,0.02486,-0.06616,-0.06113,0.08534,0.20874,0.19154,0.21527,0.19563,0.19061,0.14001,0.09876,0.05554,0.06776,0.01567,-0.15633,-0.21473,0.01772,-0.01284,-0.04822,-0.0606,0.00832,-0.00866,-0.0198,-0.03977,-0.02438,0.00406,-0.0091,-0.07393,-0.02938,0.0067,-0.02052,-0.127,-0.14919,-0.19813,-0.22355,-0.21451,-0.11404,-0.05488,-0.04196,-0.02014,-0.04436,-0.04831,-0.01474,0.01333,-0.04673,-0.10254,-0.13542,-0.11724,-0.10629,-0.12364,-0.066,-0.05484,-0.06098,-0.09089,-0.08671,-0.09346,-0.06056,-0.02252,0.00943,0.03327,0.03372,0.06832,0.15059,0.09957,0.10843,0.18894,0.13907,-0.04271,-0.02722,-0.09892,0.0402,0.16811,0.25128,0.08448,-0.05328,-0.07058,-0.11652,-0.13965,-0.13898,-0.11227,-0.08238,-0.08238,0.12199,0.57079,1.0,0.69117,0.60703,0.57969,0.49822,0.37447,0.32255,0.28834,0.20438,0.08355,0.05882,-0.00298,-0.10911,-0.15338,-0.19606,-0.23538,-0.13895,-0.10005,-0.16407
HIS124,-0.1054,-0.1889,-0.24851,-0.19448,-0.18148,-0.16014,-0.16896,-0.17859,-0.18092,-0.15781,-0.13519,-0.14386,-0.13043,-0.11511,-0.17325,-0.11831,-0.17097,-0.17158,-0.17916,-0.19184,-0.17285,-0.17641,-0.15084,-0.12858,-0.11151,-0.15509,-0.15286,-0.1657,-0.15218,-0.13416,-0.12046,0.08568,0.19877,-0.03775,-0.1743,-0.10038,0.18049,0.30778,0.33267,0.37935,0.3719,0.3591,0.33556,0.30581,0.20831,0.2278,0.18609,0.00355,-0.17735,0.00747,-0.16225,-0.219,-0.17067,-0.13277,-0.20355,-0.18691,-0.18154,-0.19482,-0.15334,-0.10257,-0.14909,-0.13903,-0.0637,-0.00845,-0.00928,-0.03025,-0.10847,-0.10663,-0.09562,-0.02566,-0.01427,0.07407,0.14139,0.10654,-0.20444,-0.13325,-0.06425,-0.1584,-0.20876,-0.23759,-0.18516,-0.18593,-0.16107,-0.13311,-0.08349,-0.04714,-0.05378,-0.01438,-0.03387,0.0407,0.09209,0.09429,0.1071,0.02944,0.04546,0.15839,0.07886,0.04913,0.17992,0.12803,-0.01468,-0.07079,-0.18728,-0.05665,0.02372,0.12918,-0.05546,-0.27833,-0.27348,-0.32841,-0.30239,-0.27862,-0.28234,-0.26781,-0.21586,0.14618,0.31613,0.69117,1.0,0.70514,0.40842,0.46784,0.33524,0.25752,0.21613,0.17329,0.07201,0.07949,0.02364,-0.08266,-0.12679,-0.18234,-0.23584,-0.13971,-0.09828,-0.12854
LEU125,-0.21366,-0.28289,-0.22615,-0.20754,-0.22225,-0.22713,-0.21511,-0.18321,-0.1295,-0.09661,-0.06117,-0.05451,-0.04932,0.01544,0.00331,-0.00923,-0.06041,-0.0787,-0.09944,-0.14402,-0.1602,-0.18601,-0.17751,-0.13847,-0.10857,-0.1219,-0.12662,-0.10352,-0.09929,-0.05625,-0.0258,0.12036,0.2982,0.11774,-0.00341,-0.04549,0.08927,0.20355,0.16289,0.21664,0.21696,0.22093,0.18125,0.14057,0.06356,0.08539,0.05433,-0.11528,-0.19473,0.01017,-0.0665,-0.09272,-0.0659,-0.01119,-0.03315,-0.02576,-0.05876,-0.06065,-0.02133,-0.01483,-0.08342,-0.03842,0.01425,-0.00505,-0.03491,-0.07869,-0.15238,-0.19105,-0.18824,-0.1736,-0.14466,-0.1004,-0.00804,-0.0125,-0.06293,-0.115,-0.07743,-0.11954,-0.15092,-0.17203,-0.15525,-0.13971,-0.14366,-0.11071,-0.08686,-0.06625,-0.06465,-0.04908,-0.04553,-0.00994,0.00388,0.05836,0.08722,0.09039,0.13506,0.2458,0.20829,0.21913,0.36422,0.29547,0.05283,0.07093,-0.02411,0.14904,0.29419,0.44996,0.17755,-0.10681,-0.15016,-0.19885,-0.23,-0.21711,-0.18315,-0.2151,-0.19429,0.01623,0.31639,0.60703,0.70514,1.0,0.73987,0.68013,0.60558,0.55274,0.44706,0.34565,0.21057,0.1875,0.1014,-0.04296,-0.0874,-0.14197,-0.20201,-0.07645,-0.02956,-0.14281
ARG126,-0.23325,-0.36033,-0.27517,-0.24033,-0.29038,-0.27316,-0.25315,-0.16371,-0.06803,-0.04554,-0.00712,0.003,-0.00855,0.11745,0.13169,0.01175,-0.06134,-0.07104,-0.08177,-0.1368,-0.1738,-0.23747,-0.24868,-0.18818,-0.17494,-0.15599,-0.17391,-0.13598,-0.15472,-0.09512,-0.09773,-0.05008,0.16822,0.1301,0.06404,0.00264,0.05082,0.21655,0.10749,0.20453,0.21654,0.23369,0.16706,0.1027,0.02127,0.02495,0.00574,-0.20045,-0.22269,0.00873,-0.01836,0.00543,-0.01726,0.07073,0.08698,0.07196,-0.00523,0.0194,0.08349,0.04382,-0.06048,0.0312,0.07659,0.00914,-0.09142,-0.14369,-0.19956,-0.28017,-0.33348,-0.34274,-0.25716,-0.27545,-0.20252,-0.15038,0.00845,-0.14595,-0.13199,-0.12716,-0.11489,-0.15601,-0.18697,-0.1732,-0.22415,-0.20266,-0.20087,-0.19415,-0.18384,-0.14339,-0.11409,-0.08318,-0.08704,-0.02142,-0.03987,0.00553,0.0391,0.18094,0.22844,0.27567,0.40145,0.34057,0.06521,0.19151,0.04232,0.23855,0.45353,0.56206,0.25953,-0.0092,-0.07499,-0.09734,-0.16102,-0.16183,-0.11937,-0.1831,-0.16503,-0.07005,0.31189,0.57969,0.40842,0.73987,1.0,0.83819,0.65276,0.7258,0.71224,0.53275,0.37091,0.38122,0.27973,0.0914,0.0601,-0.04224,-0.13698,0.02628,0.12427,-0.05707
LYS127,-0.20903,-0.28617,-0.23009,-0.21908,-0.2402,-0.22058,-0.19482,-0.13075,-0.04379,-0.02466,0.01179,0.02534,0.00925,0.0965,0.08659,-0.01461,-0.05234,-0.06032,-0.06343,-0.10669,-0.13825,-0.17959,-0.18307,-0.13635,-0.12137,-0.10671,-0.13021,-0.1047,-0.1164,-0.07225,-0.09842,-0.03222,0.11085,0.01052,-0.09572,-0.11051,0.11598,0.30345,0.21959,0.32067,0.31822,0.32598,0.24266,0.16427,0.05216,0.04654,0.00904,-0.23841,-0.24543,0.03948,-0.03167,-0.07195,-0.03987,0.06417,0.02675,0.01175,-0.0449,-0.02599,0.02623,0.00258,-0.07632,-0.00919,0.01753,-0.00031,-0.06179,-0.1025,-0.1686,-0.2206,-0.23784,-0.24753,-0.19546,-0.19389,-0.08637,-0.10783,-0.04583,-0.17558,-0.16076,-0.11059,-0.11268,-0.13991,-0.16673,-0.1432,-0.18738,-0.17026,-0.15647,-0.13913,-0.12677,-0.08834,-0.08087,-0.04923,-0.03425,0.01852,0.02244,0.02725,0.04985,0.20538,0.24871,0.32004,0.45311,0.44144,0.15311,0.16683,-0.03391,0.14803,0.32021,0.39203,0.09972,-0.17803,-0.23112,-0.26369,-0.31037,-0.3014,-0.28918,-0.36924,-0.34753,-0.19045,0.14038,0.49822,0.46784,0.68013,0.83819,1.0,0.79165,0.64983,0.70265,0.62145,0.42075,0.37721,0.3349,0.17009,0.07364,-0.02343,-0.17853,-0.05409,0.07729,-0.04275
SER128,-0.17958,-0.20583,-0.1737,-0.18849,-0.19526,-0.19019,-0.1413,-0.09188,-0.0004,0.03902,0.06556,0.07762,0.07853,0.11201,0.1027,0.04604,0.04463,0.02748,0.02819,-0.02217,-0.0547,-0.09588,-0.10295,-0.04865,-0.02056,0.00281,-0.01515,0.0155,-0.00456,0.02679,-0.00017,0.02409,0.08782,0.01346,-0.08991,-0.11974,0.04392,0.156,0.0932,0.15171,0.14047,0.14631,0.07474,0.01068,-0.07154,-0.07798,-0.11184,-0.27814,-0.20978,0.02284,0.02936,-0.02499,-0.00085,0.08943,0.06369,0.04577,0.0082,0.02148,0.03284,0.00502,-0.03489,0.00445,-0.01703,-0.02935,-0.0635,-0.09156,-0.14844,-0.17862,-0.15206,-0.1691,-0.13881,-0.14731,-0.04956,-0.07645,0.042,-0.06401,-0.05607,0.00628,-0.00903,-0.00861,-0.03352,-0.00473,-0.05058,-0.03852,-0.05286,-0.07822,-0.06621,-0.07055,-0.0622,-0.0637,-0.05598,-0.01284,0.02656,0.0722,0.09755,0.21833,0.24551,0.35995,0.49523,0.53192,0.27313,0.18001,0.03892,0.14896,0.2565,0.31486,0.09675,-0.09485,-0.15909,-0.19778,-0.24758,-0.24589,-0.23296,-0.28896,-0.30395,-0.21961,0.06973,0.37447,0.33524,0.60558,0.65276,0.79165,1.0,0.66197,0.59787,0.63411,0.46301,0.30789,0.29431,0.20377,0.06055,0.03103,-0.1213,-0.08867,0.011,-0.06518
GLU129,-0.27245,-0.34571,-0.19712,-0.20201,-0.24216,-0.25781,-0.25636,-0.18025,-0.10898,-0.097,-0.06336,-0.05976,-0.06288,0.12225,0.13252,-0.01785,-0.10105,-0.11822,-0.12036,-0.16939,-0.1798,-0.21271,-0.21742,-0.17571,-0.16671,-0.15765,-0.18248,-0.16041,-0.18382,-0.14303,-0.14069,-0.13542,0.1164,0.16218,0.15361,0.07275,-0.05168,0.07183,-0.03536,0.07927,0.11619,0.13175,0.10276,0.07152,0.03019,0.02945,0.03447,-0.10124,-0.12031,-0.05388,-0.02731,0.05614,0.0066,0.03681,0.08624,0.09249,-0.01696,0.00689,0.06785,0.02374,-0.07964,-0.00236,0.02187,-0.04858,-0.12514,-0.17359,-0.23436,-0.2971,-0.33988,-0.36483,-0.29909,-0.30337,-0.2451,-0.17595,-0.00708,-0.13233,-0.11703,-0.15292,-0.12366,-0.14533,-0.17206,-0.17775,-0.2112,-0.23771,-0.26617,-0.25405,-0.23929,-0.20671,-0.16349,-0.12555,-0.12803,-0.07356,-0.0971,-0.03287,-0.00124,0.16014,0.2452,0.26679,0.41493,0.39761,0.20058,0.37047,0.19353,0.30903,0.45853,0.5224,0.28303,0.02272,0.00339,-0.003,-0.06795,-0.07654,-0.01733,-0.07928,-0.04492,0.02352,0.16871,0.32255,0.25752,0.55274,0.7258,0.64983,0.66197,1.0,0.83329,0.62534,0.58368,0.60003,0.44804,0.28574,0.29538,0.21371,0.12544,0.25492,0.3526,0.10869
ALA130,-0.25092,-0.34688,-0.18093,-0.18653,-0.2231,-0.21761,-0.20848,-0.12364,-0.04428,-0.03395,-0.00227,-0.0112,-0.02501,0.14286,0.1386,-0.03595,-0.08752,-0.09387,-0.08353,-0.12045,-0.13697,-0.17525,-0.18558,-0.14553,-0.14179,-0.11975,-0.15119,-0.13444,-0.16811,-0.13573,-0.17366,-0.1945,0.04164,0.08519,0.04499,-0.01677,-0.05336,0.11701,-0.00135,0.14146,0.17406,0.19258,0.1471,0.09931,0.03682,0.02226,0.01933,-0.15371,-0.17121,-0.0714,-0.05898,-0.00049,-0.03282,0.04416,0.07053,0.05714,-0.04081,-0.00922,0.05529,-0.00016,-0.09137,0.00431,0.01457,-0.05439,-0.12366,-0.16876,-0.21771,-0.28435,-0.33183,-0.37365,-0.30814,-0.31835,-0.25536,-0.20281,-0.02465,-0.17857,-0.15805,-0.14693,-0.10123,-0.12145,-0.16921,-0.16812,-0.22133,-0.26343,-0.28829,-0.27486,-0.25396,-0.22092,-0.18225,-0.14216,-0.14414,-0.10056,-0.13984,-0.08589,-0.06902,0.08741,0.19754,0.23385,0.34334,0.36908,0.17295,0.32781,0.07897,0.19465,0.38069,0.42408,0.19983,-0.03632,-0.0623,-0.06114,-0.1116,-0.11105,-0.07682,-0.15243,-0.11516,-0.04198,0.11854,0.28834,0.21613,0.44706,0.71224,0.70265,0.59787,0.83329,1.0,0.79,0.6318,0.70965,0.64412,0.43996,0.39735,0.24183,0.07897,0.2166,0.38448,0.16709
GLN131,-0.19712,-0.23822,-0.14716,-0.19073,-0.19052,-0.19296,-0.16512,-0.10146,-0.01645,0.00904,0.04307,0.03126,0.02812,0.15799,0.13222,-0.01877,-0.03604,-0.04427,-0.02473,-0.06678,-0.08498,-0.11086,-0.11812,-0.08389,-0.06455,-0.04082,-0.08102,-0.06596,-0.09315,-0.06964,-0.13569,-0.17389,-0.01816,0.02087,-0.07506,-0.10805,-0.06845,0.10485,0.01489,0.15464,0.17222,0.17731,0.12485,0.07628,0.01523,-0.00867,-0.02542,-0.19807,-0.1711,-0.06254,-0.01836,-0.01554,-0.02052,0.05887,0.04903,0.03065,-0.0475,-0.03033,0.00935,-0.04193,-0.09834,-0.03661,-0.06933,-0.11381,-0.15061,-0.17902,-0.23367,-0.2627,-0.24232,-0.27631,-0.24762,-0.24649,-0.17265,-0.16692,-0.02427,-0.1577,-0.13354,-0.07973,-0.05352,-0.04719,-0.09746,-0.08219,-0.13808,-0.1867,-0.21907,-0.20668,-0.20177,-0.21139,-0.19052,-0.16434,-0.15145,-0.11979,-0.10779,-0.04419,-0.02184,0.12037,0.24595,0.29109,0.37302,0.50368,0.34894,0.33357,0.08131,0.13927,0.24289,0.24689,0.06937,-0.11625,-0.1144,-0.12844,-0.16702,-0.16509,-0.15401,-0.23232,-0.20907,-0.12307,-0.00468,0.20438,0.17329,0.34565,0.53275,0.62145,0.63411,0.62534,0.79,1.0,0.7888,0.62251,0.7024,0.62357,0.44331,0.34553,0.10837,0.11051,0.29207,0.16934
ALA132,-0.20698,-0.20457,-0.09793,-0.15752,-0.16103,-0.18158,-0.17337,-0.11841,-0.05173,-0.03686,-0.00576,-0.01648,-0.00563,0.16037,0.1255,-0.04517,-0.07886,-0.09011,-0.06854,-0.10573,-0.11092,-0.1185,-0.11685,-0.09702,-0.0906,-0.07413,-0.11455,-0.10148,-0.12601,-0.11126,-0.1646,-0.21512,-0.02693,0.07424,0.01674,-0.01435,-0.07193,0.06019,-0.02794,0.10523,0.12531,0.11868,0.08095,0.05254,0.02005,-0.00273,0.00305,-0.11431,-0.05047,-0.04714,0.01141,0.0504,0.02561,0.05644,0.05905,0.05397,-0.04612,-0.03089,0.00928,-0.04529,-0.09978,-0.05386,-0.08103,-0.13442,-0.17507,-0.19445,-0.2462,-0.25638,-0.2385,-0.27936,-0.26289,-0.24791,-0.19029,-0.17244,-0.04372,-0.15516,-0.14617,-0.12496,-0.08158,-0.06144,-0.10949,-0.10964,-0.14135,-0.21878,-0.25986,-0.21653,-0.2181,-0.24271,-0.21751,-0.18301,-0.17026,-0.15441,-0.14147,-0.0618,-0.03862,0.08792,0.25798,0.30578,0.39855,0.51334,0.45786,0.5087,0.23706,0.24214,0.26173,0.21861,0.07476,-0.10768,-0.07253,-0.07952,-0.12305,-0.1274,-0.10513,-0.18583,-0.14314,-0.06753,-0.06582,0.08355,0.07201,0.21057,0.37091,0.42075,0.46301,0.58368,0.6318,0.7888,1.0,0.75538,0.69652,0.70702,0.64067,0.59687,0.40505,0.36913,0.51742,0.36408
LYS133,-0.21055,-0.25445,-0.03364,-0.05226,-0.08958,-0.0973,-0.11446,-0.06828,-0.01705,-0.01998,0.00327,-0.02971,-0.04611,0.10908,0.0769,-0.08496,-0.10601,-0.09817,-0.06335,-0.07986,-0.07354,-0.07544,-0.07484,-0.07471,-0.09118,-0.0786,-0.11086,-0.11072,-0.14034,-0.15227,-0.21737,-0.2309,0.01177,0.08477,0.05269,0.00941,-0.06959,0.02873,-0.07425,0.05494,0.09022,0.10756,0.08488,0.0588,0.01073,-0.01143,0.01071,-0.06009,-0.03791,-0.08222,-0.07404,-0.00624,-0.03777,0.00361,0.02234,0.00773,-0.08556,-0.04913,-0.00845,-0.06636,-0.11148,-0.035,-0.03714,-0.09921,-0.12681,-0.13083,-0.16961,-0.21025,-0.24396,-0.31812,-0.26669,-0.2559,-0.2123,-0.15037,-0.06785,-0.1695,-0.15662,-0.15289,-0.09233,-0.0895,-0.13633,-0.13755,-0.1608,-0.25528,-0.29511,-0.27574,-0.26,-0.25137,-0.21009,-0.1645,-0.16592,-0.17165,-0.22738,-0.17936,-0.16764,-0.05117,0.09255,0.14591,0.23536,0.27673,0.25146,0.43546,0.15518,0.17673,0.25967,0.2501,0.10289,-0.08083,-0.0578,-0.0579,-0.0869,-0.07831,-0.05343,-0.13022,-0.06737,0.00932,-0.00968,0.05882,0.07949,0.1875,0.38122,0.37721,0.30789,0.60003,0.70965,0.62251,0.75538,1.0,0.83401,0.67902,0.73697,0.56119,0.40915,0.49337,0.67445,0.47242
LYS134,-0.18056,-0.19083,-0.00936,-0.04907,-0.06476,-0.07291,-0.07529,-0.02692,0.02267,0.03395,0.05445,0.01371,0.00687,0.13059,0.07196,-0.06803,-0.06259,-0.0551,-0.01011,-0.0244,-0.02077,-0.01998,-0.02464,-0.01929,-0.02909,-0.00836,-0.04881,-0.05166,-0.08483,-0.10364,-0.20031,-0.24585,-0.05806,0.01452,-0.02786,-0.06378,-0.1268,-0.01887,-0.09557,0.04,0.07297,0.08355,0.06839,0.04937,0.01387,-0.02565,-0.01976,-0.09633,-0.08403,-0.12459,-0.08383,-0.04138,-0.059,0.00335,0.00918,-0.00569,-0.08109,-0.04585,-0.02642,-0.08923,-0.1102,-0.04173,-0.08053,-0.13125,-0.13873,-0.13757,-0.16678,-0.19303,-0.19239,-0.26361,-0.23384,-0.22319,-0.18548,-0.15096,-0.05718,-0.1524,-0.12451,-0.09351,-0.03974,-0.01812,-0.07446,-0.07145,-0.10448,-0.20103,-0.25151,-0.24394,-0.23996,-0.25888,-0.22445,-0.18965,-0.18735,-0.20029,-0.23929,-0.18101,-0.17106,-0.06962,0.06691,0.1015,0.16321,0.27486,0.25116,0.33699,0.06852,0.06096,0.13691,0.12329,0.02906,-0.10031,-0.06401,-0.0605,-0.07337,-0.06372,-0.05481,-0.12344,-0.07287,-0.01373,-0.05766,-0.00298,0.02364,0.1014,0.27973,0.3349,0.29431,0.44804,0.64412,0.7024,0.69652,0.83401,1.0,0.83289,0.73602,0.53272,0.30839,0.31657,0.53821,0.42056
GLU135,-0.12969,-0.09454,0.02772,-0.04241,-0.03733,-0.06198,-0.05677,-0.02322,0.02635,0.04151,0.05768,0.02355,0.03787,0.15041,0.08224,-0.05019,-0.03467,-0.03632,0.01175,-0.00381,0.00179,0.01462,0.01773,0.01756,0.01363,0.03611,-0.0054,-0.01156,-0.04297,-0.06621,-0.17064,-0.25441,-0.11726,-0.00653,-0.04981,-0.06936,-0.14833,-0.0633,-0.1246,0.00109,0.02729,0.02319,0.01306,0.00644,7e-05,-0.04814,-0.03701,-0.08015,-0.01719,-0.10945,-0.02465,0.00598,-0.0081,0.02606,0.01938,0.0079,-0.05967,-0.03827,-0.03414,-0.09915,-0.09515,-0.06199,-0.12957,-0.17771,-0.17611,-0.16474,-0.18195,-0.1755,-0.13292,-0.19332,-0.18659,-0.17675,-0.14529,-0.13637,-0.03507,-0.10802,-0.08813,-0.05293,-0.00292,0.03389,-0.02241,-0.01733,-0.04507,-0.14918,-0.20755,-0.18815,-0.20095,-0.25966,-0.24319,-0.23265,-0.21385,-0.23417,-0.22685,-0.14828,-0.13687,-0.05974,0.10558,0.13301,0.1592,0.34167,0.40393,0.3945,0.13744,0.05957,0.07111,0.00309,-0.03926,-0.11664,-0.05369,-0.05521,-0.06478,-0.05676,-0.05279,-0.11697,-0.07166,-0.03756,-0.15542,-0.10911,-0.08266,-0.04296,0.0914,0.17009,0.20377,0.28574,0.43996,0.62357,0.70702,0.67902,0.83289,1.0,0.82147,0.70608,0.47411,0.3422,0.5392,0.50031
LYS136,-0.14707,-0.13812,0.06587,0.0207,-0.00179,-0.03442,-0.05607,-0.02613,0.011,0.01393,0.0263,-0.01029,-0.01223,0.11602,0.0761,-0.07355,-0.07024,-0.06265,-0.02028,-0.02636,-0.0193,0.00393,0.01518,-0.00629,-0.02899,-0.01481,-0.04474,-0.05024,-0.07971,-0.11363,-0.19431,-0.25894,-0.07181,0.05914,0.05621,0.03267,-0.12414,-0.08791,-0.17014,-0.05851,-0.01937,-0.01031,-0.00748,-0.00491,-0.01632,-0.04574,-0.00306,0.01202,0.07069,-0.09666,-0.05036,0.03174,0.00275,0.00297,0.01889,0.012,-0.07128,-0.04069,-0.02701,-0.08901,-0.08483,-0.0376,-0.08201,-0.13951,-0.1434,-0.13506,-0.15002,-0.15839,-0.15467,-0.23832,-0.21501,-0.19819,-0.17557,-0.13212,-0.04407,-0.11096,-0.09985,-0.10931,-0.05542,-0.02586,-0.0751,-0.07198,-0.07218,-0.18841,-0.25136,-0.23203,-0.23192,-0.26553,-0.23016,-0.19327,-0.19388,-0.22511,-0.26067,-0.19854,-0.19621,-0.12569,0.04634,0.07724,0.11424,0.21527,0.33501,0.47722,0.22955,0.14828,0.13543,0.05453,0.01817,-0.0672,-6e-05,0.00751,-0.00679,-0.00224,0.01326,-0.05273,0.00214,0.02642,-0.12423,-0.15338,-0.12679,-0.0874,0.0601,0.07364,0.06055,0.29538,0.39735,0.44331,0.64067,0.73697,0.73602,0.82147,1.0,0.83202,0.66886,0.59876,0.76691,0.64733
LEU137,-0.13149,-0.0893,0.0418,-0.0233,-0.02469,-0.06935,-0.07761,-0.05043,-0.01312,-0.00288,0.01098,-0.01261,0.00718,0.13178,0.10499,-0.03433,-0.04074,-0.05244,-0.0168,-0.03234,-0.02558,-0.00156,0.00876,-0.00806,-0.01716,-0.00155,-0.02746,-0.03097,-0.0483,-0.06586,-0.11299,-0.20216,-0.07317,0.09024,0.09347,0.07803,-0.09595,-0.09416,-0.16199,-0.07888,-0.05716,-0.06275,-0.06511,-0.05866,-0.04814,-0.06913,-0.02268,0.01588,0.1516,-0.02875,0.04629,0.13119,0.10111,0.05576,0.06874,0.08195,-0.00869,-0.00399,-0.00089,-0.05405,-0.06167,-0.05023,-0.10955,-0.16522,-0.17771,-0.1634,-0.17739,-0.16706,-0.13114,-0.18269,-0.1748,-0.16292,-0.14554,-0.1038,-0.00699,-0.05476,-0.06113,-0.08071,-0.04255,-0.00639,-0.04723,-0.03501,-0.02185,-0.11926,-0.18694,-0.16242,-0.18039,-0.23869,-0.21844,-0.20133,-0.193,-0.20239,-0.18636,-0.10314,-0.09224,-0.03147,0.13852,0.17497,0.20093,0.31995,0.49201,0.57338,0.36588,0.23334,0.15015,0.03273,0.01635,-0.05672,0.01743,0.01948,-0.00878,-0.01263,0.01068,-0.0512,-0.0111,-0.00978,-0.18166,-0.19606,-0.18234,-0.14197,-0.04224,-0.02343,0.03103,0.21371,0.24183,0.34553,0.59687,0.56119,0.53272,0.70608,0.83202,1.0,0.8457,0.65915,0.71913,0.61476
ASN138,-0.0875,-0.05383,0.06648,0.01679,0.00357,-0.04907,-0.0593,-0.04129,-0.01978,-0.00915,-0.00962,-0.02418,-0.00025,0.11442,0.11086,-0.01142,-0.02538,-0.03933,-0.01162,-0.02394,-0.01794,0.01013,0.01346,-0.00744,-0.01609,-0.00286,-0.01663,-0.01959,-0.03529,-0.05743,-0.06104,-0.153,-0.03558,0.14958,0.19848,0.18187,-0.06778,-0.142,-0.205,-0.16849,-0.15149,-0.15617,-0.14726,-0.12722,-0.09438,-0.09623,-0.02323,0.09529,0.26767,0.02491,0.10113,0.20423,0.16522,0.07574,0.10066,0.11452,0.02311,0.03357,0.02968,-0.01776,-0.02321,-0.02832,-0.05954,-0.10941,-0.13384,-0.12543,-0.13451,-0.12955,-0.10384,-0.1506,-0.14047,-0.13444,-0.13019,-0.07955,0.0335,0.00419,-0.02049,-0.07773,-0.04437,-0.01321,-0.03675,-0.02635,-0.00353,-0.08397,-0.1385,-0.13163,-0.15248,-0.20428,-0.17572,-0.17296,-0.18049,-0.18501,-0.17711,-0.08692,-0.07508,-0.06136,0.09,0.13826,0.14326,0.18832,0.41049,0.58725,0.4695,0.31182,0.18392,0.05378,0.0682,0.02268,0.0907,0.10193,0.06249,0.04931,0.08478,0.0422,0.06723,0.02165,-0.1648,-0.23538,-0.23584,-0.20201,-0.13698,-0.17853,-0.1213,0.12544,0.07897,0.10837,0.40505,0.40915,0.30839,0.47411,0.66886,0.8457,1.0,0.82252,0.72827,0.61188
ILE139,-0.12536,-0.12737,0.03627,0.00982,-0.01207,-0.05564,-0.08079,-0.06023,-0.04072,-0.04237,-0.04198,-0.06201,-0.05215,0.09718,0.10026,-0.03585,-0.08522,-0.09154,-0.06937,-0.0741,-0.06251,-0.03863,-0.03404,-0.05853,-0.07317,-0.07614,-0.09142,-0.09623,-0.11253,-0.12489,-0.1066,-0.15571,0.0291,0.18994,0.26457,0.2348,-0.0165,-0.07085,-0.14914,-0.10077,-0.08061,-0.08338,-0.0768,-0.06223,-0.03628,-0.02009,0.05173,0.13307,0.24301,0.03445,0.05493,0.17441,0.13057,0.04683,0.07747,0.09363,-0.00646,0.00403,0.03743,-0.00364,-0.03734,-0.01145,-0.00355,-0.05063,-0.09924,-0.10382,-0.11502,-0.1279,-0.14774,-0.2038,-0.19371,-0.1767,-0.17023,-0.11211,-0.01634,-0.06112,-0.08182,-0.16133,-0.11939,-0.10603,-0.11875,-0.11904,-0.08978,-0.16735,-0.19623,-0.17421,-0.17643,-0.18613,-0.15075,-0.13597,-0.14433,-0.13604,-0.17119,-0.10458,-0.10026,-0.06089,0.08326,0.11378,0.148,0.10581,0.27244,0.57449,0.44564,0.36966,0.28961,0.19082,0.14075,0.01824,0.06196,0.07194,0.0285,0.0189,0.06335,0.01227,0.0587,0.05543,-0.09428,-0.13895,-0.13971,-0.07645,0.02628,-0.05409,-0.08867,0.25492,0.2166,0.11051,0.36913,0.49337,0.31657,0.3422,0.59876,0.65915,0.82252,1.0,0.85212,0.6083
TRP140,-0.1682,-0.18173,0.02902,-0.00162,-0.03118,-0.06795,-0.09308,-0.05459,-0.01782,-0.0198,-0.00925,-0.03761,-0.04222,0.12185,0.09691,-0.0628,-0.10004,-0.09387,-0.06011,-0.06946,-0.06364,-0.04578,-0.04121,-0.06138,-0.08183,-0.07372,-0.09881,-0.10405,-0.12791,-0.14792,-0.16917,-0.21852,0.0006,0.14511,0.18893,0.14528,-0.04903,-0.04259,-0.14118,-0.05162,-0.01679,-0.01418,-0.01528,-0.01413,-0.01852,-0.02674,0.02867,0.05078,0.1418,-0.01813,-0.00365,0.10194,0.06242,0.03819,0.06654,0.06694,-0.04347,-0.01439,0.01715,-0.03903,-0.06717,-0.01126,-0.01808,-0.0776,-0.11801,-0.12289,-0.14857,-0.1706,-0.19207,-0.26894,-0.24001,-0.22198,-0.20253,-0.14696,-0.03617,-0.11077,-0.11868,-0.17124,-0.1127,-0.10056,-0.13463,-0.13208,-0.117,-0.21278,-0.25281,-0.23421,-0.23,-0.23739,-0.19497,-0.15971,-0.1721,-0.17503,-0.22787,-0.16217,-0.16215,-0.09875,0.06474,0.10096,0.15739,0.14805,0.26076,0.54798,0.32989,0.29322,0.274,0.19365,0.12235,-0.02168,0.02311,0.03099,-0.00669,-0.00797,0.03099,-0.04077,0.01808,0.03886,-0.08647,-0.10005,-0.09828,-0.02956,0.12427,0.07729,0.011,0.3526,0.38448,0.29207,0.51742,0.67445,0.53821,0.5392,0.76691,0.71913,0.72827,0.85212,1.0,0.74518
SER141,-0.07574,-0.05466,0.09526,0.0691,0.05055,0.02654,0.00097,0.01005,0.03878,0.04062,0.05485,0.02955,0.04079,0.10281,-0.00192,-0.07981,-0.04951,-0.03628,0.00156,0.00288,-4e-05,0.02374,0.03074,0.01094,0.00411,0.00409,-0.0131,-0.01748,-0.03182,-0.07935,-0.12423,-0.16168,-0.04342,0.04242,0.05817,0.04652,-0.00638,-0.02751,-0.08504,-0.03524,-0.0255,-0.02882,-0.03909,-0.04769,-0.05936,-0.10004,-0.07313,-0.05528,0.1162,0.00914,0.02399,0.04446,0.05315,0.06374,0.0401,0.01855,-0.04045,-0.01122,-0.03118,-0.07727,-0.04306,-0.01838,-0.05542,-0.07836,-0.08273,-0.06302,-0.07969,-0.07441,-0.05554,-0.12973,-0.12014,-0.10674,-0.09452,-0.06207,-0.00858,-0.05006,-0.06867,-0.08394,-0.03634,-0.01002,-0.03981,-0.03481,-0.00416,-0.1046,-0.13559,-0.1283,-0.13675,-0.17322,-0.15456,-0.13731,-0.14166,-0.17193,-0.19282,-0.14791,-0.15068,-0.14808,-0.00468,0.07421,0.09735,0.10519,0.25982,0.38854,0.20863,0.15406,0.09739,0.01307,0.00973,-0.07748,-0.06312,-0.0338,-0.04414,-0.0337,-0.03004,-0.09707,-0.05323,-0.03839,-0.16994,-0.16407,-0.12854,-0.14281,-0.05707,-0.04275,-0.06518,0.10869,0.16709,0.16934,0.36408,0.47242,0.42056,0.50031,0.64733,0.61476,0.61188,0.6083,0.74518,1.0
