,MET1,ASN2,ILE3,PHE4,GLU5,MET6,LEU7,ARG8,ILE9,ASP10,GLU11,GLY12,LEU13,ARG14,LEU15,LYS16,ILE17,TYR18,LYS19,ASP20,THR21,GLU22,GLY23,TYR24,TYR25,THR26,ILE27,GLY28,ILE29,GLY30,HIS31,LEU32,LEU33,THR34,LYS35,SER36,PRO37,SER38,LEU39,ASN40,ALA41,ALA42,LYS43,SER44,GLU45,LEU46,ASP47,LYS48,ALA49,ILE50,GLY51,ARG52,ASN53,CYS54,ASN55,GLY56,VAL57,ILE58,THR59,LYS60,ASP61,GLU62,ALA63,GLU64,LYS65,LEU66,PHE67,ASN68,GLN69,ASP70,VAL71,ASP72,ALA73,ALA74,VAL75,ARG76,GLY77,ILE78,LEU79,ARG80,ASN81,ALA82,LYS83,LEU84,LYS85,PRO86,VAL87,TYR88,ASP89,SER90,LEU91,ASP92,ALA93,VAL94,ARG95,ARG96,CYS97,ALA98,LEU99,ILE100,ASN101,MET102,VAL103,PHE104,GLN105,MET106,GLY107,GLU108,THR109,GLY110,VAL111,ALA112,GLY113,PHE114,THR115,ASN116,SER117,LEU118,ARG119,MET120,LEU121,GLN122,GLN123,LYS124,ARG125,TRP126,ASP127,GLU128,ALA129,ALA130,VAL131,ASN132,LEU133,ALA134,LYS135,SER136,ARG137,TRP138,TYR139,ASN140,GLN141,THR142,PRO143,ASN144,ARG145,ALA146,LYS147,ARG148,VAL149,ILE150,THR151,THR152,PHE153,ARG154,THR155,GLY156,THR157,TRP158,ASP159,ALA160,TYR161,LYS162,ASN163,LEU164
MET1,0.0,-4.70267,-2.45832,-1.38546,-0.34555,-0.34519,0.01031,0.23748,-0.49437,-0.10507,-0.90065,-1.16498,-1.25725,-1.50853,-1.35293,-0.90362,-0.57754,-0.69551,-0.35353,0.00979,0.09819,0.37516,0.47596,0.46992,0.30294,-0.24342,-0.40501,-0.68037,-0.65683,-0.69476,-0.23192,-0.13183,0.45639,0.64612,0.26684,-0.04577,0.56944,0.48375,0.29936,0.47281,0.59938,0.53208,0.53425,0.81962,0.86057,0.69848,0.57468,0.75187,0.80652,0.61784,0.69342,0.56831,0.58438,0.2247,0.48508,0.14572,-0.54565,-0.68944,-0.8577,-1.17032,-0.76585,-0.48488,-0.99229,-0.86029,-0.38086,-0.38481,-0.52761,-0.46622,-0.43947,-0.2679,-0.77959,-0.84794,-0.2587,-0.48024,-0.91783,-0.49091,-0.3682,-0.39834,-0.55834,-0.33782,-0.28942,-0.17587,0.48057,0.52014,0.0283,0.46497,1.02342,1.7804,1.88221,1.68701,2.05414,2.24687,2.21785,2.3113,1.90818,1.75158,1.88313,1.1311,0.80819,1.09452,0.97317,0.71615,0.34032,0.39123,0.4264,-0.01442,0.02813,-0.16258,-0.56118,-0.26686,-0.08147,-0.3232,-0.55376,-0.47902,-0.4483,-0.3573,-0.25396,-0.26999,-0.22691,-0.07646,0.29422,0.37341,0.27267,0.44776,0.13112,0.35534,-0.24543,-0.74286,-0.3846,-0.46254,-0.7574,-0.60447,-0.51409,-0.7499,-0.57948,-0.62243,-0.5127,-0.50235,-0.83595,-0.72753,-0.41825,-0.11159,-0.21182,0.03646,0.17122,0.19978,0.4568,1.70983,2.1447,1.03257,1.25554,1.26804,0.53742,0.36287,0.34752,0.58172,0.97623,1.47461,0.78361,0.46861,1.27647,1.34445,0.0,0.0
ASN2,-4.70267,0.0,0.56653,0.7033,1.16093,0.83927,0.25878,0.35697,-0.5511,0.02894,-0.85476,-1.71407,-1.50916,-1.33668,-1.30774,-1.11042,-0.96226,-0.71261,-0.36343,-0.11432,0.05686,0.34257,0.40682,0.31777,-0.00827,-0.50609,-0.68133,-0.81654,-0.42678,-0.66297,-0.74133,-0.72422,-0.67086,-0.35463,0.36534,0.4277,0.42561,0.13482,-0.02247,-0.04846,-0.04098,-0.20929,-0.1813,0.00578,-0.07237,-0.36235,-0.33181,0.05349,0.16783,-0.01525,0.11513,-0.00322,-0.09506,-0.47632,-0.39542,-0.58663,-0.86549,-0.90786,-0.75011,-0.71297,-0.72478,-0.90294,-0.9772,-0.70635,-0.61827,-0.65987,-0.45471,-0.30746,-0.16573,-0.0336,0.14708,0.11144,0.25554,0.43313,0.40956,0.40385,0.44924,0.74254,0.66073,1.1207,1.44366,1.27165,1.58561,1.21067,0.55952,0.07078,0.09101,0.51697,-0.03024,-0.64031,-0.42401,-0.33946,0.48849,0.50455,0.49501,0.93576,1.69417,1.39042,1.10774,1.63159,1.63742,1.28045,1.18952,1.19325,0.87642,0.84037,0.97047,0.9828,0.44011,0.59258,0.852,0.12264,0.05747,0.02435,-0.14551,-0.33978,-0.57684,-0.50203,-0.783,-1.12153,-0.93946,-0.83582,-1.13371,-1.09451,-1.45093,-0.93413,-0.96269,-1.52026,-1.27881,-0.67502,-0.59024,-0.49213,-0.19335,0.01274,0.06054,0.26312,0.52048,0.65772,0.57953,0.66187,0.82138,1.11671,1.09759,1.03163,0.98182,1.05556,1.30888,2.2602,1.92818,0.79625,0.5711,0.11975,-0.55263,-0.82738,-1.15642,-1.40702,-0.99635,0.21911,-0.05784,0.37933,1.35434,0.59253,-0.2923,0.0
ILE3,-2.45832,0.56653,0.0,0.10961,0.9461,0.66951,0.41131,0.4415,-0.65426,0.02993,-0.93294,-2.12905,-1.97388,-1.82045,-1.64038,-1.43674,-1.31331,-1.01417,-0.5193,-0.23463,-0.02653,0.27975,0.34066,0.25995,-0.20852,-0.68136,-0.79701,-0.85412,-0.3145,-0.6777,-0.72001,-0.77192,-0.74102,-0.34023,0.36749,0.31945,0.28997,-0.06895,-0.25157,-0.36461,-0.36123,-0.50152,-0.46131,-0.21596,-0.27941,-0.53965,-0.38889,-0.04483,-0.04596,-0.18179,0.0218,-0.04648,-0.10906,-0.5311,-0.45996,-0.69359,-0.9797,-1.04104,-0.78904,-0.62674,-0.53636,-0.82436,-0.9731,-0.50292,-0.46995,-0.54921,-0.29457,-0.1806,-0.08969,0.07314,0.42492,0.23061,0.29341,0.57167,0.52762,0.48722,0.42192,0.83803,0.70916,1.1804,1.39722,1.21879,1.63542,1.38198,0.64394,0.11545,0.19109,0.82521,0.31586,-0.46133,-0.07042,0.04692,1.13304,1.06165,1.0266,1.5337,2.40363,1.97974,1.67616,2.33134,2.24682,1.69135,1.42911,1.38149,1.05926,0.99824,1.05077,1.02909,0.44987,0.52534,0.85943,0.05742,-0.1336,-0.2567,-0.45264,-0.67064,-0.85506,-0.7036,-1.03658,-1.39983,-1.05431,-1.00384,-1.42496,-1.27558,-1.6186,-0.98594,-1.07887,-1.61999,-1.46287,-0.79739,-0.92623,-0.92312,-0.33455,-0.06251,-0.1611,0.19843,0.59969,0.71707,0.54463,0.62029,0.79323,1.14568,1.19132,1.06985,0.98878,1.18194,1.32171,2.17883,1.97639,0.93518,0.76154,0.81934,-0.14016,-0.61781,-0.8299,-0.85423,-0.44647,0.40088,-0.07126,0.02373,1.18569,0.37647,-0.56507,-1.05215
PHE4,-1.38546,0.7033,0.10961,0.0,0.4067,-0.0706,-0.10956,0.20755,-0.67805,0.00254,-0.99336,-2.16129,-1.97338,-1.84622,-1.66929,-1.42798,-1.31508,-0.95377,-0.51017,-0.18923,0.01752,0.3139,0.34024,0.29593,-0.12556,-0.5906,-0.61466,-0.64875,-0.03987,-0.47559,-0.57713,-0.69244,-0.65844,-0.32434,0.3664,0.16146,0.15915,-0.2394,-0.38327,-0.53131,-0.53102,-0.64643,-0.67085,-0.41757,-0.45616,-0.70983,-0.55215,-0.15991,-0.15565,-0.32056,-0.09427,-0.21532,-0.28054,-0.69681,-0.58206,-0.798,-1.00332,-0.94959,-0.62121,-0.35069,-0.26288,-0.61042,-0.62137,-0.07134,-0.22426,-0.32456,0.05479,0.00598,-0.02316,0.17716,0.53776,0.15457,0.20889,0.49976,0.303,0.16941,0.13586,0.55691,0.31837,0.87944,1.23887,1.0547,1.68499,1.34678,0.41535,-0.02366,0.09592,0.60407,0.204,-0.43711,-0.28016,-0.20549,0.83203,0.7683,0.67814,1.408,2.27905,1.79728,1.54057,2.31055,2.28392,1.7052,1.41073,1.26462,1.00248,0.99453,1.10537,0.98394,0.54369,0.69071,1.00634,0.20991,0.00203,-0.06665,-0.28605,-0.49869,-0.63255,-0.48635,-0.88055,-1.2078,-0.91949,-0.8448,-1.29151,-1.20498,-1.417,-0.76967,-0.86895,-1.31215,-0.99103,-0.49173,-0.6955,-0.73116,-0.032,0.15492,0.11521,0.41068,0.86368,0.97048,0.67986,0.66363,0.82593,1.14262,1.14215,0.98837,0.92198,1.12166,1.14209,1.96401,1.65094,0.54665,0.48616,0.6257,-0.13958,-0.68467,-0.87361,-0.79635,-0.31546,0.56881,0.20692,0.21363,0.97838,0.30618,-0.66055,-1.30393
GLU5,-0.34555,1.16093,0.9461,0.4067,0.0,0.0679,-0.24909,0.16202,-0.98692,-0.18183,-1.15621,-2.05743,-1.8692,-1.80807,-1.84282,-1.62791,-1.36801,-1.01168,-0.62341,-0.27346,-0.07103,0.25969,0.28045,0.25685,-0.07621,-0.49438,-0.53043,-0.54907,-0.07132,-0.4141,-0.40436,-0.48566,-0.35901,-0.08409,0.40665,0.06259,0.16958,-0.22885,-0.40125,-0.42949,-0.40436,-0.55944,-0.59581,-0.35751,-0.3259,-0.58152,-0.52458,-0.10879,-0.0144,-0.24187,-0.13827,-0.32859,-0.38624,-0.74291,-0.6286,-0.77082,-0.96609,-0.83753,-0.58572,-0.41681,-0.27086,-0.51868,-0.61302,-0.14557,-0.14388,-0.27389,0.08157,0.05516,0.09144,0.13926,0.27903,0.23776,0.3329,0.37967,0.30069,0.35239,0.25519,0.41971,0.2634,0.79992,1.12112,0.92359,1.468,1.03574,0.13992,-0.33738,-0.18548,0.3278,-0.11764,-0.73709,-0.63192,-0.52308,0.546,0.50128,0.30771,1.05584,1.9547,1.41244,1.13349,1.89327,1.91322,1.41925,1.29838,1.26677,0.99866,0.98089,1.19037,0.94739,0.54329,0.73292,0.78908,-0.11761,-0.18456,-0.19789,-0.4452,-0.64695,-0.73609,-0.63869,-1.04467,-1.36924,-1.09711,-0.98952,-1.36121,-1.31899,-1.53646,-0.9023,-0.89038,-1.33132,-1.06709,-0.67092,-0.83517,-0.82057,-0.26776,-0.0048,0.10631,0.58113,1.06814,1.23467,0.89684,0.8471,0.97302,1.26194,1.08723,0.88927,0.92293,0.93155,0.91071,1.7148,1.28127,0.29584,0.33073,0.45687,-0.11315,-0.32872,-0.57282,-0.51587,0.15145,1.15436,0.8628,1.02912,1.4622,0.28367,-0.99692,-1.53887
MET6,-0.34519,0.83927,0.66951,-0.0706,0.0679,0.0,-0.29035,-0.061,-1.34346,-0.52569,-1.43509,-2.65392,-2.4186,-2.20468,-2.10785,-1.98799,-1.75464,-1.378,-0.78985,-0.45597,-0.231,0.10445,0.12994,0.12298,-0.33694,-0.7514,-0.78014,-0.73877,-0.14412,-0.5081,-0.34884,-0.39926,-0.24336,0.13266,0.56581,0.28595,0.24872,-0.17031,-0.40874,-0.42496,-0.33106,-0.48898,-0.54253,-0.29972,-0.22808,-0.48567,-0.45654,-0.05007,0.02299,-0.21651,-0.12421,-0.3271,-0.39284,-0.77239,-0.69994,-0.71798,-0.99223,-0.8974,-0.66102,-0.50925,-0.38714,-0.59938,-0.70841,-0.20761,-0.17772,-0.3419,0.05708,0.12924,0.01964,0.00321,0.28795,0.49498,0.44424,0.45343,0.55928,0.59542,0.40647,0.68644,0.55807,0.97963,1.19918,0.98049,1.33317,0.94696,0.2136,-0.36084,-0.18648,0.35024,-0.1235,-0.67543,-0.34635,-0.23006,1.00399,1.24322,0.81973,1.81026,2.91822,2.13463,1.61404,2.40249,2.3761,1.77029,1.51757,1.49292,1.20647,1.17068,1.12041,0.83874,0.5559,0.7299,0.76009,-0.1426,-0.27608,-0.39106,-0.62382,-1.05079,-1.10343,-0.96331,-1.29689,-1.70524,-1.41807,-1.24168,-1.62763,-1.58105,-1.91995,-1.31031,-1.14839,-1.58798,-1.37262,-0.9083,-1.08337,-1.1664,-0.48739,-0.15022,-0.10367,0.56639,1.235,1.4094,1.13623,1.11634,1.13757,1.34136,1.24857,1.1686,1.24773,1.09615,0.97245,1.60654,1.36192,0.31679,0.21391,0.5549,0.20899,-0.02254,-0.18868,-0.01995,0.51323,1.64786,1.11432,0.99833,1.38029,0.23418,-1.09432,-1.65789
LEU7,0.01031,0.25878,0.41131,-0.10956,-0.24909,-0.29035,0.0,0.70831,-1.7011,-0.52509,-1.72413,-3.15261,-2.88184,-2.73221,-2.31847,-2.21213,-2.13068,-1.81119,-1.01808,-0.60646,-0.3334,-0.02201,-0.01664,-0.00924,-0.54937,-0.91838,-0.7857,-0.70517,-0.06141,-0.54401,-0.17028,-0.27417,0.0046,0.46547,0.58065,0.08809,0.16434,-0.39182,-0.66649,-0.69795,-0.61978,-0.71147,-0.76546,-0.49667,-0.41313,-0.61534,-0.52706,-0.22206,-0.19918,-0.36255,-0.24989,-0.39361,-0.39464,-0.78386,-0.61973,-0.73564,-1.08142,-0.88836,-0.59933,-0.38415,-0.08252,-0.26153,-0.4759,0.14116,0.2327,0.0646,0.51557,0.50866,0.13366,0.14461,0.63666,0.56408,0.38244,0.46277,0.51841,0.54631,0.3153,0.74581,0.47638,0.79558,1.03058,0.75597,1.25906,1.09179,0.09026,-0.41749,-0.08889,0.4571,-0.05756,-0.56791,-0.12774,0.02067,1.14466,1.69905,1.27436,2.47816,3.61337,2.56223,2.35653,3.22968,3.0421,2.25335,1.76406,1.71646,1.44605,1.2645,1.31675,0.92872,0.6843,0.94909,0.92682,-0.00366,-0.2382,-0.27689,-0.66691,-1.11081,-1.06093,-1.09494,-1.49927,-1.71791,-1.38594,-1.37727,-1.77467,-1.64285,-1.91738,-1.18874,-1.15248,-1.57667,-1.12299,-0.58982,-0.92784,-0.91234,-0.05182,0.05179,-0.16297,0.67233,1.40615,1.68215,1.24478,1.05844,1.16393,1.32275,1.06929,1.03308,1.37419,1.57093,1.00664,1.6228,1.97564,0.56574,0.35697,0.7947,0.44971,0.0606,-0.06163,0.54932,0.93378,1.5873,0.97049,0.93184,1.26756,0.23487,-1.24089,-1.60822
ARG8,0.23748,0.35697,0.4415,0.20755,0.16202,-0.061,0.70831,0.0,-2.31505,-0.23928,-2.32378,-3.38058,-3.15196,-2.71099,-2.36604,-1.90037,-1.8012,-1.54017,-1.00439,-0.63516,-0.36011,-0.08173,0.02148,0.0109,-0.38224,-0.85702,-0.77574,-0.89176,-0.34492,-0.75272,-0.53802,-0.47308,-0.03774,0.27773,0.72298,0.03286,0.34019,-0.23142,-0.43057,-0.47385,-0.49274,-0.62384,-0.58855,-0.4603,-0.58958,-0.81815,-0.68684,-0.51802,-0.56805,-0.68179,-0.50536,-0.55696,-0.36387,-0.62173,-0.29256,-0.42333,-0.73235,-0.70391,-0.6348,-0.53774,-0.34145,-0.43265,-0.66589,-0.26902,-0.04557,-0.06743,0.24135,0.21334,0.06254,-0.018,0.46561,0.44821,0.20918,0.21613,0.33377,0.37522,0.13289,0.51474,0.30043,0.68881,0.99137,0.81821,1.4004,1.09637,0.0594,-0.20448,0.13042,0.3943,-0.04911,-0.46859,-0.20537,-0.18726,0.58782,0.88961,0.89116,2.0683,2.99215,2.19978,2.00914,2.8653,2.51576,1.81902,1.56455,1.31402,1.12153,1.11014,1.23891,0.97693,0.75076,0.91552,0.94862,0.14976,-0.18918,-0.03238,-0.40652,-0.72597,-0.71851,-0.89716,-1.358,-1.467,-1.13218,-1.20726,-1.58594,-1.37992,-1.52776,-0.88496,-0.85646,-1.31602,-0.73252,-0.19137,-0.51644,-0.47333,0.29863,0.36227,0.07477,0.84872,1.64667,1.92496,1.4445,1.09243,1.19883,1.49212,1.09203,0.98479,1.43628,1.71507,1.17563,1.70089,1.92744,0.62149,0.48843,0.62769,0.35068,0.17365,0.13388,0.59179,1.28248,1.74076,1.19183,1.49572,1.46343,0.52265,-0.96026,-1.79321
ILE9,-0.49437,-0.5511,-0.65426,-0.67805,-0.98692,-1.34346,-1.7011,-2.31505,0.0,0.61875,-0.84157,-2.34865,-2.21831,-1.55699,-1.47783,-1.11841,-1.17965,-0.65254,-0.66808,-0.35682,-0.15041,-0.03448,0.10589,-0.00624,-0.20639,-0.44121,-0.28098,-0.31463,0.06436,-0.1177,-0.54736,-0.48431,-0.11168,-0.22428,0.75699,-0.19145,0.35019,-0.16129,-0.26694,-0.38165,-0.44665,-0.53699,-0.65177,-0.81841,-0.86186,-1.08986,-1.20521,-1.07765,-0.97176,-1.10313,-1.04098,-1.09518,-0.87562,-0.72934,-0.17126,0.01471,0.05111,0.0063,0.0767,0.21976,0.01393,-0.2403,-0.03834,0.10747,0.08656,0.05216,0.25609,0.24397,0.24201,-0.09203,0.21625,0.45132,0.05569,-0.19651,0.05303,0.14552,-0.19565,0.12252,0.01139,0.29211,0.89647,1.1055,1.5554,1.05225,0.26008,0.45527,0.78477,0.00801,-0.18955,0.1377,-0.19674,-0.6144,-0.38603,-0.24126,0.04032,0.71412,1.30026,1.11721,1.06911,1.54144,1.12948,0.98898,1.11938,0.58079,0.63007,0.99975,0.79769,0.82122,1.07325,1.02833,1.16006,1.11406,0.68755,0.82009,0.58539,0.34081,0.43284,0.04988,-0.00817,-0.30134,-0.46895,-0.39237,-0.48098,-0.72985,-0.56544,-0.69605,-0.45389,-0.41357,-0.1762,0.03904,-0.10783,0.08924,0.50032,0.54792,0.19258,1.14743,1.89161,2.34299,1.7736,1.23689,1.68292,2.09478,1.20218,1.50587,2.18082,1.88051,1.48561,0.8612,1.43206,1.27295,0.72022,0.31111,0.77849,0.72709,0.43751,0.46072,0.47612,0.76607,0.63927,0.92437,0.35095,-0.39762,-1.16706,-1.87718
ASP10,-0.10507,0.02894,0.02993,0.00254,-0.18183,-0.52569,-0.52509,-0.23928,0.61875,0.0,-2.368,-4.29304,-3.30587,-2.08746,-1.69648,-1.28165,-1.40283,-0.84013,-0.78374,-0.42636,-0.2032,-0.08114,0.11191,-0.00125,-0.2248,-0.52819,-0.17,-0.28935,0.08789,-0.28632,-0.66032,-0.64771,-0.21711,-0.39627,1.19115,-0.03305,0.60614,-0.21758,-0.30361,-0.49138,-0.5225,-0.56331,-0.67174,-0.83962,-0.86303,-1.04737,-1.15789,-1.10535,-1.0114,-1.11398,-1.07349,-1.03716,-0.72828,-0.58895,-0.02233,0.11703,0.2341,0.11637,0.22904,0.32816,0.12462,-0.21128,-0.16353,0.09202,-0.01465,-0.20149,0.03932,0.02423,0.1402,-0.21751,0.1742,0.39384,-0.03482,-0.2928,0.01543,0.17994,-0.19092,0.13239,0.10386,0.45788,0.94055,1.15619,1.62444,1.12965,0.39812,0.58185,0.87955,0.16326,-0.11378,0.02275,-0.18103,-0.73991,-0.5402,-0.34062,0.2568,0.88252,1.57503,1.69376,1.94966,2.34985,1.72141,1.1878,1.3338,0.72034,0.51698,1.09447,1.06252,0.98904,1.13623,1.04536,1.17491,1.07075,0.56037,0.52367,0.23355,-0.07019,-0.05326,-0.23617,-0.40134,-0.79589,-0.7589,-0.57239,-0.70136,-0.9093,-0.86834,-0.87838,-0.78154,-0.94293,-0.5825,-0.17762,-0.3708,-0.21826,0.28898,0.33806,-0.09692,0.81563,1.81837,2.4495,1.86912,1.23749,1.68216,2.32661,1.49709,1.83472,2.42184,1.98325,1.67562,1.22792,1.7663,1.50244,0.68908,0.08617,0.80025,0.73832,0.22994,0.16024,0.29504,0.74146,1.04125,1.29512,0.60674,-0.01136,-0.75954,-1.54714
GLU11,-0.90065,-0.85476,-0.93294,-0.99336,-1.15621,-1.43509,-1.72413,-2.32378,-0.84157,-2.368,0.0,-2.21173,-1.74872,-0.85097,-1.1909,-1.06506,-0.88325,0.12844,-0.08221,0.25673,0.47329,0.49811,0.44841,0.47099,0.66715,1.19503,1.19834,1.95809,2.5137,2.03569,1.37854,1.00316,0.48863,-0.16984,-0.16424,-0.72314,-0.54602,-0.46303,-0.42017,-0.70903,-0.81298,-0.68583,-0.98813,-1.27791,-1.00015,-1.03584,-1.38016,-1.3428,-0.98025,-1.05836,-1.3326,-1.47625,-1.3667,-0.96094,-0.56237,-0.05837,0.54177,0.63738,0.97392,1.63384,1.32746,0.97668,1.82614,2.10266,1.58251,1.7763,2.20816,1.76123,1.76757,1.51486,1.27397,1.28642,0.88113,0.44862,0.47884,0.67469,0.2461,0.23011,0.3142,0.33197,0.48645,0.51162,0.74838,0.65123,0.38445,0.49067,0.62172,-0.15834,-0.02973,0.39635,-0.13139,-0.74083,-0.85885,-0.98106,-0.39378,0.05126,0.04734,0.33337,1.07238,1.24396,0.71653,0.52096,1.21702,0.87801,0.52191,1.02891,0.93715,0.89861,1.1561,0.97073,0.857,1.11976,1.00411,0.63431,0.50676,0.44204,0.32579,0.19924,0.26668,-0.15697,-0.51323,-0.18515,-0.07543,-0.498,-0.39427,-0.82597,-0.47577,-0.13314,-0.19707,-0.28954,-0.08208,0.17096,0.28916,0.2633,0.25829,0.86908,1.5136,1.84507,1.20078,1.02066,1.77179,1.75854,0.70177,0.99568,1.56882,0.83296,0.37629,-0.44769,-0.12404,0.5468,-0.20225,-0.69624,0.26472,0.37225,-0.04669,-0.1958,-0.39693,-0.3477,0.02343,0.34463,-0.68054,-1.02823,-1.18969,-1.54356
GLY12,-1.16498,-1.71407,-2.12905,-2.16129,-2.05743,-2.65392,-3.15261,-3.38058,-2.34865,-4.29304,-2.21173,0.0,0.67248,0.83767,-0.44963,-0.65524,-0.38513,0.78533,-0.02126,0.34996,0.49565,0.37418,0.32691,0.36139,0.96539,2.14769,2.45904,3.22306,3.02145,2.95656,2.10705,1.60447,1.05097,0.09293,-1.09931,-1.76362,-1.286,-0.76123,-0.43121,-0.7181,-0.9346,-0.68922,-1.0188,-1.44955,-1.03459,-0.92139,-1.30903,-1.30265,-0.8303,-0.79973,-1.1936,-1.30596,-1.33986,-0.68013,-0.42345,0.25768,1.37335,1.75861,2.1993,2.85103,2.28879,2.01117,3.07007,2.84428,2.18065,2.47207,3.03681,2.50089,2.56018,2.39244,1.72984,1.65448,1.41275,0.75435,0.51579,0.86534,0.59203,0.22759,0.34181,0.32456,0.33645,0.28532,0.41957,0.55255,0.46836,0.64293,0.65866,-0.02029,0.21471,0.64597,0.10192,-0.49415,-1.0496,-1.55992,-0.90117,-0.67106,-1.44434,-1.30826,-0.18969,-0.40425,-1.06993,-0.62022,1.12074,1.30025,0.67238,1.02052,1.19164,1.25987,1.42857,1.14582,0.83785,1.41961,1.49282,1.14384,1.19367,1.32306,1.16474,1.14254,1.44587,1.04189,0.38553,0.78186,0.96854,0.24711,0.47724,-0.45181,-0.08012,0.80601,0.52069,-0.24573,0.27639,0.83651,0.57123,0.23303,0.77829,1.2065,1.2551,1.33985,0.56158,0.61454,1.46077,0.89526,-0.34381,-0.32379,0.37508,-0.28358,-0.83015,-1.78133,-1.59919,-0.26432,-0.7874,-1.3971,-0.11003,0.24716,0.03437,-0.2373,-0.74541,-0.93183,-0.41287,-0.53502,-2.00411,-1.52258,-1.42342,-1.49922
LEU13,-1.25725,-1.50916,-1.97388,-1.97338,-1.8692,-2.4186,-2.88184,-3.15196,-2.21831,-3.30587,-1.74872,0.67248,0.0,0.56025,-0.1504,-0.99324,-0.85163,0.30561,-0.36881,0.029,0.10071,-0.05498,-0.12114,-0.00427,0.6248,2.16604,2.90949,3.84073,3.45549,3.35925,2.50952,1.68012,0.74522,0.11537,-1.21829,-1.60516,-1.52844,-1.12844,-0.74666,-1.10112,-1.35463,-0.99131,-1.22174,-1.65626,-1.26818,-1.01127,-1.354,-1.36494,-0.85249,-0.71204,-1.11167,-1.0997,-1.24057,-0.56043,-0.39717,0.27076,1.66765,2.27239,2.7087,3.34202,2.74533,2.47754,3.43024,3.00248,2.41837,2.64974,3.12277,2.63725,2.67627,2.5777,1.99555,1.873,1.69809,1.16865,0.85524,1.0979,0.89092,0.51525,0.51911,0.66172,0.61814,0.51978,0.47875,0.61197,0.65289,0.58251,0.39108,-0.04634,0.14378,0.29938,-0.30228,-0.90738,-1.25158,-1.72654,-1.24152,-0.91818,-1.49179,-1.14139,-0.0264,-0.13433,-0.58312,-0.17262,1.62184,1.92436,1.09953,1.30809,1.37192,1.42496,1.53344,1.25593,0.96006,1.38409,1.49647,1.17211,1.29905,1.38061,1.05122,1.09653,1.34586,0.8393,0.18483,0.57255,0.66389,-0.0791,0.20401,-0.49059,-0.05687,0.83272,0.5504,0.0056,0.51486,1.00384,0.78421,0.58443,1.06804,1.30194,1.13486,0.98594,0.57744,0.72275,1.22602,0.69408,-0.29041,-0.30041,0.18357,-0.27384,-0.83852,-1.74066,-1.4854,-0.42187,-1.20181,-1.80439,-0.52605,-0.29549,-0.52142,-0.67119,-1.14039,-1.28731,-0.87041,-0.81959,-1.88363,-1.62005,-1.30362,-1.07994
ARG14,-1.50853,-1.33668,-1.82045,-1.84622,-1.80807,-2.20468,-2.73221,-2.71099,-1.55699,-2.08746,-0.85097,0.83767,0.56025,0.0,0.08346,-0.01363,-0.46491,0.50323,-0.28781,-0.31027,-0.24089,-0.37881,-0.1709,-0.0377,0.90823,2.09182,2.88259,3.6047,2.72295,2.4491,1.55069,0.88278,0.07558,-0.82183,-0.73176,-0.86123,-0.81438,-0.41118,0.1759,-0.32981,-0.79057,-0.45726,-0.58055,-1.33717,-1.30571,-1.05468,-1.38662,-1.66937,-1.32063,-1.19023,-1.54667,-1.26495,-0.96889,-0.02657,0.44668,1.23918,2.67489,2.8834,3.11734,3.54048,2.5361,2.04701,3.08441,2.51023,1.63174,1.81235,2.29888,1.6492,2.03466,1.98242,1.66917,1.59828,1.31744,0.95624,0.9023,1.06229,0.81471,0.58872,0.73611,0.86226,0.88899,0.91346,0.87193,0.94249,1.10655,1.20735,0.84416,0.21853,0.43583,0.63868,0.01287,-0.83666,-1.43098,-2.01616,-1.2883,-0.97095,-1.80877,-1.44718,-0.15815,-0.43339,-1.37031,-0.95918,1.19589,1.12406,0.12661,0.94486,1.11479,1.42003,1.58096,1.05474,0.90532,1.4766,1.4522,1.10616,1.33487,1.48793,1.14139,1.25831,1.68185,1.24836,0.51191,0.94056,1.10211,0.23326,0.42876,-0.38321,0.0154,0.8416,0.63387,0.12792,0.61647,0.91324,0.62842,0.45278,0.75026,0.88202,0.69532,0.58836,0.19749,0.2652,0.62551,0.3487,-0.39288,-0.06101,0.57934,-0.02082,-0.60144,-1.61071,-1.37672,-0.32405,-1.22332,-2.114,-0.64144,-0.51984,-0.98951,-1.07992,-1.58186,-1.7686,-1.32013,-0.94571,-2.00948,-1.79111,-1.32424,-1.05988
LEU15,-1.35293,-1.30774,-1.64038,-1.66929,-1.84282,-2.10785,-2.31847,-2.36604,-1.47783,-1.69648,-1.1909,-0.44963,-0.1504,0.08346,0.0,-0.52665,-1.09963,-0.55849,-1.33634,-1.24544,-1.08707,-1.227,-0.95979,-0.84509,0.13586,1.35651,2.61413,3.01708,1.89613,1.38053,0.82279,0.21967,-0.16832,-1.00383,-0.44499,-0.77423,-0.55031,-0.37285,0.33643,-0.06659,-0.55141,-0.2098,-0.05231,-0.86216,-1.05943,-0.63272,-0.87078,-1.36793,-1.14761,-0.79614,-1.09562,-0.61864,-0.15322,0.89903,1.28947,2.06183,3.6496,4.00056,4.24442,4.03805,3.07108,2.73255,3.13905,2.21388,1.4573,1.2998,1.41494,0.89662,1.06058,0.93572,0.88593,0.8182,0.51917,0.29018,0.39713,0.52505,0.40982,0.41756,0.44229,0.61595,0.7716,0.95196,0.96748,0.99535,1.06393,1.417,1.10204,0.31781,0.5513,0.79394,0.28618,-0.58623,-1.33807,-2.03625,-1.109,-0.83384,-1.75958,-1.39309,-0.04681,-0.55774,-1.4444,-1.20991,0.53706,0.18014,-0.60243,0.4742,0.69648,1.1505,1.36739,0.83588,0.84778,1.50558,1.4313,1.2669,1.5024,1.69003,1.46411,1.54228,1.96485,1.78367,1.18747,1.4444,1.57048,0.77025,1.03242,0.10214,0.34797,1.07835,0.94628,0.47562,0.82754,1.12078,0.80737,0.59251,0.77837,0.72955,0.42885,0.30996,0.00988,-0.09849,0.05513,-0.04925,-0.69896,-0.16396,0.47783,0.03135,-0.44329,-1.38968,-1.06441,-0.10737,-0.88798,-1.65296,-0.34314,-0.3109,-0.98367,-1.16776,-1.71426,-1.90835,-1.35981,-0.93881,-1.65568,-1.58284,-1.06406,-0.80138
LYS16,-0.90362,-1.11042,-1.43674,-1.42798,-1.62791,-1.98799,-2.21213,-1.90037,-1.11841,-1.28165,-1.06506,-0.65524,-0.99324,-0.01363,-0.52665,0.0,0.00017,0.17165,-1.25774,-1.53731,-1.34792,-1.3451,-0.69378,-0.342,1.09719,1.6866,2.60265,1.93711,0.68506,0.54133,0.24659,0.20627,0.48634,-0.58616,0.20104,0.04984,0.99165,1.41505,2.10657,1.61582,1.00315,1.34698,1.43052,0.36229,-0.19849,0.0833,-0.3547,-0.94298,-0.87353,-0.73443,-0.92071,-0.45455,0.20756,1.18464,1.81783,2.76537,3.75637,3.19484,2.87435,2.59555,1.42788,1.2444,1.76589,0.8025,0.04051,0.15885,0.16374,-0.39302,-0.04059,-0.12996,-0.2156,-0.10782,-0.3327,-0.50862,-0.23829,-0.05883,-0.12824,0.01628,0.25111,0.22614,0.29446,0.64653,0.70225,0.72796,1.08061,1.66546,1.42777,0.82597,1.20385,1.40604,1.11595,0.67243,-0.14841,-0.86514,-0.13633,-0.04656,-1.2193,-1.28903,-0.2618,-0.83618,-1.8488,-1.85483,-0.97037,-1.42438,-1.93303,-0.73666,-0.25943,0.49009,0.58402,-0.02469,0.1699,1.0361,0.69238,0.54943,1.03595,1.20983,1.00566,1.3437,1.9661,1.85898,1.59379,2.06004,2.23777,1.63122,1.73418,0.61339,0.41572,0.89478,0.70925,0.10201,0.2303,0.42533,0.06527,-0.32403,-0.2724,-0.4033,-0.56462,-0.64001,-1.06671,-0.96947,-1.08168,-1.16193,-1.80365,-0.9244,-0.12267,-0.78518,-1.00656,-1.56798,-1.2009,-0.33109,-0.74346,-1.07183,0.09603,0.20454,-0.39312,-0.41557,-1.02805,-1.42888,-0.9614,-0.79223,-1.33304,-0.98202,-0.89005,-0.68984
ILE17,-0.57754,-0.96226,-1.31331,-1.31508,-1.36801,-1.75464,-2.13068,-1.8012,-1.17965,-1.40283,-0.88325,-0.38513,-0.85163,-0.46491,-1.09963,0.00017,0.0,0.3818,-1.04012,-1.65196,-1.44017,-1.09259,-0.21147,0.61181,2.30727,2.72568,3.10662,1.87454,0.70204,1.08628,1.12771,1.4237,1.72476,0.60803,0.78266,0.8955,1.96735,2.72393,3.28033,2.5496,2.12989,2.63252,2.36144,1.26535,0.81963,0.88391,0.09771,-0.34401,-0.27066,-0.45782,-0.66052,-0.43093,0.1005,0.80408,1.48943,2.43328,2.79249,2.0523,1.4489,1.27658,0.31933,0.38626,1.17397,0.39585,-0.23907,0.19233,0.30343,-0.27175,-0.04149,0.03128,-0.22385,-0.20816,-0.4022,-0.59729,-0.2843,-0.22845,-0.3608,-0.2987,0.07284,-0.12821,-0.33643,-0.07668,-0.07102,-0.01234,0.61129,1.14363,0.91837,0.79622,1.31403,1.34771,1.13847,1.07336,0.46726,-0.10861,0.17173,0.05296,-1.01453,-1.30565,-0.79359,-1.23422,-2.07412,-2.19473,-1.71177,-1.81565,-2.42295,-1.64405,-0.9284,-0.21469,-0.29248,-0.9273,-0.76443,0.22483,-0.20374,-0.49009,0.17032,0.33233,0.0846,0.42238,1.03437,1.04871,0.94979,1.51339,1.88388,1.52901,1.36491,0.43247,0.16777,0.36587,0.10852,-0.39467,-0.37142,-0.38413,-0.81878,-1.04241,-0.98073,-1.24247,-1.38415,-1.46794,-1.78736,-1.37712,-1.53861,-1.64112,-2.32967,-1.65613,-1.07667,-1.79388,-1.68802,-1.82628,-1.58413,-0.77718,-0.70677,-0.72597,0.07831,0.31922,0.11072,0.17173,-0.36201,-0.94883,-0.58995,-0.64386,-1.14434,-0.64646,-0.73599,-0.61292
TYR18,-0.69551,-0.71261,-1.01417,-0.95377,-1.01168,-1.378,-1.81119,-1.54017,-0.65254,-0.84013,0.12844,0.78533,0.30561,0.50323,-0.55849,0.17165,0.3818,0.0,-0.79647,-1.17132,-0.92553,-0.73994,0.23855,0.9546,2.38234,2.63755,2.65468,2.04038,1.22336,1.65763,1.2142,1.42575,1.27815,0.32781,0.29271,0.28503,1.30489,2.01864,2.55261,1.64132,1.12079,1.6421,1.0972,0.03237,-0.14955,-0.12836,-0.73355,-0.97274,-0.8026,-0.9639,-1.1562,-1.04348,-0.67971,-0.13531,0.47299,1.2592,1.81487,1.3305,1.10215,1.33539,0.33457,0.17742,1.50491,0.9098,0.05553,0.61198,0.99646,0.41587,0.80022,0.89919,0.62625,0.67165,0.50929,0.27418,0.47627,0.58914,0.29904,0.30381,0.61868,0.30821,0.12706,0.254,0.23176,0.43147,0.95794,1.24902,0.9636,0.81892,1.24077,1.21976,0.92618,0.72417,0.26322,-0.32283,-0.06598,0.17263,-0.78262,-1.0605,-0.25552,-0.39988,-1.25495,-1.30755,-0.35395,-0.32936,-1.23971,-0.57718,0.20526,0.88792,0.72124,-0.16635,-0.11866,0.78963,0.31747,-0.13282,0.46684,0.4304,0.14087,0.55574,0.94426,0.76292,0.68594,1.23694,1.39781,1.00297,0.63867,-0.28706,-0.41948,-0.09561,-0.31021,-0.79277,-0.61797,-0.4612,-0.83723,-1.047,-0.814,-0.7358,-0.71679,-0.82659,-1.35332,-0.88996,-0.77541,-0.99921,-1.70772,-1.40455,-0.80314,-1.69679,-1.9551,-2.10577,-1.76742,-1.05027,-1.16694,-1.11907,-0.28314,-0.243,-0.42643,-0.39768,-1.01911,-1.44896,-1.12963,-1.15326,-1.43919,-0.90498,-1.00065,-0.82822
LYS19,-0.35353,-0.36343,-0.5193,-0.51017,-0.62341,-0.78985,-1.01808,-1.00439,-0.66808,-0.78374,-0.08221,-0.02126,-0.36881,-0.28781,-1.33634,-1.25774,-1.04012,-0.79647,0.0,0.02327,0.51585,0.08143,0.8442,1.40518,1.83891,1.69202,1.18743,0.72918,0.46154,1.11194,0.98309,1.38072,1.30965,1.0976,0.56448,0.61332,1.41311,1.73984,1.93886,1.14642,0.89585,1.32912,0.69575,-0.00305,-0.00283,-0.1025,-0.58668,-0.68885,-0.61626,-0.81517,-0.92595,-0.8985,-0.68513,-0.40781,0.07924,0.56256,0.7856,0.32199,0.15826,0.44554,-0.22769,-0.34227,0.78252,0.52742,-0.08689,0.35468,0.68919,0.27116,0.42089,0.59478,0.39177,0.40676,0.31447,0.19926,0.37456,0.41275,0.11409,0.18621,0.49576,0.143,-0.07666,-0.03028,-0.1314,0.09647,0.61573,0.78637,0.50103,0.66045,1.03929,0.95382,0.8578,0.85709,0.59714,0.29497,0.38317,0.51694,-0.05014,-0.394,0.10711,0.18504,-0.40457,-0.60877,-0.13872,-0.1131,-0.64033,-0.48732,0.15174,0.63846,0.43499,-0.32662,-0.27008,0.4626,-0.08987,-0.52754,-0.01839,-0.01608,-0.2824,0.01603,0.30142,0.15686,0.23819,0.68617,0.69374,0.61391,0.21684,-0.43123,-0.53764,-0.56837,-0.73751,-0.9175,-0.84412,-0.78387,-1.03352,-1.07687,-0.91559,-0.73136,-0.50016,-0.6296,-1.08934,-0.46865,-0.29409,-0.52698,-1.01751,-0.69573,-0.49818,-1.33809,-1.54353,-1.47841,-1.09475,-0.69782,-0.72084,-0.39138,-0.015,-0.09253,-0.05962,0.17537,-0.24186,-0.83858,-0.7374,-0.94627,-0.95224,-0.44303,-0.65413,-0.48296
ASP20,0.00979,-0.11432,-0.23463,-0.18923,-0.27346,-0.45597,-0.60646,-0.63516,-0.35682,-0.42636,0.25673,0.34996,0.029,-0.31027,-1.24544,-1.53731,-1.65196,-1.17132,0.02327,0.0,1.07726,0.98768,0.65823,0.90243,0.85963,1.11537,0.83876,0.52367,0.48046,1.25202,1.37122,1.52817,1.32496,1.28231,0.54048,0.15697,0.87355,0.87233,0.84201,0.19229,0.26499,0.75889,0.01169,-0.36369,-0.05673,-0.16228,-0.56715,-0.57525,-0.45269,-0.62856,-0.76801,-0.79954,-0.74698,-0.61837,-0.24191,0.05102,0.22805,0.1046,0.07229,0.43066,0.05069,-0.0144,0.96347,0.89621,0.36904,0.7294,1.05502,0.6704,0.79869,0.92836,0.57102,0.60002,0.56175,0.24813,0.21317,0.38409,0.04134,-0.05431,0.24448,-0.01503,-0.25985,-0.27392,-0.30636,-0.19774,0.0748,0.23349,0.04553,0.15438,0.51673,0.49389,0.41809,0.45075,0.23487,0.07864,0.11627,0.13146,-0.1377,-0.45565,-0.19742,0.17059,-0.2098,-0.51195,0.05893,0.24213,-0.20976,-0.11123,0.5288,0.92716,0.6637,-0.0331,0.00322,0.69037,0.04841,-0.41565,-0.13043,-0.09715,-0.28934,-0.19149,0.04227,-0.07461,-0.10444,0.23473,0.21868,0.08498,-0.16928,-0.69622,-0.74664,-0.74769,-0.95244,-1.13634,-1.02549,-0.87687,-0.9212,-0.86105,-0.71427,-0.3335,0.04547,0.01505,-0.42564,0.12394,0.57214,0.34553,-0.2802,-0.10934,0.08675,-0.60047,-0.91988,-1.08273,-0.82876,-0.26025,-0.20626,-0.14059,0.08455,0.09214,0.06847,0.12906,-0.12953,-0.72269,-0.65886,-0.85864,-0.90016,-0.45087,-0.68714,-0.56355
THR21,0.09819,0.05686,-0.02653,0.01752,-0.07103,-0.231,-0.3334,-0.36011,-0.15041,-0.2032,0.47329,0.49565,0.10071,-0.24089,-1.08707,-1.34792,-1.44017,-0.92553,0.51585,1.07726,0.0,0.40982,1.18274,0.21712,-0.3356,0.01308,-0.15045,-0.1653,-0.00898,0.71253,0.78017,0.97042,0.74486,1.01076,0.27299,-0.08104,0.53018,0.51116,0.44633,-0.21942,-0.17176,0.30124,-0.42624,-0.68212,-0.32019,-0.39643,-0.64102,-0.59671,-0.49328,-0.61772,-0.73477,-0.78312,-0.76852,-0.71405,-0.47262,-0.21926,-0.01648,-0.1139,-0.08537,0.30399,-0.01005,-0.09394,0.80506,0.82899,0.40255,0.72635,1.07292,0.74721,0.88823,0.94265,0.6705,0.76719,0.7146,0.45857,0.43159,0.63979,0.24237,0.21024,0.47396,0.16628,-0.00901,-0.09109,-0.11952,0.01203,0.14305,0.19732,0.08097,0.12555,0.35986,0.42905,0.37604,0.35349,0.20287,0.07303,0.13984,0.1916,0.04937,-0.21386,0.03264,0.49163,0.14917,-0.10949,0.34807,0.51645,0.15725,0.2121,0.82205,1.29907,1.1293,0.48585,0.46389,1.01799,0.31621,-0.19265,0.00439,0.03149,-0.14908,-0.11345,0.06284,-0.10291,-0.12706,0.17824,0.10615,-0.0688,-0.32867,-0.74428,-0.72944,-0.8055,-1.01668,-1.17192,-1.12324,-0.94713,-0.91674,-0.77522,-0.6407,-0.15856,0.34526,0.3785,-0.10635,0.3916,0.9644,0.80732,0.17304,0.26691,0.43814,-0.07751,-0.43276,-0.73662,-0.54089,-0.06023,-0.07816,-0.01098,0.17331,0.11685,0.07704,0.09572,-0.10063,-0.49058,-0.59607,-0.94147,-0.9169,-0.55265,-0.7988,-0.65517
GLU22,0.37516,0.34257,0.27975,0.3139,0.25969,0.10445,-0.02201,-0.08173,-0.03448,-0.08114,0.49811,0.37418,-0.05498,-0.37881,-1.227,-1.3451,-1.09259,-0.73994,0.08143,0.98768,0.40982,0.0,0.80288,1.28255,-0.44233,-0.39243,-0.59281,-0.62539,-0.32421,0.51061,0.76637,1.2395,1.21755,1.63574,0.8283,0.40282,0.95459,0.77406,0.54296,-0.16415,0.07838,0.61843,-0.30692,-0.41626,0.05522,-0.10911,-0.38831,-0.34975,-0.3426,-0.55506,-0.65268,-0.75495,-0.70417,-0.7099,-0.40606,-0.21963,-0.1896,-0.39258,-0.47404,-0.10048,-0.36754,-0.36639,0.4776,0.58963,0.23184,0.67839,1.01932,0.68493,0.88017,0.92892,0.64777,0.71081,0.58835,0.29924,0.36213,0.40927,-0.06763,-0.10439,0.26875,-0.0481,-0.32836,-0.38462,-0.39574,-0.34916,-0.16271,-0.13846,-0.28291,-0.11927,0.22261,0.19697,0.22582,0.35462,0.32797,0.25523,0.15685,0.10293,0.08163,-0.14195,-0.27028,0.1565,0.02571,-0.38212,-0.21025,-0.03508,-0.27106,-0.22718,0.16497,0.40478,0.28338,-0.27547,-0.27477,0.32872,-0.33621,-0.83427,-0.49786,-0.33576,-0.55392,-0.57452,-0.29096,-0.37878,-0.34689,-0.0893,-0.09904,-0.17428,-0.44688,-0.65378,-0.64917,-0.9375,-1.18602,-1.16854,-1.18983,-1.33219,-1.18473,-0.84167,-0.74621,-0.33731,0.20684,0.19878,-0.15503,0.35484,0.85042,0.75883,0.28325,0.37968,0.44527,-0.05532,-0.21104,-0.26854,-0.33702,-0.0931,0.16837,0.23748,0.23177,0.25356,0.38294,0.35408,0.20374,-0.05416,-0.08356,-0.49952,-0.55839,-0.27283,-0.6882,-0.67331
GLY23,0.47596,0.40682,0.34066,0.34024,0.28045,0.12994,-0.01664,0.02148,0.10589,0.11191,0.44841,0.32691,-0.12114,-0.1709,-0.95979,-0.69378,-0.21147,0.23855,0.8442,0.65823,1.18274,0.80288,0.0,0.00509,-0.71643,-1.14466,-1.3465,-1.37944,-1.02079,-0.08689,0.10625,0.77483,1.12919,1.56245,0.87947,0.57211,1.40078,1.28744,1.09523,0.4293,0.59889,1.10058,0.26381,0.03055,0.40608,0.19905,-0.16036,-0.10276,-0.08965,-0.44319,-0.54021,-0.68846,-0.63536,-0.61989,-0.31533,-0.04375,-0.08448,-0.44363,-0.64369,-0.45721,-0.83857,-0.8043,-0.03217,-0.00059,-0.3423,0.16825,0.52076,0.18116,0.40514,0.47092,0.31176,0.40523,0.28197,0.05854,0.22323,0.30015,-0.10013,-0.14571,0.28052,-0.03384,-0.31598,-0.28266,-0.26927,-0.25737,0.01798,0.13967,-0.00677,0.18516,0.5477,0.51963,0.52285,0.66581,0.57538,0.48255,0.44969,0.31002,0.15248,-0.09035,-0.1554,0.03913,-0.32248,-0.69501,-0.50816,-0.39997,-0.69304,-0.60321,-0.06914,0.17976,-0.04165,-0.61609,-0.571,0.11552,-0.79763,-1.20605,-0.70656,-0.47407,-0.57866,-0.5711,-0.22524,-0.21037,-0.13303,0.12441,0.17524,0.19523,-0.08492,-0.3721,-0.48101,-0.83641,-1.09482,-1.18096,-1.28149,-1.54722,-1.62686,-1.30629,-1.18881,-0.79482,-0.39533,-0.36392,-0.66226,-0.14592,0.17319,0.26224,-0.11867,0.15032,0.28171,-0.27908,-0.35101,-0.2999,-0.31015,-0.06638,0.2142,0.41234,0.52265,0.5811,0.71539,0.74227,0.53086,0.11918,0.09232,-0.27892,-0.63274,-0.3842,-0.8942,-0.94131
TYR24,0.46992,0.31777,0.25995,0.29593,0.25685,0.12298,-0.00924,0.0109,-0.00624,-0.00125,0.47099,0.36139,-0.00427,-0.0377,-0.84509,-0.342,0.61181,0.9546,1.40518,0.90243,0.21712,1.28255,0.00509,0.0,-0.11762,-0.3338,-1.08001,-1.44135,-0.99007,0.211,0.83957,1.69076,2.16671,2.40788,1.75624,1.31411,1.96867,1.87249,1.46559,0.8052,1.39612,2.0003,0.90915,0.83935,1.40058,1.06113,0.42308,0.47206,0.44536,-0.13457,-0.29258,-0.54853,-0.47186,-0.51896,-0.0758,0.30319,-0.13057,-0.59225,-0.8447,-0.69553,-1.00455,-0.87861,-0.08687,-0.03551,-0.33534,0.33826,0.69301,0.30132,0.39164,0.5281,0.26081,0.30356,0.12435,-0.15331,0.10367,0.03571,-0.39888,-0.53243,0.0293,-0.29166,-0.74953,-0.7588,-0.84188,-0.92864,-0.42739,-0.29176,-0.49474,-0.16617,0.30251,0.21095,0.2265,0.49847,0.45937,0.40276,0.15091,-0.09811,-0.22058,-0.50667,-0.8713,-0.68423,-0.91434,-1.5476,-1.47958,-0.99939,-1.33056,-1.38658,-0.77759,-0.62014,-0.92324,-1.68004,-2.05052,-1.07915,-1.91309,-2.40177,-1.54444,-1.26172,-1.35873,-1.14033,-0.72522,-0.68807,-0.46957,-0.18426,-0.07847,0.02309,-0.27404,-0.44918,-0.56626,-0.98527,-1.34443,-1.35806,-1.41576,-1.88512,-2.09511,-1.64964,-1.56171,-1.16173,-0.76563,-0.83492,-0.99234,-0.28884,-0.10184,-0.13511,-0.31818,-0.04035,0.03142,-0.51373,-0.5234,-0.42914,-0.59399,-0.41042,0.19752,0.35734,0.38887,0.59239,0.88203,0.89888,0.82957,0.35635,0.25998,-0.02201,-0.35107,-0.22627,-0.86556,-1.00386
TYR25,0.30294,-0.00827,-0.20852,-0.12556,-0.07621,-0.33694,-0.54937,-0.38224,-0.20639,-0.2248,0.66715,0.96539,0.6248,0.90823,0.13586,1.09719,2.30727,2.38234,1.83891,0.85963,-0.3356,-0.44233,-0.71643,-0.11762,0.0,0.23388,-0.58649,-1.49916,-1.19874,0.1801,1.01011,2.0927,2.42258,1.73264,1.31556,1.33414,2.11738,2.6113,2.51613,1.87559,2.24839,2.98713,1.97959,1.64712,2.13861,1.88471,0.80996,0.80525,0.88984,0.12752,-0.18159,-0.48084,-0.32704,-0.20427,0.27461,0.84835,0.37426,-0.22138,-0.62477,-0.48903,-0.8971,-0.72407,0.15865,0.0211,-0.34299,0.4471,0.76091,0.26304,0.32998,0.50765,0.13672,0.14617,-0.00215,-0.2918,0.02711,-0.02129,-0.39451,-0.51628,0.07924,-0.33143,-0.93138,-0.81368,-0.9571,-1.0775,-0.28381,-0.00087,-0.29209,0.05351,0.61888,0.52624,0.4549,0.73495,0.51325,0.31883,0.09068,-0.22182,-0.61365,-0.9843,-1.25335,-1.24755,-1.62394,-2.22906,-1.99532,-1.43834,-1.75924,-1.70109,-1.05054,-0.9644,-1.26507,-2.01033,-2.50179,-1.45238,-2.28472,-2.9465,-1.70948,-1.38808,-1.52834,-0.99136,-0.47483,-0.39622,-0.18055,0.2055,0.36738,0.42753,0.12109,-0.2108,-0.44416,-0.80074,-1.18497,-1.42715,-1.51184,-1.96859,-2.37153,-2.16056,-1.98252,-1.75863,-1.431,-1.53109,-1.72921,-0.93144,-0.88218,-1.00242,-1.16182,-0.87939,-0.71971,-1.31019,-1.26101,-1.21931,-1.36757,-0.88591,-0.16492,0.07603,0.27686,0.76563,1.06551,1.09683,0.90866,0.24938,0.15149,-0.27417,-0.7834,-0.56185,-1.26416,-1.40785
THR26,-0.24342,-0.50609,-0.68136,-0.5906,-0.49438,-0.7514,-0.91838,-0.85702,-0.44121,-0.52819,1.19503,2.14769,2.16604,2.09182,1.35651,1.6866,2.72568,2.63755,1.69202,1.11537,0.01308,-0.39243,-1.14466,-0.3338,0.23388,0.0,0.12358,-0.26809,-0.2548,0.94458,1.8427,2.45486,2.06851,1.11595,-0.04573,-0.00736,0.36047,0.92821,1.002,0.52214,0.95058,1.7444,0.94671,0.64775,1.33627,1.41141,0.4344,0.42383,0.73979,0.31169,-0.14852,-0.43523,-0.48147,-0.19863,0.11329,0.68987,0.56319,0.34514,0.10472,0.40538,0.15188,0.34072,1.3073,1.16787,0.74583,1.53728,2.00061,1.32529,1.37957,1.74568,1.08061,0.86923,0.85106,0.49111,0.51063,0.533,0.23421,-0.12502,0.32131,0.02707,-0.60942,-0.66906,-0.89584,-0.87737,-0.16736,-0.1198,-0.44076,-0.20108,0.22748,0.12423,-0.08313,0.1151,-0.09237,-0.37296,-0.5496,-0.71066,-1.09218,-1.32307,-1.35591,-1.27417,-1.42919,-1.78823,-1.19401,-0.33278,-0.81201,-0.76555,-0.21138,-0.27231,-0.30959,-0.88315,-1.40881,-0.39887,-0.80439,-1.84535,-0.88219,-0.70178,-1.04086,-0.63083,-0.2716,-0.30083,-0.28628,0.07452,0.23149,0.13406,-0.06073,-0.42581,-0.4127,-0.42113,-0.88203,-1.18338,-0.98932,-1.26118,-1.78774,-1.5308,-1.18254,-1.05074,-0.96299,-1.12996,-1.21484,-0.51906,-0.36887,-0.75018,-0.99688,-0.93478,-0.82075,-1.26578,-1.34485,-1.63185,-1.75778,-0.94209,-0.51232,-0.49269,-0.19718,0.26244,0.53056,0.42859,0.18759,-0.50373,-0.47787,-0.82065,-1.38624,-1.10943,-1.47596,-1.50734
ILE27,-0.40501,-0.68133,-0.79701,-0.61466,-0.53043,-0.78014,-0.7857,-0.77574,-0.28098,-0.17,1.19834,2.45904,2.90949,2.88259,2.61413,2.60265,3.10662,2.65468,1.18743,0.83876,-0.15045,-0.59281,-1.3465,-1.08001,-0.58649,0.12358,0.0,-0.355,-0.58995,0.10014,0.9328,1.03801,0.98099,-0.02353,-0.27911,-0.79047,-0.20799,-0.16229,0.18421,-0.14387,0.24391,1.08971,0.6385,0.36526,0.89265,1.26636,0.53606,0.30559,0.65329,0.52029,0.06803,0.03229,0.06979,0.50124,0.71597,1.20898,1.37755,1.3582,1.1793,1.2415,0.978,1.14657,1.79979,1.43605,0.99938,1.46042,1.80207,1.10397,1.12082,1.33545,0.8102,0.60045,0.48294,0.05723,0.14757,0.21544,0.06693,-0.15445,0.17742,0.17975,-0.18887,-0.10684,-0.23013,-0.33559,0.08468,0.33647,-0.0481,-0.25091,0.13732,0.1264,-0.20771,-0.28047,-0.62921,-1.00463,-0.9513,-1.0516,-1.46525,-1.61244,-1.43667,-1.46286,-1.64016,-1.93811,-1.23057,-0.76776,-1.32244,-0.97141,-0.25488,-0.02743,0.082,-0.43405,-0.76143,0.48765,0.35808,-0.39136,0.44212,0.73161,-0.02875,0.08342,0.58478,0.41994,0.16183,0.49828,0.67675,0.40161,0.33102,-0.225,-0.20717,-0.01386,-0.39956,-0.79685,-0.63804,-0.78628,-1.24003,-1.19495,-0.90044,-0.92891,-1.02561,-1.12067,-1.16521,-0.62201,-0.38785,-0.60512,-0.93284,-0.7481,-0.40529,-0.82763,-1.03046,-1.43623,-1.31729,-0.41056,-0.45266,-0.8933,-0.00106,0.48101,0.11248,-0.19699,-0.69202,-1.3155,-1.10252,-1.18693,-1.7578,-1.39297,-1.42343,-1.5071
GLY28,-0.68037,-0.81654,-0.85412,-0.64875,-0.54907,-0.73877,-0.70517,-0.89176,-0.31463,-0.28935,1.95809,3.22306,3.84073,3.6047,3.01708,1.93711,1.87454,2.04038,0.72918,0.52367,-0.1653,-0.62539,-1.37944,-1.44135,-1.49916,-0.26809,-0.355,0.0,0.11707,0.40837,0.50784,-0.12831,-0.47095,-1.05761,-2.12008,-2.1182,-2.05008,-1.56687,-1.09786,-1.23669,-0.99893,-0.28952,-0.61204,-0.80036,-0.06049,0.36039,-0.15099,-0.16709,0.43602,0.50946,0.01902,-0.0947,-0.32077,0.04949,0.02742,0.4761,1.10622,1.34152,1.47019,1.82371,1.63268,1.6554,2.42378,2.34113,1.93025,2.28655,2.85597,2.38929,2.24103,2.41862,1.99093,1.72069,1.55492,1.15115,0.97426,1.0218,0.8397,0.4454,0.53712,0.62196,0.3429,0.26893,0.06591,0.11696,0.38051,0.37605,-0.04828,-0.38813,-0.09584,-0.05377,-0.47514,-0.73608,-1.01828,-1.34502,-1.23429,-1.19613,-1.46744,-1.403,-1.02258,-1.07834,-1.19117,-1.17385,-0.17286,0.3938,-0.16948,0.24519,0.70095,0.79077,1.01547,0.69344,0.36305,1.39422,1.63754,1.02866,1.40133,1.69084,0.90936,0.8198,0.99964,0.60463,0.12399,0.41086,0.48942,0.04868,0.1209,-0.37943,-0.17856,0.26286,-0.05382,-0.50287,-0.10022,0.01052,-0.36539,-0.38627,0.11855,0.16271,-0.10262,-0.36519,-0.52866,-0.10973,0.22776,-0.13413,-0.54524,-0.62084,-0.3146,-0.49693,-0.93013,-1.66556,-1.43011,-0.32808,-0.6621,-1.04141,-0.23843,-0.04555,-0.49916,-0.93057,-1.43892,-1.79255,-1.45764,-1.41428,-2.04811,-1.7104,-1.4304,-1.21549
ILE29,-0.65683,-0.42678,-0.3145,-0.03987,-0.07132,-0.14412,-0.06141,-0.34492,0.06436,0.08789,2.5137,3.02145,3.45549,2.72295,1.89613,0.68506,0.70204,1.22336,0.46154,0.48046,-0.00898,-0.32421,-1.02079,-0.99007,-1.19874,-0.2548,-0.58995,0.11707,0.0,0.25214,0.65059,-0.48697,-1.21955,-1.46273,-2.51034,-2.35042,-2.56182,-2.0547,-1.90092,-1.98597,-1.41198,-0.78193,-1.28802,-1.24636,-0.21518,0.06109,-0.41114,-0.09624,0.64894,0.63867,0.16393,-0.23077,-0.78269,-0.65893,-0.81884,-0.36038,0.1635,0.5713,0.80018,1.35091,1.28238,1.16355,1.95755,2.17917,1.78767,2.25252,3.07074,2.65588,2.49349,2.85132,2.60974,2.23526,2.15017,1.87325,1.53888,1.46861,1.15414,0.69593,0.72173,0.80862,0.48815,0.33784,0.0635,0.09775,0.30874,-0.03806,-0.42083,-0.61025,-0.43935,-0.43409,-0.85414,-1.04841,-1.05493,-1.2493,-1.26831,-1.07614,-1.088,-0.9282,-0.60682,-0.43109,-0.3723,-0.4036,0.48985,1.0874,0.62106,0.90845,1.11301,1.01721,1.31095,1.09981,0.78747,1.36478,1.79448,1.04362,0.94697,1.10615,0.71482,0.51024,0.31008,-0.18252,-0.54975,-0.2668,-0.28037,-0.61616,-0.53685,-0.69087,-0.32222,-0.0047,-0.24226,-0.39503,0.0206,0.10076,-0.07873,0.11275,0.60081,0.64084,0.44481,0.22351,0.11929,0.38552,0.71697,0.32472,0.05604,-0.18134,-0.032,-0.00973,-0.34433,-1.12739,-1.16696,-0.25118,-0.60626,-0.90258,-0.54341,-0.56199,-0.95039,-1.35251,-1.63452,-1.67168,-1.3585,-1.18443,-1.57089,-1.45218,-1.11238,-0.81844
GLY30,-0.69476,-0.66297,-0.6777,-0.47559,-0.4141,-0.5081,-0.54401,-0.75272,-0.1177,-0.28632,2.03569,2.95656,3.35925,2.4491,1.38053,0.54133,1.08628,1.65763,1.11194,1.25202,0.71253,0.51061,-0.08689,0.211,0.1801,0.94458,0.10014,0.40837,0.25214,0.0,0.28915,0.00574,-1.30363,-1.30759,-2.39335,-2.12765,-2.29877,-1.69557,-1.60122,-1.88827,-1.22094,-0.43119,-1.17873,-1.15307,-0.00321,0.16378,-0.41985,-0.00895,0.72056,0.6217,0.16093,-0.35365,-0.89672,-0.79142,-0.85767,-0.3142,-0.05032,0.28601,0.35475,0.85849,0.72851,0.76224,1.55847,1.65166,1.39223,1.98918,2.69917,2.34017,2.35817,2.87204,2.35358,2.01967,2.09513,1.79541,1.36717,1.37355,1.05243,0.42033,0.53161,0.50767,0.02721,-0.18724,-0.4297,-0.37433,0.01289,-0.35083,-0.59962,-0.42042,-0.28846,-0.42747,-0.72654,-0.60815,-0.60322,-0.7401,-0.9852,-0.97685,-0.99873,-0.98324,-0.93239,-0.66298,-0.55623,-0.59781,0.19243,0.87414,0.55618,0.5924,0.80508,0.61035,0.8006,0.63974,0.14196,0.68594,1.01213,0.24037,0.20443,0.21755,-0.00316,-0.01674,-0.16295,-0.50206,-0.65232,-0.35963,-0.32866,-0.42571,-0.42155,-0.54246,-0.17785,0.00247,-0.32419,-0.4336,-0.10524,-0.11765,-0.4671,-0.26315,0.11404,0.29532,0.11285,-0.21614,-0.26158,0.18043,0.44381,-0.0547,-0.18972,-0.37703,-0.32543,-0.40472,-0.53973,-1.13917,-1.33722,-0.39926,-0.24995,-0.32731,-0.35147,-0.17283,0.00297,-0.25712,-0.42119,-0.77171,-0.59458,-0.72614,-1.28088,-1.14272,-1.01115,-0.72034
HIS31,-0.23192,-0.74133,-0.72001,-0.57713,-0.40436,-0.34884,-0.17028,-0.53802,-0.54736,-0.66032,1.37854,2.10705,2.50952,1.55069,0.82279,0.24659,1.12771,1.2142,0.98309,1.37122,0.78017,0.76637,0.10625,0.83957,1.01011,1.8427,0.9328,0.50784,0.65059,0.28915,0.0,0.62148,-0.2825,-0.65647,-2.30089,-2.01033,-2.04625,-1.58729,-1.56894,-1.60229,-0.66152,0.18653,-0.57749,-0.19561,0.99347,1.15262,0.53177,0.87052,1.44362,1.32226,0.9289,0.42553,-0.11066,-0.10491,-0.22749,0.22701,0.03948,0.32171,0.17912,0.49384,0.61335,0.88329,1.31894,1.34206,1.36038,1.92876,2.34955,2.02639,1.73493,2.22766,1.58662,1.19042,1.3959,1.07073,0.62947,0.57203,0.34244,-0.28691,-0.10293,-0.12421,-0.7018,-0.88242,-1.15575,-1.12413,-0.62759,-0.84603,-1.0434,-0.52151,-0.241,-0.39858,-0.54389,-0.1539,-0.15049,-0.20199,-0.64349,-0.82784,-0.82195,-0.98521,-1.17316,-0.86899,-0.67865,-0.86499,-0.48315,0.38861,0.21319,-0.10056,0.0027,-0.511,-0.53183,-0.59086,-1.10846,-0.64668,-0.49616,-1.08728,-0.89908,-0.71077,-1.02973,-1.27747,-1.25077,-1.08797,-0.99259,-0.6915,-0.48969,-0.30217,-0.29127,-0.27994,-0.06496,-0.05426,-0.41501,-0.47022,-0.23986,-0.46594,-0.88079,-0.61192,-0.32189,-0.32938,-0.52843,-0.99635,-0.93248,-0.33004,-0.15731,-0.66567,-0.61336,-0.7602,-0.85846,-0.90698,-0.89467,-1.11035,-1.12708,-0.52151,0.08229,0.3217,-0.00204,0.29079,0.67382,0.61806,0.78813,0.23928,0.06185,-0.32642,-0.73948,-0.58301,-0.69944,-0.39152
LEU32,-0.13183,-0.72422,-0.77192,-0.69244,-0.48566,-0.39926,-0.27417,-0.47308,-0.48431,-0.64771,1.00316,1.60447,1.68012,0.88278,0.21967,0.20627,1.4237,1.42575,1.38072,1.52817,0.97042,1.2395,0.77483,1.69076,2.0927,2.45486,1.03801,-0.12831,-0.48697,0.00574,0.62148,0.0,-0.25461,-0.22482,-2.49113,-1.74779,-1.55641,-0.95482,-1.12252,-0.96639,0.20799,1.08083,0.17616,0.57602,1.61786,1.57929,0.79803,1.05225,1.48406,1.12107,0.81009,0.39608,0.07604,0.06842,0.18922,0.73929,0.04831,0.02107,-0.2951,-0.0581,0.04959,0.33213,0.71424,0.74623,0.73679,1.27393,1.55303,1.27418,0.94276,1.36727,0.76846,0.46689,0.67079,0.39115,0.11492,0.02496,-0.21,-0.73274,-0.35964,-0.53395,-1.14249,-1.24089,-1.45399,-1.50576,-0.85373,-0.92382,-1.05894,-0.44711,-0.06011,-0.21622,-0.2959,0.24294,0.21012,0.1904,-0.34643,-0.68892,-0.6902,-0.88493,-1.28761,-1.09466,-0.81929,-0.99925,-0.9413,-0.04498,-0.09567,-0.56508,-0.49636,-1.08519,-1.13373,-1.26513,-1.91871,-1.27835,-1.20265,-1.81097,-1.54342,-1.29251,-1.42359,-1.62529,-1.74541,-1.39555,-1.1128,-0.84902,-0.49124,-0.10407,-0.16835,-0.05117,0.05707,-0.10229,-0.44267,-0.4064,-0.30497,-0.58084,-0.96848,-0.74392,-0.58161,-0.60333,-0.7164,-1.25764,-1.22211,-0.42143,-0.37271,-0.94758,-0.746,-0.83559,-0.97093,-1.07853,-0.9624,-1.01382,-1.06314,-0.49599,0.39972,0.70527,0.19719,0.65823,1.15117,1.11302,1.4055,0.99734,0.81599,-0.00775,-0.43859,-0.19101,-0.3807,-0.12234
LEU33,0.45639,-0.67086,-0.74102,-0.65844,-0.35901,-0.24336,0.0046,-0.03774,-0.11168,-0.21711,0.48863,1.05097,0.74522,0.07558,-0.16832,0.48634,1.72476,1.27815,1.30965,1.32496,0.74486,1.21755,1.12919,2.16671,2.42258,2.06851,0.98099,-0.47095,-1.21955,-1.30363,-0.2825,-0.25461,0.0,-0.07793,-3.13503,-2.41059,-1.02188,-0.20478,-0.34119,-0.01358,1.15629,2.02988,1.31904,1.6851,2.52895,2.38172,1.43842,1.55502,1.78149,1.2655,1.01023,0.63114,0.65644,0.62045,1.06038,1.55666,0.44535,0.14912,-0.39425,-0.54431,-0.39862,-0.00379,-0.01646,-0.01206,0.09826,0.4035,0.48062,0.30032,-0.16794,0.11018,-0.47986,-0.73112,-0.53381,-0.87627,-0.98965,-1.02441,-1.18159,-1.56331,-1.01586,-1.26519,-1.7249,-1.55796,-1.50803,-1.63194,-1.01863,-0.57052,-0.5716,-0.04324,0.6104,0.66398,0.62613,1.21522,0.9475,0.87762,0.33435,-0.16119,-0.38062,-0.78208,-1.33571,-1.3134,-1.25393,-1.46591,-1.70544,-0.99945,-0.84702,-1.34239,-1.21057,-1.75855,-1.92654,-2.10643,-2.66698,-1.93799,-2.0178,-2.3909,-1.89165,-1.51045,-1.45004,-1.52037,-1.1453,-0.52931,-0.134,0.13128,0.60046,0.98531,0.7099,0.53339,0.20604,-0.06561,-0.38457,-0.53301,-0.60503,-0.89259,-1.25361,-1.22355,-1.12779,-1.36859,-1.44194,-1.94877,-2.06653,-1.17998,-1.20517,-1.62221,-1.66017,-1.46783,-1.43286,-1.65927,-1.46413,-1.14995,-0.88058,-0.44054,0.86084,1.23305,0.77663,1.47136,2.07478,2.07497,2.25928,1.67617,1.72608,0.56613,0.04369,0.46615,-0.20207,-0.10358
THR34,0.64612,-0.35463,-0.34023,-0.32434,-0.08409,0.13266,0.46547,0.27773,-0.22428,-0.39627,-0.16984,0.09293,0.11537,-0.82183,-1.00383,-0.58616,0.60803,0.32781,1.0976,1.28231,1.01076,1.63574,1.56245,2.40788,1.73264,1.11595,-0.02353,-1.05761,-1.46273,-1.30759,-0.65647,-0.22482,-0.07793,0.0,-7.04577,-4.11039,-2.0269,-1.3315,-1.58756,-1.3068,-0.13737,0.53544,-0.01993,0.69212,1.64153,1.4834,0.95704,1.18739,1.33275,0.98285,0.96417,0.63545,0.51305,0.23503,0.5121,0.77844,-0.24918,-0.32253,-0.69076,-0.80207,-0.49644,-0.05728,-0.18895,-0.17023,0.117,0.33837,0.27502,0.25619,-0.36215,-0.04328,-0.5092,-0.77164,-0.38994,-0.49951,-0.75201,-0.78381,-0.79318,-1.06569,-0.84622,-1.02157,-1.42033,-1.40796,-1.34698,-1.2633,-0.81124,-0.72206,-0.59621,0.2916,0.65885,0.41738,0.60834,1.38694,1.51002,1.56665,0.79985,0.38377,0.42097,0.01253,-0.57267,-0.36314,-0.17491,-0.43319,-1.03,-0.3084,0.03757,-0.82842,-0.90746,-1.41348,-1.5805,-1.5304,-2.00751,-1.87997,-2.17478,-2.26176,-1.80295,-1.6517,-1.68686,-1.7291,-1.48711,-1.02927,-0.43371,-0.30123,0.02071,0.68339,0.3457,0.59514,0.20201,-0.28647,-0.38974,-0.34628,-0.53735,-0.76562,-0.91545,-0.81787,-0.73639,-0.96268,-1.04194,-1.3879,-1.49197,-0.72552,-0.86786,-1.14298,-1.14663,-1.17068,-1.45641,-1.4371,-1.14775,-0.53104,-0.24135,-0.46369,0.89121,1.66876,0.686,1.16657,2.06647,2.33364,2.65892,2.40072,2.13108,1.17746,1.36581,1.4818,0.48346,0.48807
LYS35,0.26684,0.36534,0.36749,0.3664,0.40665,0.56581,0.58065,0.72298,0.75699,1.19115,-0.16424,-1.09931,-1.21829,-0.73176,-0.44499,0.20104,0.78266,0.29271,0.56448,0.54048,0.27299,0.8283,0.87947,1.75624,1.31556,-0.04573,-0.27911,-2.12008,-2.51034,-2.39335,-2.30089,-2.49113,-3.13503,-7.04577,0.0,-0.2983,1.0371,-0.99488,-1.04402,-0.48247,1.07723,1.55163,0.99021,1.43234,1.84922,1.42641,0.76814,0.79425,0.61258,0.03132,0.18746,0.20902,0.69452,0.80021,1.63299,2.07579,0.69216,-0.22147,-0.72067,-1.16864,-1.29938,-1.15293,-1.32922,-1.3684,-1.32692,-1.18586,-1.2536,-1.29671,-1.34091,-1.41419,-1.1529,-1.10977,-1.51512,-1.57874,-0.99246,-1.25868,-1.46496,-1.17664,-0.55421,-0.51348,-0.56408,-0.18216,-0.02792,-0.65251,-0.47448,-0.06683,-0.14642,-0.12286,0.11972,0.00545,0.01991,0.26239,0.20588,0.30017,0.04791,-0.34597,-0.14849,-0.24066,-0.95416,-0.83188,-0.75602,-1.33955,-1.61837,-1.92165,-2.12164,-1.82213,-1.56647,-1.25062,-1.2318,-1.65602,-1.63479,-1.2398,-1.77472,-1.79939,-1.33102,-1.24715,-1.40547,-1.50624,-0.9263,-0.67459,-0.51867,-0.337,0.01245,0.3868,0.27713,0.58392,0.33232,-0.35038,-0.38761,0.21389,-0.15252,-0.72911,-0.72265,-0.34734,-0.98428,-1.28983,-1.15198,-0.94159,-0.52248,-0.54522,-0.88499,-0.25213,0.3847,1.18067,1.19182,0.89675,1.37237,1.6774,1.24829,0.977,1.10707,0.69867,0.7763,1.13867,1.1433,0.88427,1.16577,1.13172,1.14115,1.63121,1.87049,1.91286,1.50514,0.65744
SER36,-0.04577,0.4277,0.31945,0.16146,0.06259,0.28595,0.08809,0.03286,-0.19145,-0.03305,-0.72314,-1.76362,-1.60516,-0.86123,-0.77423,0.04984,0.8955,0.28503,0.61332,0.15697,-0.08104,0.40282,0.57211,1.31411,1.33414,-0.00736,-0.79047,-2.1182,-2.35042,-2.12765,-2.01033,-1.74779,-2.41059,-4.11039,-0.2983,0.0,-0.5695,-0.36522,-0.62658,-0.06312,1.39194,1.81459,1.32085,1.60128,1.84079,1.4273,0.62798,0.84223,0.67461,-0.14187,0.01198,-0.11573,0.303,0.31809,1.03735,1.62649,0.12132,-0.87416,-1.19927,-1.3513,-1.49135,-1.40395,-1.3352,-1.33121,-1.32019,-1.07588,-1.13267,-1.11982,-1.20628,-1.19874,-0.7277,-0.69876,-1.07584,-0.82681,-0.21261,-0.63161,-0.80517,-0.54135,0.1117,0.02066,-0.30957,-0.21207,-0.41319,-0.80915,-0.21096,-0.19561,-0.39397,0.08805,0.20531,-0.16046,-0.02003,0.40797,0.54947,0.63773,0.23031,-0.07008,0.17395,0.05527,-0.61847,-0.51104,-0.32542,-0.82901,-1.29773,-1.43814,-1.60545,-1.40353,-1.3918,-1.26648,-1.33955,-1.70008,-1.67401,-1.54618,-1.94563,-2.10379,-1.73688,-1.73155,-1.71902,-1.58346,-1.41614,-1.15368,-0.69141,-0.67178,-0.55371,0.15616,-0.12342,0.61237,0.6301,-0.32,-0.45012,0.47574,0.25151,-0.5507,-0.54826,0.0376,-0.60011,-1.00882,-1.00281,-1.02584,-0.37621,-0.36631,-0.95974,-0.4412,0.59798,1.09619,0.75274,0.81583,1.4047,1.60263,0.86827,0.51601,0.64568,0.7098,0.48097,0.53711,0.74706,0.78047,1.1421,1.18342,0.84414,1.39817,1.59117,1.86182,2.06006,1.40392
PRO37,0.56944,0.42561,0.28997,0.15915,0.16958,0.24872,0.16434,0.34019,0.35019,0.60614,-0.54602,-1.286,-1.52844,-0.81438,-0.55031,0.99165,1.96735,1.30489,1.41311,0.87355,0.53018,0.95459,1.40078,1.96867,2.11738,0.36047,-0.20799,-2.05008,-2.56182,-2.29877,-2.04625,-1.55641,-1.02188,-2.0269,1.0371,-0.5695,0.0,-0.22653,0.06887,0.12304,1.08608,1.70345,1.33038,1.41089,1.45607,1.21749,0.58919,0.75701,0.54621,-0.22221,-0.03401,-0.07029,0.53184,0.61676,1.50497,2.02222,0.7093,-0.50644,-1.14518,-1.6071,-1.90608,-1.68207,-1.71266,-1.88101,-1.83243,-1.60947,-1.72213,-1.73955,-1.65375,-1.71454,-1.49042,-1.32531,-1.63954,-1.72198,-1.14039,-1.32237,-1.52711,-1.13122,-0.44047,-0.5906,-0.77794,-0.42383,-0.29504,-0.6378,-0.09335,0.49056,0.46364,0.74749,1.1743,1.05565,1.20601,1.60056,1.42929,1.30813,1.06828,0.63664,0.42263,-0.03312,-0.62211,-0.63131,-0.83104,-1.40633,-1.91389,-2.20292,-2.29516,-2.06124,-1.73938,-1.49448,-1.68257,-2.06115,-1.86226,-1.39525,-2.13518,-2.36347,-1.72937,-1.63306,-1.46937,-1.19107,-0.56382,-0.05956,0.58319,0.88871,1.30825,2.14724,1.64856,1.58457,0.7018,-0.42987,-0.47497,-0.04572,-0.55889,-1.17601,-1.2012,-0.92094,-1.38692,-1.74101,-1.6542,-1.59628,-1.51991,-1.3691,-1.71046,-1.17008,-0.73806,0.05071,0.11136,-0.30284,0.32009,1.02174,0.75007,0.39226,0.92115,1.03813,1.15402,1.45519,1.66258,1.82338,2.02244,1.72551,1.53986,1.51064,1.4987,1.682,1.31485,0.44073
SER38,0.48375,0.13482,-0.06895,-0.2394,-0.22885,-0.17031,-0.39182,-0.23142,-0.16129,-0.21758,-0.46303,-0.76123,-1.12844,-0.41118,-0.37285,1.41505,2.72393,2.01864,1.73984,0.87233,0.51116,0.77406,1.28744,1.87249,2.6113,0.92821,-0.16229,-1.56687,-2.0547,-1.69557,-1.58729,-0.95482,-0.20478,-1.3315,-0.99488,-0.36522,-0.22653,0.0,1.72072,1.99607,1.62272,1.71473,1.65107,1.53925,1.42274,1.06927,0.28767,0.53376,0.45132,-0.47834,-0.36832,-0.46222,0.18992,0.35724,1.34407,1.93306,0.65405,-0.60005,-1.35637,-1.6213,-1.86577,-1.53732,-1.31242,-1.48311,-1.46371,-1.0788,-1.16376,-1.24009,-1.28744,-1.28637,-1.18466,-1.08459,-1.23729,-1.25019,-0.7741,-0.89327,-1.03688,-0.84294,-0.12904,-0.5292,-0.94131,-0.71462,-0.81372,-0.84191,0.12684,0.69298,0.59245,1.04555,1.66726,1.63445,1.76646,2.12058,1.85581,1.74565,1.42834,0.94046,0.49776,-0.05057,-0.57636,-0.78353,-1.07041,-1.42771,-1.82466,-1.84575,-1.90181,-1.93613,-1.59932,-1.43706,-1.75649,-2.21881,-2.12306,-1.52221,-2.08497,-2.44097,-1.73218,-1.56369,-1.41988,-0.85474,-0.24693,0.26445,0.99182,1.39049,1.75107,2.48763,2.21652,1.98261,1.02284,-0.00448,-0.30734,-0.24443,-0.53181,-1.01181,-1.32058,-1.12694,-1.22811,-1.60453,-1.71215,-1.7817,-1.70125,-1.51149,-1.96119,-1.6899,-1.40882,-0.87643,-1.00077,-1.4292,-0.86164,-0.19159,-0.26438,-0.16786,0.60406,1.04241,1.17009,1.46913,1.90744,2.09688,2.28268,1.76232,1.52901,1.19975,0.83924,1.11088,0.63528,0.24423
LEU39,0.29936,-0.02247,-0.25157,-0.38327,-0.40125,-0.40874,-0.66649,-0.43057,-0.26694,-0.30361,-0.42017,-0.43121,-0.74666,0.1759,0.33643,2.10657,3.28033,2.55261,1.93886,0.84201,0.44633,0.54296,1.09523,1.46559,2.51613,1.002,0.18421,-1.09786,-1.90092,-1.60122,-1.56894,-1.12252,-0.34119,-1.58756,-1.04402,-0.62658,0.06887,1.72072,0.0,1.3668,1.31843,1.28136,1.30027,1.021,0.70194,0.6042,-0.09484,-0.01093,-0.01568,-0.76216,-0.62092,-0.52066,0.26313,0.60914,1.52887,2.1462,1.20941,0.00202,-0.74883,-1.09933,-1.52292,-1.19602,-0.97648,-1.28268,-1.37974,-1.04419,-1.18808,-1.29814,-1.24549,-1.28071,-1.1616,-1.02938,-1.21606,-1.20389,-0.71488,-0.7999,-0.87407,-0.62359,0.04275,-0.31632,-0.61326,-0.30742,-0.41761,-0.41079,0.54863,1.15833,0.99914,1.23558,1.84555,1.88751,1.96469,2.16233,1.66704,1.44206,1.41066,0.91997,0.26186,-0.23963,-0.53568,-0.88903,-1.2894,-1.50215,-1.7339,-1.84062,-1.94246,-1.86189,-1.51104,-1.20826,-1.43089,-1.92383,-1.8697,-1.18559,-1.60717,-1.77819,-1.03845,-0.86882,-0.83742,-0.28265,0.46379,0.90245,1.40051,1.94537,2.44292,2.7473,2.54564,2.29038,1.46092,0.61244,0.18514,-0.05582,-0.33806,-0.757,-1.08681,-1.01079,-1.07997,-1.46205,-1.59205,-1.69176,-1.59089,-1.39482,-1.93265,-1.71091,-1.47297,-0.94733,-0.99837,-1.52603,-1.03601,-0.55024,-0.57799,-0.24109,0.43361,0.69511,1.09215,1.47644,1.71806,1.88207,1.72874,1.16022,1.09103,0.8051,0.32422,0.60386,0.17766,-0.13329
ASN40,0.47281,-0.04846,-0.36461,-0.53131,-0.42949,-0.42496,-0.69795,-0.47385,-0.38165,-0.49138,-0.70903,-0.7181,-1.10112,-0.32981,-0.06659,1.61582,2.5496,1.64132,1.14642,0.19229,-0.21942,-0.16415,0.4293,0.8052,1.87559,0.52214,-0.14387,-1.23669,-1.98597,-1.88827,-1.60229,-0.96639,-0.01358,-1.3068,-0.48247,-0.06312,0.12304,1.99607,1.3668,0.0,1.33365,1.62002,1.60027,1.20137,1.02219,0.92592,0.20619,0.32026,0.32,-0.42614,-0.29794,-0.24534,0.5014,0.80964,1.62528,2.142,1.04185,-0.07627,-0.81404,-1.27056,-1.53388,-1.14788,-1.17368,-1.41147,-1.3677,-1.11635,-1.36916,-1.41755,-1.41949,-1.4824,-1.3218,-1.19098,-1.36806,-1.34436,-0.85573,-1.00022,-1.05823,-0.87671,-0.29387,-0.60444,-0.86728,-0.50024,-0.58123,-0.66968,0.20817,0.87875,0.79385,0.98984,1.56605,1.71749,1.81415,2.05371,1.60499,1.43914,1.42622,0.8319,0.20853,-0.1499,-0.61701,-1.09364,-1.38392,-1.50702,-1.8203,-1.87522,-1.86962,-1.84106,-1.62483,-1.43157,-1.59377,-1.91957,-1.88173,-1.35146,-1.66805,-1.66147,-0.99714,-0.7869,-0.70944,-0.3566,0.39063,1.00964,1.33229,1.65174,2.3492,2.81719,2.5674,2.34039,1.86311,1.21711,0.67557,0.37543,0.05357,-0.48858,-0.91622,-0.75266,-0.85026,-1.38115,-1.52728,-1.57057,-1.33835,-1.15701,-1.64805,-1.5364,-1.2021,-0.72129,-0.82667,-1.27703,-0.72775,-0.31296,-0.36754,0.03918,0.76418,0.90817,1.15915,1.60526,1.91627,1.93033,1.86651,1.27876,1.2921,1.10918,0.59461,0.89264,0.6007,0.31236
ALA41,0.59938,-0.04098,-0.36123,-0.53102,-0.40436,-0.33106,-0.61978,-0.49274,-0.44665,-0.5225,-0.81298,-0.9346,-1.35463,-0.79057,-0.55141,1.00315,2.12989,1.12079,0.89585,0.26499,-0.17176,0.07838,0.59889,1.39612,2.24839,0.95058,0.24391,-0.99893,-1.41198,-1.22094,-0.66152,0.20799,1.15629,-0.13737,1.07723,1.39194,1.08608,1.62272,1.31843,1.33365,0.0,1.71328,1.97264,1.54384,1.41565,1.28887,0.48917,0.75899,0.74942,-0.10755,0.0303,-0.12803,0.5117,0.71369,1.53592,2.16086,0.61161,-0.43027,-1.16264,-1.60924,-1.73092,-1.27475,-1.37285,-1.44039,-1.33835,-1.03575,-1.26001,-1.34862,-1.49378,-1.49685,-1.36748,-1.31404,-1.54683,-1.52314,-1.08655,-1.3028,-1.4194,-1.41016,-0.78078,-1.07834,-1.44619,-1.08227,-1.13835,-1.43478,-0.60078,0.10612,0.03079,0.31321,1.00633,1.1741,1.27976,1.67071,1.34129,1.36851,1.12808,0.41351,0.05035,-0.22969,-0.96549,-1.43455,-1.53076,-1.76722,-2.14417,-2.08312,-2.04149,-2.04272,-1.90398,-1.82594,-1.99377,-2.25948,-2.21966,-1.70068,-2.07228,-2.11138,-1.50591,-1.29271,-1.22279,-1.13616,-0.50122,0.21107,0.58739,0.80401,1.46614,2.19961,2.15199,1.96744,1.59541,0.99751,0.40218,0.43638,0.08243,-0.74701,-1.23855,-0.80994,-0.97583,-1.54895,-1.66392,-1.6574,-1.20975,-1.01554,-1.45858,-1.2814,-0.90873,-0.47045,-0.65607,-1.04297,-0.38215,-0.08425,-0.36814,0.06829,0.98169,0.99503,1.05536,1.53413,1.92223,1.94045,1.99774,1.51096,1.42543,1.39545,0.90247,1.23183,1.02904,0.65564
ALA42,0.53208,-0.20929,-0.50152,-0.64643,-0.55944,-0.48898,-0.71147,-0.62384,-0.53699,-0.56331,-0.68583,-0.68922,-0.99131,-0.45726,-0.2098,1.34698,2.63252,1.6421,1.32912,0.75889,0.30124,0.61843,1.10058,2.0003,2.98713,1.7444,1.08971,-0.28952,-0.78193,-0.43119,0.18653,1.08083,2.02988,0.53544,1.55163,1.81459,1.70345,1.71473,1.28136,1.62002,1.71328,0.0,0.87244,1.44073,1.28754,1.05042,0.27414,0.61517,0.72325,-0.10668,-0.00821,-0.09654,0.5897,0.81967,1.59622,2.36983,0.86137,-0.14438,-0.91287,-1.32066,-1.4938,-1.05613,-1.11728,-1.24503,-1.17118,-0.84157,-1.03844,-1.23256,-1.45235,-1.44469,-1.41563,-1.42399,-1.64447,-1.68119,-1.26557,-1.46166,-1.5553,-1.55868,-0.93435,-1.26284,-1.64475,-1.29631,-1.34935,-1.62865,-0.70437,0.09589,-0.03825,0.24358,1.0555,1.22802,1.2455,1.6468,1.2693,1.2705,1.05053,0.29511,-0.16123,-0.47684,-1.14066,-1.56631,-1.80907,-2.10354,-2.44218,-2.29129,-2.27257,-2.23726,-2.06989,-1.99921,-2.13888,-2.5071,-2.43339,-1.71276,-2.11741,-2.31969,-1.63044,-1.32154,-1.33428,-1.2339,-0.58101,0.073,0.45006,0.83379,1.44787,2.02977,2.08148,1.87302,1.35449,0.78273,0.21098,0.18694,-0.14758,-1.09211,-1.66361,-1.1982,-1.29984,-1.78799,-1.8846,-1.94222,-1.4685,-1.10457,-1.53845,-1.36008,-1.06878,-0.69337,-0.88689,-1.31088,-0.73751,-0.48587,-0.78579,-0.27136,0.7417,0.79751,0.97103,1.50144,1.74738,1.79778,1.87968,1.25188,1.21104,1.01609,0.54244,0.94232,0.75868,0.44551
LYS43,0.53425,-0.1813,-0.46131,-0.67085,-0.59581,-0.54253,-0.76546,-0.58855,-0.65177,-0.67174,-0.98813,-1.0188,-1.22174,-0.58055,-0.05231,1.43052,2.36144,1.0972,0.69575,0.01169,-0.42624,-0.30692,0.26381,0.90915,1.97959,0.94671,0.6385,-0.61204,-1.28802,-1.17873,-0.57749,0.17616,1.31904,-0.01993,0.99021,1.32085,1.33038,1.65107,1.30027,1.60027,1.97264,0.87244,0.0,1.18093,0.76878,0.62948,0.04299,0.18702,0.24989,-0.18303,0.04568,0.33837,1.27946,1.67864,2.20506,2.70328,1.41175,0.40455,-0.44806,-1.10048,-1.20108,-0.71477,-1.1527,-1.49088,-1.28885,-1.06401,-1.49411,-1.57534,-1.77394,-1.79285,-1.69,-1.65423,-1.78667,-1.73117,-1.33348,-1.49026,-1.42998,-1.28084,-0.82181,-1.08945,-1.32377,-0.89194,-0.93342,-1.1796,-0.31777,0.48912,0.43406,0.5292,1.25547,1.47857,1.45783,1.68191,1.24691,1.21826,1.18625,0.45159,-0.11216,-0.36866,-0.88042,-1.41059,-1.63982,-1.87064,-2.34394,-2.30136,-2.16809,-2.09533,-1.97258,-1.83548,-1.99269,-2.30889,-2.15552,-1.5057,-1.79291,-1.75599,-1.1274,-0.75894,-0.74918,-0.63824,0.05593,0.73413,0.96705,1.31139,1.99586,2.37562,2.47389,2.37386,1.89234,1.36994,1.04098,0.98253,0.63553,-0.33581,-1.10957,-0.81712,-1.03568,-1.66184,-1.81954,-1.87806,-1.43522,-1.07692,-1.52958,-1.34997,-0.95411,-0.61137,-0.85791,-1.18651,-0.56058,-0.28517,-0.47676,-0.04077,0.80222,0.90715,1.20631,1.69715,1.72064,1.66231,1.61212,1.04518,1.00689,0.86247,0.45196,0.83095,0.81723,0.64286
SER44,0.81962,0.00578,-0.21596,-0.41757,-0.35751,-0.29972,-0.49667,-0.4603,-0.81841,-0.83962,-1.27791,-1.44955,-1.65626,-1.33717,-0.86216,0.36229,1.26535,0.03237,-0.00305,-0.36369,-0.68212,-0.41626,0.03055,0.83935,1.64712,0.64775,0.36526,-0.80036,-1.24636,-1.15307,-0.19561,0.57602,1.6851,0.69212,1.43234,1.60128,1.41089,1.53925,1.021,1.20137,1.54384,1.44073,1.18093,0.0,0.86069,1.31581,0.55775,0.67167,0.76148,0.42416,0.79782,0.89667,1.58744,1.78516,2.05654,2.18672,0.71724,-0.04724,-0.86825,-1.46288,-1.25221,-0.65782,-1.31963,-1.47151,-1.09511,-0.92828,-1.34767,-1.32566,-1.76322,-1.76469,-1.67021,-1.78528,-1.89497,-1.78054,-1.43887,-1.68774,-1.58306,-1.50233,-1.11961,-1.33619,-1.6475,-1.30156,-1.37029,-1.72625,-0.97588,-0.22408,-0.21866,0.02406,0.73178,0.98726,1.12675,1.55152,1.21557,1.36115,1.174,0.38557,0.0869,-0.11875,-0.88385,-1.3766,-1.3095,-1.5853,-2.44855,-2.25662,-1.97611,-2.0899,-2.07017,-2.09109,-2.27814,-2.42766,-2.28497,-1.87733,-2.02093,-1.90423,-1.43956,-1.08642,-1.03533,-1.06757,-0.5541,0.16622,0.44089,0.55809,1.33973,2.01877,2.0083,2.15407,1.92625,1.32186,0.89509,1.11828,0.96052,-0.21237,-0.97527,-0.53809,-0.89797,-1.66773,-1.784,-1.77681,-1.19357,-0.88622,-1.32938,-1.10378,-0.60708,-0.33095,-0.66323,-0.90786,-0.20801,0.18444,-0.03736,0.19098,1.20167,1.35122,1.28132,1.87099,2.03825,1.86378,1.88021,1.42777,1.38867,1.24017,0.98719,1.21928,1.23754,1.03226
GLU45,0.86057,-0.07237,-0.27941,-0.45616,-0.3259,-0.22808,-0.41313,-0.58958,-0.86186,-0.86303,-1.00015,-1.03459,-1.26818,-1.30571,-1.05943,-0.19849,0.81963,-0.14955,-0.00283,-0.05673,-0.32019,0.05522,0.40608,1.40058,2.13861,1.33627,0.89265,-0.06049,-0.21518,-0.00321,0.99347,1.61786,2.52895,1.64153,1.84922,1.84079,1.45607,1.42274,0.70194,1.02219,1.41565,1.28754,0.76878,0.86069,0.0,1.46629,0.54494,1.09044,1.19813,0.71142,0.99617,0.64785,0.81628,0.71119,0.87163,1.42293,-0.08876,-0.40805,-1.01723,-1.42141,-1.00993,-0.45741,-0.98235,-0.86941,-0.5314,-0.39198,-0.57406,-0.5582,-1.19726,-1.13787,-1.25616,-1.47778,-1.64231,-1.62712,-1.39902,-1.65128,-1.62741,-1.75137,-1.35152,-1.52272,-1.94685,-1.76206,-1.88969,-2.24149,-1.54801,-0.91798,-0.85604,-0.46823,0.22389,0.49172,0.62157,1.25615,1.00164,1.21865,0.87545,0.06702,-0.03311,-0.19806,-1.08529,-1.45113,-1.30049,-1.61612,-2.35318,-2.03141,-1.78243,-1.9671,-2.05696,-2.27156,-2.39171,-2.42077,-2.47366,-2.07293,-2.1397,-2.14809,-1.71513,-1.44377,-1.41518,-1.50967,-1.05226,-0.42985,-0.2052,-0.08849,0.57465,1.35011,1.40716,1.50848,1.3388,0.85481,0.35915,0.5399,0.464,-0.55631,-1.37936,-0.76084,-0.96703,-1.68866,-1.76908,-1.78537,-1.09569,-0.69104,-1.0965,-0.953,-0.54176,-0.38064,-0.69783,-0.93095,-0.36137,-0.06752,-0.33348,-0.00206,1.14791,1.24222,0.95626,1.7006,2.08485,1.84799,1.91373,1.46549,1.41924,1.30055,0.98278,1.29531,1.30855,1.15546
LEU46,0.69848,-0.36235,-0.53965,-0.70983,-0.58152,-0.48567,-0.61534,-0.81815,-1.08986,-1.04737,-1.03584,-0.92139,-1.01127,-1.05468,-0.63272,0.0833,0.88391,-0.12836,-0.1025,-0.16228,-0.39643,-0.10911,0.19905,1.06113,1.88471,1.41141,1.26636,0.36039,0.06109,0.16378,1.15262,1.57929,2.38172,1.4834,1.42641,1.4273,1.21749,1.06927,0.6042,0.92592,1.28887,1.05042,0.62948,1.31581,1.46629,0.0,0.17505,1.47174,1.31719,0.95147,1.24865,1.19635,1.35465,1.30345,1.16267,1.78603,0.56279,0.40534,-0.39281,-1.00762,-0.60128,0.07085,-0.57969,-0.68265,-0.30082,-0.31843,-0.63519,-0.65732,-1.27202,-1.20126,-1.41871,-1.66729,-1.76887,-1.78136,-1.57061,-1.79008,-1.6712,-1.77467,-1.41661,-1.5986,-1.9151,-1.66798,-1.81513,-2.11286,-1.42895,-0.73384,-0.67881,-0.40461,0.3254,0.68687,0.74187,1.30418,0.9328,1.05997,0.78999,-0.02637,-0.27827,-0.41424,-1.10553,-1.53605,-1.49818,-1.77649,-2.41992,-2.07475,-1.90599,-2.09567,-2.20068,-2.36111,-2.3978,-2.3702,-2.38636,-1.94699,-1.9576,-1.98051,-1.46722,-1.0816,-1.10886,-1.27267,-0.73092,-0.05386,0.10691,0.27861,0.9887,1.6298,1.81416,1.8178,1.52563,1.11386,0.72568,0.82804,0.67955,-0.16769,-1.09236,-0.65473,-0.78799,-1.76401,-2.00676,-2.1627,-1.39659,-0.82704,-1.26398,-1.21889,-0.79401,-0.62648,-0.95595,-1.12091,-0.57429,-0.37081,-0.55901,-0.12241,0.97068,1.12884,0.93709,1.6745,2.04295,1.87088,1.78209,1.10404,1.05597,0.86886,0.61967,0.88587,1.05164,0.90951
ASP47,0.57468,-0.33181,-0.38889,-0.55215,-0.52458,-0.45654,-0.52706,-0.68684,-1.20521,-1.15789,-1.38016,-1.30903,-1.354,-1.38662,-0.87078,-0.3547,0.09771,-0.73355,-0.58668,-0.56715,-0.64102,-0.38831,-0.16036,0.42308,0.80996,0.4344,0.53606,-0.15099,-0.41114,-0.41985,0.53177,0.79803,1.43842,0.95704,0.76814,0.62798,0.58919,0.28767,-0.09484,0.20619,0.48917,0.27414,0.04299,0.55775,0.54494,0.17505,0.0,1.2293,0.7439,1.1747,1.79807,2.43151,2.77925,2.40662,1.42848,1.30466,0.77073,0.62447,-0.37817,-1.12545,-0.6731,0.06579,-0.68996,-0.88841,-0.36005,-0.53078,-0.97869,-0.89905,-1.51104,-1.41731,-1.48738,-1.76509,-1.91671,-1.74971,-1.57282,-1.87971,-1.66323,-1.60716,-1.40877,-1.49677,-1.68525,-1.38496,-1.49334,-1.77235,-1.30629,-0.5944,-0.49126,-0.43586,0.20268,0.67912,0.80849,1.28006,0.88632,1.08003,0.90791,0.05184,-0.1551,-0.14232,-0.78079,-1.29726,-1.13917,-1.39668,-2.28536,-1.95462,-1.6025,-2.0028,-2.24169,-2.3295,-2.33971,-2.18791,-2.00167,-1.64904,-1.63596,-1.51274,-1.15083,-0.65828,-0.68255,-0.8945,-0.41121,0.27852,0.37171,0.41825,1.12281,1.84675,1.97825,2.18849,1.97018,1.47164,1.19996,1.4072,1.32771,0.54141,-0.07678,0.23384,0.02771,-1.07127,-1.53166,-1.79739,-1.08981,-0.57829,-0.99101,-0.98907,-0.49479,-0.45251,-0.80774,-0.81006,-0.2492,0.07546,-0.07637,0.13862,1.12967,1.36951,1.17278,1.77262,2.00308,1.94749,1.875,1.08784,1.15123,0.8533,0.69569,0.8844,1.18355,1.13339
LYS48,0.75187,0.05349,-0.04483,-0.15991,-0.10879,-0.05007,-0.22206,-0.51802,-1.07765,-1.10535,-1.3428,-1.30265,-1.36494,-1.66937,-1.36793,-0.94298,-0.34401,-0.97274,-0.68885,-0.57525,-0.59671,-0.34975,-0.10276,0.47206,0.80525,0.42383,0.30559,-0.16709,-0.09624,-0.00895,0.87052,1.05225,1.55502,1.18739,0.79425,0.84223,0.75701,0.53376,-0.01093,0.32026,0.75899,0.61517,0.18702,0.67167,1.09044,1.47174,1.2293,0.0,1.29164,1.77108,1.80018,1.29406,1.17344,0.56762,-0.48239,-0.49004,-0.93897,-0.46792,-0.98371,-1.38043,-0.7231,-0.14738,-0.83426,-0.65097,-0.1153,-0.3498,-0.57232,-0.38987,-1.03559,-0.94146,-0.97488,-1.25598,-1.38476,-1.29907,-1.29127,-1.65459,-1.44917,-1.57061,-1.3577,-1.41148,-1.6432,-1.46633,-1.60385,-1.88811,-1.54905,-1.10144,-0.99615,-0.74535,-0.28249,0.07445,0.28149,0.90728,0.73599,1.00212,0.6801,-0.06765,-0.00937,0.01418,-0.67906,-0.98757,-0.68804,-0.92078,-1.81281,-1.40771,-0.98255,-1.40702,-1.9238,-2.1932,-2.26662,-1.97386,-1.8898,-1.7083,-1.59068,-1.56712,-1.34372,-1.02834,-0.96746,-1.12102,-0.83052,-0.28537,-0.17528,-0.15088,0.3252,0.98882,1.14368,1.42508,1.51594,0.96857,0.61135,0.90985,1.03599,0.38874,-0.09899,0.29346,0.28553,-0.6201,-1.05341,-1.44662,-0.71416,-0.26455,-0.66871,-0.63063,-0.15763,-0.23673,-0.61972,-0.57322,-0.07105,0.23101,0.00724,0.12535,1.04306,1.23087,0.88072,1.44013,1.72011,1.6177,1.82347,1.43171,1.40857,1.1019,1.03505,1.26176,1.59361,1.4363
ALA49,0.80652,0.16783,-0.04596,-0.15565,-0.0144,0.02299,-0.19918,-0.56805,-0.97176,-1.0114,-0.98025,-0.8303,-0.85249,-1.32063,-1.14761,-0.87353,-0.27066,-0.8026,-0.61626,-0.45269,-0.49328,-0.3426,-0.08965,0.44536,0.88984,0.73979,0.65329,0.43602,0.64894,0.72056,1.44362,1.48406,1.78149,1.33275,0.61258,0.67461,0.54621,0.45132,-0.01568,0.32,0.74942,0.72325,0.24989,0.76148,1.19813,1.31719,0.7439,1.29164,0.0,1.04545,1.48392,-0.00534,-0.66707,-0.93415,-1.87721,-1.51873,-1.63283,-0.65408,-0.84366,-1.10038,-0.33941,0.18513,-0.42216,-0.20855,0.26246,0.04069,-0.01592,0.11528,-0.47983,-0.35785,-0.544,-0.78598,-0.80304,-0.83059,-1.02229,-1.27535,-1.10705,-1.43095,-1.22234,-1.26006,-1.52642,-1.41125,-1.57783,-1.79124,-1.45671,-1.21894,-1.14522,-0.82257,-0.45549,-0.1766,-0.02851,0.57469,0.50428,0.74084,0.36237,-0.29932,-0.19569,-0.1608,-0.73634,-0.91244,-0.62291,-0.75065,-1.34682,-0.88279,-0.56342,-0.91843,-1.37426,-1.84793,-1.93035,-1.62923,-1.69087,-1.55636,-1.35904,-1.41911,-1.23285,-1.00476,-0.9971,-1.11134,-0.86307,-0.44854,-0.40847,-0.37896,0.01798,0.48263,0.66724,0.93193,1.029,0.6613,0.32341,0.53408,0.71786,0.28961,-0.09284,0.28633,0.34536,-0.28467,-0.74373,-1.20587,-0.55048,-0.12257,-0.49628,-0.51062,-0.12988,-0.23069,-0.58589,-0.53936,-0.10208,0.02832,-0.18973,0.03866,0.81356,0.94042,0.57725,1.14258,1.49426,1.28509,1.43299,1.29051,1.26779,1.01626,0.88341,1.01174,1.33913,1.26334
ILE50,0.61784,-0.01525,-0.18179,-0.32056,-0.24187,-0.21651,-0.36255,-0.68179,-1.10313,-1.11398,-1.05836,-0.79973,-0.71204,-1.19023,-0.79614,-0.73443,-0.45782,-0.9639,-0.81517,-0.62856,-0.61772,-0.55506,-0.44319,-0.13457,0.12752,0.31169,0.52029,0.50946,0.63867,0.6217,1.32226,1.12107,1.2655,0.98285,0.03132,-0.14187,-0.22221,-0.47834,-0.76216,-0.42614,-0.10755,-0.10668,-0.18303,0.42416,0.71142,0.95147,1.1747,1.77108,1.04545,0.0,1.7225,1.32827,-0.06126,-0.29697,-1.54729,-1.53717,-1.1378,-0.03111,-0.3681,-0.80249,-0.04545,0.61021,-0.07356,-0.11796,0.41385,0.08292,-0.10556,0.02708,-0.5621,-0.45363,-0.67547,-0.94362,-0.87166,-0.80961,-1.03849,-1.27972,-0.98858,-1.27622,-1.18992,-1.23976,-1.39737,-1.20647,-1.31327,-1.48108,-1.20362,-0.87292,-0.81302,-0.69818,-0.38497,-0.0299,0.08237,0.53461,0.37935,0.59206,0.3092,-0.37918,-0.41183,-0.29901,-0.70962,-0.95565,-0.67236,-0.64939,-1.19758,-0.79595,-0.42982,-0.82956,-1.26261,-1.61173,-1.71853,-1.38219,-1.35572,-1.17543,-0.93837,-0.86914,-0.7115,-0.39695,-0.44461,-0.64506,-0.3287,0.13509,0.07343,0.02518,0.4202,0.80937,1.02812,1.2508,1.44845,1.21319,0.96507,1.03416,1.18695,0.88564,0.54972,0.78382,0.83549,0.27549,-0.27217,-0.89768,-0.30355,0.04743,-0.43867,-0.61586,-0.17945,-0.3686,-0.70921,-0.57107,-0.09165,-0.00623,-0.15711,0.11884,0.74715,0.84693,0.62946,1.09315,1.3609,1.23939,1.18172,0.81712,0.97248,0.69931,0.5953,0.59173,1.00963,1.06494
GLY51,0.69342,0.11513,0.0218,-0.09427,-0.13827,-0.12421,-0.24989,-0.50536,-1.04098,-1.07349,-1.3326,-1.1936,-1.11167,-1.54667,-1.09562,-0.92071,-0.66052,-1.1562,-0.92595,-0.76801,-0.73477,-0.65268,-0.54021,-0.29258,-0.18159,-0.14852,0.06803,0.01902,0.16393,0.16093,0.9289,0.81009,1.01023,0.96417,0.18746,0.01198,-0.03401,-0.36832,-0.62092,-0.29794,0.0303,-0.00821,0.04568,0.79782,0.99617,1.24865,1.79807,1.80018,1.48392,1.7225,0.0,1.24636,0.47175,-0.54197,-1.7638,-1.87395,-1.48307,-0.5943,-0.92851,-1.35475,-0.64846,0.04022,-0.64418,-0.59703,-0.00504,-0.3431,-0.54961,-0.34334,-0.88771,-0.79649,-0.86092,-1.12266,-1.09276,-0.8738,-0.99933,-1.33497,-1.04703,-1.19387,-1.18986,-1.21005,-1.35164,-1.1306,-1.2185,-1.39567,-1.15681,-0.7772,-0.72638,-0.65988,-0.34872,0.00407,0.15733,0.62198,0.4966,0.75438,0.54931,-0.18279,-0.19763,-0.0833,-0.56153,-0.80702,-0.473,-0.48235,-1.20004,-0.87443,-0.45216,-0.88749,-1.4426,-1.65873,-1.75173,-1.49588,-1.33323,-1.18284,-0.96851,-0.83183,-0.72691,-0.39239,-0.42648,-0.64578,-0.36436,0.16139,0.16501,0.08151,0.44272,0.8622,1.00497,1.22879,1.4402,1.18301,0.92479,1.12958,1.27014,0.83786,0.50281,0.80061,0.86834,0.23834,-0.20647,-0.78918,-0.17532,0.16861,-0.42718,-0.55094,-0.0372,-0.25578,-0.60414,-0.42419,0.08319,0.31716,0.12859,0.21923,0.85301,0.98223,0.74771,1.13273,1.32766,1.31284,1.3956,0.96651,1.07929,0.856,0.85182,0.80176,1.22322,1.20695
ARG52,0.56831,-0.00322,-0.04648,-0.21532,-0.32859,-0.3271,-0.39361,-0.55696,-1.09518,-1.03716,-1.47625,-1.30596,-1.0997,-1.26495,-0.61864,-0.45455,-0.43093,-1.04348,-0.8985,-0.79954,-0.78312,-0.75495,-0.68846,-0.54853,-0.48084,-0.43523,0.03229,-0.0947,-0.23077,-0.35365,0.42553,0.39608,0.63114,0.63545,0.20902,-0.11573,-0.07029,-0.46222,-0.52066,-0.24534,-0.12803,-0.09654,0.33837,0.89667,0.64785,1.19635,2.43151,1.29406,-0.00534,1.32827,1.24636,0.0,1.25061,0.77339,-1.11262,-1.36126,-0.7666,-0.21779,-0.81231,-1.35226,-0.80464,-0.00061,-0.72061,-0.94176,-0.35551,-0.66282,-1.03958,-0.85676,-1.31032,-1.23383,-1.23822,-1.46903,-1.47354,-1.15192,-1.07799,-1.40826,-1.02692,-0.96452,-1.06034,-1.1136,-1.14967,-0.85031,-0.89881,-1.03061,-0.80675,-0.31991,-0.23262,-0.33905,-0.01995,0.37193,0.45393,0.78632,0.54177,0.71746,0.70793,-0.02251,-0.29647,-0.14027,-0.44824,-0.88627,-0.64297,-0.62045,-1.2974,-1.14684,-0.71228,-1.05055,-1.47342,-1.53181,-1.5239,-1.35951,-1.15932,-0.91764,-0.8003,-0.5618,-0.37769,0.03522,-0.05361,-0.26295,0.10929,0.63766,0.61219,0.5408,0.91454,1.28837,1.40836,1.45566,1.49934,1.40516,1.27437,1.31259,1.44175,1.03074,0.67278,0.80362,0.86016,0.21828,-0.29861,-0.86023,-0.39417,-0.05924,-0.75705,-0.87146,-0.22678,-0.36082,-0.67792,-0.43817,0.07835,0.28996,0.2592,0.38824,0.9069,0.99447,0.94493,1.36804,1.40985,1.29852,1.24132,0.54358,0.70017,0.42733,0.39836,0.32818,0.89244,0.94981
ASN53,0.58438,-0.09506,-0.10906,-0.28054,-0.38624,-0.39284,-0.39464,-0.36387,-0.87562,-0.72828,-1.3667,-1.33986,-1.24057,-0.96889,-0.15322,0.20756,0.1005,-0.67971,-0.68513,-0.74698,-0.76852,-0.70417,-0.63536,-0.47186,-0.32704,-0.48147,0.06979,-0.32077,-0.78269,-0.89672,-0.11066,0.07604,0.65644,0.51305,0.69452,0.303,0.53184,0.18992,0.26313,0.5014,0.5117,0.5897,1.27946,1.58744,0.81628,1.35465,2.77925,1.17344,-0.66707,-0.06126,0.47175,1.25061,0.0,0.99092,0.0676,-0.71846,-0.39594,-0.29905,-1.06211,-1.75979,-1.32285,-0.48648,-1.14431,-1.594,-0.96909,-1.10813,-1.65216,-1.50619,-1.7795,-1.80469,-1.71468,-1.83965,-1.95507,-1.66352,-1.32727,-1.58466,-1.24532,-0.98138,-0.97951,-1.11906,-1.10005,-0.7249,-0.71157,-0.84328,-0.61377,-0.00044,0.05966,-0.11799,0.30214,0.70785,0.76214,0.98874,0.63202,0.79194,0.89114,0.17367,-0.22588,-0.15334,-0.43319,-1.02163,-0.90958,-0.92133,-1.56837,-1.58837,-1.23542,-1.41058,-1.57726,-1.50881,-1.51554,-1.42941,-1.10805,-0.76878,-0.83108,-0.53133,-0.25313,0.19717,0.07648,-0.06364,0.41843,0.96618,0.93138,0.89656,1.29699,1.64643,1.77005,1.64404,1.46263,1.33399,1.33154,1.31688,1.24441,0.90019,0.52289,0.53968,0.41547,-0.25835,-0.70682,-1.05002,-0.7111,-0.4576,-1.22048,-1.11047,-0.41371,-0.32369,-0.61069,-0.47641,0.10003,0.41107,0.40912,0.54072,1.01072,1.03483,1.08924,1.45015,1.51157,1.41641,1.18507,0.4383,0.64073,0.30247,0.09612,0.06061,0.45995,0.47029
CYS54,0.2247,-0.47632,-0.5311,-0.69681,-0.74291,-0.77239,-0.78386,-0.62173,-0.72934,-0.58895,-0.96094,-0.68013,-0.56043,-0.02657,0.89903,1.18464,0.80408,-0.13531,-0.40781,-0.61837,-0.71405,-0.7099,-0.61989,-0.51896,-0.20427,-0.19863,0.50124,0.04949,-0.65893,-0.79142,-0.10491,0.06842,0.62045,0.23503,0.80021,0.31809,0.61676,0.35724,0.60914,0.80964,0.71369,0.81967,1.67864,1.78516,0.71119,1.30345,2.40662,0.56762,-0.93415,-0.29697,-0.54197,0.77339,0.99092,0.0,-0.08872,0.03812,0.41685,0.13203,-0.71483,-1.46864,-1.23913,-0.21929,-0.75507,-1.58797,-1.07136,-1.06333,-1.69118,-1.68083,-1.84135,-1.88419,-1.85253,-1.86483,-2.00701,-1.82127,-1.42576,-1.54195,-1.14205,-0.82175,-0.7678,-0.91142,-0.88578,-0.41714,-0.40227,-0.56225,-0.31393,0.38086,0.3778,0.02459,0.53165,0.94929,0.89778,0.94188,0.3867,0.41329,0.67526,-0.0309,-0.67928,-0.56934,-0.62993,-1.43528,-1.48312,-1.34509,-1.76582,-1.83402,-1.54113,-1.52491,-1.46571,-1.25294,-1.16879,-1.2736,-0.93381,-0.3986,-0.52249,-0.17819,0.19452,0.6669,0.50207,0.34451,0.88699,1.43399,1.26886,1.24656,1.69472,1.88832,2.05465,1.73689,1.49325,1.4901,1.40776,1.29316,1.26281,0.9816,0.53622,0.4932,0.30405,-0.39582,-0.91772,-1.19072,-0.81165,-0.64617,-1.5027,-1.46997,-0.79827,-0.5172,-0.60273,-0.56437,0.01308,0.14139,0.22622,0.64663,0.99675,0.8131,1.1418,1.51173,1.36255,1.23071,0.80198,-0.22752,0.01845,-0.22613,-0.70039,-0.69206,-0.25332,-0.12399
ASN55,0.48508,-0.39542,-0.45996,-0.58206,-0.6286,-0.69994,-0.61973,-0.29256,-0.17126,-0.02233,-0.56237,-0.42345,-0.39717,0.44668,1.28947,1.81783,1.48943,0.47299,0.07924,-0.24191,-0.47262,-0.40606,-0.31533,-0.0758,0.27461,0.11329,0.71597,0.02742,-0.81884,-0.85767,-0.22749,0.18922,1.06038,0.5121,1.63299,1.03735,1.50497,1.34407,1.52887,1.62528,1.53592,1.59622,2.20506,2.05654,0.87163,1.16267,1.42848,-0.48239,-1.87721,-1.54729,-1.7638,-1.11262,0.0676,-0.08872,0.0,0.41704,0.07694,-1.11398,-1.76476,-2.2263,-2.08042,-1.14051,-1.41893,-2.10562,-1.74639,-1.55152,-2.10146,-2.05009,-2.07147,-2.11937,-2.007,-1.91748,-2.04568,-1.95481,-1.38623,-1.47381,-1.21,-0.67219,-0.39662,-0.64136,-0.59357,-0.10315,-0.0623,-0.23857,0.06606,0.78039,0.67395,0.30798,0.84776,1.19397,1.15253,1.14184,0.63769,0.57622,0.91271,0.37741,-0.32767,-0.3483,-0.39463,-1.20003,-1.45991,-1.46039,-1.78098,-1.9368,-1.76031,-1.61746,-1.34557,-1.03342,-0.88884,-1.213,-0.93071,-0.23949,-0.51643,-0.29487,0.17874,0.55883,0.42223,0.40828,0.91673,1.34791,1.31205,1.36696,1.70202,1.81109,1.89807,1.55765,1.16309,1.14406,1.07439,0.89065,0.76123,0.4899,0.00134,-0.12355,-0.34084,-0.98411,-1.38077,-1.49104,-1.21782,-0.94892,-1.65675,-1.61062,-1.17194,-0.4384,-0.3488,-0.57568,0.00211,0.12238,0.27753,0.64985,0.93683,0.77681,1.1379,1.43731,1.21445,1.12373,0.78157,-0.23335,-0.17808,-0.29109,-0.68874,-0.69771,-0.44102,-0.34232
GLY56,0.14572,-0.58663,-0.69359,-0.798,-0.77082,-0.71798,-0.73564,-0.42333,0.01471,0.11703,-0.05837,0.25768,0.27076,1.23918,2.06183,2.76537,2.43328,1.2592,0.56256,0.05102,-0.21926,-0.21963,-0.04375,0.30319,0.84835,0.68987,1.20898,0.4761,-0.36038,-0.3142,0.22701,0.73929,1.55666,0.77844,2.07579,1.62649,2.02222,1.93306,2.1462,2.142,2.16086,2.36983,2.70328,2.18672,1.42293,1.78603,1.30466,-0.49004,-1.51873,-1.53717,-1.87395,-1.36126,-0.71846,0.03812,0.41704,0.0,-0.79025,-2.13097,-2.65772,-2.65933,-2.61999,-1.6907,-1.61175,-2.20999,-2.07091,-1.73537,-2.12375,-2.08097,-2.03821,-2.01051,-1.90601,-1.74062,-1.90248,-1.78203,-1.1618,-1.22915,-1.105,-0.61924,-0.18156,-0.46579,-0.52196,-0.03265,-0.02945,-0.20655,0.22101,0.84446,0.66137,0.3452,0.85996,1.13614,1.05791,1.01803,0.48702,0.36163,0.62173,0.16715,-0.56605,-0.58122,-0.58202,-1.32333,-1.71618,-1.78837,-1.95122,-1.99477,-1.92528,-1.62138,-1.34013,-1.01622,-0.79897,-1.23544,-1.12498,-0.25075,-0.57676,-0.49851,0.06456,0.36996,0.22375,0.25835,0.79993,1.10456,1.04473,1.20385,1.5623,1.57687,1.63107,1.19336,0.82438,0.84581,0.66564,0.42779,0.24981,-0.01074,-0.53537,-0.66206,-0.87745,-1.41553,-1.66808,-1.77398,-1.60973,-1.19423,-1.67404,-1.64131,-1.53212,-0.61447,-0.41183,-0.94563,-0.3311,-0.35288,-0.19188,0.37531,0.63588,0.47197,1.00712,1.30738,1.08015,0.94006,0.5867,-0.36519,-0.37543,-0.52546,-1.0781,-0.95698,-0.70313,-0.59115
VAL57,-0.54565,-0.86549,-0.9797,-1.00332,-0.96609,-0.99223,-1.08142,-0.73235,0.05111,0.2341,0.54177,1.37335,1.66765,2.67489,3.6496,3.75637,2.79249,1.81487,0.7856,0.22805,-0.01648,-0.1896,-0.08448,-0.13057,0.37426,0.56319,1.37755,1.10622,0.1635,-0.05032,0.03948,0.04831,0.44535,-0.24918,0.69216,0.12132,0.7093,0.65405,1.20941,1.04185,0.61161,0.86137,1.41175,0.71724,-0.08876,0.56279,0.77073,-0.93897,-1.63283,-1.1378,-1.48307,-0.7666,-0.39594,0.41685,0.07694,-0.79025,0.0,-0.36494,-1.4509,-1.79354,-1.72118,-0.72696,-0.54926,-1.41158,-1.33349,-1.22772,-1.62836,-1.74929,-1.5461,-1.59269,-1.49859,-1.3167,-1.47816,-1.38883,-0.83121,-0.82369,-0.63728,-0.23585,0.06297,0.02408,0.15832,0.6945,0.68668,0.49784,0.71825,1.34617,1.03696,0.34733,0.75423,1.04069,0.784,0.47642,-0.18684,-0.51625,0.02968,-0.33695,-1.20376,-0.99965,-0.50614,-1.33743,-1.8739,-1.70173,-1.53002,-1.71419,-1.70609,-1.10209,-0.82872,-0.3603,-0.03045,-0.42496,-0.21785,0.66575,0.51324,0.68903,1.1352,1.55398,1.19061,1.08627,1.62864,1.75996,1.39926,1.54982,1.93552,1.66855,1.81722,1.14306,0.95743,1.26189,1.05877,0.58786,0.5618,0.59368,0.18163,-0.11812,-0.11921,-0.56465,-0.91186,-1.02704,-1.00805,-0.87656,-1.0907,-1.09875,-1.24007,-0.62345,-0.13662,-0.66351,-0.36949,-0.82571,-0.49036,0.56427,0.41276,-0.02379,0.96342,1.24321,0.74202,0.40561,-0.26953,-1.24335,-1.02975,-1.16,-1.85265,-1.74231,-1.34573,-1.19406
ILE58,-0.68944,-0.90786,-1.04104,-0.94959,-0.83753,-0.8974,-0.88836,-0.70391,0.0063,0.11637,0.63738,1.75861,2.27239,2.8834,4.00056,3.19484,2.0523,1.3305,0.32199,0.1046,-0.1139,-0.39258,-0.44363,-0.59225,-0.22138,0.34514,1.3582,1.34152,0.5713,0.28601,0.32171,0.02107,0.14912,-0.32253,-0.22147,-0.87416,-0.50644,-0.60005,0.00202,-0.07627,-0.43027,-0.14438,0.40455,-0.04724,-0.40805,0.40534,0.62447,-0.46792,-0.65408,-0.03111,-0.5943,-0.21779,-0.29905,0.13203,-1.11398,-2.13097,-0.36494,0.0,-0.09829,-0.80302,-0.56536,0.43167,0.37284,-0.36975,-0.20599,-0.38344,-0.76272,-0.82709,-0.83082,-0.95698,-0.94573,-0.84946,-0.97823,-1.02826,-0.76215,-0.6538,-0.4351,-0.28246,-0.1808,0.02092,0.26561,0.72851,0.73003,0.46465,0.38112,0.93507,0.69028,-0.1453,0.12856,0.43712,0.05566,-0.32082,-0.85109,-1.19064,-0.68134,-0.98471,-1.63356,-1.31141,-0.71032,-1.40089,-1.62201,-1.35528,-1.10899,-1.15923,-1.05007,-0.49825,-0.34423,-0.01773,0.40321,0.21359,0.26633,0.94918,1.09897,1.33274,1.56676,1.94063,1.5957,1.23549,1.6176,1.66366,1.0991,1.09329,1.41456,1.13483,1.48213,0.85485,0.93682,1.34544,1.13385,0.73574,0.89094,1.03675,0.75526,0.69506,0.89171,0.60845,0.20843,-0.01571,0.07416,0.07102,0.07088,-0.07898,-0.24812,-0.0943,0.29231,0.22846,0.21481,-0.81162,-0.42457,0.91887,0.41044,-0.32002,0.72872,1.03522,0.41508,-0.09143,-0.85345,-1.54301,-1.10223,-1.15237,-1.88641,-1.75892,-1.26946,-1.1748
THR59,-0.8577,-0.75011,-0.78904,-0.62121,-0.58572,-0.66102,-0.59933,-0.6348,0.0767,0.22904,0.97392,2.1993,2.7087,3.11734,4.24442,2.87435,1.4489,1.10215,0.15826,0.07229,-0.08537,-0.47404,-0.64369,-0.8447,-0.62477,0.10472,1.1793,1.47019,0.80018,0.35475,0.17912,-0.2951,-0.39425,-0.69076,-0.72067,-1.19927,-1.14518,-1.35637,-0.74883,-0.81404,-1.16264,-0.91287,-0.44806,-0.86825,-1.01723,-0.39281,-0.37817,-0.98371,-0.84366,-0.3681,-0.92851,-0.81231,-1.06211,-0.71483,-1.76476,-2.65772,-1.4509,-0.09829,0.0,0.62073,0.99706,0.65743,0.52813,0.38286,0.16466,-0.23509,-0.29731,-0.32957,-0.26508,-0.45907,-0.3608,-0.272,-0.39,-0.47138,-0.33724,-0.15282,0.06213,0.13003,0.13384,0.47031,0.86168,1.19492,1.26414,0.97742,0.66814,0.98562,0.72988,-0.18915,-0.13175,0.1274,-0.27781,-0.81004,-1.22363,-1.52489,-1.028,-1.09184,-1.56028,-1.11728,-0.3707,-0.89648,-0.97592,-0.53779,-0.14961,-0.29077,-0.23908,0.33183,0.36389,0.6281,1.0729,1.00929,1.11761,1.633,1.92713,2.12082,2.22872,2.3994,2.0152,1.65592,1.87011,1.70425,0.97229,0.92419,1.07159,0.61295,1.01847,0.44837,0.64123,1.19676,1.0598,0.69001,1.00035,1.27032,1.13711,1.046,1.43172,1.46438,1.14621,1.00565,0.91097,0.82939,0.99723,0.84488,0.48934,0.37647,0.78969,1.10548,0.66467,-0.83198,-0.36507,1.11084,0.00487,-0.9052,0.43964,0.57989,-0.22077,-0.67712,-1.4456,-1.86095,-1.38444,-1.26125,-1.92062,-1.93343,-1.24225,-0.99031
LYS60,-1.17032,-0.71297,-0.62674,-0.35069,-0.41681,-0.50925,-0.38415,-0.53774,0.21976,0.32816,1.63384,2.85103,3.34202,3.54048,4.03805,2.59555,1.27658,1.33539,0.44554,0.43066,0.30399,-0.10048,-0.45721,-0.69553,-0.48903,0.40538,1.2415,1.82371,1.35091,0.85849,0.49384,-0.0581,-0.54431,-0.80207,-1.16864,-1.3513,-1.6071,-1.6213,-1.09933,-1.27056,-1.60924,-1.32066,-1.10048,-1.46288,-1.42141,-1.00762,-1.12545,-1.38043,-1.10038,-0.80249,-1.35475,-1.35226,-1.75979,-1.46864,-2.2263,-2.65933,-1.79354,-0.80302,0.62073,0.0,0.62596,0.16374,0.95714,0.96284,0.39186,0.17773,0.63025,0.49543,0.58532,0.55739,0.6144,0.54506,0.4205,0.33493,0.28362,0.46667,0.61161,0.51382,0.45167,0.75955,1.09485,1.25946,1.28908,1.1524,0.83397,0.8913,0.59933,-0.23707,-0.30309,-0.15934,-0.59918,-1.12406,-1.40429,-1.70495,-1.2737,-1.17537,-1.49505,-1.10064,-0.32517,-0.54326,-0.55337,-0.09827,0.60061,0.63526,0.53518,1.0401,1.00692,1.20066,1.6185,1.52197,1.51115,2.01305,2.40768,2.26597,2.19735,2.38314,1.94298,1.62228,1.75418,1.4073,0.61658,0.56716,0.62573,0.06516,0.41591,-0.05414,0.30462,0.92512,0.76407,0.44834,0.8737,1.24225,1.1079,1.00749,1.45196,1.76219,1.61364,1.42246,1.29897,1.25031,1.56553,1.28384,0.8217,0.61781,1.02519,1.26977,0.56592,-1.23402,-0.70186,0.91258,-0.50578,-1.38295,0.04958,0.07841,-0.68364,-1.0874,-1.76247,-1.94221,-1.54104,-1.32775,-1.87454,-2.07769,-1.41321,-1.02447
ASP61,-0.76585,-0.72478,-0.53636,-0.26288,-0.27086,-0.38714,-0.08252,-0.34145,0.01393,0.12462,1.32746,2.28879,2.74533,2.5361,3.07108,1.42788,0.31933,0.33457,-0.22769,0.05069,-0.01005,-0.36754,-0.83857,-1.00455,-0.8971,0.15188,0.978,1.63268,1.28238,0.72851,0.61335,0.04959,-0.39862,-0.49644,-1.29938,-1.49135,-1.90608,-1.86577,-1.52292,-1.53388,-1.73092,-1.4938,-1.20108,-1.25221,-1.00993,-0.60128,-0.6731,-0.7231,-0.33941,-0.04545,-0.64846,-0.80464,-1.32285,-1.23913,-2.08042,-2.61999,-1.72118,-0.56536,0.99706,0.62596,0.0,0.54137,0.75444,0.97901,0.89651,0.54551,0.69113,0.82193,0.67466,0.62989,0.64839,0.58448,0.48187,0.28722,0.13545,0.26796,0.40772,0.21435,0.16797,0.51897,0.76246,0.88537,0.8548,0.69596,0.37745,0.39445,0.18678,-0.50558,-0.56424,-0.40434,-0.81936,-1.19743,-1.37402,-1.5176,-1.2405,-1.18673,-1.31463,-0.94017,-0.4088,-0.59863,-0.37507,0.0704,0.58157,0.75094,0.84332,1.10728,1.04323,0.9068,1.31443,1.40278,1.23165,1.50247,2.15356,2.11571,1.86267,2.07033,1.77147,1.31074,1.2724,1.12267,0.37586,0.21818,0.29939,-0.14197,0.2226,-0.07093,0.32908,0.86239,0.73302,0.5491,0.98149,1.28799,1.23233,1.18816,1.59014,1.75784,1.66373,1.53661,1.48087,1.48287,1.82357,1.38772,1.04345,0.63773,0.84355,1.24902,0.79729,-0.60411,-0.21943,1.20891,-0.00023,-0.96761,0.10542,0.21092,-0.45117,-0.90052,-1.46951,-1.55747,-1.14182,-1.01213,-1.33918,-1.44051,-0.87124,-0.51147
GLU62,-0.48488,-0.90294,-0.82436,-0.61042,-0.51868,-0.59938,-0.26153,-0.43265,-0.2403,-0.21128,0.97668,2.01117,2.47754,2.04701,2.73255,1.2444,0.38626,0.17742,-0.34227,-0.0144,-0.09394,-0.36639,-0.8043,-0.87861,-0.72407,0.34072,1.14657,1.6554,1.16355,0.76224,0.88329,0.33213,-0.00379,-0.05728,-1.15293,-1.40395,-1.68207,-1.53732,-1.19602,-1.14788,-1.27475,-1.05613,-0.71477,-0.65782,-0.45741,0.07085,0.06579,-0.14738,0.18513,0.61021,0.04022,-0.00061,-0.48648,-0.21929,-1.14051,-1.6907,-0.72696,0.43167,0.65743,0.16374,0.54137,0.0,-0.5361,-0.1013,0.87993,0.62563,0.25247,0.52741,0.38044,0.31215,0.13104,0.13033,0.19477,-0.11808,-0.30031,-0.14917,-0.01221,-0.28985,-0.25199,0.11288,0.21128,0.3876,0.33791,0.20253,0.05373,0.21685,0.0091,-0.54119,-0.39984,-0.22714,-0.59763,-0.88988,-1.13543,-1.20237,-0.99719,-1.14843,-1.28528,-0.9712,-0.69112,-0.97039,-0.73377,-0.38542,-0.02762,0.30311,0.45771,0.57277,0.56683,0.29972,0.62217,0.77819,0.53711,0.78701,1.40387,1.50441,1.44554,1.74379,1.46799,1.00775,1.05687,1.08604,0.46587,0.23252,0.40912,0.09491,0.49538,0.19388,0.49898,0.93685,0.78322,0.59301,0.93685,1.10419,0.97419,0.99159,1.27273,1.22233,0.96096,0.79656,0.90655,0.89832,1.17422,0.71759,0.48662,0.06366,0.15878,0.68607,0.49962,-0.44583,-0.22711,1.41,0.75789,-0.30806,0.42657,0.75031,0.17521,-0.35212,-0.85798,-1.19021,-0.77973,-0.72278,-1.14646,-1.06508,-0.67138,-0.43178
ALA63,-0.99229,-0.9772,-0.9731,-0.62137,-0.61302,-0.70841,-0.4759,-0.66589,-0.03834,-0.16353,1.82614,3.07007,3.43024,3.08441,3.13905,1.76589,1.17397,1.50491,0.78252,0.96347,0.80506,0.4776,-0.03217,-0.08687,0.15865,1.3073,1.79979,2.42378,1.95755,1.55847,1.31894,0.71424,-0.01646,-0.18895,-1.32922,-1.3352,-1.71266,-1.31242,-0.97648,-1.17368,-1.37285,-1.11728,-1.1527,-1.31963,-0.98235,-0.57969,-0.68996,-0.83426,-0.42216,-0.07356,-0.64418,-0.72061,-1.14431,-0.75507,-1.41893,-1.61175,-0.54926,0.37284,0.52813,0.95714,0.75444,-0.5361,0.0,0.03924,0.10718,0.59931,0.9202,0.88664,0.85189,0.99256,0.78842,0.70751,0.78729,0.54714,0.26488,0.35671,0.41009,0.03754,0.0172,0.23405,0.29248,0.36022,0.32717,0.33375,0.3071,0.31216,0.07182,-0.47738,-0.37295,-0.26637,-0.71688,-1.03833,-1.27272,-1.43994,-1.25813,-1.28485,-1.42605,-1.11405,-0.79329,-0.87786,-0.74384,-0.42489,0.32436,0.7455,0.65933,0.84377,0.91316,0.89701,1.23265,1.11823,0.85571,1.31989,1.73906,1.54251,1.47786,1.73628,1.38528,1.08835,1.13889,0.98115,0.29691,0.19621,0.32555,-0.08946,0.23442,-0.17616,0.22883,0.75924,0.54191,0.25567,0.71866,0.97009,0.75602,0.74321,1.12292,1.2082,0.99307,0.75082,0.72062,0.84639,1.1848,0.61895,0.30237,-0.12993,0.08081,0.47389,0.00982,-1.19718,-1.00359,0.76323,-0.04349,-1.11116,-0.08927,0.19487,-0.34324,-0.81243,-1.30265,-1.57363,-1.101,-0.97321,-1.5817,-1.59918,-1.17759,-0.88504
GLU64,-0.86029,-0.70635,-0.50292,-0.07134,-0.14557,-0.20761,0.14116,-0.26902,0.10747,0.09202,2.10266,2.84428,3.00248,2.51023,2.21388,0.8025,0.39585,0.9098,0.52742,0.89621,0.82899,0.58963,-0.00059,-0.03551,0.0211,1.16787,1.43605,2.34113,2.17917,1.65166,1.34206,0.74623,-0.01206,-0.17023,-1.3684,-1.33121,-1.88101,-1.48311,-1.28268,-1.41147,-1.44039,-1.24503,-1.49088,-1.47151,-0.86941,-0.68265,-0.88841,-0.65097,-0.20855,-0.11796,-0.59703,-0.94176,-1.594,-1.58797,-2.10562,-2.20999,-1.41158,-0.36975,0.38286,0.96284,0.97901,-0.1013,0.03924,0.0,-0.01403,0.01695,1.04527,1.07016,0.90013,1.04351,1.06457,0.87616,0.86268,0.72822,0.45946,0.45253,0.39873,0.0693,0.07625,0.20836,0.22435,0.16142,0.05233,0.11142,0.04481,-0.11168,-0.30865,-0.65002,-0.59304,-0.53689,-0.95351,-1.20125,-1.21961,-1.33758,-1.25674,-1.18976,-1.10233,-0.84875,-0.58352,-0.46138,-0.23397,0.06149,0.73782,1.2069,1.20172,1.3816,1.2892,1.05407,1.41855,1.44213,1.08616,1.36016,1.86787,1.51197,1.19574,1.35017,1.1444,0.83858,0.69323,0.52308,-0.09135,-0.17788,-0.13725,-0.51992,-0.22749,-0.46018,-0.00441,0.46217,0.25893,0.09408,0.57842,0.84438,0.7071,0.74706,1.16088,1.36092,1.24193,1.00923,0.93513,1.07609,1.57502,0.95535,0.65976,0.16471,0.30407,0.71148,0.22444,-0.87108,-0.63731,0.5569,-0.18084,-1.0572,-0.27505,-0.12538,-0.60222,-1.00657,-1.3652,-1.31035,-0.88177,-0.81363,-1.25596,-1.32905,-0.78653,-0.4604
LYS65,-0.38086,-0.61827,-0.46995,-0.22426,-0.14388,-0.17772,0.2327,-0.04557,0.08656,-0.01465,1.58251,2.18065,2.41837,1.63174,1.4573,0.04051,-0.23907,0.05553,-0.08689,0.36904,0.40255,0.23184,-0.3423,-0.33534,-0.34299,0.74583,0.99938,1.93025,1.78767,1.39223,1.36038,0.73679,0.09826,0.117,-1.32692,-1.32019,-1.83243,-1.46371,-1.37974,-1.3677,-1.33835,-1.17118,-1.28885,-1.09511,-0.5314,-0.30082,-0.36005,-0.1153,0.26246,0.41385,-0.00504,-0.35551,-0.96909,-1.07136,-1.74639,-2.07091,-1.33349,-0.20599,0.16466,0.39186,0.89651,0.87993,0.10718,-0.01403,0.0,-0.01425,0.25488,0.86098,0.47061,0.5875,0.49155,0.54356,0.63063,0.33048,0.11554,0.21302,0.15357,-0.23825,-0.11953,0.05539,-0.04701,-0.1741,-0.32934,-0.36638,-0.35737,-0.52327,-0.68158,-0.7398,-0.61611,-0.582,-0.92199,-0.97377,-0.96642,-0.94153,-1.03182,-1.05937,-0.9016,-0.69161,-0.61437,-0.49363,-0.18012,0.04213,0.4935,0.97324,1.16021,1.17294,0.99261,0.48127,0.79768,1.05545,0.53035,0.54298,1.24352,1.05243,0.76197,0.94439,0.79454,0.44619,0.24175,0.21832,-0.22378,-0.38607,-0.3077,-0.52787,-0.18717,-0.22168,0.18688,0.45032,0.23818,0.24578,0.63083,0.75889,0.66137,0.80292,1.12629,1.18184,1.06804,0.8214,0.88158,0.95154,1.39061,0.89311,0.71026,0.20842,0.26983,0.70758,0.52124,-0.08384,-0.03374,0.81447,0.70631,0.16458,0.17317,0.42155,0.11883,-0.40714,-0.66098,-0.72794,-0.38047,-0.3451,-0.68093,-0.65979,-0.21184,-0.03243
LEU66,-0.38481,-0.65987,-0.54921,-0.32456,-0.27389,-0.3419,0.0646,-0.06743,0.05216,-0.20149,1.7763,2.47207,2.64974,1.81235,1.2998,0.15885,0.19233,0.61198,0.35468,0.7294,0.72635,0.67839,0.16825,0.33826,0.4471,1.53728,1.46042,2.28655,2.25252,1.98918,1.92876,1.27393,0.4035,0.33837,-1.18586,-1.07588,-1.60947,-1.0788,-1.04419,-1.11635,-1.03575,-0.84157,-1.06401,-0.92828,-0.39198,-0.31843,-0.53078,-0.3498,0.04069,0.08292,-0.3431,-0.66282,-1.10813,-1.06333,-1.55152,-1.73537,-1.22772,-0.38344,-0.23509,0.17773,0.54551,0.62563,0.59931,0.01695,-0.01425,0.0,0.12188,0.94827,0.50654,0.68692,0.43744,0.60975,0.92817,0.51378,0.22762,0.46342,0.3321,-0.2844,-0.14705,0.00326,-0.24383,-0.45437,-0.54405,-0.52502,-0.44967,-0.65815,-0.81278,-0.71117,-0.48047,-0.49527,-0.82873,-0.82547,-0.8459,-0.80118,-0.92006,-1.05015,-0.88203,-0.67175,-0.67188,-0.54337,-0.22663,-0.15804,0.41136,0.97584,0.91868,0.83414,0.95893,0.58634,0.71855,0.8009,0.2832,0.35955,0.838,0.61937,0.42617,0.65366,0.49889,0.23072,0.05885,0.04386,-0.36377,-0.52072,-0.39567,-0.55281,-0.28445,-0.33237,0.11286,0.37333,0.10372,0.11705,0.49781,0.53178,0.37559,0.58009,0.83308,0.95949,0.8839,0.66358,0.6621,0.78241,1.11457,0.66922,0.53048,0.0593,0.09912,0.48043,0.31034,-0.25766,-0.20213,0.7931,0.75765,0.36813,0.17657,0.52205,0.33805,-0.20527,-0.38148,-0.58328,-0.2439,-0.15008,-0.69048,-0.63509,-0.49349,-0.29737
PHE67,-0.52761,-0.45471,-0.29457,0.05479,0.08157,0.05708,0.51557,0.24135,0.25609,0.03932,2.20816,3.03681,3.12277,2.29888,1.41494,0.16374,0.30343,0.99646,0.68919,1.05502,1.07292,1.01932,0.52076,0.69301,0.76091,2.00061,1.80207,2.85597,3.07074,2.69917,2.34955,1.55303,0.48062,0.27502,-1.2536,-1.13267,-1.72213,-1.16376,-1.18808,-1.36916,-1.26001,-1.03844,-1.49411,-1.34767,-0.57406,-0.63519,-0.97869,-0.57232,-0.01592,-0.10556,-0.54961,-1.03958,-1.65216,-1.69118,-2.10146,-2.12375,-1.62836,-0.76272,-0.29731,0.63025,0.69113,0.25247,0.9202,1.04527,0.25488,0.12188,0.0,0.97557,0.70499,0.95813,0.77682,0.81424,1.08369,0.9104,0.59511,0.76277,0.62629,-0.00485,-0.01843,0.13473,-0.1125,-0.44605,-0.49302,-0.39705,-0.41535,-0.86974,-0.93864,-0.78844,-0.70756,-0.74755,-1.06375,-1.07317,-0.95578,-0.96143,-1.15249,-1.07569,-0.80717,-0.62824,-0.56141,-0.23588,0.04399,0.11999,0.89505,1.53307,1.32336,1.28656,1.4428,1.11533,1.19651,1.24451,0.77875,0.80418,1.1595,0.70114,0.33941,0.44681,0.31938,0.08887,-0.19834,-0.36491,-0.73866,-0.8207,-0.78959,-0.99416,-0.80878,-0.86664,-0.27545,0.06501,-0.21593,-0.24662,0.22572,0.34515,0.24893,0.41606,0.77888,1.07742,1.07578,0.885,0.75746,0.81429,1.21684,0.77866,0.54568,0.02697,0.13934,0.47752,0.03307,-0.64435,-0.50441,0.34137,0.15087,-0.20492,-0.33383,-0.26991,-0.36891,-0.78431,-0.91946,-0.75996,-0.40741,-0.23624,-0.85529,-0.93121,-0.76392,-0.48665
ASN68,-0.46622,-0.30746,-0.1806,0.00598,0.05516,0.12924,0.50866,0.21334,0.24397,0.02423,1.76123,2.50089,2.63725,1.6492,0.89662,-0.39302,-0.27175,0.41587,0.27116,0.6704,0.74721,0.68493,0.18116,0.30132,0.26304,1.32529,1.10397,2.38929,2.65588,2.34017,2.02639,1.27418,0.30032,0.25619,-1.29671,-1.11982,-1.73955,-1.24009,-1.29814,-1.41755,-1.34862,-1.23256,-1.57534,-1.32566,-0.5582,-0.65732,-0.89905,-0.38987,0.11528,0.02708,-0.34334,-0.85676,-1.50619,-1.68083,-2.05009,-2.08097,-1.74929,-0.82709,-0.32957,0.49543,0.82193,0.52741,0.88664,1.07016,0.86098,0.94827,0.97557,0.0,-0.46439,0.41413,0.36216,0.52924,0.76532,0.61245,0.43183,0.5847,0.41513,-0.1412,-0.09509,0.056,-0.18241,-0.54883,-0.63102,-0.51959,-0.56988,-1.05123,-1.06329,-0.84266,-0.89181,-0.89717,-1.09979,-1.03683,-0.84834,-0.77471,-1.00052,-0.95632,-0.5812,-0.42214,-0.4186,-0.08158,0.19439,0.26401,0.9449,1.5005,1.40395,1.34332,1.36499,1.02016,1.14203,1.26661,0.77849,0.68286,1.12683,0.75157,0.29897,0.3664,0.25326,0.00688,-0.30541,-0.42802,-0.7658,-0.90236,-0.89733,-1.07041,-0.78706,-0.67494,-0.06354,0.19508,-0.09875,-0.01211,0.4267,0.50881,0.45193,0.72629,1.03285,1.27743,1.24708,1.0675,1.05317,1.01042,1.33729,0.9272,0.79829,0.36309,0.35332,0.70057,0.42874,-0.1729,-0.14143,0.48976,0.47188,0.23052,-0.10774,-0.03263,-0.11426,-0.57393,-0.62682,-0.39707,-0.05532,0.06324,-0.52498,-0.61558,-0.38838,-0.21842
GLN69,-0.43947,-0.16573,-0.08969,-0.02316,0.09144,0.01964,0.13366,0.06254,0.24201,0.1402,1.76757,2.56018,2.67627,2.03466,1.06058,-0.04059,-0.04149,0.80022,0.42089,0.79869,0.88823,0.88017,0.40514,0.39164,0.32998,1.37957,1.12082,2.24103,2.49349,2.35817,1.73493,0.94276,-0.16794,-0.36215,-1.34091,-1.20628,-1.65375,-1.28744,-1.24549,-1.41949,-1.49378,-1.45235,-1.77394,-1.76322,-1.19726,-1.27202,-1.51104,-1.03559,-0.47983,-0.5621,-0.88771,-1.31032,-1.7795,-1.84135,-2.07147,-2.03821,-1.5461,-0.83082,-0.26508,0.58532,0.67466,0.38044,0.85189,0.90013,0.47061,0.50654,0.70499,-0.46439,0.0,0.67903,0.54211,1.15518,1.19412,0.74277,0.62888,1.01562,0.66644,-0.01323,0.21548,0.37725,0.1531,-0.2631,-0.35224,-0.23231,-0.2859,-0.83098,-0.85898,-0.67839,-0.76057,-0.88084,-1.11387,-1.07866,-0.90433,-0.8804,-0.99764,-0.91928,-0.59655,-0.41748,-0.35461,-0.02901,0.09743,0.1484,1.09227,1.53013,1.24341,1.35437,1.53446,1.29301,1.36835,1.40551,0.9072,0.81156,1.26348,0.91131,0.47287,0.49532,0.38237,0.20319,-0.12429,-0.29851,-0.60795,-0.7311,-0.74689,-0.97059,-0.69253,-0.56334,0.01156,0.34199,0.02816,0.07997,0.53818,0.56263,0.47237,0.75037,0.92954,1.16025,1.11772,1.05974,1.08237,0.89558,1.25103,0.9327,0.82482,0.57991,0.71976,0.98895,0.75623,0.05009,-0.10044,0.59548,0.34476,-0.11632,-0.24094,-0.12476,-0.15279,-0.81949,-0.77115,-0.43145,0.02332,0.33546,-0.55504,-0.53476,-0.25443,-0.20843
ASP70,-0.2679,-0.0336,0.07314,0.17716,0.13926,0.00321,0.14461,-0.018,-0.09203,-0.21751,1.51486,2.39244,2.5777,1.98242,0.93572,-0.12996,0.03128,0.89919,0.59478,0.92836,0.94265,0.92892,0.47092,0.5281,0.50765,1.74568,1.33545,2.41862,2.85132,2.87204,2.22766,1.36727,0.11018,-0.04328,-1.41419,-1.19874,-1.71454,-1.28637,-1.28071,-1.4824,-1.49685,-1.44469,-1.79285,-1.76469,-1.13787,-1.20126,-1.41731,-0.94146,-0.35785,-0.45363,-0.79649,-1.23383,-1.80469,-1.88419,-2.11937,-2.01051,-1.59269,-0.95698,-0.45907,0.55739,0.62989,0.31215,0.99256,1.04351,0.5875,0.68692,0.95813,0.41413,0.67903,0.0,-0.05467,0.56782,1.19877,0.9557,0.60742,1.01251,1.00801,0.26478,0.27397,0.59094,0.27509,-0.32145,-0.46359,-0.08749,-0.04139,-0.82018,-0.89638,-0.26257,-0.43729,-0.83589,-0.90611,-0.70711,-0.31455,-0.35484,-0.64998,-0.40353,-0.05937,-0.05584,-0.0115,0.42695,0.54716,0.57923,1.40405,1.90806,1.59354,1.46968,1.68464,1.51166,1.34499,1.4092,1.03264,0.78898,1.00504,0.60797,0.19475,0.0499,-0.00157,0.03744,-0.37185,-0.60258,-0.71302,-0.75586,-0.86687,-1.02,-0.96964,-0.78932,-0.26536,-0.03444,-0.27382,-0.26929,0.17214,0.19307,0.11279,0.2547,0.47306,0.79383,0.81008,0.73003,0.65298,0.61941,0.92365,0.58454,0.40125,0.13205,0.14393,0.30374,-0.04528,-0.39757,-0.51601,-0.17708,-0.30104,-0.31185,-0.70273,-0.77295,-0.40516,-0.56372,-0.29293,0.26435,0.30177,0.30137,-0.33482,-0.37983,-0.34461,-0.16168
VAL71,-0.77959,0.14708,0.42492,0.53776,0.27903,0.28795,0.63666,0.46561,0.21625,0.1742,1.27397,1.72984,1.99555,1.66917,0.88593,-0.2156,-0.22385,0.62625,0.39177,0.57102,0.6705,0.64777,0.31176,0.26081,0.13672,1.08061,0.8102,1.99093,2.60974,2.35358,1.58662,0.76846,-0.47986,-0.5092,-1.1529,-0.7277,-1.49042,-1.18466,-1.1616,-1.3218,-1.36748,-1.41563,-1.69,-1.67021,-1.25616,-1.41871,-1.48738,-0.97488,-0.544,-0.67547,-0.86092,-1.23822,-1.71468,-1.85253,-2.007,-1.90601,-1.49859,-0.94573,-0.3608,0.6144,0.64839,0.13104,0.78842,1.06457,0.49155,0.43744,0.77682,0.36216,0.54211,-0.05467,0.0,0.24367,0.34461,0.88718,0.88292,0.89257,0.76006,0.44896,0.35943,0.82976,0.68846,0.13729,-0.11607,0.08117,0.06363,-0.94176,-1.07467,-0.54087,-0.84985,-1.35418,-1.43381,-1.40206,-0.79249,-0.70626,-0.92311,-0.48702,0.10996,0.28974,0.3237,0.84728,1.0145,0.86852,1.57759,1.84378,1.40788,1.52724,1.66988,1.57199,1.5036,1.42869,1.20364,0.88451,1.13081,0.72556,0.17278,-0.11838,-0.22353,-0.24805,-0.75509,-1.08342,-1.17758,-1.26258,-1.48069,-1.59689,-1.48935,-1.14628,-0.45821,-0.25893,-0.39858,-0.07556,0.34794,0.28062,0.40548,0.64242,0.72339,0.99291,1.1079,1.10998,1.0816,0.93328,1.16034,1.02384,0.98568,0.62891,0.67172,1.06352,0.76694,0.31779,0.00093,0.05823,-0.36091,-0.50357,-0.92069,-1.28324,-1.15177,-1.30435,-1.04864,-0.47867,-0.41769,0.35346,-0.08984,-0.34065,-0.01177,0.16358
ASP72,-0.84794,0.11144,0.23061,0.15457,0.23776,0.49498,0.56408,0.44821,0.45132,0.39384,1.28642,1.65448,1.873,1.59828,0.8182,-0.10782,-0.20816,0.67165,0.40676,0.60002,0.76719,0.71081,0.40523,0.30356,0.14617,0.86923,0.60045,1.72069,2.23526,2.01967,1.19042,0.46689,-0.73112,-0.77164,-1.10977,-0.69876,-1.32531,-1.08459,-1.02938,-1.19098,-1.31404,-1.42399,-1.65423,-1.78528,-1.47778,-1.66729,-1.76509,-1.25598,-0.78598,-0.94362,-1.12266,-1.46903,-1.83965,-1.86483,-1.91748,-1.74062,-1.3167,-0.84946,-0.272,0.54506,0.58448,0.13033,0.70751,0.87616,0.54356,0.60975,0.81424,0.52924,1.15518,0.56782,0.24367,0.0,0.07107,0.10098,0.59053,0.8237,0.44514,0.13279,0.23069,0.59885,0.52241,0.11727,-0.07178,0.0935,0.04207,-0.85526,-0.89122,-0.51956,-0.82595,-1.22428,-1.3725,-1.45743,-0.99187,-0.84827,-0.88729,-0.52709,0.00484,0.2545,0.30311,0.81268,0.79424,0.56177,1.48884,1.62469,1.07237,1.28175,1.48429,1.43034,1.40618,1.32783,1.0211,0.80331,1.15937,0.79319,0.34972,0.0377,-0.10083,-0.15924,-0.62858,-0.97017,-1.06754,-1.1327,-1.27317,-1.45664,-1.31801,-1.006,-0.35856,-0.15366,-0.28523,0.0506,0.45754,0.41076,0.49978,0.8233,0.79111,1.05909,1.13387,1.21496,1.22218,0.98933,1.27772,1.20039,1.17443,0.92801,0.98272,1.20769,1.02229,0.48636,0.11785,0.36802,-0.14724,-0.44637,-0.65075,-0.84152,-0.90594,-1.17307,-0.89469,-0.33319,-0.01467,0.88252,-0.06696,-0.30872,0.08553,0.13379
ALA73,-0.2587,0.25554,0.29341,0.20889,0.3329,0.44424,0.38244,0.20918,0.05569,-0.03482,0.88113,1.41275,1.69809,1.31744,0.51917,-0.3327,-0.4022,0.50929,0.31447,0.56175,0.7146,0.58835,0.28197,0.12435,-0.00215,0.85106,0.48294,1.55492,2.15017,2.09513,1.3959,0.67079,-0.53381,-0.38994,-1.51512,-1.07584,-1.63954,-1.23729,-1.21606,-1.36806,-1.54683,-1.64447,-1.78667,-1.89497,-1.64231,-1.76887,-1.91671,-1.38476,-0.80304,-0.87166,-1.09276,-1.47354,-1.95507,-2.00701,-2.04568,-1.90248,-1.47816,-0.97823,-0.39,0.4205,0.48187,0.19477,0.78729,0.86268,0.63063,0.92817,1.08369,0.76532,1.19412,1.19877,0.34461,0.07107,0.0,-0.00332,-0.10786,0.92822,0.86914,0.20207,0.17569,0.62226,0.41638,-0.14991,-0.34711,0.32264,0.38599,-0.70781,-0.68735,0.1596,-0.25065,-0.86893,-0.81987,-0.71656,-0.21423,-0.16064,-0.37211,0.17401,0.5731,0.59885,0.77191,1.32659,1.22905,1.13539,2.03222,2.19576,1.6923,1.5862,1.74618,1.7114,1.51081,1.51532,1.25446,0.826,1.04229,0.69759,0.32698,-0.05639,-0.11434,0.02663,-0.50398,-0.91057,-0.83366,-0.80257,-0.99298,-1.12063,-1.16929,-0.8742,-0.43617,-0.2554,-0.30513,-0.15909,0.17652,0.24671,0.2498,0.40739,0.41134,0.71684,0.7266,0.74611,0.69348,0.52735,0.80264,0.70016,0.61396,0.4784,0.47489,0.51683,0.23014,-0.0273,-0.16326,-0.24297,-0.61565,-0.40284,-0.7243,-0.95667,-0.77384,-0.59336,-0.13923,0.65936,0.58835,0.99042,0.57065,0.32171,0.16658,0.20947
ALA74,-0.48024,0.43313,0.57167,0.49976,0.37967,0.45343,0.46277,0.21613,-0.19651,-0.2928,0.44862,0.75435,1.16865,0.95624,0.29018,-0.50862,-0.59729,0.27418,0.19926,0.24813,0.45857,0.29924,0.05854,-0.15331,-0.2918,0.49111,0.05723,1.15115,1.87325,1.79541,1.07073,0.39115,-0.87627,-0.49951,-1.57874,-0.82681,-1.72198,-1.25019,-1.20389,-1.34436,-1.52314,-1.68119,-1.73117,-1.78054,-1.62712,-1.78136,-1.74971,-1.29907,-0.83059,-0.80961,-0.8738,-1.15192,-1.66352,-1.82127,-1.95481,-1.78203,-1.38883,-1.02826,-0.47138,0.33493,0.28722,-0.11808,0.54714,0.72822,0.33048,0.51378,0.9104,0.61245,0.74277,0.9557,0.88718,0.10098,-0.00332,0.0,-0.20054,0.85473,0.95246,0.37465,0.22267,0.77794,0.6216,-0.0069,-0.34285,0.47638,0.76535,-0.70361,-0.73725,0.30177,-0.24375,-0.94568,-0.72487,-0.57119,0.07387,0.12935,-0.17978,0.62365,1.14796,1.27345,1.42231,2.04537,2.04608,1.93876,2.62883,2.68743,2.09921,1.8777,1.8426,1.80876,1.5649,1.55927,1.41331,0.82574,0.94783,0.63067,0.23659,-0.23731,-0.2279,0.0171,-0.64301,-1.14192,-0.95265,-0.89392,-1.22564,-1.25797,-1.3772,-0.94779,-0.50069,-0.40423,-0.40649,-0.12779,0.18433,0.1964,0.33421,0.42918,0.43675,0.66439,0.69225,0.71146,0.66318,0.54742,0.67022,0.59741,0.62272,0.45755,0.37461,0.52933,0.15435,0.06204,-0.06922,-0.54994,-0.99756,-0.47115,-1.04575,-1.50572,-1.20199,-0.79454,-0.21797,0.74586,0.28607,0.66037,0.95324,0.55155,0.45663,0.6592
VAL75,-0.91783,0.40956,0.52762,0.303,0.30069,0.55928,0.51841,0.33377,0.05303,0.01543,0.47884,0.51579,0.85524,0.9023,0.39713,-0.23829,-0.2843,0.47627,0.37456,0.21317,0.43159,0.36213,0.22323,0.10367,0.02711,0.51063,0.14757,0.97426,1.53888,1.36717,0.62947,0.11492,-0.98965,-0.75201,-0.99246,-0.21261,-1.14039,-0.7741,-0.71488,-0.85573,-1.08655,-1.26557,-1.33348,-1.43887,-1.39902,-1.57061,-1.57282,-1.29127,-1.02229,-1.03849,-0.99933,-1.07799,-1.32727,-1.42576,-1.38623,-1.1618,-0.83121,-0.76215,-0.33724,0.28362,0.13545,-0.30031,0.26488,0.45946,0.11554,0.22762,0.59511,0.43183,0.62888,0.60742,0.88292,0.59053,-0.10786,-0.20054,0.0,0.23542,0.29724,0.39413,0.14695,0.71075,0.62403,0.05159,-0.38212,0.24565,0.64209,-0.76723,-0.80028,-0.02661,-0.45823,-1.0769,-0.94809,-0.94317,-0.35138,-0.27301,-0.37652,0.26649,0.85963,1.25589,1.27052,1.6663,1.77421,1.49603,2.24685,2.23855,1.49248,1.42918,1.48792,1.41786,1.21131,1.12413,0.93658,0.50873,0.72334,0.41991,0.12876,-0.29586,-0.37426,-0.2027,-0.75248,-1.30857,-1.20261,-1.16971,-1.42763,-1.45143,-1.48084,-1.03827,-0.5645,-0.50042,-0.53303,-0.12057,0.14362,0.11765,0.37238,0.63357,0.55615,0.72927,0.76094,0.81105,0.78054,0.61328,0.81904,0.79228,0.87049,0.7277,0.67563,0.88172,0.63529,0.3651,-0.01196,-0.29861,-0.76869,-0.61738,-1.03179,-1.43765,-1.2439,-1.06915,-0.53911,0.19848,0.099,0.63751,0.65191,0.45219,0.60875,0.67989
ARG76,-0.49091,0.40385,0.48722,0.16941,0.35239,0.59542,0.54631,0.37522,0.14552,0.17994,0.67469,0.86534,1.0979,1.06229,0.52505,-0.05883,-0.22845,0.58914,0.41275,0.38409,0.63979,0.40927,0.30015,0.03571,-0.02129,0.533,0.21544,1.0218,1.46861,1.37355,0.57203,0.02496,-1.02441,-0.78381,-1.25868,-0.63161,-1.32237,-0.89327,-0.7999,-1.00022,-1.3028,-1.46166,-1.49026,-1.68774,-1.65128,-1.79008,-1.87971,-1.65459,-1.27535,-1.27972,-1.33497,-1.40826,-1.58466,-1.54195,-1.47381,-1.22915,-0.82369,-0.6538,-0.15282,0.46667,0.26796,-0.14917,0.35671,0.45253,0.21302,0.46342,0.76277,0.5847,1.01562,1.01251,0.89257,0.8237,0.92822,0.85473,0.23542,0.0,0.26784,0.07609,0.00827,0.41489,0.28363,-0.34743,-0.59202,0.40171,0.76546,-0.54517,-0.51526,0.54755,0.05848,-0.71914,-0.60802,-0.63768,-0.14368,-0.09175,-0.17927,0.52092,0.90962,1.07954,1.44205,1.95751,1.77241,1.51058,2.50947,2.56988,1.72236,1.59507,1.86136,1.79005,1.45038,1.32549,1.07359,0.66478,0.78012,0.43515,0.21879,-0.27573,-0.26839,0.04467,-0.49552,-1.09345,-0.91778,-0.85602,-1.20965,-1.28662,-1.40687,-1.10132,-0.75262,-0.63749,-0.63341,-0.38302,-0.15875,-0.03474,0.15736,0.33475,0.31904,0.58458,0.60934,0.6594,0.54719,0.34554,0.59095,0.6523,0.61144,0.58535,0.6175,0.69368,0.37148,0.14453,-0.03736,-0.29052,-0.73978,-0.44141,-0.67686,-1.12022,-1.08987,-0.74106,-0.32946,0.4238,0.25285,0.71027,0.5809,0.41229,0.20245,0.20321
GLY77,-0.3682,0.44924,0.42192,0.13586,0.25519,0.40647,0.3153,0.13289,-0.19565,-0.19092,0.2461,0.59203,0.89092,0.81471,0.40982,-0.12824,-0.3608,0.29904,0.11409,0.04134,0.24237,-0.06763,-0.10013,-0.39888,-0.39451,0.23421,0.06693,0.8397,1.15414,1.05243,0.34244,-0.21,-1.18159,-0.79318,-1.46496,-0.80517,-1.52711,-1.03688,-0.87407,-1.05823,-1.4194,-1.5553,-1.42998,-1.58306,-1.62741,-1.6712,-1.66323,-1.44917,-1.10705,-0.98858,-1.04703,-1.02692,-1.24532,-1.14205,-1.21,-1.105,-0.63728,-0.4351,0.06213,0.61161,0.40772,-0.01221,0.41009,0.39873,0.15357,0.3321,0.62629,0.41513,0.66644,1.00801,0.76006,0.44514,0.86914,0.95246,0.29724,0.26784,0.0,-1.11912,-0.98915,0.03976,-0.06978,-0.55181,-0.82041,0.43699,0.92214,-0.37832,-0.33482,1.00673,0.28179,-0.58179,-0.33079,-0.27979,0.20099,0.13747,-0.03656,0.7707,0.90853,1.05796,1.67303,1.98166,1.8698,1.90389,2.82635,2.89912,2.27896,2.05969,2.07339,1.9867,1.5945,1.50077,1.25828,0.79008,0.89774,0.64139,0.43035,-0.06707,0.02805,0.48088,-0.05565,-0.61081,-0.38909,-0.31256,-0.80321,-0.9347,-1.12028,-0.88311,-0.6083,-0.46453,-0.41447,-0.33849,-0.08079,0.1109,0.17174,0.18173,0.21909,0.48351,0.44042,0.44751,0.27727,0.0631,0.20058,0.26578,0.24974,0.24598,0.2548,0.30063,-0.04402,-0.11017,-0.18773,-0.55032,-0.89807,-0.38106,-0.54057,-1.14155,-1.09502,-0.55336,-0.16951,0.5123,0.13239,0.37789,0.61404,0.48056,0.3314,0.55353
ILE78,-0.39834,0.74254,0.83803,0.55691,0.41971,0.68644,0.74581,0.51474,0.12252,0.13239,0.23011,0.22759,0.51525,0.58872,0.41756,0.01628,-0.2987,0.30381,0.18621,-0.05431,0.21024,-0.10439,-0.14571,-0.53243,-0.51628,-0.12502,-0.15445,0.4454,0.69593,0.42033,-0.28691,-0.73274,-1.56331,-1.06569,-1.17664,-0.54135,-1.13122,-0.84294,-0.62359,-0.87671,-1.41016,-1.55868,-1.28084,-1.50233,-1.75137,-1.77467,-1.60716,-1.57061,-1.43095,-1.27622,-1.19387,-0.96452,-0.98138,-0.82175,-0.67219,-0.61924,-0.23585,-0.28246,0.13003,0.51382,0.21435,-0.28985,0.03754,0.0693,-0.23825,-0.2844,-0.00485,-0.1412,-0.01323,0.26478,0.44896,0.13279,0.20207,0.37465,0.39413,0.07609,-1.11912,0.0,-0.70567,0.08451,0.22997,-0.30873,-0.25503,1.00523,1.28087,0.08543,0.15394,1.08936,0.55191,-0.20456,-0.0053,-0.19009,0.33869,0.26034,0.3583,1.42702,1.55076,1.80674,2.56463,2.68076,2.4817,2.31106,2.71179,2.54544,1.90993,1.69485,1.76022,1.67772,1.24692,1.16384,1.17902,0.63143,0.6611,0.58194,0.56061,0.09021,0.00307,0.52656,0.1261,-0.56172,-0.29642,-0.10336,-0.71424,-0.93982,-1.25709,-0.95364,-0.78901,-0.70957,-0.49479,-0.28024,-0.26705,-0.12049,0.24519,0.21194,0.18104,0.32212,0.4162,0.52301,0.24476,0.01103,0.25729,0.30213,0.21615,0.30652,0.33532,0.3846,0.08862,0.14657,0.13984,-0.49141,-1.02145,-0.45761,-0.53105,-1.21781,-1.34209,-0.81352,-0.54482,0.12297,-0.35332,-0.1126,0.60272,0.47215,0.43606,0.64772
LEU79,-0.55834,0.66073,0.70916,0.31837,0.2634,0.55807,0.47638,0.30043,0.01139,0.10386,0.3142,0.34181,0.51911,0.73611,0.44229,0.25111,0.07284,0.61868,0.49576,0.24448,0.47396,0.26875,0.28052,0.0293,0.07924,0.32131,0.17742,0.53712,0.72173,0.53161,-0.10293,-0.35964,-1.01586,-0.84622,-0.55421,0.1117,-0.44047,-0.12904,0.04275,-0.29387,-0.78078,-0.93435,-0.82181,-1.11961,-1.35152,-1.41661,-1.40877,-1.3577,-1.22234,-1.18992,-1.18986,-1.06034,-0.97951,-0.7678,-0.39662,-0.18156,0.06297,-0.1808,0.13384,0.45167,0.16797,-0.25199,0.0172,0.07625,-0.11953,-0.14705,-0.01843,-0.09509,0.21548,0.27397,0.35943,0.23069,0.17569,0.22267,0.14695,0.00827,-0.98915,-0.70567,0.0,0.06378,0.11959,-1.18618,-1.30616,-0.16773,0.82681,-0.37348,-0.53053,0.51892,0.28629,-0.54567,-0.36261,-0.49966,-0.03203,-0.06376,0.00222,0.86701,1.01303,1.08359,1.68846,1.9758,1.78824,1.45335,1.86026,1.9167,1.22354,1.13494,1.45594,1.19722,0.86072,0.73361,0.50029,0.10038,0.24067,0.1536,0.2409,-0.20602,-0.34206,0.11816,-0.15596,-0.72854,-0.49565,-0.23841,-0.76332,-0.94768,-1.28933,-0.9838,-0.73275,-0.64443,-0.534,-0.20499,-0.15591,-0.09647,0.16675,0.25903,0.22871,0.35337,0.44139,0.5481,0.33769,0.16376,0.32344,0.34966,0.32,0.35059,0.40754,0.47975,0.21313,0.23454,0.08593,-0.42527,-0.89266,-0.52753,-0.57105,-1.07539,-1.22316,-0.87927,-0.64709,-0.00673,-0.3551,0.0824,0.42374,0.46697,0.55445,0.40494
ARG80,-0.33782,1.1207,1.1804,0.87944,0.79992,0.97963,0.79558,0.68881,0.29211,0.45788,0.33197,0.32456,0.66172,0.86226,0.61595,0.22614,-0.12821,0.30821,0.143,-0.01503,0.16628,-0.0481,-0.03384,-0.29166,-0.33143,0.02707,0.17975,0.62196,0.80862,0.50767,-0.12421,-0.53395,-1.26519,-1.02157,-0.51348,0.02066,-0.5906,-0.5292,-0.31632,-0.60444,-1.07834,-1.26284,-1.08945,-1.33619,-1.52272,-1.5986,-1.49677,-1.41148,-1.26006,-1.23976,-1.21005,-1.1136,-1.11906,-0.91142,-0.64136,-0.46579,0.02408,0.02092,0.47031,0.75955,0.51897,0.11288,0.23405,0.20836,0.05539,0.00326,0.13473,0.056,0.37725,0.59094,0.82976,0.59885,0.62226,0.77794,0.71075,0.41489,0.03976,0.08451,0.06378,0.0,0.44228,-0.83014,-1.32215,-0.43844,0.34512,-0.83584,-1.01257,0.03555,-0.37434,-1.3189,-0.9873,-1.03995,-0.46928,-0.49669,-0.47861,0.42267,0.72593,0.84858,1.44016,1.83479,1.81049,1.65808,2.12458,2.18982,1.45096,1.54398,1.79483,1.57388,1.04398,0.87095,0.73263,0.11142,0.17871,0.20445,0.22817,-0.21668,-0.37,-0.00238,-0.3409,-0.96329,-0.78592,-0.53495,-1.1055,-1.34404,-1.61277,-1.24297,-0.89767,-0.87882,-0.71769,-0.22706,-0.11747,-0.03201,0.24654,0.37647,0.20396,0.44592,0.56927,0.76742,0.6386,0.31233,0.40765,0.53125,0.5439,0.57415,0.64364,0.77573,0.53273,0.53088,0.28673,-0.27862,-0.82331,-0.64626,-0.68628,-1.18383,-1.46574,-1.24436,-1.01169,-0.18153,-0.46393,0.3032,0.66897,0.71311,0.61748,0.48697
ASN81,-0.28942,1.44366,1.39722,1.23887,1.12112,1.19918,1.03058,0.99137,0.89647,0.94055,0.48645,0.33645,0.61814,0.88899,0.7716,0.29446,-0.33643,0.12706,-0.07666,-0.25985,-0.00901,-0.32836,-0.31598,-0.74953,-0.93138,-0.60942,-0.18887,0.3429,0.48815,0.02721,-0.7018,-1.14249,-1.7249,-1.42033,-0.56408,-0.30957,-0.77794,-0.94131,-0.61326,-0.86728,-1.44619,-1.64475,-1.32377,-1.6475,-1.94685,-1.9151,-1.68525,-1.6432,-1.52642,-1.39737,-1.35164,-1.14967,-1.10005,-0.88578,-0.59357,-0.52196,0.15832,0.26561,0.86168,1.09485,0.76246,0.21128,0.29248,0.22435,-0.04701,-0.24383,-0.1125,-0.18241,0.1531,0.27509,0.68846,0.52241,0.41638,0.6216,0.62403,0.28363,-0.06978,0.22997,0.11959,0.44228,0.0,0.13462,0.04171,0.28475,0.26602,-0.5144,-0.5914,-0.37684,-0.90641,-1.27194,-1.058,-1.46848,-0.88257,-1.00966,-0.77204,0.41714,0.57201,0.79985,1.68197,1.85868,1.8795,2.15968,2.36217,2.01208,1.63719,1.97944,1.85709,1.69227,1.3478,1.31464,1.2998,0.49141,0.60245,0.83402,0.79339,0.49302,0.29963,0.47129,0.28095,-0.37778,-0.44114,-0.18419,-0.71716,-1.13237,-1.38962,-1.24545,-0.85941,-0.73288,-0.49228,-0.10565,-0.03485,0.21442,0.56358,0.59364,0.3833,0.70791,0.9526,1.14656,0.899,0.48301,0.66208,0.76703,0.59905,0.711,0.90165,0.91179,0.56971,0.40011,0.30045,-0.23713,-1.05877,-1.05749,-0.82606,-1.43666,-1.80718,-1.66723,-1.75233,-0.97319,-1.2003,-0.42994,0.29298,0.33736,0.55419,0.9547
ALA82,-0.17587,1.27165,1.21879,1.0547,0.92359,0.98049,0.75597,0.81821,1.1055,1.15619,0.51162,0.28532,0.51978,0.91346,0.95196,0.64653,-0.07668,0.254,-0.03028,-0.27392,-0.09109,-0.38462,-0.28266,-0.7588,-0.81368,-0.66906,-0.10684,0.26893,0.33784,-0.18724,-0.88242,-1.24089,-1.55796,-1.40796,-0.18216,-0.21207,-0.42383,-0.71462,-0.30742,-0.50024,-1.08227,-1.29631,-0.89194,-1.30156,-1.76206,-1.66798,-1.38496,-1.46633,-1.41125,-1.20647,-1.1306,-0.85031,-0.7249,-0.41714,-0.10315,-0.03265,0.6945,0.72851,1.19492,1.25946,0.88537,0.3876,0.36022,0.16142,-0.1741,-0.45437,-0.44605,-0.54883,-0.2631,-0.32145,0.13729,0.11727,-0.14991,-0.0069,0.05159,-0.34743,-0.55181,-0.30873,-1.18618,-0.83014,0.13462,0.0,-0.03193,0.01076,0.01986,-0.12656,-0.29087,-0.67101,-0.86083,-0.8014,-0.70068,-1.3034,-1.0105,-1.20487,-0.73249,0.34948,0.22471,0.44175,1.33688,1.21214,1.09095,1.61432,1.74057,1.11206,0.90882,1.54658,1.11159,1.1413,1.09228,1.05268,1.19049,0.50583,0.63757,0.9393,0.95435,0.73015,0.55627,0.79495,0.7619,0.14884,0.09663,0.41042,-0.05344,-0.53166,-0.74153,-0.87418,-0.69425,-0.54149,-0.28237,-0.00804,-0.02423,0.21912,0.51139,0.52549,0.3588,0.50317,0.66965,0.86499,0.61954,0.27149,0.39923,0.52628,0.28217,0.48651,0.74569,0.6147,0.3046,0.02089,0.01819,-0.2766,-1.0932,-1.19443,-0.67176,-1.17413,-1.60969,-1.52786,-1.74319,-1.31675,-1.4751,-0.87737,-0.1919,0.11415,0.76488,1.45214
LYS83,0.48057,1.58561,1.63542,1.68499,1.468,1.33317,1.25906,1.4004,1.5554,1.62444,0.74838,0.41957,0.47875,0.87193,0.96748,0.70225,-0.07102,0.23176,-0.1314,-0.30636,-0.11952,-0.39574,-0.26927,-0.84188,-0.9571,-0.89584,-0.23013,0.06591,0.0635,-0.4297,-1.15575,-1.45399,-1.50803,-1.34698,-0.02792,-0.41319,-0.29504,-0.81372,-0.41761,-0.58123,-1.13835,-1.34935,-0.93342,-1.37029,-1.88969,-1.81513,-1.49334,-1.60385,-1.57783,-1.31327,-1.2185,-0.89881,-0.71157,-0.40227,-0.0623,-0.02945,0.68668,0.73003,1.26414,1.28908,0.8548,0.33791,0.32717,0.05233,-0.32934,-0.54405,-0.49302,-0.63102,-0.35224,-0.46359,-0.11607,-0.07178,-0.34711,-0.34285,-0.38212,-0.59202,-0.82041,-0.25503,-1.30616,-1.32215,0.04171,-0.03193,0.0,-0.10551,-1.14095,-0.69134,-0.37374,-0.99811,-1.23528,-0.91675,-0.83007,-1.42052,-1.19153,-1.40088,-0.68606,0.40569,0.32965,0.43157,1.39329,1.44653,1.18795,1.59905,1.76798,0.967,0.81211,1.4779,1.32029,1.59407,1.57043,1.41765,1.78905,1.17428,0.98167,1.25273,1.17972,0.96766,0.81096,1.0159,0.99799,0.42525,0.33757,0.62052,0.19981,-0.31688,-0.52745,-0.69556,-0.77367,-0.53729,-0.17191,-0.00941,-0.10446,0.20951,0.55433,0.44099,0.33487,0.55236,0.78206,1.08845,0.76939,0.40192,0.58254,0.77173,0.33202,0.59221,0.9375,0.71699,0.3204,0.12262,0.28512,-0.1231,-1.00443,-1.1474,-0.49602,-0.99,-1.55188,-1.43244,-1.61194,-1.15192,-1.2161,-0.72966,-0.09794,0.09587,0.4581,0.84781
LEU84,0.52014,1.21067,1.38198,1.34678,1.03574,0.94696,1.09179,1.09637,1.05225,1.12965,0.65123,0.55255,0.61197,0.94249,0.99535,0.72796,-0.01234,0.43147,0.09647,-0.19774,0.01203,-0.34916,-0.25737,-0.92864,-1.0775,-0.87737,-0.33559,0.11696,0.09775,-0.37433,-1.12413,-1.50576,-1.63194,-1.2633,-0.65251,-0.80915,-0.6378,-0.84191,-0.41079,-0.66968,-1.43478,-1.62865,-1.1796,-1.72625,-2.24149,-2.11286,-1.77235,-1.88811,-1.79124,-1.48108,-1.39567,-1.03061,-0.84328,-0.56225,-0.23857,-0.20655,0.49784,0.46465,0.97742,1.1524,0.69596,0.20253,0.33375,0.11142,-0.36638,-0.52502,-0.39705,-0.51959,-0.23231,-0.08749,0.08117,0.0935,0.32264,0.47638,0.24565,0.40171,0.43699,1.00523,-0.16773,-0.43844,0.28475,0.01076,-0.10551,0.0,-0.89737,-0.41307,0.02684,-0.15769,-0.46711,-0.37143,-0.20866,-0.70603,-0.46368,-0.74164,-0.06457,1.20132,0.84659,0.81645,2.05406,2.02692,1.63299,1.92088,2.14981,1.53838,1.39083,1.77548,1.81823,2.30376,2.01862,1.87651,2.27758,1.65724,1.27284,1.35085,1.35338,1.00608,0.79263,1.23582,1.23008,0.60044,0.6621,1.04522,0.54035,0.0164,-0.40986,-0.67452,-0.95682,-0.67391,-0.24814,-0.44301,-0.55427,-0.07416,0.30834,0.01531,0.05322,0.28292,0.48055,0.72878,0.20994,0.01622,0.25177,0.33354,-0.1879,0.07091,0.42034,0.15734,-0.31818,-0.32755,-0.01429,-0.46995,-1.2373,-1.00368,-0.3751,-0.91648,-1.27596,-0.91415,-1.2023,-0.92323,-1.15351,-1.08994,-0.42983,-0.24672,0.04996,0.4853
LYS85,0.0283,0.55952,0.64394,0.41535,0.13992,0.2136,0.09026,0.0594,0.26008,0.39812,0.38445,0.46836,0.65289,1.10655,1.06393,1.08061,0.61129,0.95794,0.61573,0.0748,0.14305,-0.16271,0.01798,-0.42739,-0.28381,-0.16736,0.08468,0.38051,0.30874,0.01289,-0.62759,-0.85373,-1.01863,-0.81124,-0.47448,-0.21096,-0.09335,0.12684,0.54863,0.20817,-0.60078,-0.70437,-0.31777,-0.97588,-1.54801,-1.42895,-1.30629,-1.54905,-1.45671,-1.20362,-1.15681,-0.80675,-0.61377,-0.31393,0.06606,0.22101,0.71825,0.38112,0.66814,0.83397,0.37745,0.05373,0.3071,0.04481,-0.35737,-0.44967,-0.41535,-0.56988,-0.2859,-0.04139,0.06363,0.04207,0.38599,0.76535,0.64209,0.76546,0.92214,1.28087,0.82681,0.34512,0.26602,0.01986,-1.14095,-0.89737,0.0,-0.44219,-0.51109,0.27234,0.21843,-0.15017,0.11417,-0.2023,-0.00136,-0.38077,0.21423,1.42494,0.63017,0.5044,1.59722,1.32312,0.83766,1.04677,1.27579,1.04589,0.86552,1.15603,1.18478,1.39245,1.28652,1.1399,1.23821,0.84139,0.69819,0.67449,0.93984,0.47859,0.27256,0.98998,1.02126,0.44774,0.7791,1.27097,0.7964,0.40954,-0.19624,-0.45421,-0.80682,-0.65216,-0.41668,-0.6246,-0.7139,-0.46806,-0.22634,-0.40382,-0.284,-0.29007,-0.28679,-0.17241,-0.53786,-0.57709,-0.52863,-0.44166,-0.73877,-0.44969,-0.1909,-0.45703,-0.77476,-0.79865,-0.56868,-0.82374,-1.32874,-0.82738,-0.27991,-0.73984,-0.88521,-0.44957,-0.76166,-0.79483,-1.15011,-1.22389,-0.83864,-0.64808,-0.08153,0.59525
PRO86,0.46497,0.07078,0.11545,-0.02366,-0.33738,-0.36084,-0.41749,-0.20448,0.45527,0.58185,0.49067,0.64293,0.58251,1.20735,1.417,1.66546,1.14363,1.24902,0.78637,0.23349,0.19732,-0.13846,0.13967,-0.29176,-0.00087,-0.1198,0.33647,0.37605,-0.03806,-0.35083,-0.84603,-0.92382,-0.57052,-0.72206,-0.06683,-0.19561,0.49056,0.69298,1.15833,0.87875,0.10612,0.09589,0.48912,-0.22408,-0.91798,-0.73384,-0.5944,-1.10144,-1.21894,-0.87292,-0.7772,-0.31991,-0.00044,0.38086,0.78039,0.84446,1.34617,0.93507,0.98562,0.8913,0.39445,0.21685,0.31216,-0.11168,-0.52327,-0.65815,-0.86974,-1.05123,-0.83098,-0.82018,-0.94176,-0.85526,-0.70781,-0.70361,-0.76723,-0.54517,-0.37832,0.08543,-0.37348,-0.83584,-0.5144,-0.12656,-0.69134,-0.41307,-0.44219,0.0,-0.31214,-0.87807,0.2037,0.51758,0.56258,0.04053,-0.14142,-0.53736,0.3995,1.35196,0.18762,0.06115,1.12338,0.49506,-0.18704,0.08665,0.11783,-0.38895,-0.39933,0.06593,0.00403,0.53202,0.61227,0.41933,0.78432,0.88724,0.61258,0.84842,1.33575,1.0154,0.77587,1.47481,1.68436,1.26125,1.52965,2.05419,1.81008,1.37343,0.89452,0.2925,-0.33148,-0.0813,0.19489,-0.33759,-0.65809,-0.38033,-0.2899,-0.67399,-0.50203,-0.64206,-0.69412,-0.66371,-1.04828,-0.90841,-0.94789,-0.94934,-1.3314,-0.91952,-0.60859,-0.96254,-1.16003,-1.21897,-0.79054,-0.67768,-1.04511,-0.72108,0.18176,-0.04843,-0.3003,0.03437,-0.51189,-0.95991,-1.13006,-1.3647,-1.11559,-0.80242,-0.11978,0.51269
VAL87,1.02342,0.09101,0.19109,0.09592,-0.18548,-0.18648,-0.08889,0.13042,0.78477,0.87955,0.62172,0.65866,0.39108,0.84416,1.10204,1.42777,0.91837,0.9636,0.50103,0.04553,0.08097,-0.28291,-0.00677,-0.49474,-0.29209,-0.44076,-0.0481,-0.04828,-0.42083,-0.59962,-1.0434,-1.05894,-0.5716,-0.59621,-0.14642,-0.39397,0.46364,0.59245,0.99914,0.79385,0.03079,-0.03825,0.43406,-0.21866,-0.85604,-0.67881,-0.49126,-0.99615,-1.14522,-0.81302,-0.72638,-0.23262,0.05966,0.3778,0.67395,0.66137,1.03696,0.69028,0.72988,0.59933,0.18678,0.0091,0.07182,-0.30865,-0.68158,-0.81278,-0.93864,-1.06329,-0.85898,-0.89638,-1.07467,-0.89122,-0.68735,-0.73725,-0.80028,-0.51526,-0.33482,0.15394,-0.53053,-1.01257,-0.5914,-0.29087,-0.37374,0.02684,-0.51109,-0.31214,0.0,-1.70359,-1.07415,0.17077,0.2472,-0.05523,-0.26131,-0.41736,0.59082,1.28829,0.30219,0.22273,1.17659,0.5462,-0.09006,0.18425,0.16851,-0.2738,-0.16788,0.10417,0.10122,0.6551,0.80366,0.68901,1.14053,1.28207,0.93763,1.15715,1.52153,1.278,1.10002,1.65742,1.77194,1.43007,1.71016,2.07967,1.90397,1.58848,1.21094,0.63977,-0.07582,0.14454,0.50696,-0.12957,-0.55993,-0.19063,-0.08588,-0.60773,-0.36886,-0.503,-0.49605,-0.46105,-0.87258,-0.79872,-0.70671,-0.79362,-1.23828,-0.86394,-0.56989,-0.96672,-1.09351,-1.05901,-0.60207,-0.47082,-0.64095,-0.29183,0.49848,0.37994,0.16554,0.55658,0.0152,-0.52768,-0.7361,-1.1827,-1.01344,-0.80892,-0.50578,0.02628
TYR88,1.7804,0.51697,0.82521,0.60407,0.3278,0.35024,0.4571,0.3943,0.00801,0.16326,-0.15834,-0.02029,-0.04634,0.21853,0.31781,0.82597,0.79622,0.81892,0.66045,0.15438,0.12555,-0.11927,0.18516,-0.16617,0.05351,-0.20108,-0.25091,-0.38813,-0.61025,-0.42042,-0.52151,-0.44711,-0.04324,0.2916,-0.12286,0.08805,0.74749,1.04555,1.23558,0.98984,0.31321,0.24358,0.5292,0.02406,-0.46823,-0.40461,-0.43586,-0.74535,-0.82257,-0.69818,-0.65988,-0.33905,-0.11799,0.02459,0.30798,0.3452,0.34733,-0.1453,-0.18915,-0.23707,-0.50558,-0.54119,-0.47738,-0.65002,-0.7398,-0.71117,-0.78844,-0.84266,-0.67839,-0.26257,-0.54087,-0.51956,0.1596,0.30177,-0.02661,0.54755,1.00673,1.08936,0.51892,0.03555,-0.37684,-0.67101,-0.99811,-0.15769,0.27234,-0.87807,-1.70359,0.0,-0.75858,-1.42296,-0.18026,0.17957,0.48994,0.50441,1.0351,1.67939,1.02521,0.73719,1.47638,1.16536,0.64918,0.65271,0.54427,0.5702,0.6103,0.38141,0.54428,0.78256,0.53156,0.50126,0.7037,0.60768,0.23431,0.10125,0.51947,0.11225,0.11339,0.88959,0.80123,0.54097,1.15075,1.4527,1.15943,1.17204,0.52855,0.39442,-0.39552,-0.51685,-0.12821,-0.55821,-0.95322,-0.79797,-0.71681,-1.14522,-0.93097,-0.95486,-0.87558,-0.82509,-1.17957,-0.92541,-1.01423,-1.01717,-1.23537,-0.99356,-0.91413,-1.28613,-1.39822,-0.82479,-0.48448,-0.87218,-0.59105,0.29278,0.39852,0.23296,0.46255,1.15201,1.03942,0.6406,0.07838,-0.61139,-0.32498,-0.31914,-0.47339,-0.16484
ASP89,1.88221,-0.03024,0.31586,0.204,-0.11764,-0.1235,-0.05756,-0.04911,-0.18955,-0.11378,-0.02973,0.21471,0.14378,0.43583,0.5513,1.20385,1.31403,1.24077,1.03929,0.51673,0.35986,0.22261,0.5477,0.30251,0.61888,0.22748,0.13732,-0.09584,-0.43935,-0.28846,-0.241,-0.06011,0.6104,0.65885,0.11972,0.20531,1.1743,1.66726,1.84555,1.56605,1.00633,1.0555,1.25547,0.73178,0.22389,0.3254,0.20268,-0.28249,-0.45549,-0.38497,-0.34872,-0.01995,0.30214,0.53165,0.84776,0.85996,0.75423,0.12856,-0.13175,-0.30309,-0.56424,-0.39984,-0.37295,-0.59304,-0.61611,-0.48047,-0.70756,-0.89181,-0.76057,-0.43729,-0.84985,-0.82595,-0.25065,-0.24375,-0.45823,0.05848,0.28179,0.55191,0.28629,-0.37434,-0.90641,-0.86083,-1.23528,-0.46711,0.21843,0.2037,-1.07415,-0.75858,0.0,-0.62611,0.08435,0.00158,0.01394,0.09548,0.86645,1.43444,0.60261,0.30599,0.91148,0.53941,-0.10443,-0.24296,-0.43041,-0.4479,-0.4393,-0.66102,-0.36662,-0.01443,-0.35598,-0.50245,-0.14397,0.1389,-0.30357,-0.37125,0.45271,0.15368,0.02453,0.91672,1.0514,0.77041,1.23021,1.59555,1.41249,1.31804,0.75285,0.37677,-0.43307,-0.44193,-0.23715,-0.79391,-1.104,-1.01525,-1.12296,-1.6044,-1.35181,-1.5174,-1.43098,-1.39717,-1.71969,-1.19,-1.34133,-1.35455,-1.59318,-1.31574,-1.27961,-1.70693,-1.69612,-1.12383,-0.73808,-0.97106,-0.56605,0.26156,0.42751,0.38125,0.66676,1.25536,1.09849,0.5314,0.10896,-0.58672,-0.49,-0.35655,-0.31994,-0.06383
SER90,1.68701,-0.64031,-0.46133,-0.43711,-0.73709,-0.67543,-0.56791,-0.46859,0.1377,0.02275,0.39635,0.64597,0.29938,0.63868,0.79394,1.40604,1.34771,1.21976,0.95382,0.49389,0.42905,0.19697,0.51963,0.21095,0.52624,0.12423,0.1264,-0.05377,-0.43409,-0.42747,-0.39858,-0.21622,0.66398,0.41738,0.00545,-0.16046,1.05565,1.63445,1.88751,1.71749,1.1741,1.22802,1.47857,0.98726,0.49172,0.68687,0.67912,0.07445,-0.1766,-0.0299,0.00407,0.37193,0.70785,0.94929,1.19397,1.13614,1.04069,0.43712,0.1274,-0.15934,-0.40434,-0.22714,-0.26637,-0.53689,-0.582,-0.49527,-0.74755,-0.89717,-0.88084,-0.83589,-1.35418,-1.22428,-0.86893,-0.94568,-1.0769,-0.71914,-0.58179,-0.20456,-0.54567,-1.3189,-1.27194,-0.8014,-0.91675,-0.37143,-0.15017,0.51758,0.17077,-1.42296,-0.62611,0.0,-0.25044,-0.33607,-0.82664,-0.66942,0.50677,1.02117,0.02115,-0.12916,0.46162,-0.19993,-0.84272,-0.66606,-1.03136,-1.17356,-0.93101,-0.99789,-1.00974,-0.61863,-0.72838,-0.73965,-0.21831,0.35031,0.03106,0.26311,1.12039,1.13366,0.91384,1.49243,1.91123,1.61291,1.68228,2.03068,1.93328,1.63747,1.31092,0.64752,-0.1021,0.12984,0.26353,-0.55344,-0.88263,-0.62366,-0.84458,-1.47864,-1.14623,-1.39264,-1.39669,-1.38993,-1.68089,-1.17664,-1.19243,-1.34402,-1.69952,-1.37549,-1.26691,-1.77198,-1.64442,-1.31308,-0.82534,-0.63784,-0.29457,0.30986,0.82729,0.8199,0.95605,1.41894,0.96864,0.11807,-0.12203,-0.88769,-0.94704,-0.68017,-0.39354,0.01818
LEU91,2.05414,-0.42401,-0.07042,-0.28016,-0.63192,-0.34635,-0.12774,-0.20537,-0.19674,-0.18103,-0.13139,0.10192,-0.30228,0.01287,0.28618,1.11595,1.13847,0.92618,0.8578,0.41809,0.37604,0.22582,0.52285,0.2265,0.4549,-0.08313,-0.20771,-0.47514,-0.85414,-0.72654,-0.54389,-0.2959,0.62613,0.60834,0.01991,-0.02003,1.20601,1.76646,1.96469,1.81415,1.27976,1.2455,1.45783,1.12675,0.62157,0.74187,0.80849,0.28149,-0.02851,0.08237,0.15733,0.45393,0.76214,0.89778,1.15253,1.05791,0.784,0.05566,-0.27781,-0.59918,-0.81936,-0.59763,-0.71688,-0.95351,-0.92199,-0.82873,-1.06375,-1.09979,-1.11387,-0.90611,-1.43381,-1.3725,-0.81987,-0.72487,-0.94809,-0.60802,-0.33079,-0.0053,-0.36261,-0.9873,-1.058,-0.70068,-0.83007,-0.20866,0.11417,0.56258,0.2472,-0.18026,0.08435,-0.25044,0.0,0.48467,-0.11853,-0.13165,0.91424,1.48989,0.49628,0.24881,0.70708,0.12409,-0.39388,-0.25807,-0.79871,-0.78917,-0.49114,-0.79082,-0.82021,-0.66819,-0.8428,-0.63434,-0.18241,0.11287,-0.1337,0.04769,0.82927,0.78856,0.75545,1.4743,1.77413,1.61749,2.02653,2.19355,2.002,1.90168,1.36758,0.97752,0.06131,-0.02413,0.19746,-0.62266,-1.15803,-0.91188,-1.05434,-1.67863,-1.38208,-1.63099,-1.62664,-1.64504,-1.9335,-1.36626,-1.40193,-1.53055,-1.80677,-1.4238,-1.39788,-1.96325,-1.71905,-1.03425,-0.46389,-0.54056,0.109,1.00213,1.23719,1.16578,1.45254,2.10659,1.81088,0.81818,0.3587,-0.69128,-0.67167,-0.55685,-0.65102,-0.29353
ASP92,2.24687,-0.33946,0.04692,-0.20549,-0.52308,-0.23006,0.02067,-0.18726,-0.6144,-0.73991,-0.74083,-0.49415,-0.90738,-0.83666,-0.58623,0.67243,1.07336,0.72417,0.85709,0.45075,0.35349,0.35462,0.66581,0.49847,0.73495,0.1151,-0.28047,-0.73608,-1.04841,-0.60815,-0.1539,0.24294,1.21522,1.38694,0.26239,0.40797,1.60056,2.12058,2.16233,2.05371,1.67071,1.6468,1.68191,1.55152,1.25615,1.30418,1.28006,0.90728,0.57469,0.53461,0.62198,0.78632,0.98874,0.94188,1.14184,1.01803,0.47642,-0.32082,-0.81004,-1.12406,-1.19743,-0.88988,-1.03833,-1.20125,-0.97377,-0.82547,-1.07317,-1.03683,-1.07866,-0.70711,-1.40206,-1.45743,-0.71656,-0.57119,-0.94317,-0.63768,-0.27979,-0.19009,-0.49966,-1.03995,-1.46848,-1.3034,-1.42052,-0.70603,-0.2023,0.04053,-0.05523,0.17957,0.00158,-0.33607,0.48467,0.0,0.68786,1.18656,1.11231,1.16087,0.49308,0.15282,0.26158,-0.09747,-0.35889,-0.28431,-0.95532,-0.65934,-0.24236,-0.89762,-0.88841,-0.95561,-1.21628,-0.93428,-0.68164,-0.45485,-0.73528,-0.79519,-0.07318,-0.12078,0.06911,0.89011,1.10154,1.18882,1.81218,1.9027,1.74814,1.91495,1.25819,1.06092,0.17337,-0.12112,0.02212,-0.70943,-1.24042,-1.12835,-1.35996,-1.89005,-1.52144,-1.81663,-1.83824,-1.93476,-2.18261,-1.47496,-1.5966,-1.7428,-1.85237,-1.56533,-1.70162,-2.21827,-1.86411,-0.79014,-0.26112,-0.58184,0.59658,1.88258,1.56222,1.51343,2.15888,2.88844,2.7884,1.80973,1.16797,-0.2297,-0.19204,-0.19941,-0.60326,-0.26778
ALA93,2.21785,0.48849,1.13304,0.83203,0.546,1.00399,1.14466,0.58782,-0.38603,-0.5402,-0.85885,-1.0496,-1.25158,-1.43098,-1.33807,-0.14841,0.46726,0.26322,0.59714,0.23487,0.20287,0.32797,0.57538,0.45937,0.51325,-0.09237,-0.62921,-1.01828,-1.05493,-0.60322,-0.15049,0.21012,0.9475,1.51002,0.20588,0.54947,1.42929,1.85581,1.66704,1.60499,1.34129,1.2693,1.24691,1.21557,1.00164,0.9328,0.88632,0.73599,0.50428,0.37935,0.4966,0.54177,0.63202,0.3867,0.63769,0.48702,-0.18684,-0.85109,-1.22363,-1.40429,-1.37402,-1.13543,-1.27272,-1.21961,-0.96642,-0.8459,-0.95578,-0.84834,-0.90433,-0.31455,-0.79249,-0.99187,-0.21423,0.07387,-0.35138,-0.14368,0.20099,0.33869,-0.03203,-0.46928,-0.88257,-1.0105,-1.19153,-0.46368,-0.00136,-0.14142,-0.26131,0.48994,0.01394,-0.82664,-0.11853,0.68786,0.0,0.70704,0.81532,1.1406,0.60931,0.28175,0.34642,0.4247,0.37133,0.39369,-0.30152,0.00699,0.36626,-0.38911,-0.43539,-0.62425,-0.9501,-0.615,-0.37251,-0.51596,-0.80641,-0.9808,-0.4681,-0.63751,-0.40601,0.42764,0.41324,0.39537,1.1688,1.28649,0.95265,1.18657,0.53097,0.54611,-0.16872,-0.52432,-0.36519,-0.81117,-1.27574,-1.19286,-1.24648,-1.65904,-1.31202,-1.41208,-1.36484,-1.43621,-1.6831,-1.06278,-1.16812,-1.26507,-1.2482,-1.09583,-1.3414,-1.71364,-1.41725,-0.18984,0.1874,-0.67098,0.40103,1.95208,1.10159,0.82837,1.70881,2.54996,2.67991,2.09763,1.35752,0.14732,0.43317,0.27193,-0.23091,0.08925
VAL94,2.3113,0.50455,1.06165,0.7683,0.50128,1.24322,1.69905,0.88961,-0.24126,-0.34062,-0.98106,-1.55992,-1.72654,-2.01616,-2.03625,-0.86514,-0.10861,-0.32283,0.29497,0.07864,0.07303,0.25523,0.48255,0.40276,0.31883,-0.37296,-1.00463,-1.34502,-1.2493,-0.7401,-0.20199,0.1904,0.87762,1.56665,0.30017,0.63773,1.30813,1.74565,1.44206,1.43914,1.36851,1.2705,1.21826,1.36115,1.21865,1.05997,1.08003,1.00212,0.74084,0.59206,0.75438,0.71746,0.79194,0.41329,0.57622,0.36163,-0.51625,-1.19064,-1.52489,-1.70495,-1.5176,-1.20237,-1.43994,-1.33758,-0.94153,-0.80118,-0.96143,-0.77471,-0.8804,-0.35484,-0.70626,-0.84827,-0.16064,0.12935,-0.27301,-0.09175,0.13747,0.26034,-0.06376,-0.49669,-1.00966,-1.20487,-1.40088,-0.74164,-0.38077,-0.53736,-0.41736,0.50441,0.09548,-0.66942,-0.13165,1.18656,0.70704,0.0,0.24542,0.68601,0.4391,0.17365,0.02586,0.17971,0.32977,0.24746,-0.40686,-0.03705,0.35461,-0.54307,-0.4636,-0.7071,-1.10417,-0.73135,-0.46505,-0.66052,-1.02429,-1.24717,-0.88066,-0.98308,-0.62728,0.08211,0.04126,0.19681,1.01153,1.06699,0.79615,1.09956,0.45631,0.55563,-0.16949,-0.5995,-0.44439,-0.73484,-1.20024,-1.2133,-1.1675,-1.47556,-1.25205,-1.26457,-1.10331,-1.1433,-1.29977,-0.76605,-0.847,-0.88783,-0.75555,-0.63999,-0.94662,-1.20997,-0.73042,0.56923,0.84649,0.02421,1.33013,2.86196,1.74747,1.4911,2.44858,3.27143,3.45826,2.64493,1.77157,0.60707,0.77527,0.43234,-0.32745,-0.04555
ARG95,1.90818,0.49501,1.0266,0.67814,0.30771,0.81973,1.27436,0.89116,0.04032,0.2568,-0.39378,-0.90117,-1.24152,-1.2883,-1.109,-0.13633,0.17173,-0.06598,0.38317,0.11627,0.13984,0.15685,0.44969,0.15091,0.09068,-0.5496,-0.9513,-1.23429,-1.26831,-0.9852,-0.64349,-0.34643,0.33435,0.79985,0.04791,0.23031,1.06828,1.42834,1.41066,1.42622,1.12808,1.05053,1.18625,1.174,0.87545,0.78999,0.90791,0.6801,0.36237,0.3092,0.54931,0.70793,0.89114,0.67526,0.91271,0.62173,0.02968,-0.68134,-1.028,-1.2737,-1.2405,-0.99719,-1.25813,-1.25674,-1.03182,-0.92006,-1.15249,-1.00052,-0.99764,-0.64998,-0.92311,-0.88729,-0.37211,-0.17978,-0.37652,-0.17927,-0.03656,0.3583,0.00222,-0.47861,-0.77204,-0.73249,-0.68606,-0.06457,0.21423,0.3995,0.59082,1.0351,0.86645,0.50677,0.91424,1.11231,0.81532,0.24542,0.0,-0.09418,-0.0188,0.03339,-0.05217,-0.18428,-0.18752,-0.21478,-0.76504,-0.56607,-0.26701,-0.9405,-0.7285,-0.75511,-1.16005,-0.79858,-0.35313,-0.42664,-0.78524,-0.87445,-0.36234,-0.35227,-0.15334,0.56496,0.75341,0.83328,1.5267,1.5898,1.33522,1.4382,0.71784,0.56037,-0.2013,-0.52138,-0.37534,-0.68152,-1.14204,-1.13965,-1.06473,-1.34119,-1.14658,-1.21128,-1.01003,-0.96869,-1.2092,-0.7538,-0.73609,-0.72129,-0.69946,-0.48394,-0.68814,-0.90989,-0.39064,0.54998,0.84872,0.56439,1.64068,2.5805,2.03559,1.99322,2.44429,2.9062,2.80074,1.87973,1.27452,0.2216,0.22449,-0.02526,-0.54972,-0.32614
ARG96,1.75158,0.93576,1.5337,1.408,1.05584,1.81026,2.47816,2.0683,0.71412,0.88252,0.05126,-0.67106,-0.91818,-0.97095,-0.83384,-0.04656,0.05296,0.17263,0.51694,0.13146,0.1916,0.10293,0.31002,-0.09811,-0.22182,-0.71066,-1.0516,-1.19613,-1.07614,-0.97685,-0.82784,-0.68892,-0.16119,0.38377,-0.34597,-0.07008,0.63664,0.94046,0.91997,0.8319,0.41351,0.29511,0.45159,0.38557,0.06702,-0.02637,0.05184,-0.06765,-0.29932,-0.37918,-0.18279,-0.02251,0.17367,-0.0309,0.37741,0.16715,-0.33695,-0.98471,-1.09184,-1.17537,-1.18673,-1.14843,-1.28485,-1.18976,-1.05937,-1.05015,-1.07569,-0.95632,-0.91928,-0.40353,-0.48702,-0.52709,0.17401,0.62365,0.26649,0.52092,0.7707,1.42702,0.86701,0.42267,0.41714,0.34948,0.40569,1.20132,1.42494,1.35196,1.28829,1.67939,1.43444,1.02117,1.48989,1.16087,1.1406,0.68601,-0.09418,0.0,0.26761,0.04317,0.47608,0.55325,0.59065,0.64322,-0.10852,0.03338,0.36699,-0.1751,-0.25681,-0.26563,-0.62211,-0.17735,0.30755,-0.11239,-0.37201,-0.33821,0.0737,-0.23453,-0.08745,0.85211,0.80162,0.5404,1.34465,1.5651,0.96236,0.97241,0.10554,0.09004,-0.6149,-0.89662,-0.62489,-0.84957,-1.24448,-1.15592,-0.96037,-1.29909,-1.05233,-1.07087,-0.82837,-0.70482,-1.09779,-0.7365,-0.75721,-0.77221,-0.93776,-0.71095,-0.73274,-0.92618,-0.84887,0.17863,0.71199,-0.40397,0.06168,1.51713,0.94696,0.29571,0.87323,1.89801,1.90657,1.52893,0.58933,-0.27757,0.35002,0.1276,-0.26689,0.0765
CYS97,1.88313,1.69417,2.40363,2.27905,1.9547,2.91822,3.61337,2.99215,1.30026,1.57503,0.04734,-1.44434,-1.49179,-1.80877,-1.75958,-1.2193,-1.01453,-0.78262,-0.05014,-0.1377,0.04937,0.08163,0.15248,-0.22058,-0.61365,-1.09218,-1.46525,-1.46744,-1.088,-0.99873,-0.82195,-0.6902,-0.38062,0.42097,-0.14849,0.17395,0.42263,0.49776,0.26186,0.20853,0.05035,-0.16123,-0.11216,0.0869,-0.03311,-0.27827,-0.1551,-0.00937,-0.19569,-0.41183,-0.19763,-0.29647,-0.22588,-0.67928,-0.32767,-0.56605,-1.20376,-1.63356,-1.56028,-1.49505,-1.31463,-1.28528,-1.42605,-1.10233,-0.9016,-0.88203,-0.80717,-0.5812,-0.59655,-0.05937,0.10996,0.00484,0.5731,1.14796,0.85963,0.90962,0.90853,1.55076,1.01303,0.72593,0.57201,0.22471,0.32965,0.84659,0.63017,0.18762,0.30219,1.02521,0.60261,0.02115,0.49628,0.49308,0.60931,0.4391,-0.0188,0.26761,0.0,0.06461,0.03521,0.78903,1.01917,1.02861,0.36684,0.47927,0.69223,0.14597,0.1836,0.09543,-0.42823,0.06674,0.62091,-0.14611,-0.42636,-0.47155,-0.32939,-0.84705,-0.76338,0.02074,-0.25416,-0.52017,0.33943,0.44346,-0.16233,-0.01932,-0.75484,-0.36565,-0.84876,-1.21935,-0.90672,-0.7985,-1.14689,-1.12106,-0.75687,-0.86564,-0.6991,-0.49324,-0.06314,0.17008,-0.08828,0.20459,0.25103,0.28982,0.2096,0.20394,0.04331,-0.01512,0.06973,1.22882,1.42821,-0.18745,0.14504,1.4186,0.30115,-0.35563,0.34613,1.37417,1.91027,2.03028,1.04837,0.44182,1.20035,0.79441,0.15816,0.30789
ALA98,1.1311,1.39042,1.97974,1.79728,1.41244,2.13463,2.56223,2.19978,1.11721,1.69376,0.33337,-1.30826,-1.14139,-1.44718,-1.39309,-1.28903,-1.30565,-1.0605,-0.394,-0.45565,-0.21386,-0.14195,-0.09035,-0.50667,-0.9843,-1.32307,-1.61244,-1.403,-0.9282,-0.98324,-0.98521,-0.88493,-0.78208,0.01253,-0.24066,0.05527,-0.03312,-0.05057,-0.23963,-0.1499,-0.22969,-0.47684,-0.36866,-0.11875,-0.19806,-0.41424,-0.14232,0.01418,-0.1608,-0.29901,-0.0833,-0.14027,-0.15334,-0.56934,-0.3483,-0.58122,-0.99965,-1.31141,-1.11728,-1.10064,-0.94017,-0.9712,-1.11405,-0.84875,-0.69161,-0.67175,-0.62824,-0.42214,-0.41748,-0.05584,0.28974,0.2545,0.59885,1.27345,1.25589,1.07954,1.05796,1.80674,1.08359,0.84858,0.79985,0.44175,0.43157,0.81645,0.5044,0.06115,0.22273,0.73719,0.30599,-0.12916,0.24881,0.15282,0.28175,0.17365,0.03339,0.04317,0.06461,0.0,-0.90617,-0.15357,0.57791,0.51659,0.05547,0.18883,0.41178,0.0089,0.00215,0.01205,-0.46192,0.08623,0.75254,-0.02283,-0.28994,-0.26582,-0.19488,-0.57007,-0.54359,0.11884,-0.11587,-0.39101,0.38395,0.41273,-0.13585,-0.05652,-0.68748,-0.35397,-0.78008,-1.13574,-0.80232,-0.60982,-0.91889,-0.90383,-0.43076,-0.35467,-0.27942,-0.03925,0.37326,0.64613,0.51083,0.66687,0.79728,0.8812,0.82772,0.72114,0.50374,0.59154,0.78899,1.60798,1.72701,0.69761,0.87802,1.67935,0.85903,0.36439,0.75298,1.24046,1.67644,1.581,0.94334,0.41436,0.81994,0.44932,0.01072,0.17936
LEU99,0.80819,1.10774,1.67616,1.54057,1.13349,1.61404,2.35653,2.00914,1.06911,1.94966,1.07238,-0.18969,-0.0264,-0.15815,-0.04681,-0.2618,-0.79359,-0.25552,0.10711,-0.19742,0.03264,-0.27028,-0.1554,-0.8713,-1.25335,-1.35591,-1.43667,-1.02258,-0.60682,-0.93239,-1.17316,-1.28761,-1.33571,-0.57267,-0.95416,-0.61847,-0.62211,-0.57636,-0.53568,-0.61701,-0.96549,-1.14066,-0.88042,-0.88385,-1.08529,-1.10553,-0.78079,-0.67906,-0.73634,-0.70962,-0.56153,-0.44824,-0.43319,-0.62993,-0.39463,-0.58202,-0.50614,-0.71032,-0.3707,-0.32517,-0.4088,-0.69112,-0.79329,-0.58352,-0.61437,-0.67188,-0.56141,-0.4186,-0.35461,-0.0115,0.3237,0.30311,0.77191,1.42231,1.27052,1.44205,1.67303,2.56463,1.68846,1.44016,1.68197,1.33688,1.39329,2.05406,1.59722,1.12338,1.17659,1.47638,0.91148,0.46162,0.70708,0.26158,0.34642,0.02586,-0.05217,0.47608,0.03521,-0.90617,0.0,-0.16948,0.36249,0.37725,-0.18751,-0.01898,0.23515,0.13735,0.10148,0.28282,-0.02918,0.59106,1.31446,0.39685,0.18798,0.4274,0.45899,0.08478,0.14896,0.81395,0.58528,0.12264,0.75648,0.90541,0.26346,0.16021,-0.50102,-0.30901,-0.74463,-1.01187,-0.62109,-0.46697,-0.7916,-0.70074,-0.1607,-0.21452,-0.21158,-0.06616,0.22641,0.51826,0.20079,0.24154,0.39448,0.58331,0.40145,0.34052,0.40165,0.60171,0.43159,0.92784,1.59419,0.69193,0.36547,1.39142,1.23536,0.2774,0.15579,0.84803,0.63889,0.62748,-0.15904,-0.42289,0.17988,-0.10364,-0.12284,0.10133
ILE100,1.09452,1.63159,2.33134,2.31055,1.89327,2.40249,3.22968,2.8653,1.54144,2.34985,1.24396,-0.40425,-0.13433,-0.43339,-0.55774,-0.83618,-1.23422,-0.39988,0.18504,0.17059,0.49163,0.1565,0.03913,-0.68423,-1.24755,-1.27417,-1.46286,-1.07834,-0.43109,-0.66298,-0.86899,-1.09466,-1.3134,-0.36314,-0.83188,-0.51104,-0.63131,-0.78353,-0.88903,-1.09364,-1.43455,-1.56631,-1.41059,-1.3766,-1.45113,-1.53605,-1.29726,-0.98757,-0.91244,-0.95565,-0.80702,-0.88627,-1.02163,-1.43528,-1.20003,-1.32333,-1.33743,-1.40089,-0.89648,-0.54326,-0.59863,-0.97039,-0.87786,-0.46138,-0.49363,-0.54337,-0.23588,-0.08158,-0.02901,0.42695,0.84728,0.81268,1.32659,2.04537,1.6663,1.95751,1.98166,2.68076,1.9758,1.83479,1.85868,1.21214,1.44653,2.02692,1.32312,0.49506,0.5462,1.16536,0.53941,-0.19993,0.12409,-0.09747,0.4247,0.17971,-0.18428,0.55325,0.78903,-0.15357,-0.16948,0.0,0.86129,0.8628,0.24636,0.37029,0.54426,0.40389,0.57211,0.65329,0.28853,0.87344,1.5654,0.48257,0.20563,0.22087,0.00545,-0.54411,-0.42092,0.12872,-0.45065,-0.98208,-0.30079,-0.17331,-0.82559,-0.79546,-1.33656,-0.80477,-0.98394,-1.26901,-0.8464,-0.53714,-0.79566,-0.75388,-0.20377,-0.23776,-0.19464,0.10628,0.50451,0.88104,0.61095,0.65476,0.83129,1.07571,0.91036,0.91118,0.98604,1.04738,0.61824,1.33689,1.81427,0.23923,-0.21822,0.85728,0.24174,-0.90886,-0.84771,0.1894,0.48281,1.06725,0.10885,0.00732,0.92102,0.40105,0.07364,0.14695
ASN101,0.97317,1.63742,2.24682,2.28392,1.91322,2.3761,3.0421,2.51576,1.12948,1.72141,0.71653,-1.06993,-0.58312,-1.37031,-1.4444,-1.8488,-2.07412,-1.25495,-0.40457,-0.2098,0.14917,0.02571,-0.32248,-0.91434,-1.62394,-1.42919,-1.64016,-1.19117,-0.3723,-0.55623,-0.67865,-0.81929,-1.25393,-0.17491,-0.75602,-0.32542,-0.83104,-1.07041,-1.2894,-1.38392,-1.53076,-1.80907,-1.63982,-1.3095,-1.30049,-1.49818,-1.13917,-0.68804,-0.62291,-0.67236,-0.473,-0.64297,-0.90958,-1.48312,-1.45991,-1.71618,-1.8739,-1.62201,-0.97592,-0.55337,-0.37507,-0.73377,-0.74384,-0.23397,-0.18012,-0.22663,0.04399,0.19439,0.09743,0.54716,1.0145,0.79424,1.22905,2.04608,1.77421,1.77241,1.8698,2.4817,1.78824,1.81049,1.8795,1.09095,1.18795,1.63299,0.83766,-0.18704,-0.09006,0.64918,-0.10443,-0.84272,-0.39388,-0.35889,0.37133,0.32977,-0.18752,0.59065,1.01917,0.57791,0.36249,0.86129,0.0,0.59153,0.05552,0.35593,0.55986,0.38328,0.37734,0.28172,-0.08856,0.67863,1.46366,0.18768,0.10809,0.06175,-0.32211,-0.8397,-0.66578,-0.28534,-0.96987,-1.43514,-0.7602,-0.76067,-1.42291,-1.17874,-1.6129,-0.80492,-0.86141,-1.21118,-0.76127,-0.2918,-0.5299,-0.5151,0.09456,0.12537,0.15468,0.50044,0.86034,1.20181,1.09161,1.06442,1.29223,1.51966,1.44544,1.24359,1.19934,1.39084,1.0333,1.87446,2.03603,0.26032,-0.04013,0.88528,-0.1473,-1.11403,-0.85277,-0.01918,0.6311,1.37652,0.50495,0.46822,1.48635,0.78372,0.21776,0.3925
MET102,0.71615,1.28045,1.69135,1.7052,1.41925,1.77029,2.25335,1.81902,0.98898,1.1878,0.52096,-0.62022,-0.17262,-0.95918,-1.20991,-1.85483,-2.19473,-1.30755,-0.60877,-0.51195,-0.10949,-0.38212,-0.69501,-1.5476,-2.22906,-1.78823,-1.93811,-1.17385,-0.4036,-0.59781,-0.86499,-0.99925,-1.46591,-0.43319,-1.33955,-0.82901,-1.40633,-1.42771,-1.50215,-1.50702,-1.76722,-2.10354,-1.87064,-1.5853,-1.61612,-1.77649,-1.39668,-0.92078,-0.75065,-0.64939,-0.48235,-0.62045,-0.92133,-1.34509,-1.46039,-1.78837,-1.70173,-1.35528,-0.53779,-0.09827,0.0704,-0.38542,-0.42489,0.06149,0.04213,-0.15804,0.11999,0.26401,0.1484,0.57923,0.86852,0.56177,1.13539,1.93876,1.49603,1.51058,1.90389,2.31106,1.45335,1.65808,2.15968,1.61432,1.59905,1.92088,1.04677,0.08665,0.18425,0.65271,-0.24296,-0.66606,-0.25807,-0.28431,0.39369,0.24746,-0.21478,0.64322,1.02861,0.51659,0.37725,0.8628,0.59153,0.0,-0.6676,0.14954,0.84716,0.65627,0.26313,0.1482,-0.02778,0.94393,1.74629,0.43125,0.52229,0.66921,0.18804,-0.24672,0.02111,0.22825,-0.34806,-0.69656,-0.31944,-0.34659,-0.93991,-0.8423,-1.07321,-0.43401,-0.40274,-0.57277,-0.18423,0.03401,-0.13175,0.01807,0.46594,0.3286,0.38125,0.72037,1.02118,1.27338,1.13572,1.05064,1.17552,1.28351,1.19802,0.94598,0.89902,1.15403,0.74106,1.28619,1.50368,0.00555,-0.30559,0.51061,-0.32533,-1.18572,-0.8535,-0.14284,0.33982,1.14945,0.36882,0.18874,1.25205,0.73548,0.29758,0.71622
VAL103,0.34032,1.18952,1.42911,1.41073,1.29838,1.51757,1.76406,1.56455,1.11938,1.3338,1.21702,1.12074,1.62184,1.19589,0.53706,-0.97037,-1.71177,-0.35395,-0.13872,0.05893,0.34807,-0.21025,-0.50816,-1.47958,-1.99532,-1.19401,-1.23057,-0.17286,0.48985,0.19243,-0.48315,-0.9413,-1.70544,-1.03,-1.61837,-1.29773,-1.91389,-1.82466,-1.7339,-1.8203,-2.14417,-2.44218,-2.34394,-2.44855,-2.35318,-2.41992,-2.28536,-1.81281,-1.34682,-1.19758,-1.20004,-1.2974,-1.56837,-1.76582,-1.78098,-1.95122,-1.53002,-1.10899,-0.14961,0.60061,0.58157,-0.02762,0.32436,0.73782,0.4935,0.41136,0.89505,0.9449,1.09227,1.40405,1.57759,1.48884,2.03222,2.62883,2.24685,2.50947,2.82635,2.71179,1.86026,2.12458,2.36217,1.74057,1.76798,2.14981,1.27579,0.11783,0.16851,0.54427,-0.43041,-1.03136,-0.79871,-0.95532,-0.30152,-0.40686,-0.76504,-0.10852,0.36684,0.05547,-0.18751,0.24636,0.05552,-0.6676,0.0,0.46799,0.63476,0.71384,1.00927,1.22242,0.98926,1.49877,2.00238,1.04872,1.06436,0.87442,0.21385,-0.23091,-0.03429,0.23386,-0.49684,-1.03858,-0.76568,-0.75516,-1.31755,-1.43172,-1.58564,-1.06211,-0.7755,-0.72196,-0.45755,-0.28383,-0.23106,0.00404,0.31665,0.24783,0.29897,0.70169,0.96308,1.293,1.18625,0.97272,1.298,1.50924,1.36359,1.35985,1.51055,1.6039,1.04494,1.17444,1.28669,0.28913,-0.27021,0.19476,-0.31614,-1.01765,-0.91858,-0.46763,-0.08466,0.75732,0.32026,0.42233,0.86382,0.49951,-0.06655,0.08297
PHE104,0.39123,1.19325,1.38149,1.26462,1.26677,1.49292,1.71646,1.31402,0.58079,0.72034,0.87801,1.30025,1.92436,1.12406,0.18014,-1.42438,-1.81565,-0.32936,-0.1131,0.24213,0.51645,-0.03508,-0.39997,-0.99939,-1.43834,-0.33278,-0.76776,0.3938,1.0874,0.87414,0.38861,-0.04498,-0.99945,-0.3084,-1.92165,-1.43814,-2.20292,-1.84575,-1.84062,-1.87522,-2.08312,-2.29129,-2.30136,-2.25662,-2.03141,-2.07475,-1.95462,-1.40771,-0.88279,-0.79595,-0.87443,-1.14684,-1.58837,-1.83402,-1.9368,-1.99477,-1.71419,-1.15923,-0.29077,0.63526,0.75094,0.30311,0.7455,1.2069,0.97324,0.97584,1.53307,1.5005,1.53013,1.90806,1.84378,1.62469,2.19576,2.68743,2.23855,2.56988,2.89912,2.54544,1.9167,2.18982,2.01208,1.11206,0.967,1.53838,1.04589,-0.38895,-0.2738,0.5702,-0.4479,-1.17356,-0.78917,-0.65934,0.00699,-0.03705,-0.56607,0.03338,0.47927,0.18883,-0.01898,0.37029,0.35593,0.14954,0.46799,0.0,0.64358,0.62276,0.54839,0.10254,0.05938,0.90815,0.95676,0.03122,0.42012,0.25128,-0.36862,-0.74917,-0.44204,-0.13851,-0.96977,-1.39536,-0.98012,-0.98499,-1.54263,-1.52301,-1.73294,-1.13,-0.78958,-0.67448,-0.46673,-0.35684,-0.14554,0.12373,0.32645,0.24249,0.40408,0.87414,1.01035,1.18257,1.08073,1.00273,1.27236,1.33461,1.198,1.0025,1.07163,1.15016,0.59663,0.77237,0.8582,-0.07027,-0.33818,0.31374,-0.42668,-0.9736,-0.65445,-0.17127,0.3264,1.08733,0.57757,0.49594,0.77631,0.33402,-0.31557,0.00369
GLN105,0.4264,0.87642,1.05926,1.00248,0.99866,1.20647,1.44605,1.12153,0.63007,0.51698,0.52191,0.67238,1.09953,0.12661,-0.60243,-1.93303,-2.42295,-1.23971,-0.64033,-0.20976,0.15725,-0.27106,-0.69304,-1.33056,-1.75924,-0.81201,-1.32244,-0.16948,0.62106,0.55618,0.21319,-0.09567,-0.84702,0.03757,-2.12164,-1.60545,-2.29516,-1.90181,-1.94246,-1.86962,-2.04149,-2.27257,-2.16809,-1.97611,-1.78243,-1.90599,-1.6025,-0.98255,-0.56342,-0.42982,-0.45216,-0.71228,-1.23542,-1.54113,-1.76031,-1.92528,-1.70609,-1.05007,-0.23908,0.53518,0.84332,0.45771,0.65933,1.20172,1.16021,0.91868,1.32336,1.40395,1.24341,1.59354,1.40788,1.07237,1.6923,2.09921,1.49248,1.72236,2.27896,1.90993,1.22354,1.45096,1.63719,0.90882,0.81211,1.39083,0.86552,-0.39933,-0.16788,0.6103,-0.4393,-0.93101,-0.49114,-0.24236,0.36626,0.35461,-0.26701,0.36699,0.69223,0.41178,0.23515,0.54426,0.55986,0.84716,0.63476,0.64358,0.0,0.03864,-0.25658,-1.03235,-0.70469,0.70422,0.64916,-0.37751,0.22478,0.28679,-0.33464,-0.63897,-0.07877,0.06631,-0.73167,-0.94245,-0.56655,-0.71098,-1.12088,-1.00007,-1.11843,-0.56666,-0.27359,-0.09075,0.17174,0.13836,0.32495,0.67961,0.83179,0.59534,0.74856,1.12905,1.22055,1.25403,1.13887,1.06776,1.22576,1.13366,0.99529,0.72331,0.72635,0.83488,0.36384,0.46566,0.71999,-0.19974,-0.31222,0.41207,-0.40769,-0.86164,-0.34203,0.16003,0.56636,1.22026,0.69345,0.2904,0.8016,0.44062,-0.13564,0.51704
MET106,-0.01442,0.84037,0.99824,0.99453,0.98089,1.17068,1.2645,1.11014,0.99975,1.09447,1.02891,1.02052,1.30809,0.94486,0.4742,-0.73666,-1.64405,-0.57718,-0.48732,-0.11123,0.2121,-0.22718,-0.60321,-1.38658,-1.70109,-0.76555,-0.97141,0.24519,0.90845,0.5924,-0.10056,-0.56508,-1.34239,-0.82842,-1.82213,-1.40353,-2.06124,-1.93613,-1.86189,-1.84106,-2.04272,-2.23726,-2.09533,-2.0899,-1.9671,-2.09567,-2.0028,-1.40702,-0.91843,-0.82956,-0.88749,-1.05055,-1.41058,-1.52491,-1.61746,-1.62138,-1.10209,-0.49825,0.33183,1.0401,1.10728,0.57277,0.84377,1.3816,1.17294,0.83414,1.28656,1.34332,1.35437,1.46968,1.52724,1.28175,1.5862,1.8777,1.42918,1.59507,2.05969,1.69485,1.13494,1.54398,1.97944,1.54658,1.4779,1.77548,1.15603,0.06593,0.10417,0.38141,-0.66102,-0.99789,-0.79082,-0.89762,-0.38911,-0.54307,-0.9405,-0.1751,0.14597,0.0089,0.13735,0.40389,0.38328,0.65627,0.71384,0.62276,0.03864,0.0,-1.5036,-1.58686,-0.69241,0.55963,0.68731,-0.13258,0.49281,0.53986,-0.07842,-0.36824,0.14269,0.18413,-0.49558,-0.82784,-0.70882,-0.73207,-1.11447,-1.19926,-1.20769,-0.85879,-0.39707,-0.16761,0.08222,0.17501,0.43842,0.79277,0.88582,0.74674,0.76267,1.12573,1.22132,1.32477,1.12051,0.87577,1.09112,1.15411,1.0384,0.88677,1.09053,1.21977,0.71148,0.42234,0.59044,0.01664,-0.54843,-0.32296,-0.58958,-1.00169,-0.8562,-0.60866,-0.41329,0.29413,0.00529,-0.00358,0.373,0.27242,0.10709,0.65446
GLY107,0.02813,0.97047,1.05077,1.10537,1.19037,1.12041,1.31675,1.23891,0.79769,1.06252,0.93715,1.19164,1.37192,1.11479,0.69648,-0.25943,-0.9284,0.20526,0.15174,0.5288,0.82205,0.16497,-0.06914,-0.77759,-1.05054,-0.21138,-0.25488,0.70095,1.11301,0.80508,0.0027,-0.49636,-1.21057,-0.90746,-1.56647,-1.3918,-1.73938,-1.59932,-1.51104,-1.62483,-1.90398,-2.06989,-1.97258,-2.07017,-2.05696,-2.20068,-2.24169,-1.9238,-1.37426,-1.26261,-1.4426,-1.47342,-1.57726,-1.46571,-1.34557,-1.34013,-0.82872,-0.34423,0.36389,1.00692,1.04323,0.56683,0.91316,1.2892,0.99261,0.95893,1.4428,1.36499,1.53446,1.68464,1.66988,1.48429,1.74618,1.8426,1.48792,1.86136,2.07339,1.76022,1.45594,1.79483,1.85709,1.11159,1.32029,1.81823,1.18478,0.00403,0.10122,0.54428,-0.36662,-1.00974,-0.82021,-0.88841,-0.43539,-0.4636,-0.7285,-0.25681,0.1836,0.00215,0.10148,0.57211,0.37734,0.26313,1.00927,0.54839,-0.25658,-1.5036,0.0,-0.16389,0.06629,0.70786,0.34618,-0.24626,0.06405,0.02763,-0.48777,-0.77366,-0.35468,-0.01739,-0.69849,-1.10782,-0.93591,-0.85594,-1.20643,-1.32592,-1.42697,-1.22626,-0.94045,-0.65826,-0.31421,-0.27494,-0.00541,0.42549,0.63474,0.46012,0.56351,0.99241,1.11449,1.26693,1.0107,0.77497,1.0559,1.2143,0.99884,0.98043,1.17174,1.25656,0.78962,0.61764,0.72036,0.31802,-0.19609,-0.11612,-0.3579,-0.70137,-0.59188,-0.38384,-0.07817,0.60574,0.53516,0.65357,0.6869,0.41485,-0.34354,-0.30564
GLU108,-0.16258,0.9828,1.02909,0.98394,0.94739,0.83874,0.92872,0.97693,0.82122,0.98904,0.89861,1.25987,1.42496,1.42003,1.1505,0.49009,-0.21469,0.88792,0.63846,0.92716,1.29907,0.40478,0.17976,-0.62014,-0.9644,-0.27231,-0.02743,0.79077,1.01721,0.61035,-0.511,-1.08519,-1.75855,-1.41348,-1.25062,-1.26648,-1.49448,-1.43706,-1.20826,-1.43157,-1.82594,-1.99921,-1.83548,-2.09109,-2.27156,-2.36111,-2.3295,-2.1932,-1.84793,-1.61173,-1.65873,-1.53181,-1.50881,-1.25294,-1.03342,-1.01622,-0.3603,-0.01773,0.6281,1.20066,0.9068,0.29972,0.89701,1.05407,0.48127,0.58634,1.11533,1.02016,1.29301,1.51166,1.57199,1.43034,1.7114,1.80876,1.41786,1.79005,1.9867,1.67772,1.19722,1.57388,1.69227,1.1413,1.59407,2.30376,1.39245,0.53202,0.6551,0.78256,-0.01443,-0.61863,-0.66819,-0.95561,-0.62425,-0.7071,-0.75511,-0.26563,0.09543,0.01205,0.28282,0.65329,0.28172,0.1482,1.22242,0.10254,-1.03235,-1.58686,-0.16389,0.0,-0.02879,0.18338,0.56485,0.44659,0.05998,0.06657,-0.32763,-0.46862,-0.15834,0.22135,-0.22898,-0.69469,-0.72865,-0.55184,-0.84511,-1.0955,-1.14613,-1.13615,-0.91511,-0.47612,-0.1507,-0.19992,0.06729,0.53191,0.72252,0.42174,0.48723,0.88556,0.99714,1.14714,0.78376,0.55317,0.79645,0.96645,0.70797,0.80749,1.09901,1.19229,0.62025,0.49454,0.67904,0.37096,-0.3653,-0.50086,-0.36435,-0.76801,-0.86646,-0.6572,-0.51687,0.14697,0.26456,0.62605,0.7129,0.51664,-0.0403,-0.39051
THR109,-0.56118,0.44011,0.44987,0.54369,0.54329,0.5559,0.6843,0.75076,1.07325,1.13623,1.1561,1.42857,1.53344,1.58096,1.36739,0.58402,-0.29248,0.72124,0.43499,0.6637,1.1293,0.28338,-0.04165,-0.92324,-1.26507,-0.30959,0.082,1.01547,1.31095,0.8006,-0.53183,-1.13373,-1.92654,-1.5805,-1.2318,-1.33955,-1.68257,-1.75649,-1.43089,-1.59377,-1.99377,-2.13888,-1.99269,-2.27814,-2.39171,-2.3978,-2.33971,-2.26662,-1.93035,-1.71853,-1.75173,-1.5239,-1.51554,-1.16879,-0.88884,-0.79897,-0.03045,0.40321,1.0729,1.6185,1.31443,0.62217,1.23265,1.41855,0.79768,0.71855,1.19651,1.14203,1.36835,1.34499,1.5036,1.40618,1.51081,1.5649,1.21131,1.45038,1.5945,1.24692,0.86072,1.04398,1.3478,1.09228,1.57043,2.01862,1.28652,0.61227,0.80366,0.53156,-0.35598,-0.72838,-0.8428,-1.21628,-0.9501,-1.10417,-1.16005,-0.62211,-0.42823,-0.46192,-0.02918,0.28853,-0.08856,-0.02778,0.98926,0.05938,-0.70469,-0.69241,0.06629,-0.02879,0.0,0.34193,0.30287,0.63622,0.47697,0.45704,-0.02671,-0.21082,0.19588,0.54146,0.11191,-0.37734,-0.47103,-0.32927,-0.61204,-0.92418,-0.81833,-0.88839,-0.57937,-0.04816,0.29969,0.1969,0.48599,1.10046,1.29809,0.97472,1.1218,1.455,1.47077,1.51123,1.09822,0.73703,0.94761,0.9414,0.67293,0.69113,1.01408,1.18011,0.63287,0.16052,0.37341,0.39078,-0.46467,-0.74582,-0.39394,-0.74822,-1.01455,-0.96082,-0.99257,-0.48041,-0.25918,0.07902,0.22459,0.15865,0.05803,-0.02294
GLY110,-0.26686,0.59258,0.52534,0.69071,0.73292,0.7299,0.94909,0.91552,1.02833,1.04536,0.97073,1.14582,1.25593,1.05474,0.83588,-0.02469,-0.9273,-0.16635,-0.32662,-0.0331,0.48585,-0.27547,-0.61609,-1.68004,-2.01033,-0.88315,-0.43405,0.69344,1.09981,0.63974,-0.59086,-1.26513,-2.10643,-1.5304,-1.65602,-1.70008,-2.06115,-2.21881,-1.92383,-1.91957,-2.25948,-2.5071,-2.30889,-2.42766,-2.42077,-2.3702,-2.18791,-1.97386,-1.62923,-1.38219,-1.49588,-1.35951,-1.42941,-1.2736,-1.213,-1.23544,-0.42496,0.21359,1.00929,1.52197,1.40278,0.77819,1.11823,1.44213,1.05545,0.8009,1.24451,1.26661,1.40551,1.4092,1.42869,1.32783,1.51532,1.55927,1.12413,1.32549,1.50077,1.16384,0.73361,0.87095,1.31464,1.05268,1.41765,1.87651,1.1399,0.41933,0.68901,0.50126,-0.50245,-0.73965,-0.63434,-0.93428,-0.615,-0.73135,-0.79858,-0.17735,0.06674,0.08623,0.59106,0.87344,0.67863,0.94393,1.49877,0.90815,0.70422,0.55963,0.70786,0.18338,0.34193,0.0,-0.57469,-0.62206,0.1414,0.27065,-0.21123,-0.3708,0.17662,0.49826,0.04372,-0.3707,-0.36074,-0.25066,-0.57487,-0.84206,-0.79768,-0.78347,-0.50304,0.04381,0.44107,0.29503,0.59725,1.36474,1.5816,1.23041,1.46711,1.82999,1.83606,1.85168,1.40758,0.95508,1.10922,1.01019,0.67551,0.58171,0.81645,0.969,0.51144,0.11387,0.34216,0.25304,-0.50413,-0.6188,-0.42886,-0.83214,-0.96771,-0.88157,-0.86278,-0.2517,-0.1663,-0.01606,0.30211,0.22085,0.0542,0.1932
VAL111,-0.08147,0.852,0.85943,1.00634,0.78908,0.76009,0.92682,0.94862,1.16006,1.17491,0.857,0.83785,0.96006,0.90532,0.84778,0.1699,-0.76443,-0.11866,-0.27008,0.00322,0.46389,-0.27477,-0.571,-2.05052,-2.50179,-1.40881,-0.76143,0.36305,0.78747,0.14196,-1.10846,-1.91871,-2.66698,-2.00751,-1.63479,-1.67401,-1.86226,-2.12306,-1.8697,-1.88173,-2.21966,-2.43339,-2.15552,-2.28497,-2.47366,-2.38636,-2.00167,-1.8898,-1.69087,-1.35572,-1.33323,-1.15932,-1.10805,-0.93381,-0.93071,-1.12498,-0.21785,0.26633,1.11761,1.51115,1.23165,0.53711,0.85571,1.08616,0.53035,0.2832,0.77875,0.77849,0.9072,1.03264,1.20364,1.0211,1.25446,1.41331,0.93658,1.07359,1.25828,1.17902,0.50029,0.73263,1.2998,1.19049,1.78905,2.27758,1.23821,0.78432,1.14053,0.7037,-0.14397,-0.21831,-0.18241,-0.68164,-0.37251,-0.46505,-0.35313,0.30755,0.62091,0.75254,1.31446,1.5654,1.46366,1.74629,2.00238,0.95676,0.64916,0.68731,0.34618,0.56485,0.30287,-0.57469,0.0,-0.40508,-0.22759,0.05134,-0.67223,-0.46254,0.15164,0.32356,0.06943,-0.22556,-0.31445,-0.14069,-0.41193,-0.70841,-0.67736,-0.72321,-0.4792,0.0201,0.44547,0.34379,0.53079,1.24104,1.58256,1.10875,1.25467,1.56986,1.65482,1.76279,1.31995,0.87621,0.98493,0.94801,0.56956,0.52954,0.75946,0.87718,0.46546,0.2389,0.55886,0.31634,-0.50633,-0.63496,-0.29576,-0.77033,-1.04289,-0.8893,-0.98227,-0.40279,-0.32327,-0.0918,0.32173,0.27577,0.0708,0.04026
ALA112,-0.3232,0.12264,0.05742,0.20991,-0.11761,-0.1426,-0.00366,0.14976,1.11406,1.07075,1.11976,1.41961,1.38409,1.4766,1.50558,1.0361,0.22483,0.78963,0.4626,0.69037,1.01799,0.32872,0.11552,-1.07915,-1.45238,-0.39887,0.48765,1.39422,1.36478,0.68594,-0.64668,-1.27835,-1.93799,-1.87997,-1.2398,-1.54618,-1.39525,-1.52221,-1.18559,-1.35146,-1.70068,-1.71276,-1.5057,-1.87733,-2.07293,-1.94699,-1.64904,-1.7083,-1.55636,-1.17543,-1.18284,-0.91764,-0.76878,-0.3986,-0.23949,-0.25075,0.66575,0.94918,1.633,2.01305,1.50247,0.78701,1.31989,1.36016,0.54298,0.35955,0.80418,0.68286,0.81156,0.78898,0.88451,0.80331,0.826,0.82574,0.50873,0.66478,0.79008,0.63143,0.10038,0.11142,0.49141,0.50583,1.17428,1.65724,0.84139,0.88724,1.28207,0.60768,0.1389,0.35031,0.11287,-0.45485,-0.51596,-0.66052,-0.42664,-0.11239,-0.14611,-0.02283,0.39685,0.48257,0.18768,0.43125,1.04872,0.03122,-0.37751,-0.13258,-0.24626,0.44659,0.63622,-0.62206,-0.40508,0.0,-0.70146,-0.903,-1.44832,-0.90711,-0.15179,0.09558,0.11815,0.03324,-0.15369,0.13153,0.07797,-0.31302,-0.13214,-0.5107,-0.35077,0.32229,0.58493,0.22033,0.47223,1.21318,1.32257,0.86411,1.12647,1.48153,1.44127,1.50863,1.0042,0.67229,0.81076,0.63942,0.17128,0.18696,0.47198,0.51512,0.11679,-0.26659,0.08325,0.35572,-0.34376,-0.67107,0.05415,-0.1986,-0.57079,-0.61679,-0.98189,-0.86189,-0.49337,-0.34861,-0.34368,-0.19359,-0.09061,-0.16851
GLY113,-0.55376,0.05747,-0.1336,0.00203,-0.18456,-0.27608,-0.2382,-0.18918,0.68755,0.56037,1.00411,1.49282,1.49647,1.4522,1.4313,0.69238,-0.20374,0.31747,-0.08987,0.04841,0.31621,-0.33621,-0.79763,-1.91309,-2.28472,-0.80439,0.35808,1.63754,1.79448,1.01213,-0.49616,-1.20265,-2.0178,-2.17478,-1.77472,-1.94563,-2.13518,-2.08497,-1.60717,-1.66805,-2.07228,-2.11741,-1.79291,-2.02093,-2.1397,-1.9576,-1.63596,-1.59068,-1.35904,-0.93837,-0.96851,-0.8003,-0.83108,-0.52249,-0.51643,-0.57676,0.51324,1.09897,1.92713,2.40768,2.15356,1.40387,1.73906,1.86787,1.24352,0.838,1.1595,1.12683,1.26348,1.00504,1.13081,1.15937,1.04229,0.94783,0.72334,0.78012,0.89774,0.6611,0.24067,0.17871,0.60245,0.63757,0.98167,1.27284,0.69819,0.61258,0.93763,0.23431,-0.30357,0.03106,-0.1337,-0.73528,-0.80641,-1.02429,-0.78524,-0.37201,-0.42636,-0.28994,0.18798,0.20563,0.10809,0.52229,1.06436,0.42012,0.22478,0.49281,0.06405,0.05998,0.47697,0.1414,-0.22759,-0.70146,0.0,-0.45391,-1.29852,-1.02217,-0.15533,0.28226,0.06052,-0.07606,-0.13276,-0.00296,-0.09955,-0.46906,-0.1774,-0.41133,-0.10397,0.71054,0.92333,0.60218,0.99097,1.80809,2.05351,1.58943,1.91495,2.22268,2.03749,1.98166,1.6463,1.15406,1.14942,0.80507,0.39452,0.20881,0.39952,0.51181,0.12547,-0.37023,-0.14298,0.16173,-0.60541,-0.97497,-0.36569,-0.60511,-0.95499,-1.03462,-1.35379,-1.10425,-0.83318,-0.69194,-0.48951,-0.31404,-0.04452,0.22352
PHE114,-0.47902,0.02435,-0.2567,-0.06665,-0.19789,-0.39106,-0.27689,-0.03238,0.82009,0.52367,0.63431,1.14384,1.17211,1.10616,1.2669,0.54943,-0.49009,-0.13282,-0.52754,-0.41565,-0.19265,-0.83427,-1.20605,-2.40177,-2.9465,-1.84535,-0.39136,1.02866,1.04362,0.24037,-1.08728,-1.81097,-2.3909,-2.26176,-1.79939,-2.10379,-2.36347,-2.44097,-1.77819,-1.66147,-2.11138,-2.31969,-1.75599,-1.90423,-2.14809,-1.98051,-1.51274,-1.56712,-1.41911,-0.86914,-0.83183,-0.5618,-0.53133,-0.17819,-0.29487,-0.49851,0.68903,1.33274,2.12082,2.26597,2.11571,1.50441,1.54251,1.51197,1.05243,0.61937,0.70114,0.75157,0.91131,0.60797,0.72556,0.79319,0.69759,0.63067,0.41991,0.43515,0.64139,0.58194,0.1536,0.20445,0.83402,0.9393,1.25273,1.35085,0.67449,0.84842,1.15715,0.10125,-0.37125,0.26311,0.04769,-0.79519,-0.9808,-1.24717,-0.87445,-0.33821,-0.47155,-0.26582,0.4274,0.22087,0.06175,0.66921,0.87442,0.25128,0.28679,0.53986,0.02763,0.06657,0.45704,0.27065,0.05134,-0.903,-0.45391,0.0,-0.5595,0.37837,0.75788,0.62449,0.61619,0.54884,0.22143,0.24238,0.19811,-0.23963,0.25415,0.00269,0.32754,1.27209,1.58756,1.21173,1.54209,2.40717,2.74006,2.06348,2.16124,2.29492,2.00332,2.02326,1.79915,1.13578,1.04912,0.76421,0.43437,0.28883,0.48074,0.64528,0.27899,-0.24254,0.05257,0.33178,-0.52871,-0.9662,-0.28081,-0.5813,-1.0659,-1.13942,-1.60685,-1.34507,-1.1153,-0.85529,-0.48649,-0.35618,0.02884,0.31344
THR115,-0.4483,-0.14551,-0.45264,-0.28605,-0.4452,-0.62382,-0.66691,-0.40652,0.58539,0.23355,0.50676,1.19367,1.29905,1.33487,1.5024,1.03595,0.17032,0.46684,-0.01839,-0.13043,0.00439,-0.49786,-0.70656,-1.54444,-1.70948,-0.88219,0.44212,1.40133,0.94697,0.20443,-0.89908,-1.54342,-1.89165,-1.80295,-1.33102,-1.73688,-1.72937,-1.73218,-1.03845,-0.99714,-1.50591,-1.63044,-1.1274,-1.43956,-1.71513,-1.46722,-1.15083,-1.34372,-1.23285,-0.7115,-0.72691,-0.37769,-0.25313,0.19452,0.17874,0.06456,1.1352,1.56676,2.22872,2.19735,1.86267,1.44554,1.47786,1.19574,0.76197,0.42617,0.33941,0.29897,0.47287,0.19475,0.17278,0.34972,0.32698,0.23659,0.12876,0.21879,0.43035,0.56061,0.2409,0.22817,0.79339,0.95435,1.17972,1.35338,0.93984,1.33575,1.52153,0.51947,0.45271,1.12039,0.82927,-0.07318,-0.4681,-0.88066,-0.36234,0.0737,-0.32939,-0.19488,0.45899,0.00545,-0.32211,0.18804,0.21385,-0.36862,-0.33464,-0.07842,-0.48777,-0.32763,-0.02671,-0.21123,-0.67223,-1.44832,-1.29852,-0.5595,0.0,-0.16266,-0.47912,0.57508,0.89933,0.56557,0.32344,0.75921,0.60297,0.04273,0.39552,-0.15343,-0.02393,0.95409,1.18941,0.64115,0.8626,1.58309,1.62041,1.19458,1.28047,1.38052,1.14554,1.12796,1.02306,0.6523,0.57304,0.33439,0.03691,0.03645,0.16063,0.10675,-0.13122,-0.52989,-0.3693,-0.03558,-0.76132,-1.05746,-0.27605,-0.49239,-0.90646,-0.89231,-1.4418,-1.24996,-1.08892,-0.97383,-0.67779,-0.38522,0.13495,0.35793
ASN116,-0.3573,-0.33978,-0.67064,-0.49869,-0.64695,-1.05079,-1.11081,-0.72597,0.34081,-0.07019,0.44204,1.32306,1.38061,1.48793,1.69003,1.20983,0.33233,0.4304,-0.01608,-0.09715,0.03149,-0.33576,-0.47407,-1.26172,-1.38808,-0.70178,0.73161,1.69084,1.10615,0.21755,-0.71077,-1.29251,-1.51045,-1.6517,-1.24715,-1.73155,-1.63306,-1.56369,-0.86882,-0.7869,-1.29271,-1.32154,-0.75894,-1.08642,-1.44377,-1.0816,-0.65828,-1.02834,-1.00476,-0.39695,-0.39239,0.03522,0.19717,0.6669,0.55883,0.36996,1.55398,1.94063,2.3994,2.38314,2.07033,1.74379,1.73628,1.35017,0.94439,0.65366,0.44681,0.3664,0.49532,0.0499,-0.11838,0.0377,-0.05639,-0.23731,-0.29586,-0.27573,-0.06707,0.09021,-0.20602,-0.21668,0.49302,0.73015,0.96766,1.00608,0.47859,1.0154,1.278,0.11225,0.15368,1.13366,0.78856,-0.12078,-0.63751,-0.98308,-0.35227,-0.23453,-0.84705,-0.57007,0.08478,-0.54411,-0.8397,-0.24672,-0.23091,-0.74917,-0.63897,-0.36824,-0.77366,-0.46862,-0.21082,-0.3708,-0.46254,-0.90711,-1.02217,0.37837,-0.16266,0.0,-0.30914,-0.38654,0.67398,0.72513,0.14501,0.454,0.79976,0.24439,0.9972,0.39652,0.6318,1.68287,1.80716,1.12112,1.22634,1.89393,1.9565,1.28704,1.1973,1.16743,0.87535,0.90931,0.91828,0.4479,0.46483,0.26342,-0.0453,0.09116,0.24134,0.14051,-0.04626,-0.50919,-0.27318,0.30253,-0.25151,-0.72987,0.08472,0.02777,-0.42404,-0.66762,-1.39529,-1.39884,-1.07367,-0.95634,-0.90902,-0.70888,-0.2721,-0.08359
SER117,-0.25396,-0.57684,-0.85506,-0.63255,-0.73609,-1.10343,-1.06093,-0.71851,0.43284,-0.05326,0.32579,1.16474,1.05122,1.14139,1.46411,1.00566,0.0846,0.14087,-0.2824,-0.28934,-0.14908,-0.55392,-0.57866,-1.35873,-1.52834,-1.04086,-0.02875,0.90936,0.71482,-0.00316,-1.02973,-1.42359,-1.45004,-1.68686,-1.40547,-1.71902,-1.46937,-1.41988,-0.83742,-0.70944,-1.22279,-1.33428,-0.74918,-1.03533,-1.41518,-1.10886,-0.68255,-0.96746,-0.9971,-0.44461,-0.42648,-0.05361,0.07648,0.50207,0.42223,0.22375,1.19061,1.5957,2.0152,1.94298,1.77147,1.46799,1.38528,1.1444,0.79454,0.49889,0.31938,0.25326,0.38237,-0.00157,-0.22353,-0.10083,-0.11434,-0.2279,-0.37426,-0.26839,0.02805,0.00307,-0.34206,-0.37,0.29963,0.55627,0.81096,0.79263,0.27256,0.77587,1.10002,0.11339,0.02453,0.91384,0.75545,0.06911,-0.40601,-0.62728,-0.15334,-0.08745,-0.76338,-0.54359,0.14896,-0.42092,-0.66578,0.02111,-0.03429,-0.44204,-0.07877,0.14269,-0.35468,-0.15834,0.19588,0.17662,0.15164,-0.15179,-0.15533,0.75788,-0.47912,-0.30914,0.0,-1.06943,-0.04501,0.73348,0.31498,0.28541,0.68727,0.48464,1.26051,0.89897,1.20317,2.34496,2.45645,1.61094,1.73048,2.5795,2.52664,1.59528,1.50842,1.34924,0.9572,1.01661,1.00473,0.3814,0.32541,0.08897,-0.07987,0.01749,0.16806,0.206,0.00881,-0.51482,-0.19939,0.36639,-0.07397,-0.42328,0.26061,0.20515,-0.19133,-0.39866,-1.02502,-1.22862,-1.00314,-0.97829,-0.95729,-0.89732,-0.42433,-0.11557
LEU118,-0.26999,-0.50203,-0.7036,-0.48635,-0.63869,-0.96331,-1.09494,-0.89716,0.04988,-0.23617,0.19924,1.14254,1.09653,1.25831,1.54228,1.3437,0.42238,0.55574,0.01603,-0.19149,-0.11345,-0.57452,-0.5711,-1.14033,-0.99136,-0.63083,0.08342,0.8198,0.51024,-0.01674,-1.27747,-1.62529,-1.52037,-1.7291,-1.50624,-1.58346,-1.19107,-0.85474,-0.28265,-0.3566,-1.13616,-1.2339,-0.63824,-1.06757,-1.50967,-1.27267,-0.8945,-1.12102,-1.11134,-0.64506,-0.64578,-0.26295,-0.06364,0.34451,0.40828,0.25835,1.08627,1.23549,1.65592,1.62228,1.31074,1.00775,1.08835,0.83858,0.44619,0.23072,0.08887,0.00688,0.20319,0.03744,-0.24805,-0.15924,0.02663,0.0171,-0.2027,0.04467,0.48088,0.52656,0.11816,-0.00238,0.47129,0.79495,1.0159,1.23582,0.98998,1.47481,1.65742,0.88959,0.91672,1.49243,1.4743,0.89011,0.42764,0.08211,0.56496,0.85211,0.02074,0.11884,0.81395,0.12872,-0.28534,0.22825,0.23386,-0.13851,0.06631,0.18413,-0.01739,0.22135,0.54146,0.49826,0.32356,0.09558,0.28226,0.62449,0.57508,-0.38654,-1.06943,0.0,0.05359,0.34746,0.74963,0.93472,0.90389,0.68968,0.89444,0.36538,0.16008,1.29494,1.72631,0.65418,0.79746,1.62883,1.38195,0.67438,0.92938,0.69508,0.37785,0.35066,0.25385,0.07223,-0.06271,-0.3543,-0.54918,-0.46866,-0.35387,-0.47421,-0.6212,-0.97736,-0.73412,-0.32439,-0.66292,-0.65912,0.02367,-0.08617,-0.31265,-0.17892,-0.72003,-1.05491,-0.93191,-1.22742,-1.11895,-0.9338,-0.34855,0.09209
ARG119,-0.22691,-0.783,-1.03658,-0.88055,-1.04467,-1.29689,-1.49927,-1.358,-0.00817,-0.40134,0.26668,1.44587,1.34586,1.68185,1.96485,1.9661,1.03437,0.94426,0.30142,0.04227,0.06284,-0.29096,-0.22524,-0.72522,-0.47483,-0.2716,0.58478,0.99964,0.31008,-0.16295,-1.25077,-1.74541,-1.1453,-1.48711,-0.9263,-1.41614,-0.56382,-0.24693,0.46379,0.39063,-0.50122,-0.58101,0.05593,-0.5541,-1.05226,-0.73092,-0.41121,-0.83052,-0.86307,-0.3287,-0.36436,0.10929,0.41843,0.88699,0.91673,0.79993,1.62864,1.6176,1.87011,1.75418,1.2724,1.05687,1.13889,0.69323,0.24175,0.05885,-0.19834,-0.30541,-0.12429,-0.37185,-0.75509,-0.62858,-0.50398,-0.64301,-0.75248,-0.49552,-0.05565,0.1261,-0.15596,-0.3409,0.28095,0.7619,0.99799,1.23008,1.02126,1.68436,1.77194,0.80123,1.0514,1.91123,1.77413,1.10154,0.41324,0.04126,0.75341,0.80162,-0.25416,-0.11587,0.58528,-0.45065,-0.96987,-0.34806,-0.49684,-0.96977,-0.73167,-0.49558,-0.69849,-0.22898,0.11191,0.04372,0.06943,0.11815,0.06052,0.61619,0.89933,0.67398,-0.04501,0.05359,0.0,0.57058,0.47022,1.18205,1.32409,0.87392,1.20799,0.1689,-0.08754,1.09636,1.4703,0.307,0.22962,0.87666,0.57462,-0.0837,0.09395,-0.05202,-0.31418,-0.32479,-0.44604,-0.47667,-0.43285,-0.58875,-0.9031,-0.59102,-0.38368,-0.77074,-0.81702,-1.15369,-0.86456,-0.18141,-0.51356,-0.62952,0.31388,0.38258,0.0983,0.09834,-0.70968,-1.20187,-0.97156,-1.32925,-1.37319,-0.97851,-0.32197,0.09679
MET120,-0.07646,-1.12153,-1.39983,-1.2078,-1.36924,-1.70524,-1.71791,-1.467,-0.30134,-0.79589,-0.15697,1.04189,0.8393,1.24836,1.78367,1.85898,1.04871,0.76292,0.15686,-0.07461,-0.10291,-0.37878,-0.21037,-0.68807,-0.39622,-0.30083,0.41994,0.60463,-0.18252,-0.50206,-1.08797,-1.39555,-0.52931,-1.02927,-0.67459,-1.15368,-0.05956,0.26445,0.90245,1.00964,0.21107,0.073,0.73413,0.16622,-0.42985,-0.05386,0.27852,-0.28537,-0.44854,0.13509,0.16139,0.63766,0.96618,1.43399,1.34791,1.10456,1.75996,1.66366,1.70425,1.4073,1.12267,1.08604,0.98115,0.52308,0.21832,0.04386,-0.36491,-0.42802,-0.29851,-0.60258,-1.08342,-0.97017,-0.91057,-1.14192,-1.30857,-1.09345,-0.61081,-0.56172,-0.72854,-0.96329,-0.37778,0.14884,0.42525,0.60044,0.44774,1.26125,1.43007,0.54097,0.77041,1.61291,1.61749,1.18882,0.39537,0.19681,0.83328,0.5404,-0.52017,-0.39101,0.12264,-0.98208,-1.43514,-0.69656,-1.03858,-1.39536,-0.94245,-0.82784,-1.10782,-0.69469,-0.37734,-0.3707,-0.22556,0.03324,-0.07606,0.54884,0.56557,0.72513,0.73348,0.34746,0.57058,0.0,0.15987,0.9582,1.46018,1.17832,2.01602,1.20678,0.91656,1.97517,2.41076,1.23856,0.97579,1.45786,1.02883,0.17821,0.27503,-0.13177,-0.52147,-0.60899,-0.66828,-0.72032,-0.76832,-1.02723,-1.16753,-0.751,-0.6371,-0.9355,-0.79,-1.08097,-0.73682,0.06086,-0.01534,-0.20517,0.57976,0.83397,0.64762,0.50255,-0.24603,-0.95296,-0.7006,-1.19668,-1.3298,-0.98551,-0.50827,-0.12103
LEU121,0.29422,-0.93946,-1.05431,-0.91949,-1.09711,-1.41807,-1.38594,-1.13218,-0.46895,-0.7589,-0.51323,0.38553,0.18483,0.51191,1.18747,1.59379,0.94979,0.68594,0.23819,-0.10444,-0.12706,-0.34689,-0.13303,-0.46957,-0.18055,-0.28628,0.16183,0.12399,-0.54975,-0.65232,-0.99259,-1.1128,-0.134,-0.43371,-0.51867,-0.69141,0.58319,0.99182,1.40051,1.33229,0.58739,0.45006,0.96705,0.44089,-0.2052,0.10691,0.37171,-0.17528,-0.40847,0.07343,0.16501,0.61219,0.93138,1.26886,1.31205,1.04473,1.39926,1.0991,0.97229,0.61658,0.37586,0.46587,0.29691,-0.09135,-0.22378,-0.36377,-0.73866,-0.7658,-0.60795,-0.71302,-1.17758,-1.06754,-0.83366,-0.95265,-1.20261,-0.91778,-0.38909,-0.29642,-0.49565,-0.78592,-0.44114,0.09663,0.33757,0.6621,0.7791,1.52965,1.71016,1.15075,1.23021,1.68228,2.02653,1.81218,1.1688,1.01153,1.5267,1.34465,0.33943,0.38395,0.75648,-0.30079,-0.7602,-0.31944,-0.76568,-0.98012,-0.56655,-0.70882,-0.93591,-0.72865,-0.47103,-0.36074,-0.31445,-0.15369,-0.13276,0.22143,0.32344,0.14501,0.31498,0.74963,0.47022,0.15987,0.0,0.89349,1.45649,1.32275,1.18547,0.96576,0.30581,0.97151,1.5756,0.56183,0.21559,0.80558,0.5259,-0.28136,-0.01556,-0.52688,-0.87365,-1.03839,-1.15597,-0.99912,-1.13203,-1.43921,-1.49982,-1.12079,-1.10461,-1.3447,-1.13192,-1.06679,-0.78804,-0.29098,-0.03848,0.09443,0.56277,0.74028,0.78815,0.92483,0.47838,-0.27933,-0.20422,-0.9347,-0.95537,-0.72717,-0.44892,0.01909
GLN122,0.37341,-0.83582,-1.00384,-0.8448,-0.98952,-1.24168,-1.37727,-1.20726,-0.39237,-0.57239,-0.18515,0.78186,0.57255,0.94056,1.4444,2.06004,1.51339,1.23694,0.68617,0.23473,0.17824,-0.0893,0.12441,-0.18426,0.2055,0.07452,0.49828,0.41086,-0.2668,-0.35963,-0.6915,-0.84902,0.13128,-0.30123,-0.337,-0.67178,0.88871,1.39049,1.94537,1.65174,0.80401,0.83379,1.31139,0.55809,-0.08849,0.27861,0.41825,-0.15088,-0.37896,0.02518,0.08151,0.5408,0.89656,1.24656,1.36696,1.20385,1.54982,1.09329,0.92419,0.56716,0.21818,0.23252,0.19621,-0.17788,-0.38607,-0.52072,-0.8207,-0.90236,-0.7311,-0.75586,-1.26258,-1.1327,-0.80257,-0.89392,-1.16971,-0.85602,-0.31256,-0.10336,-0.23841,-0.53495,-0.18419,0.41042,0.62052,1.04522,1.27097,2.05419,2.07967,1.4527,1.59555,2.03068,2.19355,1.9027,1.28649,1.06699,1.5898,1.5651,0.44346,0.41273,0.90541,-0.17331,-0.76067,-0.34659,-0.75516,-0.98499,-0.71098,-0.73207,-0.85594,-0.55184,-0.32927,-0.25066,-0.14069,0.13153,-0.00296,0.24238,0.75921,0.454,0.28541,0.93472,1.18205,0.9582,0.89349,0.0,1.1254,1.30433,0.30133,-0.46748,-1.09724,-0.26103,0.32366,-0.71123,-1.00096,-0.29729,-0.57442,-1.18873,-0.77189,-1.11974,-1.34603,-1.43762,-1.67518,-1.29255,-1.32462,-1.58861,-1.85014,-1.42119,-1.25755,-1.70336,-1.51407,-1.40635,-1.0931,-0.5168,-0.28899,-0.08684,0.59745,0.71031,0.68739,0.90959,0.39876,-0.34811,-0.34981,-1.10236,-1.13618,-0.77945,-0.39411,0.05973
GLN123,0.27267,-1.13371,-1.42496,-1.29151,-1.36121,-1.62763,-1.77467,-1.58594,-0.48098,-0.70136,-0.07543,0.96854,0.66389,1.10211,1.57048,2.23777,1.88388,1.39781,0.69374,0.21868,0.10615,-0.09904,0.17524,-0.07847,0.36738,0.23149,0.67675,0.48942,-0.28037,-0.32866,-0.48969,-0.49124,0.60046,0.02071,0.01245,-0.55371,1.30825,1.75107,2.44292,2.3492,1.46614,1.44787,1.99586,1.33973,0.57465,0.9887,1.12281,0.3252,0.01798,0.4202,0.44272,0.91454,1.29699,1.69472,1.70202,1.5623,1.93552,1.41456,1.07159,0.62573,0.29939,0.40912,0.32555,-0.13725,-0.3077,-0.39567,-0.78959,-0.89733,-0.74689,-0.86687,-1.48069,-1.27317,-0.99298,-1.22564,-1.42763,-1.20965,-0.80321,-0.71424,-0.76332,-1.1055,-0.71716,-0.05344,0.19981,0.54035,0.7964,1.81008,1.90397,1.15943,1.41249,1.93328,2.002,1.74814,0.95265,0.79615,1.33522,0.96236,-0.16233,-0.13585,0.26346,-0.82559,-1.42291,-0.93991,-1.31755,-1.54263,-1.12088,-1.11447,-1.20643,-0.84511,-0.61204,-0.57487,-0.41193,0.07797,-0.09955,0.19811,0.60297,0.79976,0.68727,0.90389,1.32409,1.46018,1.45649,1.1254,0.0,1.10404,1.26193,-0.50806,-0.99402,0.07695,0.48003,-0.63629,-0.81828,-0.26352,-0.60672,-1.30784,-0.8659,-1.27238,-1.56606,-1.66893,-1.80501,-1.46112,-1.42003,-1.68965,-1.99693,-1.4654,-1.30747,-1.74821,-1.42845,-1.40415,-1.05823,-0.1765,0.13375,0.1477,0.89898,1.19195,1.09873,1.06137,0.43019,-0.41305,-0.2856,-1.04322,-1.27871,-0.91942,-0.50946,-0.1126
LYS124,0.44776,-1.09451,-1.27558,-1.20498,-1.31899,-1.58105,-1.64285,-1.37992,-0.72985,-0.9093,-0.498,0.24711,-0.0791,0.23326,0.77025,1.63122,1.52901,1.00297,0.61391,0.08498,-0.0688,-0.17428,0.19523,0.02309,0.42753,0.13406,0.40161,0.04868,-0.61616,-0.42571,-0.30217,-0.10407,0.98531,0.68339,0.3868,0.15616,2.14724,2.48763,2.7473,2.81719,2.19961,2.02977,2.37562,2.01877,1.35011,1.6298,1.84675,0.98882,0.48263,0.80937,0.8622,1.28837,1.64643,1.88832,1.81109,1.57687,1.66855,1.13483,0.61295,0.06516,-0.14197,0.09491,-0.08946,-0.51992,-0.52787,-0.55281,-0.99416,-1.07041,-0.97059,-1.02,-1.59689,-1.45664,-1.12063,-1.25797,-1.45143,-1.28662,-0.9347,-0.93982,-0.94768,-1.34404,-1.13237,-0.53166,-0.31688,0.0164,0.40954,1.37343,1.58848,1.17204,1.31804,1.63747,1.90168,1.91495,1.18657,1.09956,1.4382,0.97241,-0.01932,-0.05652,0.16021,-0.79546,-1.17874,-0.8423,-1.43172,-1.52301,-1.00007,-1.19926,-1.32592,-1.0955,-0.92418,-0.84206,-0.70841,-0.31302,-0.46906,-0.23963,0.04273,0.24439,0.48464,0.68968,0.87392,1.17832,1.32275,1.30433,1.10404,0.0,0.68414,0.22351,-0.84276,-0.2387,0.38636,-0.30025,-0.71493,-0.31795,-0.53444,-1.22587,-0.8469,-1.40251,-1.70842,-1.91135,-1.96479,-1.54494,-1.64692,-1.93771,-2.01794,-1.62788,-1.67864,-1.91205,-1.34056,-1.07237,-0.80663,-0.11614,0.56987,0.71932,1.05551,1.37266,1.44906,1.43094,0.95128,0.08289,0.16025,-0.64945,-0.83854,-0.66479,-0.4782,-0.12768
ARG125,0.13112,-1.45093,-1.6186,-1.417,-1.53646,-1.91995,-1.91738,-1.52776,-0.56544,-0.86834,-0.39427,0.47724,0.20401,0.42876,1.03242,1.73418,1.36491,0.63867,0.21684,-0.16928,-0.32867,-0.44688,-0.08492,-0.27404,0.12109,-0.06073,0.33102,0.1209,-0.53685,-0.42155,-0.29127,-0.16835,0.7099,0.3457,0.27713,-0.12342,1.64856,2.21652,2.54564,2.5674,2.15199,2.08148,2.47389,2.0083,1.40716,1.81416,1.97825,1.14368,0.66724,1.02812,1.00497,1.40836,1.77005,2.05465,1.89807,1.63107,1.81722,1.48213,1.01847,0.41591,0.2226,0.49538,0.23442,-0.22749,-0.18717,-0.28445,-0.80878,-0.78706,-0.69253,-0.96964,-1.48935,-1.31801,-1.16929,-1.3772,-1.48084,-1.40687,-1.12028,-1.25709,-1.28933,-1.61277,-1.38962,-0.74153,-0.52745,-0.40986,-0.19624,0.89452,1.21094,0.52855,0.75285,1.31092,1.36758,1.25819,0.53097,0.45631,0.71784,0.10554,-0.75484,-0.68748,-0.50102,-1.33656,-1.6129,-1.07321,-1.58564,-1.73294,-1.11843,-1.20769,-1.42697,-1.14613,-0.81833,-0.79768,-0.67736,-0.13214,-0.1774,0.25415,0.39552,0.9972,1.26051,0.89444,1.20799,2.01602,1.18547,0.30133,1.26193,0.68414,0.0,0.14001,0.07964,0.72049,0.84068,0.25235,0.14329,0.44452,0.13999,-0.50484,-0.27766,-0.98865,-1.39865,-1.56693,-1.46601,-1.32031,-1.4164,-1.71319,-1.66208,-1.25478,-1.25064,-1.36119,-0.74643,-0.7004,-0.41649,0.54313,1.07744,0.82536,1.23906,1.62759,1.44038,1.13202,0.58684,-0.28539,-0.09792,-0.64777,-0.8878,-0.79607,-0.56291,-0.26632
TRP126,0.35534,-0.93413,-0.98594,-0.76967,-0.9023,-1.31031,-1.18874,-0.88496,-0.69605,-0.87838,-0.82597,-0.45181,-0.49059,-0.38321,0.10214,0.61339,0.43247,-0.28706,-0.43123,-0.69622,-0.74428,-0.65378,-0.3721,-0.44918,-0.2108,-0.42581,-0.225,-0.37943,-0.69087,-0.54246,-0.27994,-0.05117,0.53339,0.59514,0.58392,0.61237,1.58457,1.98261,2.29038,2.34039,1.96744,1.87302,2.37386,2.15407,1.50848,1.8178,2.18849,1.42508,0.93193,1.2508,1.22879,1.45566,1.64404,1.73689,1.55765,1.19336,1.14306,0.85485,0.44837,-0.05414,-0.07093,0.19388,-0.17616,-0.46018,-0.22168,-0.33237,-0.86664,-0.67494,-0.56334,-0.78932,-1.14628,-1.006,-0.8742,-0.94779,-1.03827,-1.10132,-0.88311,-0.95364,-0.9838,-1.24297,-1.24545,-0.87418,-0.69556,-0.67452,-0.45421,0.2925,0.63977,0.39442,0.37677,0.64752,0.97752,1.06092,0.54611,0.55563,0.56037,0.09004,-0.36565,-0.35397,-0.30901,-0.80477,-0.80492,-0.43401,-1.06211,-1.13,-0.56666,-0.85879,-1.22626,-1.13615,-0.88839,-0.78347,-0.72321,-0.5107,-0.41133,0.00269,-0.15343,0.39652,0.89897,0.36538,0.1689,1.20678,0.96576,-0.46748,-0.50806,0.22351,0.14001,0.0,0.0948,0.3877,0.81267,0.76449,0.45687,0.62634,0.5568,0.02206,0.17302,-0.61443,-1.13847,-1.26695,-0.98837,-1.03197,-1.33023,-1.54021,-1.1305,-0.93819,-1.1363,-0.82735,-0.17222,0.13252,0.17279,0.53497,1.23728,1.14567,0.90849,1.23378,1.25952,0.96577,0.73196,0.10491,0.10797,-0.29926,-0.22073,-0.3503,-0.27716,-0.02429
ASP127,-0.24543,-0.96269,-1.07887,-0.86895,-0.89038,-1.14839,-1.15248,-0.85646,-0.45389,-0.78154,-0.47577,-0.08012,-0.05687,0.0154,0.34797,0.41572,0.16777,-0.41948,-0.53764,-0.74664,-0.72944,-0.64917,-0.48101,-0.56626,-0.44416,-0.4127,-0.20717,-0.17856,-0.32222,-0.17785,-0.06496,0.05707,0.20604,0.20201,0.33232,0.6301,0.7018,1.02284,1.46092,1.86311,1.59541,1.35449,1.89234,1.92625,1.3388,1.52563,1.97018,1.51594,1.029,1.44845,1.4402,1.49934,1.46263,1.49325,1.16309,0.82438,0.95743,0.93682,0.64123,0.30462,0.32908,0.49898,0.22883,-0.00441,0.18688,0.11286,-0.27545,-0.06354,0.01156,-0.26536,-0.45821,-0.35856,-0.43617,-0.50069,-0.5645,-0.75262,-0.6083,-0.78901,-0.73275,-0.89767,-0.85941,-0.69425,-0.77367,-0.95682,-0.80682,-0.33148,-0.07582,-0.39552,-0.43307,-0.1021,0.06131,0.17337,-0.16872,-0.16949,-0.2013,-0.6149,-0.84876,-0.78008,-0.74463,-0.98394,-0.86141,-0.40274,-0.7755,-0.78958,-0.27359,-0.39707,-0.94045,-0.91511,-0.57937,-0.50304,-0.4792,-0.35077,-0.10397,0.32754,-0.02393,0.6318,1.20317,0.16008,-0.08754,0.91656,0.30581,-1.09724,-0.99402,-0.84276,0.07964,0.0948,0.0,0.21614,0.51221,0.94238,0.78954,0.95808,0.74781,0.48816,0.45235,-0.07935,-0.60596,-0.74091,-0.2411,-0.56196,-0.83682,-0.98481,-0.39084,-0.20305,-0.35106,0.14877,0.71065,0.61429,0.56347,1.03762,1.29492,0.91515,0.75442,0.9164,0.73137,0.34198,0.06636,-0.31812,-0.23082,-0.31966,-0.26258,-0.43853,-0.30966,-0.14442
GLU128,-0.74286,-1.52026,-1.61999,-1.31215,-1.33132,-1.58798,-1.57667,-1.31602,-0.41357,-0.94293,-0.13314,0.80601,0.83272,0.8416,1.07835,0.89478,0.36587,-0.09561,-0.56837,-0.74769,-0.8055,-0.9375,-0.83641,-0.98527,-0.80074,-0.42113,-0.01386,0.26286,-0.0047,0.00247,-0.05426,-0.10229,-0.06561,-0.28647,-0.35038,-0.32,-0.42987,-0.00448,0.61244,1.21711,0.99751,0.78273,1.36994,1.32186,0.85481,1.11386,1.47164,0.96857,0.6613,1.21319,1.18301,1.40516,1.33399,1.4901,1.14406,0.84581,1.26189,1.34544,1.19676,0.92512,0.86239,0.93685,0.75924,0.46217,0.45032,0.37333,0.06501,0.19508,0.34199,-0.03444,-0.25893,-0.15366,-0.2554,-0.40423,-0.50042,-0.63749,-0.46453,-0.70957,-0.64443,-0.87882,-0.73288,-0.54149,-0.53729,-0.67391,-0.65216,-0.0813,0.14454,-0.51685,-0.44193,0.12984,-0.02413,-0.12112,-0.52432,-0.5995,-0.52138,-0.89662,-1.21935,-1.13574,-1.01187,-1.26901,-1.21118,-0.57277,-0.72196,-0.67448,-0.09075,-0.16761,-0.65826,-0.47612,-0.04816,0.04381,0.0201,0.32229,0.71054,1.27209,0.95409,1.68287,2.34496,1.29494,1.09636,1.97517,0.97151,-0.26103,0.07695,-0.2387,0.72049,0.3877,0.21614,0.0,0.48842,0.51713,0.8808,1.01533,0.66037,0.35193,0.41343,-0.05956,-0.60744,-0.67766,-0.12852,-0.55517,-0.73975,-0.9705,-0.53933,-0.29955,-0.28888,0.10662,0.47268,0.04321,0.1866,1.06649,1.01483,0.45927,0.66946,0.83988,0.50525,0.06976,-0.34623,-0.74208,-0.57412,-0.61945,-0.67331,-0.7552,-0.40371,-0.24045
ALA129,-0.3846,-1.27881,-1.46287,-0.99103,-1.06709,-1.37262,-1.12299,-0.73252,-0.1762,-0.5825,-0.19707,0.52069,0.5504,0.63387,0.94628,0.70925,0.10852,-0.31021,-0.73751,-0.95244,-1.01668,-1.18602,-1.09482,-1.34443,-1.18497,-0.88203,-0.39956,-0.05382,-0.24226,-0.32419,-0.41501,-0.44267,-0.38457,-0.38974,-0.38761,-0.45012,-0.47497,-0.30734,0.18514,0.67557,0.40218,0.21098,1.04098,0.89509,0.35915,0.72568,1.19996,0.61135,0.32341,0.96507,0.92479,1.27437,1.33154,1.40776,1.07439,0.66564,1.05877,1.13385,1.0598,0.76407,0.73302,0.78322,0.54191,0.25893,0.23818,0.10372,-0.21593,-0.09875,0.02816,-0.27382,-0.39858,-0.28523,-0.30513,-0.40649,-0.53303,-0.63341,-0.41447,-0.49479,-0.534,-0.71769,-0.49228,-0.28237,-0.17191,-0.24814,-0.41668,0.19489,0.50696,-0.12821,-0.23715,0.26353,0.19746,0.02212,-0.36519,-0.44439,-0.37534,-0.62489,-0.90672,-0.80232,-0.62109,-0.8464,-0.76127,-0.18423,-0.45755,-0.46673,0.17174,0.08222,-0.31421,-0.1507,0.29969,0.44107,0.44547,0.58493,0.92333,1.58756,1.18941,1.80716,2.45645,1.72631,1.4703,2.41076,1.5756,0.32366,0.48003,0.38636,0.84068,0.81267,0.51221,0.48842,0.0,-0.17437,0.28453,0.84256,0.75579,0.24025,0.43454,-0.17245,-0.6807,-0.65284,-0.17282,-0.6207,-0.83044,-1.00619,-0.63214,-0.47907,-0.45178,0.02494,0.29152,0.04039,0.2692,0.8866,0.90743,0.45594,0.57927,0.71454,0.49641,0.09755,-0.25727,-0.60468,-0.49764,-0.5941,-0.53116,-0.65032,-0.3825,-0.1607
ALA130,-0.46254,-0.67502,-0.79739,-0.49173,-0.67092,-0.9083,-0.58982,-0.19137,0.03904,-0.17762,-0.28954,-0.24573,0.0056,0.12792,0.47562,0.10201,-0.39467,-0.79277,-0.9175,-1.13634,-1.17192,-1.16854,-1.18096,-1.35806,-1.42715,-1.18338,-0.79685,-0.50287,-0.39503,-0.4336,-0.47022,-0.4064,-0.53301,-0.34628,0.21389,0.47574,-0.04572,-0.24443,-0.05582,0.37543,0.43638,0.18694,0.98253,1.11828,0.5399,0.82804,1.4072,0.90985,0.53408,1.03416,1.12958,1.31259,1.31688,1.29316,0.89065,0.42779,0.58786,0.73574,0.69001,0.44834,0.5491,0.59301,0.25567,0.09408,0.24578,0.11705,-0.24662,-0.01211,0.07997,-0.26929,-0.07556,0.0506,-0.15909,-0.12779,-0.12057,-0.38302,-0.33849,-0.28024,-0.20499,-0.22706,-0.10565,-0.00804,-0.00941,-0.44301,-0.6246,-0.33759,-0.12957,-0.55821,-0.79391,-0.55344,-0.62266,-0.70943,-0.81117,-0.73484,-0.68152,-0.84957,-0.7985,-0.60982,-0.46697,-0.53714,-0.2918,0.03401,-0.28383,-0.35684,0.13836,0.17501,-0.27494,-0.19992,0.1969,0.29503,0.34379,0.22033,0.60218,1.21173,0.64115,1.12112,1.61094,0.65418,0.307,1.23856,0.56183,-0.71123,-0.63629,-0.30025,0.25235,0.76449,0.94238,0.51713,-0.17437,0.0,0.14324,0.32297,0.48838,0.47923,0.36177,-0.16877,-0.62515,-0.44986,0.31712,-0.28544,-0.58279,-0.5189,0.2381,0.35273,0.27258,1.08886,1.45588,1.14923,1.24491,1.58092,1.27739,0.70079,0.48821,0.47157,0.1272,-0.27344,-0.49206,-0.58474,-0.52797,-0.21444,-0.04013,-0.38091,-0.17261,-0.07074
VAL131,-0.7574,-0.59024,-0.92623,-0.6955,-0.83517,-1.08337,-0.92784,-0.51644,-0.10783,-0.3708,-0.08208,0.27639,0.51486,0.61647,0.82754,0.2303,-0.37142,-0.61797,-0.84412,-1.02549,-1.12324,-1.18983,-1.28149,-1.41576,-1.51184,-0.98932,-0.63804,-0.10022,0.0206,-0.10524,-0.23986,-0.30497,-0.60503,-0.53735,-0.15252,0.25151,-0.55889,-0.53181,-0.33806,0.05357,0.08243,-0.14758,0.63553,0.96052,0.464,0.67955,1.32771,1.03599,0.71786,1.18695,1.27014,1.44175,1.24441,1.26281,0.76123,0.24981,0.5618,0.89094,1.00035,0.8737,0.98149,0.93685,0.71866,0.57842,0.63083,0.49781,0.22572,0.4267,0.53818,0.17214,0.34794,0.45754,0.17652,0.18433,0.14362,-0.15875,-0.08079,-0.26705,-0.15591,-0.11747,-0.03485,-0.02423,-0.10446,-0.55427,-0.7139,-0.65809,-0.55993,-0.95322,-1.104,-0.88263,-1.15803,-1.24042,-1.27574,-1.20024,-1.14204,-1.24448,-1.14689,-0.91889,-0.7916,-0.79566,-0.5299,-0.13175,-0.23106,-0.14554,0.32495,0.43842,-0.00541,0.06729,0.48599,0.59725,0.53079,0.47223,0.99097,1.54209,0.8626,1.22634,1.73048,0.79746,0.22962,0.97579,0.21559,-1.00096,-0.81828,-0.71493,0.14329,0.45687,0.78954,0.8808,0.28453,0.14324,0.0,0.32838,0.22282,0.59411,0.28705,0.02164,-0.45342,-0.34868,0.58939,-0.04605,-0.40286,-0.37501,0.44657,0.40236,0.35159,1.20338,1.45747,0.89584,0.89492,1.34892,0.97529,0.27213,0.19914,0.1615,-0.20654,-0.62568,-0.81047,-0.77309,-0.66384,-0.20901,-0.15583,-0.45719,-0.15612,-0.10496
ASN132,-0.60447,-0.49213,-0.92312,-0.73116,-0.82057,-1.1664,-0.91234,-0.47333,0.08924,-0.21826,0.17096,0.83651,1.00384,0.91324,1.12078,0.42533,-0.38413,-0.4612,-0.78387,-0.87687,-0.94713,-1.33219,-1.54722,-1.88512,-1.96859,-1.26118,-0.78628,0.01052,0.10076,-0.11765,-0.46594,-0.58084,-0.89259,-0.76562,-0.72911,-0.5507,-1.17601,-1.01181,-0.757,-0.48858,-0.74701,-1.09211,-0.33581,-0.21237,-0.55631,-0.16769,0.54141,0.38874,0.28961,0.88564,0.83786,1.03074,0.90019,0.9816,0.4899,-0.01074,0.59368,1.03675,1.27032,1.24225,1.28799,1.10419,0.97009,0.84438,0.75889,0.53178,0.34515,0.50881,0.56263,0.19307,0.28062,0.41076,0.24671,0.1964,0.11765,-0.03474,0.1109,-0.12049,-0.09647,-0.03201,0.21442,0.21912,0.20951,-0.07416,-0.46806,-0.38033,-0.19063,-0.79797,-1.01525,-0.62366,-0.91188,-1.12835,-1.19286,-1.2133,-1.13965,-1.15592,-1.12106,-0.90383,-0.70074,-0.75388,-0.5151,0.01807,0.00404,0.12373,0.67961,0.79277,0.42549,0.53191,1.10046,1.36474,1.24104,1.21318,1.80809,2.40717,1.58309,1.89393,2.5795,1.62883,0.87666,1.45786,0.80558,-0.29729,-0.26352,-0.31795,0.44452,0.62634,0.95808,1.01533,0.84256,0.32297,0.32838,0.0,-0.01215,0.17234,0.32056,-0.05218,-0.40269,-0.23662,0.50271,-0.12459,-0.31563,-0.42304,0.12329,-0.05481,-0.02612,0.78391,0.83363,0.18894,0.27214,0.80693,0.49186,-0.15831,-0.08292,-0.03983,-0.21932,-0.59177,-0.81567,-0.77842,-0.60835,-0.40219,-0.30917,-0.51307,-0.24528,-0.08599
LEU133,-0.51409,-0.19335,-0.33455,-0.032,-0.26776,-0.48739,-0.05182,0.29863,0.50032,0.28898,0.28916,0.57123,0.78421,0.62842,0.80737,0.06527,-0.81878,-0.83723,-1.03352,-0.9212,-0.91674,-1.18473,-1.62686,-2.09511,-2.37153,-1.78774,-1.24003,-0.36539,-0.07873,-0.4671,-0.88079,-0.96848,-1.25361,-0.91545,-0.72265,-0.54826,-1.2012,-1.32058,-1.08681,-0.91622,-1.23855,-1.66361,-1.10957,-0.97527,-1.37936,-1.09236,-0.07678,-0.09899,-0.09284,0.54972,0.50281,0.67278,0.52289,0.53622,0.00134,-0.53537,0.18163,0.75526,1.13711,1.1079,1.23233,0.97419,0.75602,0.7071,0.66137,0.37559,0.24893,0.45193,0.47237,0.11279,0.40548,0.49978,0.2498,0.33421,0.37238,0.15736,0.17174,0.24519,0.16675,0.24654,0.56358,0.51139,0.55433,0.30834,-0.22634,-0.2899,-0.08588,-0.71681,-1.12296,-0.84458,-1.05434,-1.35996,-1.24648,-1.1675,-1.06473,-0.96037,-0.75687,-0.43076,-0.1607,-0.20377,0.09456,0.46594,0.31665,0.32645,0.83179,0.88582,0.63474,0.72252,1.29809,1.5816,1.58256,1.32257,2.05351,2.74006,1.62041,1.9565,2.52664,1.38195,0.57462,1.02883,0.5259,-0.57442,-0.60672,-0.53444,0.13999,0.5568,0.74781,0.66037,0.75579,0.48838,0.22282,-0.01215,0.0,0.15496,0.83698,-0.07941,-0.46148,0.00262,0.73931,0.01124,-0.03384,0.00959,0.54429,0.31067,0.32638,1.28294,1.24295,0.62836,0.80079,1.15737,0.61208,-0.02394,-0.01643,-0.11476,-0.42282,-0.7309,-0.91219,-0.7128,-0.60086,-0.25353,0.02991,-0.29144,-0.11665,-0.03256
ALA134,-0.7499,0.01274,-0.06251,0.15492,-0.0048,-0.15022,0.05179,0.36227,0.54792,0.33806,0.2633,0.23303,0.58443,0.45278,0.59251,-0.32403,-1.04241,-1.047,-1.07687,-0.86105,-0.77522,-0.84167,-1.30629,-1.64964,-2.16056,-1.5308,-1.19495,-0.38627,0.11275,-0.26315,-0.61192,-0.74392,-1.22355,-0.81787,-0.34734,0.0376,-0.92094,-1.12694,-1.01079,-0.75266,-0.80994,-1.1982,-0.81712,-0.53809,-0.76084,-0.65473,0.23384,0.29346,0.28633,0.78382,0.80061,0.80362,0.53968,0.4932,-0.12355,-0.66206,-0.11812,0.69506,1.046,1.00749,1.18816,0.99159,0.74321,0.74706,0.80292,0.58009,0.41606,0.72629,0.75037,0.2547,0.64242,0.8233,0.40739,0.42918,0.63357,0.33475,0.18173,0.21194,0.25903,0.37647,0.59364,0.52549,0.44099,0.01531,-0.40382,-0.67399,-0.60773,-1.14522,-1.6044,-1.47864,-1.67863,-1.89005,-1.65904,-1.47556,-1.34119,-1.29909,-0.86564,-0.35467,-0.21452,-0.23776,0.12537,0.3286,0.24783,0.24249,0.59534,0.74674,0.46012,0.42174,0.97472,1.23041,1.10875,0.86411,1.58943,2.06348,1.19458,1.28704,1.59528,0.67438,-0.0837,0.17821,-0.28136,-1.18873,-1.30784,-1.22587,-0.50484,0.02206,0.48816,0.35193,0.24025,0.47923,0.59411,0.17234,0.15496,0.0,0.2854,0.07542,-0.60571,-0.2649,1.07202,0.37175,0.29589,0.39749,1.201,0.97235,0.8515,1.83755,1.92464,1.12902,1.05017,1.43238,0.82042,0.06038,-0.02851,-0.09593,-0.5456,-0.97119,-1.01594,-0.70133,-0.54328,0.02688,0.16452,-0.1913,0.02657,0.00178
LYS135,-0.57948,0.06054,-0.1611,0.11521,0.10631,-0.10367,-0.16297,0.07477,0.19258,-0.09692,0.25829,0.77829,1.06804,0.75026,0.77837,-0.2724,-0.98073,-0.814,-0.91559,-0.71427,-0.6407,-0.74621,-1.18881,-1.56171,-1.98252,-1.18254,-0.90044,0.11855,0.60081,0.11404,-0.32189,-0.58161,-1.12779,-0.73639,-0.98428,-0.60011,-1.38692,-1.22811,-1.07997,-0.85026,-0.97583,-1.29984,-1.03568,-0.89797,-0.96703,-0.78799,0.02771,0.28553,0.34536,0.83549,0.86834,0.86016,0.41547,0.30405,-0.34084,-0.87745,-0.11921,0.89171,1.43172,1.45196,1.59014,1.27273,1.12292,1.16088,1.12629,0.83308,0.77888,1.03285,0.92954,0.47306,0.72339,0.79111,0.41134,0.43675,0.55615,0.31904,0.21909,0.18104,0.22871,0.20396,0.3833,0.3588,0.33487,0.05322,-0.284,-0.50203,-0.36886,-0.93097,-1.35181,-1.14623,-1.38208,-1.52144,-1.31202,-1.25205,-1.14658,-1.05233,-0.6991,-0.27942,-0.21158,-0.19464,0.15468,0.38125,0.29897,0.40408,0.74856,0.76267,0.56351,0.48723,1.1218,1.46711,1.25467,1.12647,1.91495,2.16124,1.28047,1.1973,1.50842,0.92938,0.09395,0.27503,-0.01556,-0.77189,-0.8659,-0.8469,-0.27766,0.17302,0.45235,0.41343,0.43454,0.36177,0.28705,0.32056,0.83698,0.2854,0.0,-0.07134,-0.54306,-0.60728,0.35981,0.06193,0.1243,-0.03887,0.44294,-0.18114,-0.26779,0.85151,0.81318,0.16281,0.01707,0.42268,0.1177,-0.47933,-0.63779,-0.53333,-0.59464,-0.95772,-0.86334,-0.50702,-0.25819,-0.10028,0.11671,-0.02344,0.13148,0.25081
SER136,-0.62243,0.26312,0.19843,0.41068,0.58113,0.56639,0.67233,0.84872,1.14743,0.81563,0.86908,1.2065,1.30194,0.88202,0.72955,-0.4033,-1.24247,-0.7358,-0.73136,-0.3335,-0.15856,-0.33731,-0.79482,-1.16173,-1.75863,-1.05074,-0.92891,0.16271,0.64084,0.29532,-0.32938,-0.60333,-1.36859,-0.96268,-1.28983,-1.00882,-1.74101,-1.60453,-1.46205,-1.38115,-1.54895,-1.78799,-1.66184,-1.66773,-1.68866,-1.76401,-1.07127,-0.6201,-0.28467,0.27549,0.23834,0.21828,-0.25835,-0.39582,-0.98411,-1.41553,-0.56465,0.60845,1.46438,1.76219,1.75784,1.22233,1.2082,1.36092,1.18184,0.95949,1.07742,1.27743,1.16025,0.79383,0.99291,1.05909,0.71684,0.66439,0.72927,0.58458,0.48351,0.32212,0.35337,0.44592,0.70791,0.50317,0.55236,0.28292,-0.29007,-0.64206,-0.503,-0.95486,-1.5174,-1.39264,-1.63099,-1.81663,-1.41208,-1.26457,-1.21128,-1.07087,-0.49324,-0.03925,-0.06616,0.10628,0.50044,0.72037,0.70169,0.87414,1.12905,1.12573,0.99241,0.88556,1.455,1.82999,1.56986,1.48153,2.22268,2.29492,1.38052,1.16743,1.34924,0.69508,-0.05202,-0.13177,-0.52688,-1.11974,-1.27238,-1.40251,-0.98865,-0.61443,-0.07935,-0.05956,-0.17245,-0.16877,0.02164,-0.05218,-0.07941,0.07542,-0.07134,0.0,0.72347,0.98567,0.7441,0.39345,0.90857,0.66019,0.84738,-0.11812,0.05839,1.2561,0.87928,0.21193,0.15775,0.47124,-0.00338,-0.56159,-0.7063,-0.66693,-0.74471,-1.08656,-0.90972,-0.38984,0.00731,0.22785,0.26435,0.05557,0.06641,0.20434
ARG137,-0.5127,0.52048,0.59969,0.86368,1.06814,1.235,1.40615,1.64667,1.89161,1.81837,1.5136,1.2551,1.13486,0.69532,0.42885,-0.56462,-1.38415,-0.71679,-0.50016,0.04547,0.34526,0.20684,-0.39533,-0.76563,-1.431,-0.96299,-1.02561,-0.10262,0.44481,0.11285,-0.52843,-0.7164,-1.44194,-1.04194,-1.15198,-1.00281,-1.6542,-1.71215,-1.59205,-1.52728,-1.66392,-1.8846,-1.81954,-1.784,-1.76908,-2.00676,-1.53166,-1.05341,-0.74373,-0.27217,-0.20647,-0.29861,-0.70682,-0.91772,-1.38077,-1.66808,-0.91186,0.20843,1.14621,1.61364,1.66373,0.96096,0.99307,1.24193,1.06804,0.8839,1.07578,1.24708,1.11772,0.81008,1.1079,1.13387,0.7266,0.69225,0.76094,0.60934,0.44042,0.4162,0.44139,0.56927,0.9526,0.66965,0.78206,0.48055,-0.28679,-0.69412,-0.49605,-0.87558,-1.43098,-1.39669,-1.62664,-1.83824,-1.36484,-1.10331,-1.01003,-0.82837,-0.06314,0.37326,0.22641,0.50451,0.86034,1.02118,0.96308,1.01035,1.22055,1.22132,1.11449,0.99714,1.47077,1.83606,1.65482,1.44127,2.03749,2.00332,1.14554,0.87535,0.9572,0.37785,-0.31418,-0.52147,-0.87365,-1.34603,-1.56606,-1.70842,-1.39865,-1.13847,-0.60596,-0.60744,-0.6807,-0.62515,-0.45342,-0.40269,-0.46148,-0.60571,-0.54306,0.72347,0.0,1.28555,1.10725,0.92483,1.28749,1.04495,1.14718,0.13426,0.32993,1.35021,0.99826,0.4127,0.28812,0.43923,-0.02809,-0.58843,-0.78984,-0.75685,-0.79,-1.10765,-0.84109,-0.22217,0.23769,0.50813,0.49033,0.26811,0.15696,0.18449
TRP138,-0.50235,0.65772,0.71707,0.97048,1.23467,1.4094,1.68215,1.92496,2.34299,2.4495,1.84507,1.33985,0.98594,0.58836,0.30996,-0.64001,-1.46794,-0.82659,-0.6296,0.01505,0.3785,0.19878,-0.36392,-0.83492,-1.53109,-1.12996,-1.12067,-0.36519,0.22351,-0.21614,-0.99635,-1.25764,-1.94877,-1.3879,-0.94159,-1.02584,-1.59628,-1.7817,-1.69176,-1.57057,-1.6574,-1.94222,-1.87806,-1.77681,-1.78537,-2.1627,-1.79739,-1.44662,-1.20587,-0.89768,-0.78918,-0.86023,-1.05002,-1.19072,-1.49104,-1.77398,-1.02704,-0.01571,1.00565,1.42246,1.53661,0.79656,0.75082,1.00923,0.8214,0.66358,0.885,1.0675,1.05974,0.73003,1.10998,1.21496,0.74611,0.71146,0.81105,0.6594,0.44751,0.52301,0.5481,0.76742,1.14656,0.86499,1.08845,0.72878,-0.17241,-0.66371,-0.46105,-0.82509,-1.39717,-1.38993,-1.64504,-1.93476,-1.43621,-1.1433,-0.96869,-0.70482,0.17008,0.64613,0.51826,0.88104,1.20181,1.27338,1.293,1.18257,1.25403,1.32477,1.26693,1.14714,1.51123,1.85168,1.76279,1.50863,1.98166,2.02326,1.12796,0.90931,1.01661,0.35066,-0.32479,-0.60899,-1.03839,-1.43762,-1.66893,-1.91135,-1.56693,-1.26695,-0.74091,-0.67766,-0.65284,-0.44986,-0.34868,-0.23662,0.00262,-0.2649,-0.60728,0.98567,1.28555,0.0,0.32851,0.5072,1.09011,1.03058,1.10017,0.50977,0.89883,1.75477,1.36168,0.97365,1.00353,0.82634,0.16702,-0.42553,-0.66623,-0.751,-0.9166,-1.23777,-0.94213,-0.16289,0.29254,0.82553,0.78423,0.45662,0.20262,0.06827
TYR139,-0.83595,0.57953,0.54463,0.67986,0.89684,1.13623,1.24478,1.4445,1.7736,1.86912,1.20078,0.56158,0.57744,0.19749,0.00988,-1.06671,-1.78736,-1.35332,-1.08934,-0.42564,-0.10635,-0.15503,-0.66226,-0.99234,-1.72921,-1.21484,-1.16521,-0.52866,0.11929,-0.26158,-0.93248,-1.22211,-2.06653,-1.49197,-0.52248,-0.37621,-1.51991,-1.70125,-1.59089,-1.33835,-1.20975,-1.4685,-1.43522,-1.19357,-1.09569,-1.39659,-1.08981,-0.71416,-0.55048,-0.30355,-0.17532,-0.39417,-0.7111,-0.81165,-1.21782,-1.60973,-1.00805,0.07416,0.91097,1.29897,1.48087,0.90655,0.72062,0.93513,0.88158,0.6621,0.75746,1.05317,1.08237,0.65298,1.0816,1.22218,0.69348,0.66318,0.78054,0.54719,0.27727,0.24476,0.33769,0.6386,0.899,0.61954,0.76939,0.20994,-0.53786,-1.04828,-0.87258,-1.17957,-1.71969,-1.68089,-1.9335,-2.18261,-1.6831,-1.29977,-1.2092,-1.09779,-0.08828,0.51083,0.20079,0.61095,1.09161,1.13572,1.18625,1.08073,1.13887,1.12051,1.0107,0.78376,1.09822,1.40758,1.31995,1.0042,1.6463,1.79915,1.02306,0.91828,1.00473,0.25385,-0.44604,-0.66828,-1.15597,-1.67518,-1.80501,-1.96479,-1.46601,-0.98837,-0.2411,-0.12852,-0.17282,0.31712,0.58939,0.50271,0.73931,1.07202,0.35981,0.7441,1.10725,0.32851,0.0,-0.29664,0.51969,0.61901,1.08973,0.88707,1.1243,2.02815,1.9049,1.38088,1.23535,1.29221,0.52621,-0.21605,-0.58,-0.6585,-0.90606,-1.32234,-0.98653,-0.25242,0.12672,0.91049,0.89139,0.45539,0.30571,0.12165
ASN140,-0.72753,0.66187,0.62029,0.66363,0.8471,1.11634,1.05844,1.09243,1.23689,1.23749,1.02066,0.61454,0.72275,0.2652,-0.09849,-0.96947,-1.37712,-0.88996,-0.46865,0.12394,0.3916,0.35484,-0.14592,-0.28884,-0.93144,-0.51906,-0.62201,-0.10973,0.38552,0.18043,-0.33004,-0.42143,-1.17998,-0.72552,-0.54522,-0.36631,-1.3691,-1.51149,-1.39482,-1.15701,-1.01554,-1.10457,-1.07692,-0.88622,-0.69104,-0.82704,-0.57829,-0.26455,-0.12257,0.04743,0.16861,-0.05924,-0.4576,-0.64617,-0.94892,-1.19423,-0.87656,0.07102,0.82939,1.25031,1.48287,0.89832,0.84639,1.07609,0.95154,0.78241,0.81429,1.01042,0.89558,0.61941,0.93328,0.98933,0.52735,0.54742,0.61328,0.34554,0.0631,0.01103,0.16376,0.31233,0.48301,0.27149,0.40192,0.01622,-0.57709,-0.90841,-0.79872,-0.92541,-1.19,-1.17664,-1.36626,-1.47496,-1.06278,-0.76605,-0.7538,-0.7365,0.20459,0.66687,0.24154,0.65476,1.06442,1.05064,0.97272,1.00273,1.06776,0.87577,0.77497,0.55317,0.73703,0.95508,0.87621,0.67229,1.15406,1.13578,0.6523,0.4479,0.3814,0.07223,-0.47667,-0.72032,-0.99912,-1.29255,-1.46112,-1.54494,-1.32031,-1.03197,-0.56196,-0.55517,-0.6207,-0.28544,-0.04605,-0.12459,0.01124,0.37175,0.06193,0.39345,0.92483,0.5072,-0.29664,0.0,0.14399,0.47005,0.67141,-0.3982,-0.30523,0.41568,0.48848,0.1897,-0.10242,0.22245,-0.03281,-0.53595,-0.89665,-0.75266,-0.75003,-0.99429,-0.59305,-0.05018,0.40124,0.76299,0.78077,0.56785,0.30859,0.32906
GLN141,-0.41825,0.82138,0.79323,0.82593,0.97302,1.13757,1.16393,1.19883,1.68292,1.68216,1.77179,1.46077,1.22602,0.62551,0.05513,-1.08168,-1.53861,-0.77541,-0.29409,0.57214,0.9644,0.85042,0.17319,-0.10184,-0.88218,-0.36887,-0.38785,0.22776,0.71697,0.44381,-0.15731,-0.37271,-1.20517,-0.86786,-0.88499,-0.95974,-1.71046,-1.96119,-1.93265,-1.64805,-1.45858,-1.53845,-1.52958,-1.32938,-1.0965,-1.26398,-0.99101,-0.66871,-0.49628,-0.43867,-0.42718,-0.75705,-1.22048,-1.5027,-1.65675,-1.67404,-1.0907,0.07088,0.99723,1.56553,1.82357,1.17422,1.1848,1.57502,1.39061,1.11457,1.21684,1.33729,1.25103,0.92365,1.16034,1.27772,0.80264,0.67022,0.81904,0.59095,0.20058,0.25729,0.32344,0.40765,0.66208,0.39923,0.58254,0.25177,-0.52863,-0.94789,-0.70671,-1.01423,-1.34133,-1.19243,-1.40193,-1.5966,-1.16812,-0.847,-0.73609,-0.75721,0.25103,0.79728,0.39448,0.83129,1.29223,1.17552,1.298,1.27236,1.22576,1.09112,1.0559,0.79645,0.94761,1.10922,0.98493,0.81076,1.14942,1.04912,0.57304,0.46483,0.32541,-0.06271,-0.43285,-0.76832,-1.13203,-1.32462,-1.42003,-1.64692,-1.4164,-1.33023,-0.83682,-0.73975,-0.83044,-0.58279,-0.40286,-0.31563,-0.03384,0.29589,0.1243,0.90857,1.28749,1.09011,0.51969,0.14399,0.0,0.54265,0.2388,-0.76261,-0.27214,0.3124,0.2581,-0.04134,-0.10866,0.25413,-0.087,-0.67944,-0.87677,-0.69709,-0.77478,-1.11161,-0.74675,-0.11371,0.39264,0.73055,0.60575,0.4327,0.1323,0.08579
THR142,-0.11159,1.11671,1.14568,1.14262,1.26194,1.34136,1.32275,1.49212,2.09478,2.32661,1.75854,0.89526,0.69408,0.3487,-0.04925,-1.16193,-1.64112,-0.99921,-0.52698,0.34553,0.80732,0.75883,0.26224,-0.13511,-1.00242,-0.75018,-0.60512,-0.13413,0.32472,-0.0547,-0.66567,-0.94758,-1.62221,-1.14298,-0.25213,-0.4412,-1.17008,-1.6899,-1.71091,-1.5364,-1.2814,-1.36008,-1.34997,-1.10378,-0.953,-1.21889,-0.98907,-0.63063,-0.51062,-0.61586,-0.55094,-0.87146,-1.11047,-1.46997,-1.61062,-1.64131,-1.09875,-0.07898,0.84488,1.28384,1.38772,0.71759,0.61895,0.95535,0.89311,0.66922,0.77866,0.9272,0.9327,0.58454,1.02384,1.20039,0.70016,0.59741,0.79228,0.6523,0.26578,0.30213,0.34966,0.53125,0.76703,0.52628,0.77173,0.33354,-0.44166,-0.94934,-0.79362,-1.01717,-1.35455,-1.34402,-1.53055,-1.7428,-1.26507,-0.88783,-0.72129,-0.77221,0.28982,0.8812,0.58331,1.07571,1.51966,1.28351,1.50924,1.33461,1.13366,1.15411,1.2143,0.96645,0.9414,1.01019,0.94801,0.63942,0.80507,0.76421,0.33439,0.26342,0.08897,-0.3543,-0.58875,-1.02723,-1.43921,-1.58861,-1.68965,-1.93771,-1.71319,-1.54021,-0.98481,-0.9705,-1.00619,-0.5189,-0.37501,-0.42304,0.00959,0.39749,-0.03887,0.66019,1.04495,1.03058,0.61901,0.47005,0.54265,0.0,0.23657,0.24383,0.65436,0.72151,0.75503,0.53899,0.59761,0.71518,0.23131,-0.43124,-0.56784,-0.57147,-0.87051,-1.25812,-0.92374,-0.12544,0.35086,1.09035,0.84242,0.5755,0.14801,-0.14795
PRO143,-0.21182,1.09759,1.19132,1.14215,1.08723,1.24857,1.06929,1.09203,1.20218,1.49709,0.70177,-0.34381,-0.29041,-0.39288,-0.69896,-1.80365,-2.32967,-1.70772,-1.01751,-0.2802,0.17304,0.28325,-0.11867,-0.31818,-1.16182,-0.99688,-0.93284,-0.54524,0.05604,-0.18972,-0.61336,-0.746,-1.66017,-1.14663,0.3847,0.59798,-0.73806,-1.40882,-1.47297,-1.2021,-0.90873,-1.06878,-0.95411,-0.60708,-0.54176,-0.79401,-0.49479,-0.15763,-0.12988,-0.17945,-0.0372,-0.22678,-0.41371,-0.79827,-1.17194,-1.53212,-1.24007,-0.24812,0.48934,0.8217,1.04345,0.48662,0.30237,0.65976,0.71026,0.53048,0.54568,0.79829,0.82482,0.40125,0.98568,1.17443,0.61396,0.62272,0.87049,0.61144,0.24974,0.21615,0.32,0.5439,0.59905,0.28217,0.33202,-0.1879,-0.73877,-1.3314,-1.23828,-1.23537,-1.59318,-1.69952,-1.80677,-1.85237,-1.2482,-0.75555,-0.69946,-0.93776,0.2096,0.82772,0.40145,0.91036,1.44544,1.19802,1.36359,1.198,0.99529,1.0384,0.99884,0.70797,0.67293,0.67551,0.56956,0.17128,0.39452,0.43437,0.03691,-0.0453,-0.07987,-0.54918,-0.9031,-1.16753,-1.49982,-1.85014,-1.99693,-2.01794,-1.66208,-1.1305,-0.39084,-0.53933,-0.63214,0.2381,0.44657,0.12329,0.54429,1.201,0.44294,0.84738,1.14718,1.10017,1.08973,0.67141,0.2388,0.23657,0.0,-0.70522,-0.06232,0.7186,1.00619,0.89889,0.68301,0.8013,0.41231,-0.18044,-0.55819,-0.63071,-0.89602,-1.26232,-0.8138,-0.04444,0.36882,1.40959,1.17256,0.70491,0.51904,0.22106
ASN144,0.03646,1.03163,1.06985,0.98837,0.88927,1.1686,1.03308,0.98479,1.50587,1.83472,0.99568,-0.32379,-0.30041,-0.06101,-0.16396,-0.9244,-1.65613,-1.40455,-0.69573,-0.10934,0.26691,0.37968,0.15032,-0.04035,-0.87939,-0.93478,-0.7481,-0.62084,-0.18134,-0.37703,-0.7602,-0.83559,-1.46783,-1.17068,1.18067,1.09619,0.05071,-0.87643,-0.94733,-0.72129,-0.47045,-0.69337,-0.61137,-0.33095,-0.38064,-0.62648,-0.45251,-0.23673,-0.23069,-0.3686,-0.25578,-0.36082,-0.32369,-0.5172,-0.4384,-0.61447,-0.62345,-0.0943,0.37647,0.61781,0.63773,0.06366,-0.12993,0.16471,0.20842,0.0593,0.02697,0.36309,0.57991,0.13205,0.62891,0.92801,0.4784,0.45755,0.7277,0.58535,0.24598,0.30652,0.35059,0.57415,0.711,0.48651,0.59221,0.07091,-0.44969,-0.91952,-0.86394,-0.99356,-1.31574,-1.37549,-1.4238,-1.56533,-1.09583,-0.63999,-0.48394,-0.71095,0.20394,0.72114,0.34052,0.91118,1.24359,0.94598,1.35985,1.0025,0.72331,0.88677,0.98043,0.80749,0.69113,0.58171,0.52954,0.18696,0.20881,0.28883,0.03645,0.09116,0.01749,-0.46866,-0.59102,-0.751,-1.12079,-1.42119,-1.4654,-1.62788,-1.25478,-0.93819,-0.20305,-0.29955,-0.47907,0.35273,0.40236,-0.05481,0.31067,0.97235,-0.18114,-0.11812,0.13426,0.50977,0.88707,-0.3982,-0.76261,0.24383,-0.70522,0.0,0.71683,0.72461,0.9764,0.36758,0.65666,0.89273,0.31137,-0.25958,-0.23842,-0.44646,-0.9538,-1.25032,-1.00069,-0.34767,-0.07223,1.04517,0.81941,0.38369,0.24431,-0.25965
ARG145,0.17122,0.98182,0.98878,0.92198,0.92293,1.24773,1.37419,1.43628,2.18082,2.42184,1.56882,0.37508,0.18357,0.57934,0.47783,-0.12267,-1.07667,-0.80314,-0.49818,0.08675,0.43814,0.44527,0.28171,0.03142,-0.71971,-0.82075,-0.40529,-0.3146,-0.032,-0.32543,-0.85846,-0.97093,-1.43286,-1.45641,1.19182,0.75274,0.11136,-1.00077,-0.99837,-0.82667,-0.65607,-0.88689,-0.85791,-0.66323,-0.69783,-0.95595,-0.80774,-0.61972,-0.58589,-0.70921,-0.60414,-0.67792,-0.61069,-0.60273,-0.3488,-0.41183,-0.13662,0.29231,0.78969,1.02519,0.84355,0.15878,0.08081,0.30407,0.26983,0.09912,0.13934,0.35332,0.71976,0.14393,0.67172,0.98272,0.47489,0.37461,0.67563,0.6175,0.2548,0.33532,0.40754,0.64364,0.90165,0.74569,0.9375,0.42034,-0.1909,-0.60859,-0.56989,-0.91413,-1.27961,-1.26691,-1.39788,-1.70162,-1.3414,-0.94662,-0.68814,-0.73274,0.04331,0.50374,0.40165,0.98604,1.19934,0.89902,1.51055,1.07163,0.72635,1.09053,1.17174,1.09901,1.01408,0.81645,0.75946,0.47198,0.39952,0.48074,0.16063,0.24134,0.16806,-0.35387,-0.38368,-0.6371,-1.10461,-1.25755,-1.30747,-1.67864,-1.25064,-1.1363,-0.35106,-0.28888,-0.45178,0.27258,0.35159,-0.02612,0.32638,0.8515,-0.26779,0.05839,0.32993,0.89883,1.1243,-0.30523,-0.27214,0.65436,-0.06232,0.71683,0.0,0.18766,0.55447,-0.19541,0.43097,0.69572,-0.14668,-0.75521,-0.35261,-0.67624,-1.3933,-1.69845,-1.5249,-0.74751,-0.46244,0.87935,0.47,0.04585,0.04219,-0.5663
ALA146,0.19978,1.05556,1.18194,1.12166,0.93155,1.09615,1.57093,1.71507,1.88051,1.98325,0.83296,-0.28358,-0.27384,-0.02082,0.03135,-0.78518,-1.79388,-1.69679,-1.33809,-0.60047,-0.07751,-0.05532,-0.27908,-0.51373,-1.31019,-1.26578,-0.82763,-0.49693,-0.00973,-0.40472,-0.90698,-1.07853,-1.65927,-1.4371,0.89675,0.81583,-0.30284,-1.4292,-1.52603,-1.27703,-1.04297,-1.31088,-1.18651,-0.90786,-0.93095,-1.12091,-0.81006,-0.57322,-0.53936,-0.57107,-0.42419,-0.43817,-0.47641,-0.56437,-0.57568,-0.94563,-0.66351,0.22846,1.10548,1.26977,1.24902,0.68607,0.47389,0.71148,0.70758,0.48043,0.47752,0.70057,0.98895,0.30374,1.06352,1.20769,0.51683,0.52933,0.88172,0.69368,0.30063,0.3846,0.47975,0.77573,0.91179,0.6147,0.71699,0.15734,-0.45703,-0.96254,-0.96672,-1.28613,-1.70693,-1.77198,-1.96325,-2.21827,-1.71364,-1.20997,-0.90989,-0.92618,-0.01512,0.59154,0.60171,1.04738,1.39084,1.15403,1.6039,1.15016,0.83488,1.21977,1.25656,1.19229,1.18011,0.969,0.87718,0.51512,0.51181,0.64528,0.10675,0.14051,0.206,-0.47421,-0.77074,-0.9355,-1.3447,-1.70336,-1.74821,-1.91205,-1.36119,-0.82735,0.14877,0.10662,0.02494,1.08886,1.20338,0.78391,1.28294,1.83755,0.85151,1.2561,1.35021,1.75477,2.02815,0.41568,0.3124,0.72151,0.7186,0.72461,0.18766,0.0,0.69106,-0.0453,0.57211,0.67933,-0.22365,-0.81535,-0.52092,-0.87475,-1.63684,-2.07389,-1.87288,-0.94255,-0.62344,0.98507,0.73489,0.14471,0.36714,-0.19034
LYS147,0.4568,1.30888,1.32171,1.14209,0.91071,0.97245,1.00664,1.17563,1.48561,1.67562,0.37629,-0.83015,-0.83852,-0.60144,-0.44329,-1.00656,-1.68802,-1.9551,-1.54353,-0.91988,-0.43276,-0.21104,-0.35101,-0.5234,-1.26101,-1.34485,-1.03046,-0.93013,-0.34433,-0.53973,-0.89467,-0.9624,-1.46413,-1.14775,1.37237,1.4047,0.32009,-0.86164,-1.03601,-0.72775,-0.38215,-0.73751,-0.56058,-0.20801,-0.36137,-0.57429,-0.2492,-0.07105,-0.10208,-0.09165,0.08319,0.07835,0.10003,0.01308,0.00211,-0.3311,-0.36949,0.21481,0.66467,0.56592,0.79729,0.49962,0.00982,0.22444,0.52124,0.31034,0.03307,0.42874,0.75623,-0.04528,0.76694,1.02229,0.23014,0.15435,0.63529,0.37148,-0.04402,0.08862,0.21313,0.53273,0.56971,0.3046,0.3204,-0.31818,-0.77476,-1.16003,-1.09351,-1.39822,-1.69612,-1.64442,-1.71905,-1.86411,-1.41725,-0.73042,-0.39064,-0.84887,0.06973,0.78899,0.43159,0.61824,1.0333,0.74106,1.04494,0.59663,0.36384,0.71148,0.78962,0.62025,0.63287,0.51144,0.46546,0.11679,0.12547,0.27899,-0.13122,-0.04626,0.00881,-0.6212,-0.81702,-0.79,-1.13192,-1.51407,-1.42845,-1.34056,-0.74643,-0.17222,0.71065,0.47268,0.29152,1.45588,1.45747,0.83363,1.24295,1.92464,0.81318,0.87928,0.99826,1.36168,1.9049,0.48848,0.2581,0.75503,1.00619,0.9764,0.55447,0.69106,0.0,-0.54454,0.06658,0.61047,0.04456,-0.57192,-0.4493,-0.47247,-1.02469,-1.52883,-1.32567,-0.75327,-0.35197,1.10256,0.75704,0.12428,0.27568,-0.27741
ARG148,1.70983,2.2602,2.17883,1.96401,1.7148,1.60654,1.6228,1.70089,0.8612,1.22792,-0.44769,-1.78133,-1.74066,-1.61071,-1.38968,-1.56798,-1.82628,-2.10577,-1.47841,-1.08273,-0.73662,-0.26854,-0.2999,-0.42914,-1.21931,-1.63185,-1.43623,-1.66556,-1.12739,-1.13917,-1.11035,-1.01382,-1.14995,-0.53104,1.6774,1.60263,1.02174,-0.19159,-0.55024,-0.31296,-0.08425,-0.48587,-0.28517,0.18444,-0.06752,-0.37081,0.07546,0.23101,0.02832,-0.00623,0.31716,0.28996,0.41107,0.14139,0.12238,-0.35288,-0.82571,-0.81162,-0.83198,-1.23402,-0.60411,-0.44583,-1.19718,-0.87108,-0.08384,-0.25766,-0.64435,-0.1729,0.05009,-0.39757,0.31779,0.48636,-0.0273,0.06204,0.3651,0.14453,-0.11017,0.14657,0.23454,0.53088,0.40011,0.02089,0.12262,-0.32755,-0.79865,-1.21897,-1.05901,-0.82479,-1.12383,-1.31308,-1.03425,-0.79014,-0.18984,0.56923,0.54998,0.17863,1.22882,1.60798,0.92784,1.33689,1.87446,1.28619,1.17444,0.77237,0.46566,0.42234,0.61764,0.49454,0.16052,0.11387,0.2389,-0.26659,-0.37023,-0.24254,-0.52989,-0.50919,-0.51482,-0.97736,-1.15369,-1.08097,-1.06679,-1.40635,-1.40415,-1.07237,-0.7004,0.13252,0.61429,0.04321,0.04039,1.14923,0.89584,0.18894,0.62836,1.12902,0.16281,0.21193,0.4127,0.97365,1.38088,0.1897,-0.04134,0.53899,0.89889,0.36758,-0.19541,-0.0453,-0.54454,0.0,-0.28837,-0.9852,-0.53735,-0.43722,-1.00545,-0.99718,-0.99378,-1.05059,-0.22427,0.70315,0.9018,2.1925,1.99722,1.10482,0.50882,-0.12908
VAL149,2.1447,1.92818,1.97639,1.65094,1.28127,1.36192,1.97564,1.92744,1.43206,1.7663,-0.12404,-1.59919,-1.4854,-1.37672,-1.06441,-1.2009,-1.58413,-1.76742,-1.09475,-0.82876,-0.54089,-0.33702,-0.31015,-0.59399,-1.36757,-1.75778,-1.31729,-1.43011,-1.16696,-1.33722,-1.12708,-1.06314,-0.88058,-0.24135,1.24829,0.86827,0.75007,-0.26438,-0.57799,-0.36754,-0.36814,-0.78579,-0.47676,-0.03736,-0.33348,-0.55901,-0.07637,0.00724,-0.18973,-0.15711,0.12859,0.2592,0.40912,0.22622,0.27753,-0.19188,-0.49036,-0.42457,-0.36507,-0.70186,-0.21943,-0.22711,-1.00359,-0.63731,-0.03374,-0.20213,-0.50441,-0.14143,-0.10044,-0.51601,0.00093,0.11785,-0.16326,-0.06922,-0.01196,-0.03736,-0.18773,0.13984,0.08593,0.28673,0.30045,0.01819,0.28512,-0.01429,-0.56868,-0.79054,-0.60207,-0.48448,-0.73808,-0.82534,-0.46389,-0.26112,0.1874,0.84649,0.84872,0.71199,1.42821,1.72701,1.59419,1.81427,2.03603,1.50368,1.28669,0.8582,0.71999,0.59044,0.72036,0.67904,0.37341,0.34216,0.55886,0.08325,-0.14298,0.05257,-0.3693,-0.27318,-0.19939,-0.73412,-0.86456,-0.73682,-0.78804,-1.0931,-1.05823,-0.80663,-0.41649,0.17279,0.56347,0.1866,0.2692,1.24491,0.89492,0.27214,0.80079,1.05017,0.01707,0.15775,0.28812,1.00353,1.23535,-0.10242,-0.10866,0.59761,0.68301,0.65666,0.43097,0.57211,0.06658,-0.28837,0.0,-1.2008,-1.09668,-0.41967,-0.37014,-0.73728,-1.04812,-0.83148,-0.48698,0.11979,0.15059,1.51983,1.31476,0.42603,0.08695,-0.46059
ILE150,1.03257,0.79625,0.93518,0.54665,0.29584,0.31679,0.56574,0.62149,1.27295,1.50244,0.5468,-0.26432,-0.42187,-0.32405,-0.10737,-0.33109,-0.77718,-1.05027,-0.69782,-0.26025,-0.06023,-0.0931,-0.06638,-0.41042,-0.88591,-0.94209,-0.41056,-0.32808,-0.25118,-0.39926,-0.52151,-0.49599,-0.44054,-0.46369,0.977,0.51601,0.39226,-0.16786,-0.24109,0.03918,0.06829,-0.27136,-0.04077,0.19098,-0.00206,-0.12241,0.13862,0.12535,0.03866,0.11884,0.21923,0.38824,0.54072,0.64663,0.64985,0.37531,0.56427,0.91887,1.11084,0.91258,1.20891,1.41,0.76323,0.5569,0.81447,0.7931,0.34137,0.48976,0.59548,-0.17708,0.05823,0.36802,-0.24297,-0.54994,-0.29861,-0.29052,-0.55032,-0.49141,-0.42527,-0.27862,-0.23713,-0.2766,-0.1231,-0.46995,-0.82374,-0.67768,-0.47082,-0.87218,-0.97106,-0.63784,-0.54056,-0.58184,-0.67098,0.02421,0.56439,-0.40397,-0.18745,0.69761,0.69193,0.23923,0.26032,0.00555,0.28913,-0.07027,-0.19974,0.01664,0.31802,0.37096,0.39078,0.25304,0.31634,0.35572,0.16173,0.33178,-0.03558,0.30253,0.36639,-0.32439,-0.18141,0.06086,-0.29098,-0.5168,-0.1765,-0.11614,0.54313,0.53497,1.03762,1.06649,0.8866,1.58092,1.34892,0.80693,1.15737,1.43238,0.42268,0.47124,0.43923,0.82634,1.29221,0.22245,0.25413,0.71518,0.8013,0.89273,0.69572,0.67933,0.61047,-0.9852,-1.2008,0.0,-0.53474,-0.90849,0.2624,0.26132,-0.30256,-0.64802,-1.02539,-1.25187,-0.70966,0.46402,-0.43748,-0.91324,-0.70724,-1.14281
THR151,1.25554,0.5711,0.76154,0.48616,0.33073,0.21391,0.35697,0.48843,0.72022,0.68908,-0.20225,-0.7874,-1.20181,-1.22332,-0.88798,-0.74346,-0.70677,-1.16694,-0.72084,-0.20626,-0.07816,0.16837,0.2142,0.19752,-0.16492,-0.51232,-0.45266,-0.6621,-0.60626,-0.24995,0.08229,0.39972,0.86084,0.89121,1.10707,0.64568,0.92115,0.60406,0.43361,0.76418,0.98169,0.7417,0.80222,1.20167,1.14791,0.97068,1.12967,1.04306,0.81356,0.74715,0.85301,0.9069,1.01072,0.99675,0.93683,0.63588,0.41276,0.41044,0.00487,-0.50578,-0.00023,0.75789,-0.04349,-0.18084,0.70631,0.75765,0.15087,0.47188,0.34476,-0.30104,-0.36091,-0.14724,-0.61565,-0.99756,-0.76869,-0.73978,-0.89807,-1.02145,-0.89266,-0.82331,-1.05877,-1.0932,-1.00443,-1.2373,-1.32874,-1.04511,-0.64095,-0.59105,-0.56605,-0.29457,0.109,0.59658,0.40103,1.33013,1.64068,0.06168,0.14504,0.87802,0.36547,-0.21822,-0.04013,-0.30559,-0.27021,-0.33818,-0.31222,-0.54843,-0.19609,-0.3653,-0.46467,-0.50413,-0.50633,-0.34376,-0.60541,-0.52871,-0.76132,-0.25151,-0.07397,-0.66292,-0.51356,-0.01534,-0.03848,-0.28899,0.13375,0.56987,1.07744,1.23728,1.29492,1.01483,0.90743,1.27739,0.97529,0.49186,0.61208,0.82042,0.1177,-0.00338,-0.02809,0.16702,0.52621,-0.03281,-0.087,0.23131,0.41231,0.31137,-0.14668,-0.22365,0.04456,-0.53735,-1.09668,-0.53474,0.0,-0.21035,0.01744,0.65861,0.6599,0.32383,0.44434,-0.22179,0.35785,0.87748,-0.11258,-0.65279,-0.93681,-1.27636
THR152,1.26804,0.11975,0.81934,0.6257,0.45687,0.5549,0.7947,0.62769,0.31111,0.08617,-0.69624,-1.3971,-1.80439,-2.114,-1.65296,-1.07183,-0.72597,-1.11907,-0.39138,-0.14059,-0.01098,0.23748,0.41234,0.35734,0.07603,-0.49269,-0.8933,-1.04141,-0.90258,-0.32731,0.3217,0.70527,1.23305,1.66876,0.69867,0.7098,1.03813,1.04241,0.69511,0.90817,0.99503,0.79751,0.90715,1.35122,1.24222,1.12884,1.36951,1.23087,0.94042,0.84693,0.98223,0.99447,1.03483,0.8131,0.77681,0.47197,-0.02379,-0.32002,-0.9052,-1.38295,-0.96761,-0.30806,-1.11116,-1.0572,0.16458,0.36813,-0.20492,0.23052,-0.11632,-0.31185,-0.50357,-0.44637,-0.40284,-0.47115,-0.61738,-0.44141,-0.38106,-0.45761,-0.52753,-0.64626,-1.05749,-1.19443,-1.1474,-1.00368,-0.82738,-0.72108,-0.29183,0.29278,0.26156,0.30986,1.00213,1.88258,1.95208,2.86196,2.5805,1.51713,1.4186,1.67935,1.39142,0.85728,0.88528,0.51061,0.19476,0.31374,0.41207,-0.32296,-0.11612,-0.50086,-0.74582,-0.6188,-0.63496,-0.67107,-0.97497,-0.9662,-1.05746,-0.72987,-0.42328,-0.65912,-0.62952,-0.20517,0.09443,-0.08684,0.1477,0.71932,0.82536,1.14567,0.91515,0.45927,0.45594,0.70079,0.27213,-0.15831,-0.02394,0.06038,-0.47933,-0.56159,-0.58843,-0.42553,-0.21605,-0.53595,-0.67944,-0.43124,-0.18044,-0.25958,-0.75521,-0.81535,-0.57192,-0.43722,-0.41967,-0.90849,-0.21035,0.0,-0.88401,0.0032,0.49379,0.73976,1.07868,0.40072,0.45928,0.50255,-0.04941,-0.59812,-0.9858,-1.0289
PHE153,0.53742,-0.55263,-0.14016,-0.13958,-0.11315,0.20899,0.44971,0.35068,0.77849,0.80025,0.26472,-0.11003,-0.52605,-0.64144,-0.34314,0.09603,0.07831,-0.28314,-0.015,0.08455,0.17331,0.23177,0.52265,0.38887,0.27686,-0.19718,-0.00106,-0.23843,-0.54341,-0.35147,-0.00204,0.19719,0.77663,0.686,0.7763,0.48097,1.15402,1.17009,1.09215,1.15915,1.05536,0.97103,1.20631,1.28132,0.95626,0.93709,1.17278,0.88072,0.57725,0.62946,0.74771,0.94493,1.08924,1.1418,1.1379,1.00712,0.96342,0.72872,0.43964,0.04958,0.10542,0.42657,-0.08927,-0.27505,0.17317,0.17657,-0.33383,-0.10774,-0.24094,-0.70273,-0.92069,-0.65075,-0.7243,-1.04575,-1.03179,-0.67686,-0.54057,-0.53105,-0.57105,-0.68628,-0.82606,-0.67176,-0.49602,-0.3751,-0.27991,0.18176,0.49848,0.39852,0.42751,0.82729,1.23719,1.56222,1.10159,1.74747,2.03559,0.94696,0.30115,0.85903,1.23536,0.24174,-0.1473,-0.32533,-0.31614,-0.42668,-0.40769,-0.58958,-0.3579,-0.36435,-0.39394,-0.42886,-0.29576,0.05415,-0.36569,-0.28081,-0.27605,0.08472,0.26061,0.02367,0.31388,0.57976,0.56277,0.59745,0.89898,1.05551,1.23906,0.90849,0.75442,0.66946,0.57927,0.48821,0.19914,-0.08292,-0.01643,-0.02851,-0.63779,-0.7063,-0.78984,-0.66623,-0.58,-0.89665,-0.87677,-0.56784,-0.55819,-0.23842,-0.35261,-0.52092,-0.4493,-1.00545,-0.37014,0.2624,0.01744,-0.88401,0.0,0.32855,-0.23203,-0.03863,-0.74912,-1.62904,-1.19577,-0.95272,-1.65526,-1.79188,-1.44965,-1.46214
ARG154,0.36287,-0.82738,-0.61781,-0.68467,-0.32872,-0.02254,0.0606,0.17365,0.72709,0.73832,0.37225,0.24716,-0.29549,-0.51984,-0.3109,0.20454,0.31922,-0.243,-0.09253,0.09214,0.11685,0.25356,0.5811,0.59239,0.76563,0.26244,0.48101,-0.04555,-0.56199,-0.17283,0.29079,0.65823,1.47136,1.16657,1.13867,0.53711,1.45519,1.46913,1.47644,1.60526,1.53413,1.50144,1.69715,1.87099,1.7006,1.6745,1.77262,1.44013,1.14258,1.09315,1.13273,1.36804,1.45015,1.51173,1.43731,1.30738,1.24321,1.03522,0.57989,0.07841,0.21092,0.75031,0.19487,-0.12538,0.42155,0.52205,-0.26991,-0.03263,-0.12476,-0.77295,-1.28324,-0.84152,-0.95667,-1.50572,-1.43765,-1.12022,-1.14155,-1.21781,-1.07539,-1.18383,-1.43666,-1.17413,-0.99,-0.91648,-0.73984,-0.04843,0.37994,0.23296,0.38125,0.8199,1.16578,1.51343,0.82837,1.4911,1.99322,0.29571,-0.35563,0.36439,0.2774,-0.90886,-1.11403,-1.18572,-1.01765,-0.9736,-0.86164,-1.00169,-0.70137,-0.76801,-0.74822,-0.83214,-0.77033,-0.1986,-0.60511,-0.5813,-0.49239,0.02777,0.20515,-0.08617,0.38258,0.83397,0.74028,0.71031,1.19195,1.37266,1.62759,1.23378,0.9164,0.83988,0.71454,0.47157,0.1615,-0.03983,-0.11476,-0.09593,-0.53333,-0.66693,-0.75685,-0.751,-0.6585,-0.75266,-0.69709,-0.57147,-0.63071,-0.44646,-0.67624,-0.87475,-0.47247,-0.99718,-0.73728,0.26132,0.65861,0.0032,0.32855,0.0,0.00801,-0.05105,-0.81553,-1.90304,-1.01888,-1.04342,-2.1139,-1.90762,-1.74516,-1.83299
THR155,0.34752,-1.15642,-0.8299,-0.87361,-0.57282,-0.18868,-0.06163,0.13388,0.43751,0.22994,-0.04669,0.03437,-0.52142,-0.98951,-0.98367,-0.39312,0.11072,-0.42643,-0.05962,0.06847,0.07704,0.38294,0.71539,0.88203,1.06551,0.53056,0.11248,-0.49916,-0.95039,0.00297,0.67382,1.15117,2.07478,2.06647,1.1433,0.74706,1.66258,1.90744,1.71806,1.91627,1.92223,1.74738,1.72064,2.03825,2.08485,2.04295,2.00308,1.72011,1.49426,1.3609,1.32766,1.40985,1.51157,1.36255,1.21445,1.08015,0.74202,0.41508,-0.22077,-0.68364,-0.45117,0.17521,-0.34324,-0.60222,0.11883,0.33805,-0.36891,-0.11426,-0.15279,-0.40516,-1.15177,-0.90594,-0.77384,-1.20199,-1.2439,-1.08987,-1.09502,-1.34209,-1.22316,-1.46574,-1.80718,-1.60969,-1.55188,-1.27596,-0.88521,-0.3003,0.16554,0.46255,0.66676,0.95605,1.45254,2.15888,1.70881,2.44858,2.44429,0.87323,0.34613,0.75298,0.15579,-0.84771,-0.85277,-0.8535,-0.91858,-0.65445,-0.34203,-0.8562,-0.59188,-0.86646,-1.01455,-0.96771,-1.04289,-0.57079,-0.95499,-1.0659,-0.90646,-0.42404,-0.19133,-0.31265,0.0983,0.64762,0.78815,0.68739,1.09873,1.44906,1.44038,1.25952,0.73137,0.50525,0.49641,0.1272,-0.20654,-0.21932,-0.42282,-0.5456,-0.59464,-0.74471,-0.79,-0.9166,-0.90606,-0.75003,-0.77478,-0.87051,-0.89602,-0.9538,-1.3933,-1.63684,-1.02469,-0.99378,-1.04812,-0.30256,0.6599,0.49379,-0.23203,0.00801,0.0,0.27723,0.35099,-1.441,-0.5512,-0.9966,-1.83705,-1.59946,-1.71577,-1.60794
GLY156,0.58172,-1.40702,-0.85423,-0.79635,-0.51587,-0.01995,0.54932,0.59179,0.46072,0.16024,-0.1958,-0.2373,-0.67119,-1.07992,-1.16776,-0.41557,0.17173,-0.39768,0.17537,0.12906,0.09572,0.35408,0.74227,0.89888,1.09683,0.42859,-0.19699,-0.93057,-1.35251,-0.25712,0.61806,1.11302,2.07497,2.33364,0.88427,0.78047,1.82338,2.09688,1.88207,1.93033,1.94045,1.79778,1.66231,1.86378,1.84799,1.87088,1.94749,1.6177,1.28509,1.23939,1.31284,1.29852,1.41641,1.23071,1.12373,0.94006,0.40561,-0.09143,-0.67712,-1.0874,-0.90052,-0.35212,-0.81243,-1.00657,-0.40714,-0.20527,-0.78431,-0.57393,-0.81949,-0.56372,-1.30435,-1.17307,-0.59336,-0.79454,-1.06915,-0.74106,-0.55336,-0.81352,-0.87927,-1.24436,-1.66723,-1.52786,-1.43244,-0.91415,-0.44957,0.03437,0.55658,1.15201,1.25536,1.41894,2.10659,2.88844,2.54996,3.27143,2.9062,1.89801,1.37417,1.24046,0.84803,0.1894,-0.01918,-0.14284,-0.46763,-0.17127,0.16003,-0.60866,-0.38384,-0.6572,-0.96082,-0.88157,-0.8893,-0.61679,-1.03462,-1.13942,-0.89231,-0.66762,-0.39866,-0.17892,0.09834,0.50255,0.92483,0.90959,1.06137,1.43094,1.13202,0.96577,0.34198,0.06976,0.09755,-0.27344,-0.62568,-0.59177,-0.7309,-0.97119,-0.95772,-1.08656,-1.10765,-1.23777,-1.32234,-0.99429,-1.11161,-1.25812,-1.26232,-1.25032,-1.69845,-2.07389,-1.52883,-1.05059,-0.83148,-0.64802,0.32383,0.73976,-0.03863,-0.05105,0.27723,0.0,-0.06261,-1.7313,-1.0703,-1.67717,-1.95295,-1.69064,-2.00141,-1.63092
THR157,0.97623,-0.99635,-0.44647,-0.31546,0.15145,0.51323,0.93378,1.28248,0.47612,0.29504,-0.39693,-0.74541,-1.14039,-1.58186,-1.71426,-1.02805,-0.36201,-1.01911,-0.24186,-0.12953,-0.10063,0.20374,0.53086,0.82957,0.90866,0.18759,-0.69202,-1.43892,-1.63452,-0.42119,0.78813,1.4055,2.25928,2.65892,1.16577,1.1421,2.02244,2.28268,1.72874,1.86651,1.99774,1.87968,1.61212,1.88021,1.91373,1.78209,1.875,1.82347,1.43299,1.18172,1.3956,1.24132,1.18507,0.80198,0.78157,0.5867,-0.26953,-0.85345,-1.4456,-1.76247,-1.46951,-0.85798,-1.30265,-1.3652,-0.66098,-0.38148,-0.91946,-0.62682,-0.77115,-0.29293,-1.04864,-0.89469,-0.13923,-0.21797,-0.53911,-0.32946,-0.16951,-0.54482,-0.64709,-1.01169,-1.75233,-1.74319,-1.61194,-1.2023,-0.76166,-0.51189,0.0152,1.03942,1.09849,0.96864,1.81088,2.7884,2.67991,3.45826,2.80074,1.90657,1.91027,1.67644,0.63889,0.48281,0.6311,0.33982,-0.08466,0.3264,0.56636,-0.41329,-0.07817,-0.51687,-0.99257,-0.86278,-0.98227,-0.98189,-1.35379,-1.60685,-1.4418,-1.39529,-1.02502,-0.72003,-0.70968,-0.24603,0.47838,0.39876,0.43019,0.95128,0.58684,0.73196,0.06636,-0.34623,-0.25727,-0.49206,-0.81047,-0.81567,-0.91219,-1.01594,-0.86334,-0.90972,-0.84109,-0.94213,-0.98653,-0.59305,-0.74675,-0.92374,-0.8138,-1.00069,-1.5249,-1.87288,-1.32567,-0.22427,-0.48698,-1.02539,0.44434,1.07868,-0.74912,-0.81553,0.35099,-0.06261,0.0,-0.51427,0.10134,-1.14304,-1.13783,-1.01327,-1.91572,-1.73135
TRP158,1.47461,0.21911,0.40088,0.56881,1.15436,1.64786,1.5873,1.74076,0.76607,0.74146,-0.3477,-0.93183,-1.28731,-1.7686,-1.90835,-1.42888,-0.94883,-1.44896,-0.83858,-0.72269,-0.49058,-0.05416,0.11918,0.35635,0.24938,-0.50373,-1.3155,-1.79255,-1.67168,-0.77171,0.23928,0.99734,1.67617,2.40072,1.13172,1.18342,1.72551,1.76232,1.16022,1.27876,1.51096,1.25188,1.04518,1.42777,1.46549,1.10404,1.08784,1.43171,1.29051,0.81712,0.96651,0.54358,0.4383,-0.22752,-0.23335,-0.36519,-1.24335,-1.54301,-1.86095,-1.94221,-1.55747,-1.19021,-1.57363,-1.31035,-0.72794,-0.58328,-0.75996,-0.39707,-0.43145,0.26435,-0.47867,-0.33319,0.65936,0.74586,0.19848,0.4238,0.5123,0.12297,-0.00673,-0.18153,-0.97319,-1.31675,-1.15192,-0.92323,-0.79483,-0.95991,-0.52768,0.6406,0.5314,0.11807,0.81818,1.80973,2.09763,2.64493,1.87973,1.52893,2.03028,1.581,0.62748,1.06725,1.37652,1.14945,0.75732,1.08733,1.22026,0.29413,0.60574,0.14697,-0.48041,-0.2517,-0.40279,-0.86189,-1.10425,-1.34507,-1.24996,-1.39884,-1.22862,-1.05491,-1.20187,-0.95296,-0.27933,-0.34811,-0.41305,0.08289,-0.28539,0.10491,-0.31812,-0.74208,-0.60468,-0.58474,-0.77309,-0.77842,-0.7128,-0.70133,-0.50702,-0.38984,-0.22217,-0.16289,-0.25242,-0.05018,-0.11371,-0.12544,-0.04444,-0.34767,-0.74751,-0.94255,-0.75327,0.70315,0.11979,-1.25187,-0.22179,0.40072,-1.62904,-1.90304,-1.441,-1.7313,-0.51427,0.0,0.11657,-0.27863,0.17537,-0.12452,-1.48221,-1.65515
ASP159,0.78361,-0.05784,-0.07126,0.20692,0.8628,1.11432,0.97049,1.19183,0.63927,1.04125,0.02343,-0.41287,-0.87041,-1.32013,-1.35981,-0.9614,-0.58995,-1.12963,-0.7374,-0.65886,-0.59607,-0.08356,0.09232,0.25998,0.15149,-0.47787,-1.10252,-1.45764,-1.3585,-0.59458,0.06185,0.81599,1.72608,2.13108,1.14115,0.84414,1.53986,1.52901,1.09103,1.2921,1.42543,1.21104,1.00689,1.38867,1.41924,1.05597,1.15123,1.40857,1.26779,0.97248,1.07929,0.70017,0.64073,0.01845,-0.17808,-0.37543,-1.02975,-1.10223,-1.38444,-1.54104,-1.14182,-0.77973,-1.101,-0.88177,-0.38047,-0.2439,-0.40741,-0.05532,0.02332,0.30177,-0.41769,-0.01467,0.58835,0.28607,0.099,0.25285,0.13239,-0.35332,-0.3551,-0.46393,-1.2003,-1.4751,-1.2161,-1.15351,-1.15011,-1.13006,-0.7361,0.07838,0.10896,-0.12203,0.3587,1.16797,1.35752,1.77157,1.27452,0.58933,1.04837,0.94334,-0.15904,0.10885,0.50495,0.36882,0.32026,0.57757,0.69345,0.00529,0.53516,0.26456,-0.25918,-0.1663,-0.32327,-0.49337,-0.83318,-1.1153,-1.08892,-1.07367,-1.00314,-0.93191,-0.97156,-0.7006,-0.20422,-0.34981,-0.2856,0.16025,-0.09792,0.10797,-0.23082,-0.57412,-0.49764,-0.52797,-0.66384,-0.60835,-0.60086,-0.54328,-0.25819,0.00731,0.23769,0.29254,0.12672,0.40124,0.39264,0.35086,0.36882,-0.07223,-0.46244,-0.62344,-0.35197,0.9018,0.15059,-0.70966,0.35785,0.45928,-1.19577,-1.01888,-0.5512,-1.0703,0.10134,0.11657,0.0,-1.08695,-1.03363,-0.76302,-2.05377,-2.17993
ALA160,0.46861,0.37933,0.02373,0.21363,1.02912,0.99833,0.93184,1.49572,0.92437,1.29512,0.34463,-0.53502,-0.81959,-0.94571,-0.93881,-0.79223,-0.64386,-1.15326,-0.94627,-0.85864,-0.94147,-0.49952,-0.27892,-0.02201,-0.27417,-0.82065,-1.18693,-1.41428,-1.18443,-0.72614,-0.32642,-0.00775,0.56613,1.17746,1.63121,1.39817,1.51064,1.19975,0.8051,1.10918,1.39545,1.01609,0.86247,1.24017,1.30055,0.86886,0.8533,1.1019,1.01626,0.69931,0.856,0.42733,0.30247,-0.22613,-0.29109,-0.52546,-1.16,-1.15237,-1.26125,-1.32775,-1.01213,-0.72278,-0.97321,-0.81363,-0.3451,-0.15008,-0.23624,0.06324,0.33546,0.30137,0.35346,0.88252,0.99042,0.66037,0.63751,0.71027,0.37789,-0.1126,0.0824,0.3032,-0.42994,-0.87737,-0.72966,-1.08994,-1.22389,-1.3647,-1.1827,-0.61139,-0.58672,-0.88769,-0.69128,-0.2297,0.14732,0.60707,0.2216,-0.27757,0.44182,0.41436,-0.42289,0.00732,0.46822,0.18874,0.42233,0.49594,0.2904,-0.00358,0.65357,0.62605,0.07902,-0.01606,-0.0918,-0.34861,-0.69194,-0.85529,-0.97383,-0.95634,-0.97829,-1.22742,-1.32925,-1.19668,-0.9347,-1.10236,-1.04322,-0.64945,-0.64777,-0.29926,-0.31966,-0.61945,-0.5941,-0.21444,-0.20901,-0.40219,-0.25353,0.02688,-0.10028,0.22785,0.50813,0.82553,0.91049,0.76299,0.73055,1.09035,1.40959,1.04517,0.87935,0.98507,1.10256,2.1925,1.51983,0.46402,0.87748,0.50255,-0.95272,-1.04342,-0.9966,-1.67717,-1.14304,-0.27863,-1.08695,0.0,-1.19422,-1.68673,-2.38691,-2.5696
TYR161,1.27647,1.35434,1.18569,0.97838,1.4622,1.38029,1.26756,1.46343,0.35095,0.60674,-0.68054,-2.00411,-1.88363,-2.00948,-1.65568,-1.33304,-1.14434,-1.43919,-0.95224,-0.90016,-0.9169,-0.55839,-0.63274,-0.35107,-0.7834,-1.38624,-1.7578,-2.04811,-1.57089,-1.28088,-0.73948,-0.43859,0.04369,1.36581,1.87049,1.59117,1.4987,0.83924,0.32422,0.59461,0.90247,0.54244,0.45196,0.98719,0.98278,0.61967,0.69569,1.03505,0.88341,0.5953,0.85182,0.39836,0.09612,-0.70039,-0.68874,-1.0781,-1.85265,-1.88641,-1.92062,-1.87454,-1.33918,-1.14646,-1.5817,-1.25596,-0.68093,-0.69048,-0.85529,-0.52498,-0.55504,-0.33482,-0.08984,-0.06696,0.57065,0.95324,0.65191,0.5809,0.61404,0.60272,0.42374,0.66897,0.29298,-0.1919,-0.09794,-0.42983,-0.83864,-1.11559,-1.01344,-0.32498,-0.49,-0.94704,-0.67167,-0.19204,0.43317,0.77527,0.22449,0.35002,1.20035,0.81994,0.17988,0.92102,1.48635,1.25205,0.86382,0.77631,0.8016,0.373,0.6869,0.7129,0.22459,0.30211,0.32173,-0.34368,-0.48951,-0.48649,-0.67779,-0.90902,-0.95729,-1.11895,-1.37319,-1.3298,-0.95537,-1.13618,-1.27871,-0.83854,-0.8878,-0.22073,-0.26258,-0.67331,-0.53116,-0.04013,-0.15583,-0.30917,0.02991,0.16452,0.11671,0.26435,0.49033,0.78423,0.89139,0.78077,0.60575,0.84242,1.17256,0.81941,0.47,0.73489,0.75704,1.99722,1.31476,-0.43748,-0.11258,-0.04941,-1.65526,-2.1139,-1.83705,-1.95295,-1.13783,0.17537,-1.03363,-1.19422,0.0,-0.2159,-2.13962,-2.22873
LYS162,1.34445,0.59253,0.37647,0.30618,0.28367,0.23418,0.23487,0.52265,-0.39762,-0.01136,-1.02823,-1.52258,-1.62005,-1.79111,-1.58284,-0.98202,-0.64646,-0.90498,-0.44303,-0.45087,-0.55265,-0.27283,-0.3842,-0.22627,-0.56185,-1.10943,-1.39297,-1.7104,-1.45218,-1.14272,-0.58301,-0.19101,0.46615,1.4818,1.91286,1.86182,1.682,1.11088,0.60386,0.89264,1.23183,0.94232,0.83095,1.21928,1.29531,0.88587,0.8844,1.26176,1.01174,0.59173,0.80176,0.32818,0.06061,-0.69206,-0.69771,-0.95698,-1.74231,-1.75892,-1.93343,-2.07769,-1.44051,-1.06508,-1.59918,-1.32905,-0.65979,-0.63509,-0.93121,-0.61558,-0.53476,-0.37983,-0.34065,-0.30872,0.32171,0.55155,0.45219,0.41229,0.48056,0.47215,0.46697,0.71311,0.33736,0.11415,0.09587,-0.24672,-0.64808,-0.80242,-0.80892,-0.31914,-0.35655,-0.68017,-0.55685,-0.19941,0.27193,0.43234,-0.02526,0.1276,0.79441,0.44932,-0.10364,0.40105,0.78372,0.73548,0.49951,0.33402,0.44062,0.27242,0.41485,0.51664,0.15865,0.22085,0.27577,-0.19359,-0.31404,-0.35618,-0.38522,-0.70888,-0.89732,-0.9338,-0.97851,-0.98551,-0.72717,-0.77945,-0.91942,-0.66479,-0.79607,-0.3503,-0.43853,-0.7552,-0.65032,-0.38091,-0.45719,-0.51307,-0.29144,-0.1913,-0.02344,0.05557,0.26811,0.45662,0.45539,0.56785,0.4327,0.5755,0.70491,0.38369,0.04585,0.14471,0.12428,1.10482,0.42603,-0.91324,-0.65279,-0.59812,-1.79188,-1.90762,-1.59946,-1.69064,-1.01327,-0.12452,-0.76302,-1.68673,-0.2159,0.0,-2.63855,-2.36802
ASN163,0.0,-0.2923,-0.56507,-0.66055,-0.99692,-1.09432,-1.24089,-0.96026,-1.16706,-0.75954,-1.18969,-1.42342,-1.30362,-1.32424,-1.06406,-0.89005,-0.73599,-1.00065,-0.65413,-0.68714,-0.7988,-0.6882,-0.8942,-0.86556,-1.26416,-1.47596,-1.42343,-1.4304,-1.11238,-1.01115,-0.69944,-0.3807,-0.20207,0.48346,1.50514,2.06006,1.31485,0.63528,0.17766,0.6007,1.02904,0.75868,0.81723,1.23754,1.30855,1.05164,1.18355,1.59361,1.33913,1.00963,1.22322,0.89244,0.45995,-0.25332,-0.44102,-0.70313,-1.34573,-1.26946,-1.24225,-1.41321,-0.87124,-0.67138,-1.17759,-0.78653,-0.21184,-0.49349,-0.76392,-0.38838,-0.25443,-0.34461,-0.01177,0.08553,0.16658,0.45663,0.60875,0.20245,0.3314,0.43606,0.55445,0.61748,0.55419,0.76488,0.4581,0.04996,-0.08153,-0.11978,-0.50578,-0.47339,-0.31994,-0.39354,-0.65102,-0.60326,-0.23091,-0.32745,-0.54972,-0.26689,0.15816,0.01072,-0.12284,0.07364,0.21776,0.29758,-0.06655,-0.31557,-0.13564,0.10709,-0.34354,-0.0403,0.05803,0.0542,0.0708,-0.09061,-0.04452,0.02884,0.13495,-0.2721,-0.42433,-0.34855,-0.32197,-0.50827,-0.44892,-0.39411,-0.50946,-0.4782,-0.56291,-0.27716,-0.30966,-0.40371,-0.3825,-0.17261,-0.15612,-0.24528,-0.11665,0.02657,0.13148,0.06641,0.15696,0.20262,0.30571,0.30859,0.1323,0.14801,0.51904,0.24431,0.04219,0.36714,0.27568,0.50882,0.08695,-0.70724,-0.93681,-0.9858,-1.44965,-1.74516,-1.71577,-2.00141,-1.91572,-1.48221,-2.05377,-2.38691,-2.13962,-2.63855,0.0,-0.36611
LEU164,0.0,0.0,-1.05215,-1.30393,-1.53887,-1.65789,-1.60822,-1.79321,-1.87718,-1.54714,-1.54356,-1.49922,-1.07994,-1.05988,-0.80138,-0.68984,-0.61292,-0.82822,-0.48296,-0.56355,-0.65517,-0.67331,-0.94131,-1.00386,-1.40785,-1.50734,-1.5071,-1.21549,-0.81844,-0.72034,-0.39152,-0.12234,-0.10358,0.48807,0.65744,1.40392,0.44073,0.24423,-0.13329,0.31236,0.65564,0.44551,0.64286,1.03226,1.15546,0.90951,1.13339,1.4363,1.26334,1.06494,1.20695,0.94981,0.47029,-0.12399,-0.34232,-0.59115,-1.19406,-1.1748,-0.99031,-1.02447,-0.51147,-0.43178,-0.88504,-0.4604,-0.03243,-0.29737,-0.48665,-0.21842,-0.20843,-0.16168,0.16358,0.13379,0.20947,0.6592,0.67989,0.20321,0.55353,0.64772,0.40494,0.48697,0.9547,1.45214,0.84781,0.4853,0.59525,0.51269,0.02628,-0.16484,-0.06383,0.01818,-0.29353,-0.26778,0.08925,-0.04555,-0.32614,0.0765,0.30789,0.17936,0.10133,0.14695,0.3925,0.71622,0.08297,0.00369,0.51704,0.65446,-0.30564,-0.39051,-0.02294,0.1932,0.04026,-0.16851,0.22352,0.31344,0.35793,-0.08359,-0.11557,0.09209,0.09679,-0.12103,0.01909,0.05973,-0.1126,-0.12768,-0.26632,-0.02429,-0.14442,-0.24045,-0.1607,-0.07074,-0.10496,-0.08599,-0.03256,0.00178,0.25081,0.20434,0.18449,0.06827,0.12165,0.32906,0.08579,-0.14795,0.22106,-0.25965,-0.5663,-0.19034,-0.27741,-0.12908,-0.46059,-1.14281,-1.27636,-1.0289,-1.46214,-1.83299,-1.60794,-1.63092,-1.73135,-1.65515,-2.17993,-2.5696,-2.22873,-2.36802,-0.36611,0.0
