,MET1,ASN2,ILE3,PHE4,GLU5,MET6,LEU7,ARG8,ILE9,ASP10,GLU11,GLY12,LEU13,ARG14,LEU15,LYS16,ILE17,TYR18,LYS19,ASP20,THR21,GLU22,GLY23,TYR24,TYR25,THR26,ILE27,GLY28,ILE29,GLY30,HIS31,LEU32,LEU33,THR34,LYS35,SER36,PRO37,SER38,LEU39,ASN40,ALA41,ALA42,LYS43,SER44,GLU45,LEU46,ASP47,LYS48,ALA49,ILE50,GLY51,ARG52,ASN53,CYS54,ASN55,GLY56,VAL57,ILE58,THR59,LYS60,ASP61,GLU62,ALA63,GLU64,LYS65,LEU66,PHE67,ASN68,GLN69,ASP70,VAL71,ASP72,ALA73,ALA74,VAL75,ARG76,GLY77,ILE78,LEU79,ARG80,ASN81,ALA82,LYS83,LEU84,LYS85,PRO86,VAL87,TYR88,ASP89,SER90,LEU91,ASP92,ALA93,VAL94,ARG95,ARG96,CYS97,ALA98,LEU99,ILE100,ASN101,MET102,VAL103,PHE104,GLN105,MET106,GLY107,GLU108,THR109,GLY110,VAL111,ALA112,GLY113,PHE114,THR115,ASN116,SER117,LEU118,ARG119,MET120,LEU121,GLN122,GLN123,LYS124,ARG125,TRP126,ASP127,GLU128,ALA129,ALA130,VAL131,ASN132,LEU133,ALA134,LYS135,SER136,ARG137,TRP138,TYR139,ASN140,GLN141,THR142,PRO143,ASN144,ARG145,ALA146,LYS147,ARG148,VAL149,ILE150,THR151,THR152,PHE153,ARG154,THR155,GLY156,THR157,TRP158,ASP159,ALA160,TYR161,LYS162,ASN163,LEU164
MET1,1.0,0.47302,0.38793,0.35189,0.4102,0.30276,0.28844,0.27039,0.08423,0.10939,-0.06039,-0.1342,-0.18573,-0.25474,-0.24228,-0.17787,-0.1349,-0.16864,-0.11879,-0.06386,-0.06041,-0.02205,-0.00754,-0.0073,-0.0323,-0.12032,-0.1385,-0.17936,-0.1662,-0.16689,-0.05764,-0.03089,0.10427,0.1497,0.05555,-0.02456,0.09764,0.0703,0.02297,0.0448,0.05312,0.03212,0.02658,0.06687,0.06686,0.04167,0.01992,0.04465,0.05062,0.01474,0.02185,-0.00364,-0.00155,-0.06096,-0.00851,-0.06063,-0.17209,-0.19226,-0.21017,-0.24951,-0.1759,-0.1195,-0.21196,-0.18362,-0.0864,-0.08615,-0.11399,-0.10071,-0.0957,-0.06938,-0.16673,-0.17249,-0.06289,-0.10377,-0.18347,-0.11136,-0.09447,-0.10023,-0.12658,-0.10761,-0.11511,-0.10607,-0.03016,-0.04111,-0.10537,-0.05462,0.00037,0.05797,0.06951,0.0715,0.13106,0.18411,0.21647,0.27094,0.23259,0.22112,0.26006,0.13779,0.0898,0.15047,0.12986,0.08092,0.01379,0.02441,0.03144,-0.03631,-0.02658,-0.04744,-0.10734,-0.07341,-0.05457,-0.09982,-0.15196,-0.15201,-0.15233,-0.14586,-0.13597,-0.14063,-0.13342,-0.11211,-0.06002,-0.04751,-0.05609,-0.01929,-0.05905,-0.02722,-0.09849,-0.14574,-0.1044,-0.12176,-0.16782,-0.14644,-0.12377,-0.15527,-0.12432,-0.12862,-0.10314,-0.082,-0.11001,-0.09616,-0.07389,-0.05051,-0.09881,-0.08808,-0.08642,-0.10431,-0.0909,0.04305,0.07644,-0.04911,0.04128,0.10388,0.0173,0.04958,0.0995,0.1661,0.25641,0.36268,0.24573,0.2015,0.29682,0.22033,0.04637,-0.02405
ASN2,0.47302,1.0,0.84121,0.71296,0.74779,0.62991,0.41336,0.35097,0.12831,0.18082,-0.02259,-0.19564,-0.1922,-0.19996,-0.21829,-0.19857,-0.18854,-0.15947,-0.10989,-0.07671,-0.0558,-0.01979,-0.01682,-0.03423,-0.09076,-0.17497,-0.19904,-0.21396,-0.13109,-0.16741,-0.17657,-0.16479,-0.1515,-0.07912,0.08587,0.0912,0.07637,0.00849,-0.02846,-0.04232,-0.04879,-0.08718,-0.08897,-0.06302,-0.08086,-0.12874,-0.12437,-0.06518,-0.05236,-0.09017,-0.0734,-0.10032,-0.11846,-0.1825,-0.16653,-0.1923,-0.22978,-0.2325,-0.20279,-0.18495,-0.17337,-0.20037,-0.2115,-0.15678,-0.13617,-0.1418,-0.09985,-0.07192,-0.04359,-0.01909,0.00902,5e-05,0.02742,0.05896,0.05295,0.04485,0.04204,0.07012,0.04563,0.09818,0.11987,0.08763,0.12362,0.06031,-0.03654,-0.10053,-0.09706,-0.05188,-0.10673,-0.15969,-0.13705,-0.12519,-0.02642,-0.01301,-0.0039,0.07348,0.21135,0.17288,0.13347,0.24673,0.25322,0.18759,0.16533,0.15171,0.10054,0.0953,0.10489,0.10375,0.0353,0.05203,0.07768,-0.02634,-0.04339,-0.05972,-0.09744,-0.13533,-0.17929,-0.1743,-0.21883,-0.26903,-0.23691,-0.22237,-0.27016,-0.25845,-0.2936,-0.20824,-0.20219,-0.2447,-0.20468,-0.13814,-0.1376,-0.13112,-0.08636,-0.0445,-0.02897,0.01735,0.07792,0.10783,0.09135,0.10259,0.11757,0.15148,0.14118,0.11199,0.07773,0.07086,0.08802,0.19286,0.07159,-0.08672,-0.1036,-0.11863,-0.18533,-0.19285,-0.19274,-0.16548,-0.03245,0.16353,0.15375,0.19733,0.31044,0.21933,0.08874,0.01277
ILE3,0.38793,0.84121,1.0,0.80928,0.73792,0.67139,0.55055,0.44682,0.16857,0.233,0.00327,-0.24693,-0.23884,-0.24467,-0.25438,-0.24171,-0.23514,-0.19798,-0.12431,-0.0871,-0.06127,-0.0176,-0.02011,-0.04108,-0.12301,-0.20823,-0.22628,-0.2301,-0.1219,-0.17885,-0.17864,-0.18292,-0.16844,-0.07752,0.08417,0.07544,0.06068,-0.02952,-0.07076,-0.09521,-0.10103,-0.13268,-0.13091,-0.09485,-0.11138,-0.15825,-0.13299,-0.07812,-0.08142,-0.11043,-0.08382,-0.10173,-0.11888,-0.19393,-0.1797,-0.21728,-0.25971,-0.25914,-0.21268,-0.18136,-0.15417,-0.19039,-0.2129,-0.12287,-0.11116,-0.12263,-0.06926,-0.04614,-0.03031,0.00182,0.06745,0.0248,0.03411,0.08469,0.0756,0.06663,0.04797,0.10548,0.06517,0.11721,0.13519,0.09115,0.13487,0.09707,-0.00992,-0.08804,-0.08683,-0.01374,-0.07263,-0.14594,-0.10791,-0.09053,0.03245,0.0422,0.05692,0.15327,0.31366,0.25992,0.22344,0.35996,0.36398,0.26342,0.21551,0.19957,0.13005,0.11965,0.12775,0.11329,0.031,0.047,0.08889,-0.02962,-0.06177,-0.08996,-0.13583,-0.18337,-0.21606,-0.19859,-0.25691,-0.31285,-0.25884,-0.24622,-0.30701,-0.29112,-0.33603,-0.22642,-0.22851,-0.28944,-0.23812,-0.15174,-0.16733,-0.17888,-0.10933,-0.06724,-0.07066,-0.00748,0.07394,0.11344,0.08745,0.09788,0.12124,0.16231,0.16243,0.13678,0.10473,0.11283,0.1182,0.23888,0.1482,-0.05819,-0.09092,-0.07429,-0.15523,-0.19569,-0.19324,-0.14455,-0.02041,0.14335,0.12791,0.16487,0.29387,0.19017,0.08818,0.02764
PHE4,0.35189,0.71296,0.80928,1.0,0.83004,0.6334,0.55026,0.51277,0.2418,0.28704,0.04863,-0.22346,-0.21952,-0.21761,-0.21919,-0.21632,-0.21962,-0.17033,-0.10632,-0.06427,-0.04248,-0.00138,-0.00724,-0.02754,-0.10476,-0.18747,-0.19659,-0.20013,-0.08373,-0.15144,-0.15971,-0.17321,-0.15935,-0.07775,0.08059,0.03758,0.03899,-0.05663,-0.09682,-0.12814,-0.12767,-0.15457,-0.16353,-0.12332,-0.13562,-0.18436,-0.16032,-0.09636,-0.09598,-0.12626,-0.09589,-0.12445,-0.14277,-0.22195,-0.20275,-0.23737,-0.27001,-0.25454,-0.18892,-0.13957,-0.11815,-0.16707,-0.1557,-0.0519,-0.07079,-0.08311,-0.0042,-0.00958,-0.01528,0.02067,0.09014,0.01642,0.02069,0.07273,0.03602,0.01251,0.00474,0.07129,0.02069,0.09041,0.12526,0.08934,0.15068,0.09738,-0.02898,-0.09264,-0.0903,-0.03979,-0.08424,-0.15032,-0.12946,-0.12019,-0.01297,-0.0066,-0.00371,0.108,0.26606,0.21444,0.18523,0.33569,0.35118,0.26076,0.21031,0.18461,0.13198,0.11958,0.13646,0.11744,0.0437,0.06388,0.11304,-0.00083,-0.0371,-0.05252,-0.09431,-0.14318,-0.17713,-0.15829,-0.22553,-0.28337,-0.23963,-0.22708,-0.28781,-0.27541,-0.31201,-0.21037,-0.20952,-0.26118,-0.20595,-0.12673,-0.14053,-0.14466,-0.06837,-0.04163,-0.04127,0.01538,0.0962,0.13629,0.10672,0.1089,0.13083,0.17083,0.16183,0.13263,0.11334,0.12726,0.10584,0.23244,0.14734,-0.07676,-0.11687,-0.10735,-0.18751,-0.23189,-0.23632,-0.18808,-0.05861,0.13292,0.11894,0.16286,0.29502,0.18857,0.06262,0.00447
GLU5,0.4102,0.74779,0.73792,0.83004,1.0,0.80636,0.61505,0.59249,0.29126,0.33267,0.07803,-0.14308,-0.16955,-0.19042,-0.21705,-0.21222,-0.20557,-0.16454,-0.11078,-0.06327,-0.04277,0.00036,-0.00727,-0.02153,-0.0894,-0.16569,-0.17732,-0.18514,-0.0983,-0.151,-0.13838,-0.1423,-0.10757,-0.04003,0.08135,0.01261,0.03942,-0.04922,-0.0925,-0.10672,-0.1021,-0.13322,-0.14507,-0.10645,-0.10742,-0.1569,-0.15295,-0.08689,-0.07309,-0.10987,-0.09649,-0.13482,-0.15373,-0.22384,-0.20999,-0.23543,-0.26605,-0.24179,-0.19214,-0.15473,-0.12626,-0.16259,-0.16753,-0.07439,-0.06485,-0.08007,-0.00473,-0.00413,0.00739,0.01655,0.04014,0.03311,0.05008,0.05296,0.03547,0.04496,0.02762,0.05474,0.02059,0.09926,0.12622,0.08184,0.14467,0.06778,-0.05935,-0.12713,-0.11269,-0.06341,-0.12199,-0.19103,-0.17042,-0.15156,-0.0519,-0.04564,-0.05591,0.04151,0.18122,0.13492,0.10583,0.24522,0.26538,0.19113,0.18322,0.18307,0.13465,0.12813,0.15125,0.11167,0.04947,0.07083,0.07731,-0.04127,-0.05532,-0.06409,-0.10486,-0.14781,-0.18105,-0.17814,-0.24578,-0.29993,-0.26626,-0.25031,-0.30536,-0.29179,-0.32303,-0.23597,-0.22824,-0.27632,-0.22686,-0.16345,-0.16612,-0.15428,-0.09083,-0.065,-0.04835,0.02682,0.11431,0.15401,0.1239,0.13694,0.16466,0.20069,0.16297,0.12693,0.12302,0.11486,0.09149,0.2063,0.11101,-0.08765,-0.11074,-0.1207,-0.19675,-0.20984,-0.21614,-0.17949,-0.04213,0.17582,0.17732,0.2224,0.31602,0.20031,0.03257,-0.04541
MET6,0.30276,0.62991,0.67139,0.6334,0.80636,1.0,0.78133,0.63439,0.35842,0.37679,0.10317,-0.19212,-0.20815,-0.23147,-0.24319,-0.24118,-0.23357,-0.20736,-0.12428,-0.0806,-0.05555,-0.01085,-0.02259,-0.03497,-0.12328,-0.20162,-0.2129,-0.21246,-0.11447,-0.17533,-0.13927,-0.13744,-0.09617,-0.01077,0.09498,0.05508,0.05426,-0.03744,-0.09011,-0.09775,-0.08565,-0.11946,-0.12992,-0.08948,-0.08287,-0.13514,-0.13569,-0.07249,-0.06506,-0.10542,-0.09091,-0.12732,-0.14549,-0.21989,-0.2163,-0.22566,-0.27375,-0.25433,-0.21174,-0.17903,-0.14977,-0.18105,-0.19555,-0.09687,-0.07988,-0.10021,-0.01822,0.00446,-0.0111,-0.01013,0.04569,0.0814,0.07236,0.07283,0.08689,0.09064,0.05476,0.10358,0.07911,0.14432,0.16441,0.10538,0.13825,0.07492,-0.0372,-0.12438,-0.10746,-0.04631,-0.11575,-0.18552,-0.14669,-0.12896,-0.01265,0.01145,-0.01418,0.10495,0.26449,0.20532,0.16543,0.31347,0.32734,0.24009,0.20933,0.2203,0.17166,0.16697,0.15301,0.09438,0.05024,0.07826,0.07473,-0.04989,-0.06303,-0.08384,-0.12161,-0.18859,-0.21547,-0.21731,-0.28584,-0.34928,-0.30737,-0.2886,-0.34758,-0.33869,-0.37869,-0.29054,-0.27233,-0.33149,-0.28228,-0.20462,-0.2182,-0.20411,-0.11765,-0.07717,-0.07726,0.01528,0.12238,0.16566,0.13867,0.16081,0.18943,0.23106,0.19855,0.17452,0.17639,0.14846,0.12134,0.20946,0.1444,-0.06053,-0.10185,-0.07547,-0.1531,-0.18578,-0.1933,-0.1383,-0.01602,0.18828,0.16944,0.19779,0.26658,0.16538,0.01244,-0.04657
LEU7,0.28844,0.41336,0.55055,0.55026,0.61505,0.78133,1.0,0.85111,0.46578,0.48566,0.15456,-0.21134,-0.23323,-0.26465,-0.25247,-0.26155,-0.26491,-0.2431,-0.14287,-0.09099,-0.05851,-0.01754,-0.03287,-0.04722,-0.15324,-0.22292,-0.20732,-0.20052,-0.09819,-0.18426,-0.11575,-0.12585,-0.06339,0.03876,0.07744,-0.00426,0.02861,-0.08907,-0.14964,-0.15586,-0.14093,-0.16709,-0.17616,-0.12097,-0.11077,-0.15342,-0.14232,-0.09589,-0.09778,-0.12892,-0.11076,-0.13433,-0.13835,-0.21043,-0.19373,-0.22257,-0.2894,-0.25577,-0.20348,-0.16461,-0.10585,-0.12876,-0.16046,-0.04796,-0.02013,-0.03847,0.05288,0.06617,0.00532,0.01341,0.11566,0.0998,0.05989,0.07589,0.0851,0.08444,0.03821,0.11624,0.06658,0.12094,0.15312,0.09209,0.14666,0.105,-0.03976,-0.11778,-0.08906,-0.02354,-0.09684,-0.16729,-0.12314,-0.10504,0.01288,0.05057,0.01428,0.14965,0.29798,0.22187,0.23504,0.40991,0.41813,0.30646,0.23899,0.24614,0.21137,0.18264,0.19441,0.11883,0.06941,0.11194,0.10863,-0.03477,-0.06294,-0.06314,-0.12194,-0.18737,-0.18999,-0.21421,-0.30282,-0.35473,-0.29925,-0.30116,-0.37097,-0.3499,-0.38967,-0.27295,-0.26787,-0.3356,-0.26267,-0.16919,-0.20736,-0.1955,-0.07628,-0.05836,-0.07865,0.01898,0.13143,0.18773,0.14089,0.12655,0.16881,0.22289,0.18202,0.16402,0.2037,0.22099,0.13531,0.22444,0.27204,0.00475,-0.05338,-0.00114,-0.09202,-0.17249,-0.19051,-0.10617,-0.00402,0.1546,0.08398,0.14033,0.23845,0.12246,-0.01556,-0.05762
ARG8,0.27039,0.35097,0.44682,0.51277,0.59249,0.63439,0.85111,1.0,0.63986,0.61606,0.206,-0.15262,-0.21122,-0.20241,-0.19868,-0.1753,-0.18921,-0.16673,-0.10713,-0.07425,-0.04627,-0.01314,-0.00964,-0.02786,-0.11321,-0.20736,-0.19847,-0.22495,-0.141,-0.21482,-0.18321,-0.16915,-0.08335,-0.01331,0.08778,-0.03042,0.04811,-0.05753,-0.09774,-0.10608,-0.10921,-0.14183,-0.14078,-0.11357,-0.1391,-0.1868,-0.16644,-0.14075,-0.15461,-0.17961,-0.15257,-0.15987,-0.12954,-0.17543,-0.12883,-0.16008,-0.22199,-0.2232,-0.21188,-0.19297,-0.15734,-0.16589,-0.19639,-0.12595,-0.0804,-0.07243,-0.00827,-0.00108,-0.0172,-0.02395,0.07634,0.07824,0.03025,0.02812,0.05136,0.05807,0.00633,0.07554,0.03555,0.10399,0.15542,0.11643,0.19724,0.12255,-0.03718,-0.07921,-0.04782,-0.02631,-0.08954,-0.14777,-0.12524,-0.12992,-0.04068,-0.01343,-0.02292,0.08642,0.20043,0.14665,0.15565,0.30319,0.30188,0.218,0.18931,0.15936,0.13602,0.14735,0.1778,0.13057,0.08709,0.1068,0.11187,-0.01124,-0.06136,-0.03484,-0.08093,-0.1301,-0.1344,-0.16735,-0.25321,-0.29767,-0.25889,-0.27125,-0.33293,-0.30996,-0.33235,-0.23317,-0.2249,-0.29136,-0.21089,-0.12477,-0.15859,-0.14371,-0.03475,-0.02879,-0.05583,0.03889,0.1398,0.20319,0.153,0.11797,0.14843,0.224,0.1812,0.16679,0.22863,0.25208,0.16644,0.23725,0.27274,0.04246,-0.00881,-0.00523,-0.07814,-0.13546,-0.16291,-0.11145,-0.01961,0.10959,0.09178,0.16486,0.22512,0.12595,-0.02791,-0.08332
ILE9,0.08423,0.12831,0.16857,0.2418,0.29126,0.35842,0.46578,0.63986,1.0,0.84485,0.55414,0.20214,0.06291,0.08085,0.02002,0.0261,-0.04227,0.01301,-0.02172,0.00201,0.01261,0.01284,0.02068,-0.01468,-0.06739,-0.12365,-0.10603,-0.11946,-0.06603,-0.10347,-0.18017,-0.17384,-0.10541,-0.11688,0.07458,-0.08629,0.03206,-0.05607,-0.06526,-0.08679,-0.09993,-0.11927,-0.14802,-0.18999,-0.19594,-0.2367,-0.25946,-0.23763,-0.21947,-0.24544,-0.24051,-0.25025,-0.21084,-0.18844,-0.10188,-0.0778,-0.0788,-0.09248,-0.0863,-0.06397,-0.09886,-0.14012,-0.09827,-0.06703,-0.06664,-0.06342,-0.01605,-0.00782,0.00404,-0.04608,0.02126,0.07354,0.00029,-0.04925,-0.00305,0.01558,-0.04968,0.00438,-0.01868,0.03404,0.14057,0.17552,0.24378,0.14043,-0.00137,0.01734,0.05321,-0.06345,-0.10214,-0.06519,-0.11408,-0.17268,-0.15256,-0.13476,-0.10106,-0.03902,0.01663,0.01521,0.02561,0.09965,0.0707,0.07085,0.10353,0.02198,0.03834,0.11348,0.0878,0.09875,0.14866,0.13659,0.14634,0.13783,0.07172,0.08333,0.0495,0.02167,0.02996,-0.03064,-0.04443,-0.09658,-0.13843,-0.13783,-0.15745,-0.20258,-0.1841,-0.20557,-0.16783,-0.16086,-0.12761,-0.09691,-0.11241,-0.07109,-0.00734,-0.00166,-0.04825,0.06212,0.16005,0.22616,0.18226,0.12266,0.20682,0.28806,0.17524,0.25599,0.38237,0.29981,0.21951,0.12306,0.19778,0.16898,0.0592,-0.03991,0.02159,-0.01286,-0.09394,-0.1202,-0.12545,-0.08058,-0.04549,0.04929,-0.01141,-0.07172,-0.12924,-0.14328
ASP10,0.10939,0.18082,0.233,0.28704,0.33267,0.37679,0.48566,0.61606,0.84485,1.0,0.63616,0.19932,0.05331,0.08718,0.05531,0.0554,-0.02514,0.0204,-0.01009,0.01847,0.0279,0.02503,0.03942,0.00137,-0.05442,-0.12592,-0.07566,-0.1075,-0.05048,-0.12432,-0.19311,-0.1971,-0.1272,-0.1556,0.13756,-0.07029,0.06554,-0.07972,-0.08564,-0.11411,-0.11831,-0.12631,-0.14991,-0.18964,-0.19955,-0.23399,-0.24997,-0.24072,-0.22556,-0.24415,-0.2404,-0.23986,-0.18949,-0.16499,-0.07449,-0.0548,-0.04136,-0.06762,-0.05343,-0.0422,-0.08044,-0.13728,-0.12705,-0.07592,-0.08746,-0.11469,-0.06565,-0.05646,-0.02555,-0.078,0.00367,0.05553,-0.02177,-0.06891,-0.00772,0.0212,-0.04838,0.01224,0.00085,0.0649,0.15152,0.18631,0.26693,0.17023,0.0337,0.04631,0.07577,-0.02999,-0.079,-0.07457,-0.10675,-0.18139,-0.16408,-0.14739,-0.07824,-0.01417,0.03929,0.05239,0.09744,0.16272,0.1212,0.07851,0.12302,0.03823,0.01113,0.12051,0.1251,0.12427,0.15836,0.14343,0.16273,0.1319,0.05095,0.04644,-0.00076,-0.04,-0.03243,-0.06245,-0.09157,-0.15335,-0.1644,-0.15493,-0.18839,-0.22456,-0.22367,-0.23246,-0.21861,-0.24196,-0.18529,-0.12781,-0.15745,-0.12875,-0.04223,-0.03007,-0.08726,0.02321,0.1359,0.22487,0.16739,0.10811,0.18773,0.30368,0.19491,0.2816,0.42151,0.34676,0.26698,0.18294,0.24795,0.20811,0.07642,-0.04829,0.04589,0.01444,-0.09907,-0.13757,-0.14185,-0.09334,-0.04809,0.04685,-0.00116,-0.0672,-0.12944,-0.18664
GLU11,-0.06039,-0.02259,0.00327,0.04863,0.07803,0.10317,0.15456,0.206,0.55414,0.63616,1.0,0.64708,0.46088,0.43499,0.25344,0.17093,0.12726,0.25074,0.1603,0.17309,0.16805,0.14609,0.11992,0.1046,0.12185,0.20379,0.18813,0.30086,0.38559,0.2833,0.1524,0.0817,-0.0054,-0.11896,-0.11468,-0.20655,-0.16435,-0.13799,-0.11961,-0.16986,-0.1841,-0.15485,-0.22237,-0.28771,-0.22522,-0.23655,-0.30225,-0.28605,-0.21723,-0.23412,-0.28208,-0.30877,-0.29574,-0.22802,-0.16074,-0.0803,0.01455,0.02563,0.0793,0.19288,0.13304,0.06705,0.21028,0.25871,0.17969,0.21211,0.28722,0.23348,0.24739,0.20937,0.18828,0.21152,0.14956,0.07301,0.08432,0.12148,0.03384,0.03166,0.04655,0.04395,0.07024,0.07381,0.11448,0.09551,0.0415,0.0488,0.05222,-0.06717,-0.05582,-0.01386,-0.09458,-0.17974,-0.19612,-0.2152,-0.15344,-0.10157,-0.10034,-0.07365,-0.00407,0.02773,-0.01214,-0.02253,0.08242,0.05405,0.00577,0.0982,0.09267,0.09476,0.15611,0.12704,0.10804,0.1529,0.12113,0.06255,0.04383,0.02913,0.01406,0.00223,0.00701,-0.05857,-0.11426,-0.07935,-0.07564,-0.15512,-0.14386,-0.21722,-0.17024,-0.11977,-0.12889,-0.14292,-0.11409,-0.07742,-0.05364,-0.04594,-0.04124,0.04098,0.10326,0.13884,0.07979,0.06217,0.18201,0.19889,0.05918,0.11677,0.23689,0.13438,0.0571,-0.07324,-0.00896,0.07968,-0.04218,-0.1432,-0.01802,-0.02919,-0.12517,-0.1729,-0.22524,-0.22585,-0.18022,-0.13034,-0.23131,-0.26088,-0.24864,-0.25449
GLY12,-0.1342,-0.19564,-0.24693,-0.22346,-0.14308,-0.19212,-0.21134,-0.15262,0.20214,0.19932,0.64708,1.0,0.84861,0.72678,0.49739,0.35277,0.29544,0.42823,0.22377,0.24008,0.21515,0.15157,0.11724,0.10433,0.19435,0.38872,0.43366,0.55641,0.489,0.4635,0.29553,0.18995,0.0896,-0.07216,-0.28117,-0.39674,-0.30773,-0.20382,-0.13193,-0.17826,-0.21672,-0.15717,-0.22936,-0.32671,-0.23239,-0.20777,-0.29504,-0.28635,-0.18606,-0.18334,-0.25875,-0.27745,-0.28562,-0.17932,-0.139,-0.02957,0.15044,0.21324,0.28506,0.40089,0.30771,0.25294,0.42939,0.38397,0.27199,0.33224,0.42296,0.33604,0.37227,0.3563,0.2461,0.25622,0.23512,0.1251,0.08618,0.16107,0.10528,0.03031,0.05289,0.04851,0.04479,0.0326,0.05713,0.07999,0.06331,0.08615,0.07621,-0.04292,-0.0158,0.03463,-0.05146,-0.14169,-0.22,-0.28299,-0.20594,-0.18502,-0.27128,-0.24021,-0.12123,-0.13825,-0.20086,-0.15525,0.04928,0.09357,0.02294,0.08735,0.12588,0.14978,0.19286,0.15415,0.10189,0.21373,0.21942,0.14372,0.15032,0.16976,0.13274,0.12556,0.17338,0.11409,0.01469,0.06481,0.09166,-0.02418,0.00446,-0.15288,-0.10366,0.02783,-0.02011,-0.13627,-0.06108,0.01789,-0.01829,-0.06195,0.02846,0.09156,0.09222,0.08333,-0.0023,0.01168,0.11675,0.06077,-0.10835,-0.09514,0.02005,-0.07457,-0.16616,-0.33181,-0.25775,-0.02887,-0.10442,-0.21761,-0.05027,-0.021,-0.08845,-0.15907,-0.26821,-0.3094,-0.23437,-0.24779,-0.40765,-0.34986,-0.32366,-0.2963
LEU13,-0.18573,-0.1922,-0.23884,-0.21952,-0.16955,-0.20815,-0.23323,-0.21122,0.06291,0.05331,0.46088,0.84861,1.0,0.84077,0.6252,0.41287,0.31635,0.42193,0.22005,0.23283,0.19407,0.11821,0.06921,0.06142,0.15153,0.4123,0.52604,0.68494,0.59869,0.54877,0.38486,0.22237,0.04713,-0.06496,-0.29336,-0.36945,-0.35527,-0.27941,-0.20114,-0.25945,-0.30359,-0.2285,-0.27307,-0.37199,-0.2857,-0.22709,-0.30363,-0.30701,-0.19401,-0.16299,-0.2419,-0.24165,-0.26611,-0.15332,-0.13135,-0.02403,0.19595,0.29533,0.36838,0.47486,0.38278,0.3408,0.5018,0.41769,0.31131,0.35184,0.44382,0.35613,0.36529,0.37532,0.28713,0.27057,0.264,0.18951,0.14457,0.20032,0.16615,0.09023,0.08601,0.11371,0.10392,0.07943,0.0688,0.09199,0.09767,0.08341,0.04265,-0.03882,-0.01861,-0.00413,-0.0923,-0.18033,-0.24006,-0.30828,-0.24354,-0.20791,-0.2785,-0.2369,-0.10795,-0.1162,-0.1545,-0.11222,0.08478,0.1455,0.06668,0.11913,0.14485,0.16556,0.19818,0.1609,0.11875,0.20527,0.22817,0.16223,0.16882,0.17965,0.12782,0.12296,0.15332,0.09011,-0.00429,0.03994,0.04849,-0.06364,-0.03106,-0.15391,-0.091,0.03532,-0.01167,-0.09862,-0.02098,0.04411,0.01037,-0.01634,0.06164,0.10411,0.08152,0.05649,-0.00411,0.01543,0.08272,0.02167,-0.10322,-0.10201,-0.01879,-0.08108,-0.16788,-0.33069,-0.27847,-0.0691,-0.16193,-0.24475,-0.08972,-0.07967,-0.1513,-0.21221,-0.31969,-0.36218,-0.29974,-0.28752,-0.41096,-0.3623,-0.31903,-0.26909
ARG14,-0.25474,-0.19996,-0.24467,-0.21761,-0.19042,-0.23147,-0.26465,-0.20241,0.08085,0.08718,0.43499,0.72678,0.84077,1.0,0.80745,0.63926,0.49501,0.5676,0.31326,0.23061,0.1842,0.10556,0.0978,0.08309,0.21521,0.41441,0.54237,0.65135,0.48166,0.41563,0.22878,0.09869,-0.05259,-0.21332,-0.20491,-0.23312,-0.23144,-0.15823,-0.04494,-0.12471,-0.20034,-0.12691,-0.14317,-0.2982,-0.29356,-0.23742,-0.31243,-0.37352,-0.29752,-0.26329,-0.32582,-0.27068,-0.21782,-0.05548,0.01762,0.14611,0.37414,0.3904,0.4315,0.50419,0.341,0.26314,0.4472,0.34046,0.18043,0.20793,0.29212,0.19112,0.25533,0.24957,0.21749,0.21788,0.17563,0.13156,0.13973,0.18452,0.14479,0.10614,0.13352,0.15157,0.15691,0.15966,0.14595,0.1556,0.18159,0.19532,0.12949,0.01284,0.03985,0.05473,-0.04359,-0.16384,-0.24719,-0.33936,-0.25113,-0.21001,-0.31119,-0.27342,-0.12533,-0.14994,-0.22862,-0.18867,0.02298,0.03149,-0.06975,0.04597,0.08988,0.15272,0.1921,0.11348,0.096,0.21719,0.21816,0.15485,0.19125,0.19936,0.14211,0.15977,0.20687,0.14001,0.04516,0.10009,0.11145,-0.01105,0.01164,-0.12475,-0.07111,0.04978,0.00505,-0.07695,-0.00551,0.03941,-0.01018,-0.03724,0.00816,0.03411,0.01647,0.00499,-0.04817,-0.03992,0.00473,-0.01921,-0.11312,-0.07149,0.02656,-0.04955,-0.13214,-0.29771,-0.26493,-0.06913,-0.19752,-0.29141,-0.08428,-0.08881,-0.18969,-0.24598,-0.37194,-0.43142,-0.36787,-0.31159,-0.44303,-0.39977,-0.32738,-0.28472
LEU15,-0.24228,-0.21829,-0.25438,-0.21919,-0.21705,-0.24319,-0.25247,-0.19868,0.02002,0.05531,0.25344,0.49739,0.6252,0.80745,1.0,0.76482,0.52761,0.48046,0.22647,0.1379,0.0905,0.00654,-0.00168,-0.02089,0.11194,0.29076,0.50801,0.56679,0.34338,0.23752,0.11981,-0.00672,-0.08621,-0.23756,-0.15069,-0.21192,-0.18067,-0.15439,-0.02639,-0.08853,-0.16534,-0.08978,-0.04718,-0.20167,-0.23775,-0.14297,-0.19583,-0.30818,-0.2579,-0.18522,-0.24388,-0.14477,-0.06198,0.12244,0.17285,0.29177,0.55482,0.59369,0.6081,0.57989,0.42755,0.37363,0.45023,0.29457,0.15581,0.12298,0.14013,0.05341,0.09018,0.07151,0.06668,0.06965,0.0298,8e-05,0.03174,0.06924,0.05861,0.06692,0.07706,0.10997,0.13425,0.16888,0.16986,0.16927,0.17833,0.23783,0.17678,0.03679,0.07032,0.09829,0.0025,-0.12611,-0.23096,-0.32448,-0.22154,-0.19187,-0.30773,-0.26299,-0.11392,-0.17067,-0.25425,-0.21403,-0.05272,-0.07737,-0.15334,-0.02813,0.0127,0.09529,0.1441,0.06537,0.07686,0.20711,0.20856,0.18309,0.22928,0.25459,0.19551,0.20502,0.26876,0.22147,0.1317,0.17318,0.1871,0.06664,0.09945,-0.03677,-0.00809,0.10282,0.06619,-0.01905,0.03116,0.07137,0.02337,-0.01537,0.00953,0.0051,-0.03297,-0.0392,-0.07603,-0.08746,-0.06401,-0.06947,-0.14092,-0.08473,0.00303,-0.05352,-0.11312,-0.25498,-0.20586,-0.03554,-0.17078,-0.26636,-0.04006,-0.03867,-0.15691,-0.21795,-0.35353,-0.4292,-0.35872,-0.30174,-0.4233,-0.38727,-0.3118,-0.26564
LYS16,-0.17787,-0.19857,-0.24171,-0.21632,-0.21222,-0.24118,-0.26155,-0.1753,0.0261,0.0554,0.17093,0.35277,0.41287,0.63926,0.76482,1.0,0.80163,0.65831,0.37175,0.1892,0.11913,0.04396,0.10261,0.11235,0.32105,0.36978,0.50077,0.38669,0.14346,0.09917,0.0313,0.00767,0.04046,-0.15971,-0.03109,-0.06844,0.0798,0.15088,0.27833,0.19923,0.10376,0.18276,0.22246,0.03444,-0.0638,0.01097,-0.08076,-0.21216,-0.19578,-0.16633,-0.2119,-0.11239,0.01642,0.18916,0.28981,0.42891,0.57939,0.47771,0.40717,0.34436,0.15923,0.12928,0.21307,0.04993,-0.08648,-0.0719,-0.07366,-0.16829,-0.10613,-0.11398,-0.12107,-0.09907,-0.13028,-0.14933,-0.09023,-0.04967,-0.05285,-0.01733,0.03429,0.03414,0.04696,0.11035,0.12141,0.12465,0.18538,0.29092,0.23978,0.12815,0.19285,0.21798,0.15083,0.05973,-0.06581,-0.16765,-0.08188,-0.08357,-0.24213,-0.24943,-0.13179,-0.20383,-0.31718,-0.2966,-0.19224,-0.23094,-0.28613,-0.16771,-0.11597,-0.01494,0.00957,-0.08367,-0.0479,0.11018,0.05658,0.04048,0.13938,0.17432,0.13255,0.17604,0.27152,0.25243,0.19425,0.25082,0.28211,0.19549,0.1968,0.04151,0.00971,0.07916,0.04242,-0.0661,-0.0564,-0.03099,-0.08953,-0.14814,-0.14044,-0.16023,-0.18609,-0.19118,-0.23809,-0.21319,-0.21798,-0.2036,-0.26239,-0.16711,-0.07961,-0.17166,-0.20521,-0.28235,-0.22556,-0.08256,-0.15049,-0.20392,0.01388,0.03768,-0.05002,-0.0735,-0.1958,-0.30514,-0.26311,-0.25777,-0.37011,-0.3173,-0.29673,-0.26652
ILE17,-0.1349,-0.18854,-0.23514,-0.21962,-0.20557,-0.23357,-0.26491,-0.18921,-0.04227,-0.02514,0.12726,0.29544,0.31635,0.49501,0.52761,0.80163,1.0,0.8283,0.53373,0.31045,0.20721,0.16589,0.24844,0.33783,0.60136,0.60774,0.60589,0.37806,0.16537,0.21629,0.20487,0.24537,0.28388,0.06199,0.08108,0.08791,0.25026,0.36597,0.46555,0.35565,0.28989,0.39666,0.36878,0.19102,0.12449,0.16106,0.01411,-0.07837,-0.06013,-0.10127,-0.14995,-0.10703,0.00145,0.1328,0.24637,0.40192,0.43362,0.29015,0.18167,0.14255,-0.01971,-0.00864,0.11778,-0.01449,-0.12852,-0.05986,-0.04654,-0.14904,-0.10832,-0.09389,-0.13008,-0.11983,-0.14817,-0.17625,-0.11023,-0.08855,-0.10358,-0.0847,-0.00642,-0.04008,-0.07757,-0.02577,-0.02675,-0.01443,0.10263,0.19729,0.15109,0.12537,0.21411,0.21818,0.17176,0.14388,0.02933,-0.06033,-0.02885,-0.05771,-0.20928,-0.25339,-0.18804,-0.24456,-0.34483,-0.35643,-0.28184,-0.26913,-0.32167,-0.25758,-0.18824,-0.11061,-0.11976,-0.21913,-0.20471,-0.03856,-0.1092,-0.16229,-0.03177,0.00622,-0.03706,0.02853,0.12602,0.12757,0.11218,0.18272,0.22677,0.1848,0.15871,0.02103,-0.0201,0.00232,-0.04629,-0.13821,-0.14028,-0.14995,-0.22325,-0.25837,-0.24769,-0.28072,-0.30115,-0.31954,-0.36101,-0.28293,-0.2929,-0.29224,-0.33753,-0.24617,-0.1848,-0.28686,-0.29653,-0.325,-0.28478,-0.15952,-0.14573,-0.14733,0.00339,0.04964,0.02436,0.02792,-0.06563,-0.18324,-0.16292,-0.20741,-0.3204,-0.25105,-0.27859,-0.26051
TYR18,-0.16864,-0.15947,-0.19798,-0.17033,-0.16454,-0.20736,-0.2431,-0.16673,0.01301,0.0204,0.25074,0.42823,0.42193,0.5676,0.48046,0.65831,0.8283,1.0,0.74597,0.52024,0.4234,0.33706,0.40965,0.45877,0.65682,0.66233,0.59524,0.42861,0.26832,0.33661,0.23951,0.25859,0.2189,0.02978,0.0062,-0.00646,0.15807,0.25878,0.33766,0.18905,0.10629,0.20387,0.12067,-0.0583,-0.07832,-0.06216,-0.17495,-0.21888,-0.18098,-0.21689,-0.26004,-0.23482,-0.1603,-0.04691,0.0682,0.20315,0.28927,0.17997,0.12888,0.16242,-0.01346,-0.04241,0.17164,0.07464,-0.07101,0.01729,0.08112,-0.02682,0.0365,0.05215,0.00739,0.02348,0.00018,-0.03535,0.01025,0.042,0.00159,0.01508,0.08673,0.039,0.00997,0.03967,0.03468,0.06926,0.17002,0.223,0.16327,0.13247,0.20591,0.19751,0.14394,0.10019,0.01169,-0.08775,-0.05445,-0.02873,-0.1644,-0.21525,-0.11646,-0.13925,-0.24697,-0.25752,-0.14755,-0.13921,-0.21674,-0.15396,-0.07489,0.00621,0.00145,-0.10287,-0.09676,0.04957,-0.0228,-0.09665,0.01484,0.0178,-0.03001,0.05145,0.1216,0.08212,0.07065,0.15647,0.16615,0.10651,0.06256,-0.06948,-0.09402,-0.05652,-0.09789,-0.1901,-0.17475,-0.15435,-0.21893,-0.25852,-0.22355,-0.21056,-0.20471,-0.22105,-0.3026,-0.22817,-0.196,-0.21736,-0.30108,-0.23143,-0.15237,-0.25685,-0.30685,-0.35431,-0.3164,-0.20445,-0.22027,-0.21505,-0.06731,-0.05453,-0.06983,-0.0478,-0.13639,-0.22522,-0.21191,-0.25842,-0.34691,-0.27782,-0.31247,-0.2931
LYS19,-0.11879,-0.10989,-0.12431,-0.10632,-0.11078,-0.12428,-0.14287,-0.10713,-0.02172,-0.01009,0.1603,0.22377,0.22005,0.31326,0.22647,0.37175,0.53373,0.74597,1.0,0.80325,0.69369,0.57996,0.63083,0.62329,0.61827,0.53245,0.39466,0.25626,0.1661,0.24954,0.21573,0.26974,0.23766,0.18607,0.07283,0.06293,0.19198,0.2326,0.24553,0.10536,0.06329,0.14265,0.03698,-0.07711,-0.06475,-0.06936,-0.15239,-0.16567,-0.14129,-0.18379,-0.20831,-0.20146,-0.15541,-0.10208,-0.00291,0.08568,0.11425,0.01733,-0.02342,0.01743,-0.10261,-0.12556,0.05437,0.01411,-0.0881,-0.02133,0.03052,-0.04604,-0.02594,0.00095,-0.03441,-0.02997,-0.03777,-0.05168,-0.01861,-0.00078,-0.0408,-0.01769,0.04935,-0.00216,-0.03527,-0.02088,-0.03686,0.00816,0.10447,0.1374,0.08182,0.106,0.17372,0.15392,0.13376,0.13177,0.07824,0.01687,0.01687,0.02583,-0.05855,-0.11478,-0.06361,-0.05901,-0.13983,-0.17203,-0.12439,-0.12022,-0.17129,-0.1483,-0.08773,-0.03209,-0.04228,-0.12401,-0.11676,-0.00881,-0.09434,-0.16652,-0.0764,-0.07455,-0.11805,-0.05364,0.00367,-0.01882,-0.00273,0.07068,0.07268,0.05377,-0.00082,-0.08433,-0.10409,-0.11412,-0.14527,-0.18791,-0.19829,-0.2019,-0.24403,-0.25542,-0.23821,-0.21096,-0.17484,-0.1921,-0.25879,-0.17191,-0.13998,-0.16011,-0.21992,-0.16675,-0.12747,-0.21119,-0.23904,-0.24774,-0.21447,-0.16009,-0.15488,-0.0994,-0.02941,-0.03286,-0.02147,0.02659,-0.02568,-0.11148,-0.12075,-0.18284,-0.22434,-0.17219,-0.23321,-0.2227
ASP20,-0.06386,-0.07671,-0.0871,-0.06427,-0.06327,-0.0806,-0.09099,-0.07425,0.00201,0.01847,0.17309,0.24008,0.23283,0.23061,0.1379,0.1892,0.31045,0.52024,0.80325,1.0,0.87689,0.7422,0.66964,0.64163,0.52339,0.48776,0.37872,0.27214,0.21247,0.29753,0.29324,0.31341,0.25962,0.23273,0.08475,-0.00129,0.10897,0.09685,0.07875,-0.04477,-0.04025,0.04019,-0.08727,-0.14986,-0.08676,-0.09399,-0.15781,-0.15014,-0.11661,-0.14396,-0.17324,-0.17972,-0.16701,-0.14062,-0.06656,-0.0087,0.02042,-0.01359,-0.02816,0.02385,-0.04959,-0.06644,0.0907,0.07256,-0.01142,0.04519,0.095,0.0273,0.04645,0.06305,-0.00317,0.00112,-0.00359,-0.04915,-0.04935,-0.01702,-0.0653,-0.07015,-0.00773,-0.04185,-0.07744,-0.07334,-0.07501,-0.05003,0.00392,0.03143,-0.00343,0.01639,0.07885,0.07164,0.05687,0.06206,0.02218,-0.01133,-0.01229,-0.02043,-0.06433,-0.11283,-0.08968,-0.05537,-0.1105,-0.15314,-0.09459,-0.08101,-0.13119,-0.1167,-0.05588,-0.01727,-0.0296,-0.09239,-0.08452,0.01188,-0.07148,-0.14764,-0.09898,-0.09034,-0.12513,-0.10072,-0.04867,-0.06697,-0.06541,-0.00329,-0.00267,-0.02123,-0.05851,-0.12547,-0.12763,-0.1331,-0.16598,-0.20042,-0.20392,-0.20352,-0.22437,-0.217,-0.20021,-0.14826,-0.09254,-0.09674,-0.1626,-0.08449,-0.01815,-0.0453,-0.12446,-0.09273,-0.06287,-0.13921,-0.16521,-0.18551,-0.16718,-0.09905,-0.08825,-0.06757,-0.02523,-0.0114,-0.00377,0.01254,-0.02226,-0.09393,-0.08668,-0.13855,-0.17553,-0.13934,-0.215,-0.2171
THR21,-0.06041,-0.0558,-0.06127,-0.04248,-0.04277,-0.05555,-0.05851,-0.04627,0.01261,0.0279,0.16805,0.21515,0.19407,0.1842,0.0905,0.11913,0.20721,0.4234,0.69369,0.87689,1.0,0.83026,0.76225,0.60105,0.41204,0.36836,0.25944,0.19782,0.17382,0.25333,0.21907,0.22569,0.17304,0.20259,0.0508,-0.02828,0.06659,0.04486,0.02191,-0.10314,-0.10528,-0.03426,-0.15974,-0.20836,-0.14219,-0.14782,-0.18177,-0.16343,-0.134,-0.15089,-0.16708,-0.17662,-0.17271,-0.15952,-0.10831,-0.06171,-0.02254,-0.0463,-0.04925,0.01405,-0.05262,-0.07414,0.0725,0.06842,-0.0064,0.04617,0.10128,0.04387,0.06462,0.07169,0.01783,0.03079,0.02066,-0.02116,-0.01768,0.02201,-0.04066,-0.03596,0.02192,-0.02109,-0.04077,-0.04591,-0.04354,-0.01259,0.01764,0.02793,0.00229,0.01178,0.05517,0.06229,0.04958,0.04516,0.0184,-0.00633,-0.00076,0.0,-0.0326,-0.07482,-0.04747,-0.0017,-0.05815,-0.09742,-0.04658,-0.04154,-0.09068,-0.08332,-0.02041,0.01419,0.0011,-0.04717,-0.03919,0.03698,-0.03823,-0.10796,-0.07891,-0.07144,-0.09953,-0.09258,-0.05225,-0.07615,-0.07682,-0.015,-0.02408,-0.04778,-0.08504,-0.14094,-0.13,-0.13571,-0.17026,-0.19562,-0.19861,-0.1923,-0.20988,-0.20048,-0.18248,-0.1156,-0.04337,-0.04178,-0.11514,-0.04442,0.03626,0.01659,-0.07083,-0.04542,-0.01605,-0.08468,-0.11997,-0.14505,-0.12256,-0.07187,-0.07387,-0.05971,-0.02034,-0.02019,-0.01394,0.00116,-0.02886,-0.08011,-0.07596,-0.12568,-0.1471,-0.12044,-0.19832,-0.2094
GLU22,-0.02205,-0.01979,-0.0176,-0.00138,0.00036,-0.01085,-0.01754,-0.01314,0.01284,0.02503,0.14609,0.15157,0.11821,0.10556,0.00654,0.04396,0.16589,0.33706,0.57996,0.7422,0.83026,1.0,0.85772,0.77251,0.49852,0.40151,0.25741,0.17378,0.16919,0.26973,0.26281,0.29545,0.26734,0.33269,0.16946,0.0742,0.16006,0.11095,0.05048,-0.08548,-0.05211,0.02606,-0.13473,-0.15806,-0.07968,-0.10496,-0.14637,-0.12836,-0.11506,-0.14617,-0.15815,-0.17148,-0.15896,-0.15946,-0.0895,-0.05225,-0.05536,-0.09968,-0.11656,-0.05208,-0.10828,-0.11444,0.02287,0.03597,-0.03047,0.03772,0.09338,0.03792,0.06596,0.07159,0.01999,0.0249,-0.00017,-0.05019,-0.03757,-0.02151,-0.09632,-0.09849,-0.0258,-0.06907,-0.10562,-0.10783,-0.10284,-0.08785,-0.04685,-0.03826,-0.06619,-0.03597,0.03023,0.02443,0.02389,0.04557,0.04054,0.02763,0.00844,-0.00713,-0.01794,-0.06095,-0.08259,-0.03089,-0.06119,-0.12714,-0.11056,-0.09405,-0.13286,-0.13447,-0.08866,-0.06346,-0.0782,-0.12654,-0.12231,-0.05366,-0.12516,-0.19233,-0.15414,-0.13457,-0.17101,-0.17481,-0.12543,-0.13642,-0.12232,-0.06972,-0.06445,-0.06943,-0.1071,-0.13519,-0.12731,-0.15841,-0.18795,-0.19123,-0.19804,-0.2275,-0.22752,-0.1979,-0.19573,-0.13494,-0.05997,-0.066,-0.12311,-0.04523,0.02192,0.00673,-0.06083,-0.04025,-0.01965,-0.08516,-0.10241,-0.10114,-0.10111,-0.07053,-0.04352,-0.03021,-0.02423,-0.00826,0.02128,0.03264,0.02068,-0.02049,-0.0149,-0.06225,-0.07282,-0.05254,-0.14192,-0.17705
GLY23,-0.00754,-0.01682,-0.02011,-0.00724,-0.00727,-0.02259,-0.03287,-0.00964,0.02068,0.03942,0.11992,0.11724,0.06921,0.0978,-0.00168,0.10261,0.24844,0.40965,0.63083,0.66964,0.76225,0.85772,1.0,0.80198,0.56701,0.38933,0.22458,0.11336,0.10246,0.21195,0.19509,0.2643,0.2771,0.32547,0.19716,0.12296,0.25409,0.22059,0.16937,0.03037,0.04875,0.12306,-0.03288,-0.07898,-0.01933,-0.05458,-0.114,-0.09503,-0.08067,-0.13421,-0.14324,-0.16558,-0.14545,-0.1401,-0.07023,-0.00714,-0.0223,-0.10975,-0.15119,-0.11328,-0.19064,-0.18784,-0.05645,-0.05829,-0.12204,-0.04101,0.01251,-0.0417,-0.00776,-0.00202,-0.03415,-0.02254,-0.05031,-0.09187,-0.06316,-0.04812,-0.10887,-0.10938,-0.03429,-0.07836,-0.11576,-0.09781,-0.08724,-0.07698,-0.017,0.01244,-0.01211,0.02554,0.09147,0.08669,0.08594,0.10701,0.08689,0.06854,0.06188,0.03542,0.00143,-0.046,-0.06294,-0.03998,-0.09501,-0.15322,-0.14351,-0.13529,-0.17558,-0.17138,-0.11647,-0.08699,-0.10952,-0.16002,-0.1534,-0.08375,-0.17424,-0.22931,-0.17522,-0.15054,-0.17431,-0.17393,-0.113,-0.11052,-0.08958,-0.03313,-0.02003,-0.01197,-0.05498,-0.09537,-0.10854,-0.15415,-0.17988,-0.18726,-0.20684,-0.2463,-0.26824,-0.24554,-0.25329,-0.20369,-0.14403,-0.14687,-0.19906,-0.12172,-0.07277,-0.06313,-0.11934,-0.08047,-0.05475,-0.1243,-0.12658,-0.1142,-0.10591,-0.07135,-0.03483,-0.01327,0.00923,0.02682,0.06123,0.07728,0.06237,0.0054,0.00592,-0.0462,-0.08116,-0.04878,-0.14377,-0.18205
TYR24,-0.0073,-0.03423,-0.04108,-0.02754,-0.02153,-0.03497,-0.04722,-0.02786,-0.01468,0.00137,0.1046,0.10433,0.06142,0.08309,-0.02089,0.11235,0.33783,0.45877,0.62329,0.64163,0.60105,0.77251,0.80198,1.0,0.7934,0.60634,0.39938,0.20699,0.18466,0.32464,0.37887,0.48757,0.50933,0.48971,0.35813,0.27505,0.37647,0.33912,0.25299,0.11661,0.20143,0.29528,0.09025,0.06278,0.14735,0.09118,-0.01548,-0.00247,0.0035,-0.08891,-0.10554,-0.14488,-0.12059,-0.12011,-0.01835,0.06963,-0.02687,-0.13483,-0.19562,-0.16182,-0.22006,-0.19815,-0.05715,-0.05703,-0.11511,-0.00665,0.0459,-0.02259,-0.00778,0.01232,-0.03692,-0.03555,-0.07178,-0.12664,-0.08406,-0.09515,-0.16712,-0.183,-0.08011,-0.12973,-0.2027,-0.19294,-0.19338,-0.20496,-0.10875,-0.07678,-0.11195,-0.04376,0.04854,0.02713,0.03097,0.08133,0.06801,0.05458,0.00846,-0.03461,-0.05804,-0.11244,-0.17343,-0.1413,-0.17129,-0.259,-0.2534,-0.20731,-0.25664,-0.26151,-0.19161,-0.17923,-0.21215,-0.27857,-0.29049,-0.19957,-0.28416,-0.34597,-0.26983,-0.24958,-0.28441,-0.26621,-0.20015,-0.1949,-0.15849,-0.09934,-0.07152,-0.04861,-0.09565,-0.11388,-0.12584,-0.18633,-0.22698,-0.21582,-0.21949,-0.29021,-0.32029,-0.27139,-0.2834,-0.24897,-0.19891,-0.21291,-0.24255,-0.14136,-0.115,-0.1195,-0.14706,-0.10809,-0.09803,-0.17249,-0.1596,-0.13752,-0.15324,-0.11741,-0.04233,-0.0182,-0.01618,0.01888,0.0708,0.08884,0.09088,0.03303,0.03084,-0.01469,-0.05776,-0.02347,-0.1152,-0.15987
TYR25,-0.0323,-0.09076,-0.12301,-0.10476,-0.0894,-0.12328,-0.15324,-0.11321,-0.06739,-0.05442,0.12185,0.19435,0.15153,0.21521,0.11194,0.32105,0.60136,0.65682,0.61827,0.52339,0.41204,0.49852,0.56701,0.7934,1.0,0.81796,0.58037,0.33421,0.25198,0.39895,0.46878,0.60464,0.62265,0.43292,0.30809,0.28699,0.41899,0.49313,0.45513,0.32755,0.37913,0.48293,0.29163,0.21671,0.27872,0.22733,0.04881,0.05122,0.07121,-0.05364,-0.09753,-0.14138,-0.10127,-0.065,0.05261,0.18843,0.0857,-0.04752,-0.14203,-0.11947,-0.20316,-0.16534,-0.00344,-0.03748,-0.11038,0.01769,0.06502,-0.02531,-0.01801,0.01092,-0.05159,-0.05596,-0.08793,-0.14475,-0.095,-0.10569,-0.16854,-0.1871,-0.07811,-0.14045,-0.23643,-0.21384,-0.2275,-0.23364,-0.08984,-0.02905,-0.07684,-0.00446,0.11213,0.09239,0.07374,0.12763,0.08412,0.04146,-0.00383,-0.05906,-0.12541,-0.19255,-0.24143,-0.23482,-0.28056,-0.35237,-0.31893,-0.24813,-0.30599,-0.30496,-0.21988,-0.21327,-0.25268,-0.33551,-0.36335,-0.23608,-0.30911,-0.38625,-0.27186,-0.25111,-0.28529,-0.22882,-0.15732,-0.14419,-0.1051,-0.03354,0.00579,0.02424,-0.0302,-0.08438,-0.11307,-0.16263,-0.21714,-0.23884,-0.23682,-0.29539,-0.3574,-0.32912,-0.31742,-0.31259,-0.29193,-0.32416,-0.35304,-0.23328,-0.23305,-0.25227,-0.27514,-0.22822,-0.20569,-0.29623,-0.2831,-0.26013,-0.26895,-0.19199,-0.08925,-0.05569,-0.02755,0.03055,0.08432,0.10219,0.09032,0.00046,-0.00142,-0.06568,-0.15193,-0.09153,-0.17078,-0.19003
THR26,-0.12032,-0.17497,-0.20823,-0.18747,-0.16569,-0.20162,-0.22292,-0.20736,-0.12365,-0.12592,0.20379,0.38872,0.4123,0.41441,0.29076,0.36978,0.60774,0.66233,0.53245,0.48776,0.36836,0.40151,0.38933,0.60634,0.81796,1.0,0.81026,0.6131,0.52768,0.64944,0.70341,0.72937,0.60028,0.38146,0.11984,0.08813,0.12289,0.2059,0.20099,0.09571,0.15933,0.28745,0.12192,0.05735,0.16344,0.15786,-0.01226,-0.01634,0.0398,-0.03075,-0.10326,-0.14404,-0.1415,-0.07599,0.00097,0.14299,0.12462,0.07911,0.02662,0.08626,0.01776,0.05073,0.23098,0.18601,0.09453,0.21584,0.28138,0.16071,0.15961,0.20843,0.10326,0.06802,0.06112,-0.00342,-0.00406,-0.00628,-0.06147,-0.12257,-0.04452,-0.08706,-0.18695,-0.19267,-0.22811,-0.2136,-0.07811,-0.06055,-0.11125,-0.05928,0.02965,0.0139,-0.02703,0.00881,-0.02964,-0.08315,-0.1226,-0.15383,-0.21674,-0.25036,-0.258,-0.24503,-0.26446,-0.3049,-0.20981,-0.09639,-0.16816,-0.17694,-0.1107,-0.12345,-0.13733,-0.20918,-0.26725,-0.14638,-0.17714,-0.26919,-0.18231,-0.16398,-0.20953,-0.16508,-0.11991,-0.12885,-0.12549,-0.05996,-0.02873,-0.03868,-0.06817,-0.13294,-0.12038,-0.10935,-0.17539,-0.21689,-0.17607,-0.2026,-0.27056,-0.24127,-0.19706,-0.18858,-0.19465,-0.2439,-0.27242,-0.16342,-0.14762,-0.21265,-0.25143,-0.24072,-0.21974,-0.28414,-0.30135,-0.33799,-0.33793,-0.20936,-0.1424,-0.12684,-0.08573,-0.02923,0.00139,-0.00378,-0.03069,-0.12221,-0.11288,-0.16487,-0.26665,-0.2107,-0.238,-0.2053
ILE27,-0.1385,-0.19904,-0.22628,-0.19659,-0.17732,-0.2129,-0.20732,-0.19847,-0.10603,-0.07566,0.18813,0.43366,0.52604,0.54237,0.50801,0.50077,0.60589,0.59524,0.39466,0.37872,0.25944,0.25741,0.22458,0.39938,0.58037,0.81026,1.0,0.77681,0.58001,0.58287,0.64726,0.55605,0.46352,0.22336,0.12396,-0.01127,0.05477,0.03479,0.07258,-0.00701,0.04556,0.18463,0.08629,0.01904,0.10043,0.15146,0.01237,-0.03354,0.02237,0.00149,-0.07372,-0.07076,-0.05143,0.04557,0.10408,0.22859,0.29267,0.30251,0.26773,0.28506,0.21315,0.23073,0.35,0.25609,0.15438,0.2247,0.26178,0.12919,0.12604,0.1523,0.0588,0.02588,0.00494,-0.07073,-0.06228,-0.05581,-0.08802,-0.12874,-0.07097,-0.06862,-0.12409,-0.10288,-0.11947,-0.13078,-0.04592,0.00799,-0.04775,-0.07577,0.00602,0.00984,-0.05201,-0.06571,-0.1334,-0.20306,-0.19231,-0.21744,-0.29507,-0.31099,-0.27037,-0.27684,-0.30825,-0.3475,-0.22226,-0.15111,-0.22886,-0.18851,-0.11062,-0.08672,-0.07954,-0.15177,-0.19532,-0.05205,-0.06828,-0.13957,-0.06134,-0.02289,-0.09193,-0.07492,-0.00226,-0.01526,-0.05315,0.00795,0.0466,0.00276,-0.00114,-0.09925,-0.09187,-0.04926,-0.10586,-0.16202,-0.13277,-0.14696,-0.19971,-0.18918,-0.1542,-0.16281,-0.18511,-0.21803,-0.24952,-0.17541,-0.14286,-0.18359,-0.24088,-0.21351,-0.16046,-0.22073,-0.25034,-0.31485,-0.29143,-0.14329,-0.14081,-0.19297,-0.07046,-0.01116,-0.04665,-0.08883,-0.15877,-0.25036,-0.21231,-0.22338,-0.32245,-0.26786,-0.2673,-0.24299
GLY28,-0.17936,-0.21396,-0.2301,-0.20013,-0.18514,-0.21246,-0.20052,-0.22495,-0.11946,-0.1075,0.30086,0.55641,0.68494,0.65135,0.56679,0.38669,0.37806,0.42861,0.25626,0.27214,0.19782,0.17378,0.11336,0.20699,0.33421,0.6131,0.77681,1.0,0.8098,0.68264,0.64625,0.45049,0.27973,0.09581,-0.15437,-0.21551,-0.23302,-0.17116,-0.12288,-0.18204,-0.16223,-0.0506,-0.12485,-0.17543,-0.05629,0.0068,-0.09141,-0.1045,-0.01199,-0.00189,-0.086,-0.10242,-0.13422,-0.05516,-0.04463,0.05685,0.20724,0.28483,0.32757,0.41345,0.37399,0.36327,0.5042,0.46103,0.35251,0.396,0.47892,0.36366,0.32219,0.34609,0.26086,0.20443,0.1797,0.11405,0.08158,0.0875,0.05364,-0.02164,-0.00904,0.00486,-0.04084,-0.04558,-0.07398,-0.06157,-0.00638,0.00486,-0.05776,-0.10846,-0.0468,-0.03085,-0.10811,-0.15693,-0.2103,-0.27016,-0.24672,-0.23852,-0.296,-0.28342,-0.20413,-0.20726,-0.22899,-0.22769,-0.05946,0.01844,-0.06871,-0.01902,0.02503,0.02518,0.04927,-0.00378,-0.05932,0.05021,0.07844,0.00091,0.02349,0.05212,-0.00533,-0.00108,0.03478,0.0004,-0.06005,-0.0124,0.00644,-0.06454,-0.0492,-0.13654,-0.09047,-0.00357,-0.05638,-0.12257,-0.05271,-0.03272,-0.08663,-0.08315,-0.00885,-0.00735,-0.05123,-0.09379,-0.13027,-0.08111,-0.03636,-0.1031,-0.17448,-0.19266,-0.14743,-0.17435,-0.23556,-0.34158,-0.31395,-0.14501,-0.17963,-0.22327,-0.10604,-0.07556,-0.11894,-0.16783,-0.24284,-0.31099,-0.27113,-0.25922,-0.35759,-0.31448,-0.27463,-0.22982
ILE29,-0.1662,-0.13109,-0.1219,-0.08373,-0.0983,-0.11447,-0.09819,-0.141,-0.06603,-0.05048,0.38559,0.489,0.59869,0.48166,0.34338,0.14346,0.16537,0.26832,0.1661,0.21247,0.17382,0.16919,0.10246,0.18466,0.25198,0.52768,0.58001,0.8098,1.0,0.81924,0.70754,0.49158,0.24813,0.09811,-0.16622,-0.19587,-0.29739,-0.23384,-0.22671,-0.27256,-0.21345,-0.12284,-0.23058,-0.24021,-0.06899,-0.03478,-0.12893,-0.08203,0.03113,0.02148,-0.06018,-0.12959,-0.22375,-0.19501,-0.21438,-0.11845,-0.00469,0.09612,0.167,0.30088,0.29104,0.26733,0.43023,0.45182,0.34751,0.41538,0.54321,0.44247,0.38174,0.42578,0.3785,0.30133,0.27313,0.231,0.17736,0.16369,0.11017,0.02843,0.02682,0.03796,-0.01797,-0.04171,-0.08081,-0.06866,-0.02959,-0.0791,-0.13403,-0.1538,-0.1176,-0.11001,-0.1853,-0.22051,-0.22025,-0.25557,-0.25551,-0.21666,-0.21811,-0.19413,-0.13439,-0.09697,-0.0829,-0.09027,0.05971,0.14617,0.05212,0.07975,0.09715,0.06541,0.09273,0.06027,0.00787,0.05685,0.0958,0.01104,-0.00752,-0.00336,-0.03656,-0.04476,-0.05565,-0.10676,-0.15422,-0.11918,-0.12551,-0.1816,-0.16814,-0.19946,-0.12564,-0.05756,-0.09846,-0.11723,-0.03792,-0.02117,-0.04649,-0.01808,0.0516,0.06286,0.03162,-0.00719,-0.02681,0.00523,0.05079,-0.0205,-0.07331,-0.11907,-0.10167,-0.10096,-0.15122,-0.26408,-0.26995,-0.13978,-0.18618,-0.21438,-0.15352,-0.14899,-0.17934,-0.21278,-0.24962,-0.27171,-0.25095,-0.2312,-0.28279,-0.26472,-0.21392,-0.16404
GLY30,-0.16689,-0.16741,-0.17885,-0.15144,-0.151,-0.17533,-0.18426,-0.21482,-0.10347,-0.12432,0.2833,0.4635,0.54877,0.41563,0.23752,0.09917,0.21629,0.33661,0.24954,0.29753,0.25333,0.26973,0.21195,0.32464,0.39895,0.64944,0.58287,0.68264,0.81924,1.0,0.82182,0.64125,0.36461,0.2318,-0.07231,-0.09719,-0.18656,-0.1375,-0.154,-0.2246,-0.14363,-0.0377,-0.19487,-0.20625,-0.01413,-6e-05,-0.11987,-0.05818,0.05793,0.0266,-0.05744,-0.14749,-0.24581,-0.22529,-0.23074,-0.12185,-0.05943,0.01943,0.05113,0.17969,0.16161,0.17343,0.35712,0.36244,0.28333,0.38884,0.50252,0.40607,0.38824,0.44742,0.34129,0.27845,0.27812,0.21638,0.14944,0.15037,0.09457,-0.01555,-0.00038,-0.01072,-0.0973,-0.13318,-0.17236,-0.15589,-0.08285,-0.1396,-0.17665,-0.13396,-0.0988,-0.11548,-0.16466,-0.13783,-0.13322,-0.15773,-0.20382,-0.19982,-0.20194,-0.19834,-0.19492,-0.1449,-0.11964,-0.12262,0.01471,0.1261,0.05949,0.04787,0.06552,0.02986,0.03776,0.00556,-0.06463,-0.00471,0.01595,-0.08122,-0.08419,-0.08278,-0.10426,-0.10304,-0.11126,-0.1426,-0.16301,-0.12875,-0.12854,-0.14929,-0.1485,-0.16914,-0.1045,-0.06376,-0.11803,-0.1344,-0.06555,-0.06027,-0.11028,-0.07494,-0.01789,0.0099,-0.00963,-0.05968,-0.07269,-0.01835,0.01387,-0.07233,-0.10467,-0.14116,-0.14101,-0.15926,-0.18175,-0.2717,-0.29442,-0.15965,-0.1396,-0.14489,-0.13476,-0.10162,-0.074,-0.09983,-0.11037,-0.14937,-0.13813,-0.16349,-0.2453,-0.21836,-0.19599,-0.14801
HIS31,-0.05764,-0.17657,-0.17864,-0.15971,-0.13838,-0.13927,-0.11575,-0.18321,-0.18017,-0.19311,0.1524,0.29553,0.38486,0.22878,0.11981,0.0313,0.20487,0.23951,0.21573,0.29324,0.21907,0.26281,0.19509,0.37887,0.46878,0.70341,0.64726,0.64625,0.70754,0.82182,1.0,0.84505,0.61162,0.46523,0.0476,-0.00217,-0.08251,-0.05838,-0.11412,-0.15419,-0.02063,0.09358,-0.06392,-0.01641,0.18067,0.19608,0.06688,0.10844,0.19735,0.16104,0.07766,-0.01373,-0.1065,-0.10762,-0.12584,-0.03576,-0.05699,0.01139,-0.00162,0.08003,0.12634,0.19625,0.29931,0.30792,0.29789,0.39821,0.46276,0.37127,0.29245,0.36446,0.2244,0.14386,0.17268,0.10846,0.02989,0.0213,-0.018,-0.12789,-0.10519,-0.11536,-0.22283,-0.25474,-0.2984,-0.29057,-0.19932,-0.22653,-0.25511,-0.16308,-0.10269,-0.11762,-0.13627,-0.05765,-0.04952,-0.05455,-0.13855,-0.17298,-0.17022,-0.19937,-0.23418,-0.18294,-0.14783,-0.17558,-0.10243,0.04926,0.01192,-0.04767,-0.03951,-0.11575,-0.12303,-0.13992,-0.22147,-0.16747,-0.15118,-0.22752,-0.211,-0.18804,-0.21147,-0.22017,-0.21516,-0.20264,-0.19511,-0.1677,-0.14617,-0.12453,-0.12729,-0.12441,-0.08464,-0.08162,-0.14332,-0.14566,-0.09801,-0.12988,-0.18368,-0.133,-0.084,-0.08146,-0.10256,-0.16191,-0.15863,-0.08194,-0.06505,-0.15058,-0.16147,-0.19802,-0.2166,-0.22955,-0.23498,-0.26873,-0.26987,-0.17647,-0.09047,-0.05515,-0.09675,-0.04197,0.01695,0.00766,0.02006,-0.03774,-0.05253,-0.10488,-0.16534,-0.14331,-0.15166,-0.09942
LEU32,-0.03089,-0.16479,-0.18292,-0.17321,-0.1423,-0.13744,-0.12585,-0.16915,-0.17384,-0.1971,0.0817,0.18995,0.22237,0.09869,-0.00672,0.00767,0.24537,0.25859,0.26974,0.31341,0.22569,0.29545,0.2643,0.48757,0.60464,0.72937,0.55605,0.45049,0.49158,0.64125,0.84505,1.0,0.78383,0.61755,0.17998,0.15017,0.08096,0.11435,0.02536,-0.0029,0.16451,0.26906,0.09183,0.14279,0.31279,0.28626,0.13159,0.16155,0.21699,0.14061,0.07328,-0.0109,-0.07146,-0.07629,-0.05629,0.04466,-0.06788,-0.06037,-0.10602,-0.04832,-0.01226,0.06513,0.15842,0.16981,0.17031,0.27873,0.31776,0.24219,0.15985,0.22344,0.09866,0.03013,0.05566,0.00232,-0.04984,-0.0668,-0.10474,-0.19356,-0.13997,-0.17904,-0.2939,-0.31737,-0.35368,-0.35811,-0.24454,-0.25012,-0.26214,-0.15566,-0.08293,-0.09837,-0.10008,0.00421,0.01038,0.01627,-0.08287,-0.14757,-0.146,-0.18226,-0.25686,-0.21937,-0.17355,-0.20784,-0.18941,-0.02525,-0.03604,-0.12253,-0.11225,-0.20072,-0.20151,-0.22119,-0.30947,-0.24354,-0.23996,-0.3141,-0.28042,-0.25581,-0.26893,-0.27292,-0.26274,-0.22832,-0.2051,-0.17974,-0.14373,-0.09453,-0.10428,-0.088,-0.06709,-0.09125,-0.15351,-0.14168,-0.11439,-0.16206,-0.21949,-0.16155,-0.12825,-0.12741,-0.13695,-0.20211,-0.19291,-0.08804,-0.0877,-0.17432,-0.16249,-0.19693,-0.2325,-0.25108,-0.23799,-0.25339,-0.26153,-0.17421,-0.04325,-0.00097,-0.07354,0.00098,0.08233,0.07846,0.11219,0.04405,0.02568,-0.06062,-0.11879,-0.08948,-0.11374,-0.06482
LEU33,0.10427,-0.1515,-0.16844,-0.15935,-0.10757,-0.09617,-0.06339,-0.08335,-0.10541,-0.1272,-0.0054,0.0896,0.04713,-0.05259,-0.08621,0.04046,0.28388,0.2189,0.23766,0.25962,0.17304,0.26734,0.2771,0.50933,0.62265,0.60028,0.46352,0.27973,0.24813,0.36461,0.61162,0.78383,1.0,0.79617,0.31837,0.1925,0.28478,0.32847,0.22504,0.22516,0.38891,0.48524,0.30867,0.34614,0.49275,0.45145,0.26087,0.26926,0.2942,0.17832,0.12111,0.04261,0.03238,0.01847,0.09105,0.18236,-0.00718,-0.04976,-0.13652,-0.15346,-0.11537,-0.02335,-0.01074,-0.00409,0.02329,0.09454,0.10293,0.04954,-0.05361,-0.00258,-0.1233,-0.17451,-0.14349,-0.20693,-0.23181,-0.23853,-0.25978,-0.32284,-0.23979,-0.29038,-0.38307,-0.36674,-0.36421,-0.38448,-0.27501,-0.19633,-0.18972,-0.09224,0.02073,0.04286,0.04845,0.15816,0.13,0.13512,0.04405,-0.04655,-0.08635,-0.16401,-0.26839,-0.26176,-0.24943,-0.29571,-0.34002,-0.19994,-0.16652,-0.25562,-0.23404,-0.3182,-0.3254,-0.33548,-0.40884,-0.31193,-0.33957,-0.39491,-0.3241,-0.2766,-0.27375,-0.27991,-0.22339,-0.15212,-0.11369,-0.08219,-0.02457,0.03306,0.0145,0.0019,-0.04592,-0.08796,-0.1412,-0.17024,-0.17953,-0.2256,-0.28845,-0.26498,-0.22362,-0.25173,-0.25678,-0.31362,-0.31254,-0.18712,-0.19629,-0.25643,-0.27285,-0.26949,-0.29223,-0.34514,-0.3115,-0.26655,-0.2328,-0.16663,0.03147,0.07725,0.00928,0.11469,0.21066,0.21579,0.239,0.14812,0.12763,-0.0018,-0.05464,-0.00659,-0.09101,-0.07324
THR34,0.1497,-0.07912,-0.07752,-0.07775,-0.04003,-0.01077,0.03876,-0.01331,-0.11688,-0.1556,-0.11896,-0.07216,-0.06496,-0.21332,-0.23756,-0.15971,0.06199,0.02978,0.18607,0.23273,0.20259,0.33269,0.32547,0.48971,0.43292,0.38146,0.22336,0.09581,0.09811,0.2318,0.46523,0.61755,0.79617,1.0,0.3093,0.21809,0.25216,0.22736,0.07525,0.05087,0.20285,0.27431,0.12438,0.20443,0.33879,0.30539,0.19283,0.21562,0.22883,0.14893,0.12501,0.05518,0.02238,-0.03766,0.00058,0.04349,-0.1328,-0.1426,-0.20073,-0.21131,-0.14435,-0.04816,-0.06182,-0.04421,0.02479,0.07758,0.06533,0.05319,-0.0923,-0.02804,-0.12342,-0.17807,-0.11236,-0.13754,-0.18584,-0.1969,-0.20024,-0.24124,-0.20727,-0.24072,-0.31615,-0.32877,-0.32975,-0.3213,-0.24242,-0.22442,-0.20071,-0.04169,0.0252,-0.01147,0.0332,0.18105,0.20854,0.24054,0.12059,0.05358,0.06759,-0.00828,-0.12297,-0.08256,-0.04534,-0.09452,-0.21336,-0.07853,-0.01207,-0.16324,-0.17902,-0.26909,-0.28915,-0.26669,-0.32185,-0.30349,-0.34217,-0.37125,-0.31824,-0.29436,-0.29706,-0.30553,-0.27614,-0.21142,-0.14343,-0.12889,-0.09312,-0.01569,-0.04352,-0.00087,-0.04824,-0.1265,-0.14309,-0.13442,-0.17104,-0.21014,-0.22992,-0.20659,-0.1781,-0.19692,-0.20048,-0.24844,-0.24813,-0.12947,-0.14427,-0.1877,-0.19221,-0.20517,-0.26779,-0.2929,-0.26144,-0.16529,-0.12821,-0.16838,0.03637,0.15394,-0.00185,0.0653,0.20261,0.24897,0.30015,0.25881,0.20851,0.06471,0.08614,0.11244,-0.00445,0.00445
LYS35,0.05555,0.08587,0.08417,0.08059,0.08135,0.09498,0.07744,0.08778,0.07458,0.13756,-0.11468,-0.28117,-0.29336,-0.20491,-0.15069,-0.03109,0.08108,0.0062,0.07283,0.08475,0.0508,0.16946,0.19716,0.35813,0.30809,0.11984,0.12396,-0.15437,-0.16622,-0.07231,0.0476,0.17998,0.31837,0.3093,1.0,0.78078,0.74728,0.41262,0.28068,0.27762,0.48088,0.50716,0.35826,0.38005,0.39682,0.30254,0.17721,0.16328,0.11201,-0.00785,0.00425,-0.0086,0.06557,0.07158,0.19469,0.25889,0.02893,-0.12797,-0.21281,-0.28664,-0.3025,-0.26931,-0.29858,-0.30684,-0.29596,-0.26674,-0.2824,-0.29199,-0.30073,-0.31756,-0.25563,-0.24059,-0.31764,-0.32891,-0.22306,-0.27184,-0.3124,-0.26374,-0.15943,-0.15365,-0.16602,-0.11049,-0.09234,-0.20799,-0.18296,-0.11357,-0.12622,-0.12013,-0.07117,-0.0841,-0.07776,-0.0269,-0.0248,0.00179,-0.03061,-0.09354,-0.04913,-0.06213,-0.20024,-0.17377,-0.15763,-0.26673,-0.31822,-0.38181,-0.41793,-0.34898,-0.29323,-0.23946,-0.23771,-0.30147,-0.28216,-0.21612,-0.28941,-0.29423,-0.25038,-0.24576,-0.26385,-0.27611,-0.2141,-0.18393,-0.15874,-0.13463,-0.10038,-0.05695,-0.05918,-0.01499,-0.03608,-0.13183,-0.14305,-0.04042,-0.10014,-0.20654,-0.20195,-0.12241,-0.23785,-0.2768,-0.22753,-0.18473,-0.11494,-0.1124,-0.15124,-0.05974,0.02331,0.12206,0.12149,0.08101,0.15536,0.20084,0.11351,0.05729,0.07436,0.00702,0.01866,0.06361,0.06196,0.02796,0.07611,0.07952,0.0824,0.14215,0.14419,0.14629,0.11515,0.01713
SER36,-0.02456,0.0912,0.07544,0.03758,0.01261,0.05508,-0.00426,-0.03042,-0.08629,-0.07029,-0.20655,-0.39674,-0.36945,-0.23312,-0.21192,-0.06844,0.08791,-0.00646,0.06293,-0.00129,-0.02828,0.0742,0.12296,0.27505,0.28699,0.08813,-0.01127,-0.21551,-0.19587,-0.09719,-0.00217,0.15017,0.1925,0.21809,0.78078,1.0,0.76183,0.60311,0.46988,0.46257,0.62086,0.61388,0.46558,0.47105,0.45196,0.32667,0.16798,0.19049,0.14156,-0.02398,-0.01136,-0.0509,0.00803,-0.00064,0.11222,0.19361,-0.06398,-0.2353,-0.29862,-0.32403,-0.34465,-0.32167,-0.30401,-0.29898,-0.29682,-0.24133,-0.25484,-0.25215,-0.27143,-0.26923,-0.17057,-0.16248,-0.23397,-0.18843,-0.08006,-0.16046,-0.19486,-0.15579,-0.05037,-0.06748,-0.12079,-0.10854,-0.14887,-0.22618,-0.13057,-0.13406,-0.1702,-0.08622,-0.06427,-0.11921,-0.08836,-0.01304,0.02297,0.05047,-0.01015,-0.05168,0.00362,-0.00981,-0.13621,-0.11225,-0.07452,-0.17157,-0.25878,-0.2842,-0.32207,-0.28351,-0.27102,-0.2404,-0.25512,-0.3186,-0.3044,-0.26903,-0.31333,-0.33345,-0.28625,-0.30239,-0.30729,-0.28591,-0.26566,-0.23999,-0.18584,-0.17454,-0.15434,-0.08733,-0.10736,-0.02329,-0.00947,-0.12345,-0.14692,-0.00179,-0.03402,-0.17059,-0.17306,-0.05706,-0.17025,-0.24246,-0.22561,-0.20713,-0.09602,-0.09085,-0.17183,-0.09065,0.05698,0.12159,0.06427,0.0695,0.15631,0.1921,0.06844,-0.00123,0.00684,0.01297,-0.02616,-0.0176,0.00698,0.00983,0.06605,0.07872,0.03797,0.1184,0.13683,0.1432,0.16248,0.10339
PRO37,0.09764,0.07637,0.06068,0.03899,0.03942,0.05426,0.02861,0.04811,0.03206,0.06554,-0.16435,-0.30773,-0.35527,-0.23144,-0.18067,0.0798,0.25026,0.15807,0.19198,0.10897,0.06659,0.16006,0.25409,0.37647,0.41899,0.12289,0.05477,-0.23302,-0.29739,-0.18656,-0.08251,0.08096,0.28478,0.25216,0.74728,0.76183,1.0,0.78579,0.64774,0.58643,0.67568,0.67791,0.52655,0.4818,0.44425,0.34222,0.18732,0.18972,0.13745,-0.02123,-0.00454,-0.02632,0.06689,0.06354,0.20814,0.28099,0.04116,-0.16769,-0.28103,-0.36979,-0.42186,-0.37893,-0.37828,-0.40791,-0.39766,-0.35692,-0.38198,-0.39063,-0.37288,-0.38698,-0.33387,-0.29853,-0.35545,-0.36003,-0.24729,-0.28221,-0.31582,-0.2502,-0.13869,-0.16668,-0.19522,-0.1392,-0.12209,-0.18617,-0.10355,-0.00758,-0.01844,0.02738,0.09908,0.08049,0.11512,0.18272,0.15731,0.15477,0.12551,0.05929,0.03629,-0.03507,-0.14053,-0.13873,-0.17579,-0.28634,-0.37886,-0.43086,-0.44596,-0.40818,-0.34638,-0.28962,-0.31368,-0.38222,-0.34662,-0.25892,-0.35631,-0.37088,-0.28333,-0.27299,-0.26835,-0.23845,-0.15957,-0.10834,-0.04217,-0.00654,0.02976,0.09134,0.04828,0.06138,-0.01372,-0.13638,-0.1442,-0.08573,-0.17108,-0.27682,-0.2857,-0.24205,-0.32855,-0.38617,-0.3637,-0.33144,-0.28703,-0.25181,-0.2982,-0.20199,-0.13118,-0.01816,-0.01444,-0.07827,0.00096,0.09954,0.05607,-0.00945,0.06225,0.0666,0.08161,0.12234,0.15301,0.16262,0.18826,0.15224,0.13148,0.13426,0.13248,0.14889,0.08047,-0.01559
SER38,0.0703,0.00849,-0.02952,-0.05663,-0.04922,-0.03744,-0.08907,-0.05753,-0.05607,-0.07972,-0.13799,-0.20382,-0.27941,-0.15823,-0.15439,0.15088,0.36597,0.25878,0.2326,0.09685,0.04486,0.11095,0.22059,0.33912,0.49313,0.2059,0.03479,-0.17116,-0.23384,-0.1375,-0.05838,0.11435,0.32847,0.22736,0.41262,0.60311,0.78579,1.0,0.92185,0.84586,0.81959,0.79226,0.66832,0.56422,0.48393,0.37285,0.17853,0.1781,0.1382,-0.04615,-0.04776,-0.08173,0.021,0.03513,0.19222,0.28345,0.04654,-0.17646,-0.30809,-0.36135,-0.41494,-0.35683,-0.31248,-0.33619,-0.32847,-0.24928,-0.26432,-0.27707,-0.28947,-0.28981,-0.26651,-0.24393,-0.27968,-0.27559,-0.1751,-0.2009,-0.2302,-0.19712,-0.0801,-0.15373,-0.22477,-0.18509,-0.20204,-0.21138,-0.05917,0.03117,0.01029,0.0836,0.18658,0.17758,0.20148,0.27196,0.22541,0.21007,0.17565,0.10323,0.03555,-0.04819,-0.13659,-0.17168,-0.22482,-0.29427,-0.36833,-0.36584,-0.37362,-0.37819,-0.32092,-0.28979,-0.33709,-0.40813,-0.39312,-0.28787,-0.37146,-0.40163,-0.28393,-0.26116,-0.24577,-0.18852,-0.11534,-0.05694,0.01359,0.04978,0.09132,0.15145,0.09764,0.07863,0.00588,-0.08933,-0.12171,-0.11332,-0.15928,-0.24518,-0.30141,-0.27256,-0.2989,-0.37002,-0.3807,-0.38765,-0.35016,-0.28567,-0.34472,-0.29503,-0.23621,-0.15007,-0.16252,-0.22724,-0.15372,-0.06979,-0.0911,-0.09039,0.02521,0.08125,0.08669,0.13031,0.19128,0.21884,0.22904,0.15089,0.12321,0.08114,0.03726,0.07817,0.00994,-0.04233
LEU39,0.02297,-0.02846,-0.07076,-0.09682,-0.0925,-0.09011,-0.14964,-0.09774,-0.06526,-0.08564,-0.11961,-0.13193,-0.20114,-0.04494,-0.02639,0.27833,0.46555,0.33766,0.24553,0.07875,0.02191,0.05048,0.16937,0.25299,0.45513,0.20099,0.07258,-0.12288,-0.22671,-0.154,-0.11412,0.02536,0.22504,0.07525,0.28068,0.46988,0.64774,0.92185,1.0,0.89712,0.7762,0.76652,0.7154,0.55294,0.41319,0.33646,0.15797,0.12596,0.08675,-0.06631,-0.0717,-0.07541,0.04902,0.09724,0.24825,0.33414,0.15615,-0.0652,-0.20119,-0.26563,-0.34475,-0.29805,-0.25793,-0.30714,-0.31723,-0.24861,-0.2708,-0.29224,-0.27824,-0.28796,-0.2616,-0.23121,-0.27307,-0.27253,-0.16579,-0.18013,-0.1973,-0.15492,-0.04346,-0.11189,-0.16799,-0.11979,-0.13758,-0.1371,0.01567,0.11216,0.08362,0.12305,0.2239,0.2247,0.23392,0.26887,0.19418,0.1562,0.1542,0.08733,-0.01504,-0.09046,-0.1348,-0.19502,-0.2693,-0.30947,-0.35508,-0.37145,-0.38431,-0.36603,-0.29796,-0.24704,-0.28863,-0.3674,-0.34664,-0.22801,-0.30255,-0.3214,-0.19379,-0.16503,-0.16394,-0.10056,-0.01729,0.03454,0.08383,0.12418,0.16965,0.20437,0.15743,0.10436,0.03123,-0.03466,-0.06903,-0.09159,-0.12586,-0.19336,-0.25746,-0.24872,-0.26424,-0.34221,-0.36765,-0.37684,-0.3518,-0.29552,-0.35377,-0.30545,-0.26156,-0.17005,-0.16672,-0.23463,-0.17293,-0.11167,-0.12322,-0.08765,0.00558,0.04011,0.08904,0.13333,0.16878,0.18741,0.16303,0.06672,0.05445,0.01626,-0.04846,0.00326,-0.05253,-0.09208
ASN40,0.0448,-0.04232,-0.09521,-0.12814,-0.10672,-0.09775,-0.15586,-0.10608,-0.08679,-0.11411,-0.16986,-0.17826,-0.25945,-0.12471,-0.08853,0.19923,0.35565,0.18905,0.10536,-0.04477,-0.10314,-0.08548,0.03037,0.11661,0.32755,0.09571,-0.00701,-0.18204,-0.27256,-0.2246,-0.15419,-0.0029,0.22516,0.05087,0.27762,0.46257,0.58643,0.84586,0.89712,1.0,0.89481,0.80721,0.8161,0.69706,0.55315,0.45359,0.26475,0.23459,0.18422,0.0185,0.01193,-0.0044,0.11012,0.14753,0.28203,0.35977,0.13875,-0.07002,-0.20504,-0.2879,-0.33742,-0.28148,-0.29415,-0.33464,-0.32242,-0.26893,-0.31047,-0.31597,-0.31745,-0.32981,-0.29716,-0.26824,-0.30821,-0.3015,-0.19798,-0.22431,-0.23053,-0.1978,-0.09486,-0.15574,-0.2054,-0.14882,-0.16513,-0.1779,-0.03735,0.06957,0.05162,0.08202,0.18099,0.20144,0.212,0.2491,0.174,0.1551,0.15356,0.05767,-0.03626,-0.08681,-0.15495,-0.23442,-0.28751,-0.31129,-0.37185,-0.38314,-0.37714,-0.36494,-0.32096,-0.28296,-0.31987,-0.3801,-0.35978,-0.25536,-0.31298,-0.31193,-0.19396,-0.15652,-0.14307,-0.09957,-0.01459,0.0536,0.09058,0.11496,0.17101,0.21228,0.18395,0.13625,0.06549,0.00908,-0.02842,-0.04866,-0.07849,-0.14603,-0.21745,-0.20278,-0.22141,-0.31754,-0.35428,-0.36355,-0.30996,-0.2703,-0.34068,-0.2897,-0.22561,-0.14561,-0.15275,-0.20476,-0.12504,-0.07305,-0.087,-0.03788,0.06136,0.0813,0.11604,0.16944,0.2003,0.20158,0.18504,0.09482,0.08579,0.05706,-0.01483,0.03568,0.0028,-0.03367
ALA41,0.05312,-0.04879,-0.10103,-0.12767,-0.1021,-0.08565,-0.14093,-0.10921,-0.09993,-0.11831,-0.1841,-0.21672,-0.30359,-0.20034,-0.16534,0.10376,0.28989,0.10629,0.06329,-0.04025,-0.10528,-0.05211,0.04875,0.20143,0.37913,0.15933,0.04556,-0.16223,-0.21345,-0.14363,-0.02063,0.16451,0.38891,0.20285,0.48088,0.62086,0.67568,0.81959,0.7762,0.89481,1.0,0.92133,0.84346,0.80733,0.7368,0.60199,0.37481,0.36435,0.31381,0.10896,0.09439,0.04056,0.13126,0.14866,0.27845,0.37943,0.0814,-0.12171,-0.26112,-0.3413,-0.36442,-0.29461,-0.31943,-0.3407,-0.32174,-0.26275,-0.29528,-0.30656,-0.33098,-0.33352,-0.30479,-0.29542,-0.3487,-0.34346,-0.24437,-0.29371,-0.31029,-0.29919,-0.17979,-0.23776,-0.30178,-0.24189,-0.25702,-0.30649,-0.16688,-0.05379,-0.06889,-0.02821,0.08485,0.11227,0.12468,0.18718,0.12757,0.13374,0.10176,-0.01584,-0.07268,-0.11239,-0.22896,-0.29466,-0.31246,-0.35913,-0.43425,-0.42338,-0.41616,-0.41106,-0.37696,-0.35919,-0.38907,-0.44564,-0.43627,-0.32698,-0.38232,-0.39107,-0.28506,-0.24219,-0.22111,-0.20185,-0.11893,-0.03752,-0.00124,0.0217,0.09196,0.15366,0.13651,0.11587,0.05939,-0.01324,-0.06497,-0.05205,-0.08002,-0.17435,-0.24647,-0.20137,-0.2393,-0.34025,-0.36757,-0.37837,-0.29479,-0.24887,-0.32695,-0.27529,-0.1882,-0.1108,-0.13555,-0.18376,-0.08259,-0.03669,-0.08068,-0.02815,0.09244,0.09558,0.10478,0.1774,0.21911,0.20398,0.212,0.13084,0.11706,0.10074,0.02736,0.07931,0.05587,0.01074
ALA42,0.03212,-0.08718,-0.13268,-0.15457,-0.13322,-0.11946,-0.16709,-0.14183,-0.11927,-0.12631,-0.15485,-0.15717,-0.2285,-0.12691,-0.08978,0.18276,0.39666,0.20387,0.14265,0.04019,-0.03426,0.02606,0.12306,0.29528,0.48293,0.28745,0.18463,-0.0506,-0.12284,-0.0377,0.09358,0.26906,0.48524,0.27431,0.50716,0.61388,0.67791,0.79226,0.76652,0.80721,0.92133,1.0,0.86258,0.78877,0.76748,0.66907,0.41617,0.39754,0.35791,0.15579,0.12644,0.07331,0.16153,0.18645,0.30886,0.42876,0.14311,-0.05611,-0.2071,-0.28892,-0.32152,-0.25226,-0.2686,-0.29787,-0.29371,-0.23413,-0.26323,-0.29024,-0.32631,-0.32132,-0.31665,-0.31709,-0.36936,-0.37909,-0.28491,-0.32749,-0.34777,-0.33886,-0.20636,-0.27028,-0.34093,-0.27578,-0.28723,-0.34015,-0.18553,-0.05545,-0.07706,-0.03414,0.09508,0.12283,0.12479,0.18904,0.1177,0.11549,0.07961,-0.04109,-0.11198,-0.16061,-0.27064,-0.33368,-0.35866,-0.41472,-0.48527,-0.46264,-0.46052,-0.45503,-0.41638,-0.39516,-0.41868,-0.48596,-0.47849,-0.34139,-0.40247,-0.4259,-0.30636,-0.25321,-0.24897,-0.22276,-0.12539,-0.04207,-0.007,0.03076,0.10566,0.1618,0.13996,0.10474,0.04632,-0.02446,-0.08479,-0.08453,-0.10974,-0.20577,-0.28409,-0.24107,-0.2755,-0.37218,-0.39734,-0.41681,-0.3434,-0.27474,-0.34783,-0.30845,-0.23738,-0.15337,-0.17615,-0.23656,-0.13997,-0.09675,-0.133,-0.06731,0.06278,0.06697,0.09202,0.17595,0.21229,0.19961,0.19472,0.09674,0.08512,0.05501,-0.02261,0.03309,0.00941,-0.0305
LYS43,0.02658,-0.08897,-0.13091,-0.16353,-0.14507,-0.12992,-0.17616,-0.14078,-0.14802,-0.14991,-0.22237,-0.22936,-0.27307,-0.14317,-0.04718,0.22246,0.36878,0.12067,0.03698,-0.08727,-0.15974,-0.13473,-0.03288,0.09025,0.29163,0.12192,0.08629,-0.12485,-0.23058,-0.19487,-0.06392,0.09183,0.30867,0.12438,0.35826,0.46558,0.52655,0.66832,0.7154,0.8161,0.84346,0.86258,1.0,0.88414,0.71969,0.66517,0.48225,0.40022,0.33165,0.19463,0.18391,0.18746,0.30209,0.34505,0.43471,0.50982,0.25606,0.06003,-0.11135,-0.24029,-0.26789,-0.18803,-0.26832,-0.33031,-0.30526,-0.27501,-0.34921,-0.35975,-0.38951,-0.39113,-0.36962,-0.36622,-0.39603,-0.38876,-0.30046,-0.33599,-0.32047,-0.28901,-0.18772,-0.23662,-0.28172,-0.2038,-0.21282,-0.25841,-0.11788,0.01214,-0.00136,0.01439,0.13109,0.16535,0.1622,0.2013,0.11892,0.10886,0.10112,-0.02234,-0.11093,-0.14668,-0.22793,-0.31754,-0.34649,-0.36919,-0.45764,-0.45895,-0.43886,-0.42577,-0.40247,-0.37045,-0.39391,-0.451,-0.4196,-0.30323,-0.3564,-0.337,-0.2159,-0.15286,-0.15433,-0.1354,-0.03162,0.05574,0.07761,0.10298,0.18168,0.22663,0.21683,0.17387,0.10694,0.04807,0.00218,-0.01461,-0.04377,-0.12834,-0.20763,-0.18274,-0.2193,-0.33028,-0.37735,-0.39623,-0.3271,-0.27092,-0.35574,-0.31216,-0.23218,-0.15581,-0.17998,-0.22316,-0.12082,-0.07512,-0.09551,-0.03072,0.08098,0.08512,0.12349,0.19966,0.21093,0.19837,0.17052,0.06767,0.05888,0.03199,-0.03051,0.01911,0.01512,-0.0077
SER44,0.06687,-0.06302,-0.09485,-0.12332,-0.10645,-0.08948,-0.12097,-0.11357,-0.18999,-0.18964,-0.28771,-0.32671,-0.37199,-0.2982,-0.20167,0.03444,0.19102,-0.0583,-0.07711,-0.14986,-0.20836,-0.15806,-0.07898,0.06278,0.21671,0.05735,0.01904,-0.17543,-0.24021,-0.20625,-0.01641,0.14279,0.34614,0.20443,0.38005,0.47105,0.4818,0.56422,0.55294,0.69706,0.80733,0.78877,0.88414,1.0,0.86176,0.77593,0.65401,0.59883,0.50541,0.36309,0.37134,0.34099,0.40735,0.38617,0.40874,0.43142,0.1493,-0.00692,-0.17144,-0.29594,-0.26714,-0.17232,-0.29168,-0.3213,-0.26493,-0.24443,-0.32451,-0.31951,-0.39352,-0.38782,-0.36778,-0.38837,-0.41623,-0.3947,-0.32335,-0.38057,-0.35709,-0.33651,-0.25448,-0.29323,-0.3455,-0.27755,-0.29094,-0.35037,-0.22384,-0.102,-0.10508,-0.06694,0.04704,0.08729,0.10691,0.17825,0.11954,0.13895,0.1012,-0.03547,-0.08442,-0.11206,-0.23285,-0.31068,-0.29997,-0.33699,-0.46795,-0.44205,-0.39817,-0.42378,-0.42084,-0.42601,-0.4572,-0.47702,-0.44645,-0.36709,-0.40057,-0.37723,-0.27967,-0.20868,-0.20154,-0.20934,-0.12167,-0.01528,0.01536,0.02286,0.1066,0.18466,0.17873,0.1772,0.12196,0.04196,-0.00581,0.01016,-0.01661,-0.12081,-0.19151,-0.14645,-0.19242,-0.30396,-0.34876,-0.37036,-0.27981,-0.22996,-0.31765,-0.27459,-0.17157,-0.11512,-0.16506,-0.18806,-0.06962,-0.00589,-0.0396,-0.00435,0.13986,0.15682,0.13565,0.2154,0.25022,0.23377,0.23403,0.14163,0.11997,0.09493,0.051,0.08581,0.0779,0.04601
GLU45,0.06686,-0.08086,-0.11138,-0.13562,-0.10742,-0.08287,-0.11077,-0.1391,-0.19594,-0.19955,-0.22522,-0.23239,-0.2857,-0.29356,-0.23775,-0.0638,0.12449,-0.07832,-0.06475,-0.08676,-0.14219,-0.07968,-0.01933,0.14735,0.27872,0.16344,0.10043,-0.05629,-0.06899,-0.01413,0.18067,0.31279,0.49275,0.33879,0.39682,0.45196,0.44425,0.48393,0.41319,0.55315,0.7368,0.76748,0.71969,0.86176,1.0,0.90408,0.69668,0.73683,0.69646,0.49625,0.46626,0.34432,0.32615,0.25309,0.23428,0.30195,0.02366,-0.05497,-0.18177,-0.27204,-0.21355,-0.12651,-0.22941,-0.21453,-0.16505,-0.14878,-0.18468,-0.18673,-0.29686,-0.28111,-0.29457,-0.33115,-0.36023,-0.36058,-0.31166,-0.37088,-0.36693,-0.39535,-0.30309,-0.34079,-0.41848,-0.36785,-0.38795,-0.44964,-0.31945,-0.21401,-0.20915,-0.14642,-0.03498,0.00835,0.02758,0.1284,0.08404,0.12008,0.05377,-0.09041,-0.10689,-0.13293,-0.27781,-0.32774,-0.29799,-0.35324,-0.47082,-0.39666,-0.35739,-0.39649,-0.41742,-0.46033,-0.4857,-0.48515,-0.48581,-0.40615,-0.41662,-0.42459,-0.34184,-0.28043,-0.26659,-0.28509,-0.20669,-0.1014,-0.07032,-0.05755,0.02508,0.10792,0.10523,0.11356,0.07618,-0.00229,-0.06769,-0.04612,-0.05735,-0.15458,-0.22685,-0.17033,-0.19237,-0.28709,-0.31753,-0.34897,-0.25891,-0.19433,-0.26717,-0.24798,-0.16748,-0.12871,-0.18404,-0.2128,-0.09968,-0.04758,-0.08578,-0.03454,0.12629,0.14542,0.10226,0.19227,0.24497,0.22202,0.24174,0.16617,0.1403,0.10655,0.05515,0.09797,0.09934,0.06603
LEU46,0.04167,-0.12874,-0.15825,-0.18436,-0.1569,-0.13514,-0.15342,-0.1868,-0.2367,-0.23399,-0.23655,-0.20777,-0.22709,-0.23742,-0.14297,0.01097,0.16106,-0.06216,-0.06936,-0.09399,-0.14782,-0.10496,-0.05458,0.09118,0.22733,0.15786,0.15146,0.0068,-0.03478,-6e-05,0.19608,0.28626,0.45145,0.30539,0.30254,0.32667,0.34222,0.37285,0.33646,0.45359,0.60199,0.66907,0.66517,0.77593,0.90408,1.0,0.81385,0.79196,0.77209,0.65072,0.59462,0.50237,0.47167,0.41607,0.33258,0.38632,0.15699,0.1122,-0.0522,-0.18004,-0.12289,-0.01696,-0.14815,-0.17669,-0.11709,-0.12965,-0.18895,-0.19872,-0.31131,-0.29757,-0.33159,-0.36996,-0.38656,-0.3876,-0.34884,-0.39677,-0.37534,-0.40022,-0.31924,-0.35784,-0.42481,-0.36128,-0.3782,-0.42984,-0.30162,-0.17819,-0.17341,-0.13261,-0.01498,0.03908,0.04867,0.13904,0.0747,0.09404,0.04492,-0.10438,-0.15017,-0.17191,-0.28741,-0.35511,-0.33561,-0.37738,-0.49288,-0.42229,-0.37523,-0.41332,-0.44014,-0.47611,-0.48508,-0.48143,-0.47841,-0.38518,-0.38422,-0.38657,-0.29596,-0.22326,-0.21976,-0.24149,-0.14792,-0.03422,-0.01381,0.00137,0.0908,0.16632,0.16718,0.15856,0.1158,0.04831,-0.01727,-0.01428,-0.03027,-0.12253,-0.20334,-0.16101,-0.17301,-0.2777,-0.32518,-0.37026,-0.29014,-0.21495,-0.29178,-0.28883,-0.21855,-0.18362,-0.23759,-0.26352,-0.1492,-0.10121,-0.1247,-0.05322,0.10492,0.12369,0.10353,0.20147,0.2385,0.21538,0.21225,0.11255,0.09916,0.05406,0.00288,0.04018,0.06082,0.03885
ASP47,0.01992,-0.12437,-0.13299,-0.16032,-0.15295,-0.13569,-0.14232,-0.16644,-0.25946,-0.24997,-0.30225,-0.29504,-0.30363,-0.31243,-0.19583,-0.08076,0.01411,-0.17495,-0.15239,-0.15781,-0.18177,-0.14637,-0.114,-0.01548,0.04881,-0.01226,0.01237,-0.09141,-0.12893,-0.11987,0.06688,0.13159,0.26087,0.19283,0.17721,0.16798,0.18732,0.17853,0.15797,0.26475,0.37481,0.41617,0.48225,0.65401,0.69668,0.81385,1.0,0.88752,0.71714,0.74993,0.80771,0.81123,0.78788,0.6612,0.43915,0.35757,0.2175,0.16738,-0.0282,-0.1852,-0.11974,-0.00158,-0.15535,-0.20277,-0.11994,-0.1565,-0.23939,-0.23254,-0.34275,-0.33667,-0.34802,-0.39386,-0.41569,-0.38291,-0.34655,-0.41306,-0.36916,-0.36101,-0.31749,-0.33747,-0.37704,-0.3113,-0.32546,-0.36985,-0.27843,-0.1496,-0.13611,-0.13218,-0.02964,0.0436,0.05853,0.1354,0.07081,0.09915,0.06799,-0.0845,-0.12695,-0.12664,-0.23444,-0.32005,-0.28705,-0.31863,-0.46226,-0.41204,-0.33999,-0.39177,-0.43939,-0.46421,-0.47198,-0.44393,-0.40825,-0.33391,-0.32575,-0.29965,-0.22997,-0.14313,-0.14856,-0.18093,-0.08976,0.02987,0.0393,0.03699,0.12647,0.20898,0.21297,0.21497,0.17835,0.10876,0.05898,0.06177,0.04263,-0.04595,-0.11315,-0.08271,-0.099,-0.20099,-0.25282,-0.30011,-0.22655,-0.16632,-0.24178,-0.24502,-0.1607,-0.15534,-0.21817,-0.20998,-0.09976,-0.03333,-0.0536,-0.01523,0.13992,0.16209,0.12969,0.21824,0.24686,0.22561,0.21595,0.10934,0.12008,0.066,0.02692,0.04319,0.08618,0.07329
LYS48,0.04465,-0.06518,-0.07812,-0.09636,-0.08689,-0.07249,-0.09589,-0.14075,-0.23763,-0.24072,-0.28605,-0.28635,-0.30701,-0.37352,-0.30818,-0.21216,-0.07837,-0.21888,-0.16567,-0.15014,-0.16343,-0.12836,-0.09503,-0.00247,0.05122,-0.01634,-0.03354,-0.1045,-0.08203,-0.05818,0.10844,0.16155,0.26926,0.21562,0.16328,0.19049,0.18972,0.1781,0.12596,0.23459,0.36435,0.39754,0.40022,0.59883,0.73683,0.79196,0.88752,1.0,0.89187,0.82274,0.84718,0.71425,0.58085,0.38896,0.14069,0.08502,-0.03741,0.01156,-0.10365,-0.2078,-0.11216,-0.02497,-0.16526,-0.14826,-0.06598,-0.11813,-0.16362,-0.14153,-0.2551,-0.24666,-0.25945,-0.30722,-0.32549,-0.30244,-0.29565,-0.36264,-0.32362,-0.349,-0.30519,-0.3181,-0.37076,-0.32853,-0.35817,-0.40643,-0.32629,-0.23998,-0.22279,-0.18019,-0.10614,-0.05138,-0.02225,0.07433,0.04772,0.08972,0.03273,-0.09915,-0.09523,-0.09727,-0.21954,-0.26971,-0.21634,-0.2496,-0.38824,-0.31587,-0.24317,-0.30592,-0.37827,-0.43073,-0.45246,-0.40138,-0.38548,-0.34999,-0.32247,-0.3126,-0.26752,-0.20685,-0.20155,-0.23064,-0.16934,-0.06759,-0.05006,-0.05098,0.0218,0.10662,0.11215,0.13892,0.1291,0.04827,-0.00342,0.02303,0.01872,-0.06432,-0.11862,-0.07495,-0.07801,-0.15786,-0.19923,-0.24372,-0.17042,-0.11602,-0.18,-0.18282,-0.10361,-0.11504,-0.18629,-0.17347,-0.07012,-0.00955,-0.0455,-0.02098,0.12669,0.15554,0.09202,0.16619,0.21104,0.19363,0.20886,0.15466,0.15688,0.11221,0.09573,0.11562,0.15117,0.12524
ALA49,0.05062,-0.05236,-0.08142,-0.09598,-0.07309,-0.06506,-0.09778,-0.15461,-0.21947,-0.22556,-0.21723,-0.18606,-0.19401,-0.29752,-0.2579,-0.19578,-0.06013,-0.18098,-0.14129,-0.11661,-0.134,-0.11506,-0.08067,0.0035,0.07121,0.0398,0.02237,-0.01199,0.03113,0.05793,0.19735,0.21699,0.2942,0.22883,0.11201,0.14156,0.13745,0.1382,0.08675,0.18422,0.31381,0.35791,0.33165,0.50541,0.69646,0.77209,0.71714,0.89187,1.0,0.87467,0.79321,0.56647,0.35058,0.19491,-0.05202,-0.04602,-0.12591,0.01274,-0.05092,-0.12331,-0.02125,0.05271,-0.07451,-0.05147,0.01789,-0.03838,-0.0594,-0.04579,-0.15648,-0.14314,-0.17961,-0.22649,-0.22734,-0.22587,-0.25169,-0.29262,-0.25484,-0.31983,-0.2732,-0.28334,-0.34409,-0.31803,-0.35324,-0.39829,-0.31795,-0.26189,-0.2482,-0.19117,-0.1299,-0.08817,-0.06884,0.02631,0.00987,0.0485,-0.01474,-0.12995,-0.12108,-0.12178,-0.22888,-0.25994,-0.2075,-0.227,-0.32266,-0.23267,-0.17505,-0.23204,-0.30021,-0.3653,-0.3838,-0.33335,-0.34677,-0.3201,-0.28064,-0.28885,-0.24873,-0.20309,-0.20095,-0.22873,-0.18235,-0.10014,-0.08927,-0.08593,-0.02181,0.04749,0.05896,0.08299,0.0859,0.01997,-0.03552,-0.0135,-0.00076,-0.06784,-0.11917,-0.07489,-0.06959,-0.12987,-0.16909,-0.21429,-0.14778,-0.09958,-0.14706,-0.15608,-0.10088,-0.11604,-0.17682,-0.17141,-0.08368,-0.05131,-0.08859,-0.03989,0.09031,0.11058,0.05471,0.12956,0.17358,0.15131,0.16811,0.13689,0.132,0.09873,0.07734,0.09192,0.12774,0.10088
ILE50,0.01474,-0.09017,-0.11043,-0.12626,-0.10987,-0.10542,-0.12892,-0.17961,-0.24544,-0.24415,-0.23412,-0.18334,-0.16299,-0.26329,-0.18522,-0.16633,-0.10127,-0.21689,-0.18379,-0.14396,-0.15089,-0.14617,-0.13421,-0.08891,-0.05364,-0.03075,0.00149,-0.00189,0.02148,0.0266,0.16104,0.14061,0.17832,0.14893,-0.00785,-0.02398,-0.02123,-0.04615,-0.06631,0.0185,0.10896,0.15579,0.19463,0.36309,0.49625,0.65072,0.74993,0.82274,0.87467,1.0,0.92198,0.77721,0.55777,0.41921,0.08263,0.00931,0.02261,0.16974,0.06309,-0.04407,0.05448,0.14891,0.00575,-0.01967,0.06172,-0.01477,-0.06426,-0.05184,-0.16186,-0.15212,-0.19561,-0.24702,-0.24144,-0.2285,-0.26324,-0.29889,-0.23803,-0.28815,-0.26976,-0.27699,-0.31406,-0.27174,-0.29575,-0.3318,-0.27247,-0.1982,-0.18269,-0.16428,-0.11145,-0.05606,-0.04421,0.02664,-0.00604,0.02391,-0.02106,-0.13583,-0.14864,-0.13878,-0.218,-0.26734,-0.21838,-0.21202,-0.30308,-0.22819,-0.15691,-0.21944,-0.29183,-0.34159,-0.34319,-0.28594,-0.28224,-0.2473,-0.19893,-0.18336,-0.15018,-0.08902,-0.09661,-0.13451,-0.08087,0.00448,-0.00557,-0.01289,0.05482,0.11491,0.1365,0.14544,0.15413,0.11056,0.05876,0.05679,0.07163,0.02003,-0.03768,-0.01932,-0.01258,-0.0768,-0.12873,-0.18308,-0.12515,-0.08377,-0.13743,-0.16307,-0.10596,-0.13994,-0.19743,-0.1742,-0.08854,-0.06541,-0.08641,-0.03063,0.08645,0.09571,0.06179,0.13429,0.16086,0.13878,0.13712,0.08304,0.09395,0.05339,0.03633,0.03081,0.09157,0.08478
GLY51,0.02185,-0.0734,-0.08382,-0.09589,-0.09649,-0.09091,-0.11076,-0.15257,-0.24051,-0.2404,-0.28208,-0.25875,-0.2419,-0.32582,-0.24388,-0.2119,-0.14995,-0.26004,-0.20831,-0.17324,-0.16708,-0.15815,-0.14324,-0.10554,-0.09753,-0.10326,-0.07372,-0.086,-0.06018,-0.05744,0.07766,0.07328,0.12111,0.12501,0.00425,-0.01136,-0.00454,-0.04776,-0.0717,0.01193,0.09439,0.12644,0.18391,0.37134,0.46626,0.59462,0.80771,0.84718,0.79321,0.92198,1.0,0.88871,0.68916,0.48303,0.1472,0.02281,0.01907,0.12053,0.00409,-0.11061,-0.01846,0.06892,-0.07587,-0.08927,0.00068,-0.07594,-0.12982,-0.10633,-0.21276,-0.20203,-0.21982,-0.26948,-0.27218,-0.24181,-0.26195,-0.31654,-0.25622,-0.27711,-0.27115,-0.27394,-0.30135,-0.25438,-0.27446,-0.31448,-0.25994,-0.18117,-0.16815,-0.15281,-0.09868,-0.04059,-0.02358,0.04738,0.0202,0.05607,0.01707,-0.10035,-0.10618,-0.09407,-0.18376,-0.23508,-0.1827,-0.1855,-0.30596,-0.24807,-0.16924,-0.23346,-0.32169,-0.36064,-0.366,-0.30514,-0.27719,-0.24993,-0.20737,-0.17804,-0.15511,-0.08764,-0.09466,-0.13485,-0.08152,0.01172,0.01008,-0.00411,0.06065,0.13267,0.1487,0.16924,0.1735,0.11757,0.07195,0.07976,0.08743,0.02611,-0.0274,-0.00858,-0.00969,-0.08034,-0.12653,-0.17576,-0.11744,-0.07851,-0.13458,-0.15087,-0.08557,-0.11751,-0.17848,-0.14895,-0.05843,-0.01287,-0.03972,-0.01518,0.10729,0.12837,0.07966,0.14076,0.17047,0.15397,0.16011,0.10757,0.11926,0.07822,0.07448,0.06693,0.13156,0.12386
ARG52,-0.00364,-0.10032,-0.10173,-0.12445,-0.13482,-0.12732,-0.13433,-0.15987,-0.25025,-0.23986,-0.30877,-0.27745,-0.24165,-0.27068,-0.14477,-0.11239,-0.10703,-0.23482,-0.20146,-0.17972,-0.17662,-0.17148,-0.16558,-0.14488,-0.14138,-0.14404,-0.07076,-0.10242,-0.12959,-0.14749,-0.01373,-0.0109,0.04261,0.05518,-0.0086,-0.0509,-0.02632,-0.08173,-0.07541,-0.0044,0.04056,0.07331,0.18746,0.34099,0.34432,0.50237,0.81123,0.71425,0.56647,0.77721,0.88871,1.0,0.88901,0.72017,0.39431,0.22185,0.22559,0.2473,0.08125,-0.07413,-0.01377,0.08925,-0.05931,-0.12919,-0.04543,-0.11788,-0.2026,-0.18569,-0.27742,-0.27365,-0.27773,-0.32089,-0.32745,-0.28216,-0.27745,-0.33407,-0.26116,-0.24109,-0.25169,-0.25613,-0.2614,-0.19223,-0.20251,-0.23197,-0.1806,-0.07447,-0.06457,-0.0887,-0.02797,0.0366,0.04136,0.08555,0.03376,0.05765,0.04837,-0.07439,-0.11867,-0.09682,-0.15469,-0.2394,-0.20632,-0.20856,-0.32657,-0.29688,-0.22047,-0.27186,-0.33147,-0.33657,-0.33722,-0.29763,-0.24763,-0.203,-0.17844,-0.12889,-0.089,-0.00377,-0.02125,-0.06342,0.00869,0.10761,0.09689,0.08042,0.1468,0.20959,0.22887,0.22655,0.21339,0.16831,0.13015,0.12386,0.11962,0.05634,0.00459,0.00987,-0.00167,-0.08373,-0.14127,-0.19398,-0.13983,-0.1069,-0.16995,-0.18214,-0.11206,-0.12891,-0.18139,-0.15133,-0.06347,-0.02184,-0.0236,0.00976,0.11496,0.13386,0.12172,0.17998,0.18424,0.16597,0.14372,0.04379,0.07101,0.0292,0.01642,0.00208,0.08037,0.08794
ASN53,-0.00155,-0.11846,-0.11888,-0.14277,-0.15373,-0.14549,-0.13835,-0.12954,-0.21084,-0.18949,-0.29574,-0.28562,-0.26611,-0.21782,-0.06198,0.01642,0.00145,-0.1603,-0.15541,-0.16701,-0.17271,-0.15896,-0.14545,-0.12059,-0.10127,-0.1415,-0.05143,-0.13422,-0.22375,-0.24581,-0.1065,-0.07146,0.03238,0.02238,0.06557,0.00803,0.06689,0.021,0.04902,0.11012,0.13126,0.16153,0.30209,0.40735,0.32615,0.47167,0.78788,0.58085,0.35058,0.55777,0.68916,0.88901,1.0,0.87086,0.64761,0.45559,0.40086,0.31121,0.095,-0.08945,-0.0687,0.04225,-0.10091,-0.2065,-0.13409,-0.18205,-0.29622,-0.28746,-0.35353,-0.36489,-0.35823,-0.38079,-0.40167,-0.35883,-0.31174,-0.36588,-0.30534,-0.25297,-0.24384,-0.26287,-0.25347,-0.17316,-0.16203,-0.19008,-0.13772,0.00271,0.00964,-0.04002,0.04281,0.11402,0.10984,0.13878,0.05878,0.07623,0.0871,-0.04011,-0.10692,-0.09561,-0.14465,-0.24993,-0.24339,-0.25512,-0.3748,-0.37694,-0.31199,-0.33934,-0.36218,-0.33739,-0.33386,-0.3208,-0.25381,-0.18089,-0.18754,-0.12818,-0.06932,0.02371,0.00442,-0.02321,0.06677,0.17158,0.16305,0.15061,0.22196,0.2794,0.29443,0.27038,0.22776,0.18641,0.1574,0.136,0.11474,0.05047,-0.00961,-0.01277,-0.03822,-0.13139,-0.1891,-0.22654,-0.17859,-0.1456,-0.21241,-0.20487,-0.13314,-0.12366,-0.16238,-0.1509,-0.06326,-0.00688,-0.00076,0.02851,0.1284,0.13917,0.15167,0.21181,0.20319,0.18527,0.14847,0.02859,0.05705,0.0164,-0.01655,-0.02919,0.0203,0.0178
CYS54,-0.06096,-0.1825,-0.19393,-0.22195,-0.22384,-0.21989,-0.21043,-0.17543,-0.18844,-0.16499,-0.22802,-0.17932,-0.15332,-0.05548,0.12244,0.18916,0.1328,-0.04691,-0.10208,-0.14062,-0.15952,-0.15946,-0.1401,-0.12011,-0.065,-0.07599,0.04557,-0.05516,-0.19501,-0.22529,-0.10762,-0.07629,0.01847,-0.03766,0.07158,-0.00064,0.06354,0.03513,0.09724,0.14753,0.14866,0.18645,0.34505,0.38617,0.25309,0.41607,0.6612,0.38896,0.19491,0.41921,0.48303,0.72017,0.87086,1.0,0.79542,0.64458,0.63211,0.49876,0.23507,0.02167,0.00435,0.135,-0.00504,-0.17467,-0.11842,-0.15098,-0.28789,-0.30139,-0.34841,-0.37257,-0.37335,-0.38465,-0.40947,-0.37944,-0.31956,-0.34796,-0.28863,-0.23064,-0.21458,-0.23136,-0.21846,-0.11901,-0.10613,-0.12953,-0.07164,0.08719,0.0887,0.00187,0.09907,0.17555,0.15108,0.14358,0.02911,0.02083,0.05642,-0.06924,-0.18137,-0.16185,-0.17242,-0.30827,-0.32658,-0.318,-0.40319,-0.42138,-0.36876,-0.36137,-0.34872,-0.30656,-0.28051,-0.29351,-0.23471,-0.13016,-0.1388,-0.07098,0.00747,0.10822,0.08349,0.05764,0.16308,0.26081,0.22912,0.22254,0.3014,0.33264,0.35335,0.28859,0.24382,0.2325,0.19844,0.15171,0.12856,0.07956,0.004,-0.01347,-0.04349,-0.13875,-0.20786,-0.24421,-0.19949,-0.17189,-0.24066,-0.23508,-0.17402,-0.14422,-0.15707,-0.15618,-0.07683,-0.0565,-0.03832,0.04127,0.11292,0.09074,0.15942,0.23103,0.19619,0.15777,0.08886,-0.06944,-0.0316,-0.06129,-0.12128,-0.12542,-0.07158,-0.06044
ASN55,-0.00851,-0.16653,-0.1797,-0.20275,-0.20999,-0.2163,-0.19373,-0.12883,-0.10188,-0.07449,-0.16074,-0.139,-0.13135,0.01762,0.17285,0.28981,0.24637,0.0682,-0.00291,-0.06656,-0.10831,-0.0895,-0.07023,-0.01835,0.05261,0.00097,0.10408,-0.04463,-0.21438,-0.23074,-0.12584,-0.05629,0.09105,0.00058,0.19469,0.11222,0.20814,0.19222,0.24825,0.28203,0.27845,0.30886,0.43471,0.40874,0.23428,0.33258,0.43915,0.14069,-0.05202,0.08263,0.1472,0.39431,0.64761,0.79542,1.0,0.83076,0.64857,0.3941,0.14702,-0.04172,-0.08867,0.02212,-0.08643,-0.2428,-0.20101,-0.19934,-0.337,-0.35305,-0.3718,-0.39897,-0.39491,-0.38484,-0.41646,-0.40052,-0.30713,-0.32749,-0.29196,-0.20663,-0.15567,-0.19185,-0.17307,-0.06948,-0.04915,-0.07213,0.00722,0.17322,0.15347,0.07283,0.18429,0.24088,0.21724,0.19869,0.08648,0.06364,0.10748,0.00587,-0.11956,-0.12655,-0.13391,-0.26429,-0.31229,-0.3228,-0.39268,-0.43316,-0.40846,-0.38197,-0.33078,-0.27513,-0.24412,-0.28791,-0.23631,-0.11409,-0.15069,-0.0999,-0.00725,0.07555,0.061,0.0651,0.17127,0.25341,0.23751,0.24777,0.3085,0.32338,0.33446,0.26331,0.18753,0.18232,0.16069,0.11407,0.07289,0.02211,-0.05166,-0.08025,-0.12178,-0.21146,-0.26079,-0.27435,-0.2473,-0.21506,-0.27616,-0.25048,-0.208,-0.13847,-0.12619,-0.15383,-0.0803,-0.06029,-0.03422,0.03373,0.09262,0.07221,0.15264,0.21534,0.17519,0.1536,0.08514,-0.0736,-0.06181,-0.07597,-0.12445,-0.12091,-0.09074,-0.0836
GLY56,-0.06063,-0.1923,-0.21728,-0.23737,-0.23543,-0.22566,-0.22257,-0.16008,-0.0778,-0.0548,-0.0803,-0.02957,-0.02403,0.14611,0.29177,0.42891,0.40192,0.20315,0.08568,-0.0087,-0.06171,-0.05225,-0.00714,0.06963,0.18843,0.14299,0.22859,0.05685,-0.11845,-0.12185,-0.03576,0.04466,0.18236,0.04349,0.25889,0.19361,0.28099,0.28345,0.33414,0.35977,0.37943,0.42876,0.50982,0.43142,0.30195,0.38632,0.35757,0.08502,-0.04602,0.00931,0.02281,0.22185,0.45559,0.64458,0.83076,1.0,0.7464,0.42159,0.15408,-0.01887,-0.11381,-0.01838,-0.06278,-0.23245,-0.23669,-0.19918,-0.29578,-0.33333,-0.35089,-0.36081,-0.36017,-0.34646,-0.38219,-0.37008,-0.26463,-0.28102,-0.26657,-0.1923,-0.121,-0.16786,-0.17039,-0.07022,-0.05545,-0.07755,0.02335,0.17664,0.14659,0.07913,0.19832,0.2482,0.21175,0.18965,0.07094,0.03466,0.07193,-0.02187,-0.15427,-0.16255,-0.16526,-0.28245,-0.34748,-0.36593,-0.40433,-0.42931,-0.43114,-0.38409,-0.33397,-0.2746,-0.23522,-0.30356,-0.27319,-0.1229,-0.17268,-0.14757,-0.03848,0.02689,0.01293,0.02938,0.14189,0.20857,0.194,0.21684,0.2849,0.28488,0.28937,0.20256,0.13047,0.13165,0.09805,0.04899,0.0095,-0.0415,-0.1191,-0.14046,-0.17651,-0.26135,-0.30065,-0.30952,-0.28811,-0.24461,-0.29735,-0.27457,-0.24334,-0.15735,-0.13585,-0.19008,-0.12455,-0.12785,-0.10784,-0.01822,0.03135,0.01036,0.11484,0.18494,0.14775,0.12364,0.05784,-0.1003,-0.09589,-0.1154,-0.1888,-0.16107,-0.12166,-0.11148
VAL57,-0.17209,-0.22978,-0.25971,-0.27001,-0.26605,-0.27375,-0.2894,-0.22199,-0.0788,-0.04136,0.01455,0.15044,0.19595,0.37414,0.55482,0.57939,0.43362,0.28927,0.11425,0.02042,-0.02254,-0.05536,-0.0223,-0.02687,0.0857,0.12462,0.29267,0.20724,-0.00469,-0.05943,-0.05699,-0.06788,-0.00718,-0.1328,0.02893,-0.06398,0.04116,0.04654,0.15615,0.13875,0.0814,0.14311,0.25606,0.1493,0.02366,0.15699,0.2175,-0.03741,-0.12591,0.02261,0.01907,0.22559,0.40086,0.63211,0.64857,0.7464,1.0,0.77612,0.4915,0.28844,0.1551,0.23285,0.18751,-0.02672,-0.07066,-0.08825,-0.18139,-0.23267,-0.23749,-0.27002,-0.26854,-0.253,-0.29872,-0.29131,-0.20282,-0.20669,-0.18265,-0.12298,-0.07721,-0.08511,-0.0578,0.04828,0.06168,0.04492,0.10453,0.25709,0.21854,0.07632,0.17162,0.2394,0.17016,0.08725,-0.05748,-0.12479,-0.02765,-0.10271,-0.25972,-0.22787,-0.14982,-0.29037,-0.37051,-0.34515,-0.32374,-0.36496,-0.37985,-0.28681,-0.24509,-0.16437,-0.10643,-0.17156,-0.12906,0.02635,0.00452,0.04722,0.13717,0.21605,0.1734,0.17411,0.29381,0.33012,0.26709,0.29298,0.35663,0.3051,0.33025,0.19718,0.1584,0.20973,0.16915,0.08435,0.07214,0.06561,-0.013,-0.06163,-0.0678,-0.13657,-0.19594,-0.21706,-0.21461,-0.20308,-0.23282,-0.23207,-0.23317,-0.16069,-0.11393,-0.16071,-0.1284,-0.18377,-0.14626,0.00658,-0.01209,-0.08085,0.09732,0.15854,0.07719,0.02009,-0.10358,-0.26851,-0.20777,-0.219,-0.32014,-0.28402,-0.21414,-0.18906
ILE58,-0.19226,-0.2325,-0.25914,-0.25454,-0.24179,-0.25433,-0.25577,-0.2232,-0.09248,-0.06762,0.02563,0.21324,0.29533,0.3904,0.59369,0.47771,0.29015,0.17997,0.01733,-0.01359,-0.0463,-0.09968,-0.10975,-0.13483,-0.04752,0.07911,0.30251,0.28483,0.09612,0.01943,0.01139,-0.06037,-0.04976,-0.1426,-0.12797,-0.2353,-0.16769,-0.17646,-0.0652,-0.07002,-0.12171,-0.05611,0.06003,-0.00692,-0.05497,0.1122,0.16738,0.01156,0.01274,0.16974,0.12053,0.2473,0.31121,0.49876,0.3941,0.42159,0.77612,1.0,0.79475,0.55811,0.4794,0.55433,0.43424,0.21989,0.19049,0.1047,-0.00639,-0.04816,-0.07788,-0.13192,-0.15257,-0.15153,-0.19144,-0.21688,-0.18043,-0.17161,-0.1401,-0.12368,-0.11389,-0.08431,-0.04296,0.04275,0.05467,0.02097,0.0227,0.14721,0.12083,-0.03878,0.02737,0.09991,0.01547,-0.07468,-0.19699,-0.26337,-0.157,-0.21807,-0.3389,-0.2784,-0.17876,-0.30153,-0.3375,-0.28756,-0.24962,-0.2632,-0.25465,-0.17292,-0.15394,-0.10286,-0.03221,-0.06481,-0.05388,0.07108,0.09882,0.1412,0.1997,0.27755,0.22318,0.18141,0.27341,0.30057,0.20055,0.20633,0.26647,0.20365,0.26966,0.1486,0.15821,0.23102,0.18654,0.11226,0.13773,0.15419,0.09197,0.06309,0.07745,0.02961,-0.03786,-0.07956,-0.07347,-0.0809,-0.09321,-0.11759,-0.13554,-0.11495,-0.07739,-0.08076,-0.07394,-0.17574,-0.13574,0.04249,-0.0167,-0.13199,0.04714,0.11003,0.00526,-0.08165,-0.21819,-0.34281,-0.24334,-0.22759,-0.33299,-0.30568,-0.21623,-0.1908
THR59,-0.21017,-0.20279,-0.21268,-0.18892,-0.19214,-0.21174,-0.20348,-0.21188,-0.0863,-0.05343,0.0793,0.28506,0.36838,0.4315,0.6081,0.40717,0.18167,0.12888,-0.02342,-0.02816,-0.04925,-0.11656,-0.15119,-0.19562,-0.14203,0.02662,0.26773,0.32757,0.167,0.05113,-0.00162,-0.10602,-0.13652,-0.20073,-0.21281,-0.29862,-0.28103,-0.30809,-0.20119,-0.20504,-0.26112,-0.2071,-0.11135,-0.17144,-0.18177,-0.0522,-0.0282,-0.10365,-0.05092,0.06309,0.00409,0.08125,0.095,0.23507,0.14702,0.15408,0.4915,0.79475,1.0,0.84499,0.74316,0.66951,0.57221,0.43608,0.31628,0.18525,0.1206,0.06987,0.04528,-0.01523,-0.02509,-0.03027,-0.06871,-0.09927,-0.09119,-0.07262,-0.04567,-0.04326,-0.05448,-0.00633,0.05753,0.11923,0.13721,0.09914,0.05828,0.13777,0.10682,-0.06186,-0.03584,0.02711,-0.06175,-0.18135,-0.27474,-0.34126,-0.23001,-0.23709,-0.32611,-0.24485,-0.11519,-0.21036,-0.22948,-0.15794,-0.09472,-0.11775,-0.11295,-0.02512,-0.02522,0.01654,0.0884,0.07269,0.08941,0.17877,0.23879,0.26974,0.29065,0.34434,0.29055,0.23347,0.29472,0.2896,0.16715,0.16626,0.20202,0.10938,0.18142,0.07315,0.10828,0.20732,0.17756,0.10613,0.15886,0.20455,0.17152,0.13941,0.17225,0.15632,0.10159,0.06394,0.04079,0.02501,0.03386,-0.00345,-0.05286,-0.06466,-0.02374,-0.00342,-0.04112,-0.17735,-0.12793,0.04809,-0.07993,-0.21578,-0.0077,0.02183,-0.11221,-0.19691,-0.33973,-0.40887,-0.31302,-0.2717,-0.35183,-0.34036,-0.22597,-0.17621
LYS60,-0.24951,-0.18495,-0.18136,-0.13957,-0.15473,-0.17903,-0.16461,-0.19297,-0.06397,-0.0422,0.19288,0.40089,0.47486,0.50419,0.57989,0.34436,0.14255,0.16242,0.01743,0.02385,0.01405,-0.05208,-0.11328,-0.16182,-0.11947,0.08626,0.28506,0.41345,0.30088,0.17969,0.08003,-0.04832,-0.15346,-0.21131,-0.28664,-0.32403,-0.36979,-0.36135,-0.26563,-0.2879,-0.3413,-0.28892,-0.24029,-0.29594,-0.27204,-0.18004,-0.1852,-0.2078,-0.12331,-0.04407,-0.11061,-0.07413,-0.08945,0.02167,-0.04172,-0.01887,0.28844,0.55811,0.84499,1.0,0.84536,0.65749,0.71611,0.65283,0.43773,0.31864,0.34115,0.26693,0.23093,0.18203,0.16569,0.13724,0.09544,0.06196,0.03804,0.05504,0.06263,0.03379,0.01186,0.04952,0.09684,0.12463,0.13566,0.11751,0.07335,0.0992,0.06424,-0.08356,-0.08553,-0.04184,-0.13546,-0.25311,-0.31644,-0.38141,-0.28748,-0.26024,-0.31575,-0.23983,-0.10056,-0.14513,-0.15212,-0.08067,0.0306,0.03082,0.01536,0.09592,0.08701,0.11814,0.19019,0.16715,0.15956,0.24216,0.31064,0.29689,0.28254,0.3164,0.26505,0.22207,0.25026,0.21209,0.08634,0.08897,0.10774,0.00217,0.07076,-0.02352,0.04582,0.16186,0.12558,0.06311,0.13941,0.20147,0.17595,0.14913,0.20565,0.22122,0.17688,0.13857,0.10139,0.08486,0.121,0.06937,-0.00613,-0.03823,0.00895,0.02579,-0.0525,-0.21364,-0.1645,0.00885,-0.14547,-0.26582,-0.07131,-0.0668,-0.19308,-0.26556,-0.39781,-0.43438,-0.34832,-0.30237,-0.38107,-0.37723,-0.25873,-0.19238
ASP61,-0.1759,-0.17337,-0.15417,-0.11815,-0.12626,-0.14977,-0.10585,-0.15734,-0.09886,-0.08044,0.13304,0.30771,0.38278,0.341,0.42755,0.15923,-0.01971,-0.01346,-0.10261,-0.04959,-0.05262,-0.10828,-0.19064,-0.22006,-0.20316,0.01776,0.21315,0.37399,0.29104,0.16161,0.12634,-0.01226,-0.11537,-0.14435,-0.3025,-0.34465,-0.42186,-0.41494,-0.34475,-0.33742,-0.36442,-0.32152,-0.26789,-0.26714,-0.21355,-0.12289,-0.11974,-0.11216,-0.02125,0.05448,-0.01846,-0.01377,-0.0687,0.00435,-0.08867,-0.11381,0.1551,0.4794,0.74316,0.84536,1.0,0.83945,0.71822,0.71951,0.64053,0.46586,0.41124,0.37569,0.30001,0.23878,0.19716,0.16065,0.12592,0.07124,0.02601,0.03519,0.04432,-0.00766,-0.02705,0.02339,0.05,0.06224,0.05637,0.03215,-0.01916,-0.00566,-0.02998,-0.14609,-0.14797,-0.10656,-0.18549,-0.26933,-0.30963,-0.3422,-0.27848,-0.26885,-0.2888,-0.2075,-0.10996,-0.15037,-0.11595,-0.04624,0.03461,0.0555,0.0641,0.10756,0.09643,0.07038,0.13763,0.15236,0.11624,0.15806,0.26613,0.26094,0.22773,0.26129,0.21438,0.15522,0.16108,0.14234,0.02794,0.01189,0.0373,-0.04278,0.03344,-0.02464,0.0497,0.15185,0.12561,0.08497,0.1629,0.21446,0.19972,0.19008,0.24978,0.25557,0.20663,0.16627,0.14639,0.12487,0.15931,0.09781,0.03959,-0.02747,-0.01251,0.03435,-0.02296,-0.15893,-0.12145,0.02426,-0.08887,-0.20076,-0.06647,-0.04689,-0.15345,-0.22996,-0.33317,-0.35987,-0.28184,-0.24822,-0.30452,-0.30367,-0.18213,-0.11724
GLU62,-0.1195,-0.20037,-0.19039,-0.16707,-0.16259,-0.18105,-0.12876,-0.16589,-0.14012,-0.13728,0.06705,0.25294,0.3408,0.26314,0.37363,0.12928,-0.00864,-0.04241,-0.12556,-0.06644,-0.07414,-0.11444,-0.18784,-0.19815,-0.16534,0.05073,0.23073,0.36327,0.26733,0.17343,0.19625,0.06513,-0.02335,-0.04816,-0.26931,-0.32167,-0.37893,-0.35683,-0.29805,-0.28148,-0.29461,-0.25226,-0.18803,-0.17232,-0.12651,-0.01696,-0.00158,-0.02497,0.05271,0.14891,0.06892,0.08925,0.04225,0.135,0.02212,-0.01838,0.23285,0.55433,0.66951,0.65749,0.83945,1.0,0.76416,0.63025,0.70411,0.5903,0.4122,0.38171,0.29615,0.2331,0.15096,0.11103,0.09497,0.01841,-0.03541,-0.0253,-0.01576,-0.08257,-0.09017,-0.03674,-0.02934,-0.01231,-0.0282,-0.05367,-0.07994,-0.04748,-0.07493,-0.16347,-0.12596,-0.0816,-0.14672,-0.20084,-0.25546,-0.27081,-0.22389,-0.25808,-0.28995,-0.21836,-0.15891,-0.21538,-0.17499,-0.11774,-0.06288,-0.01261,0.00693,0.02082,0.02046,-0.02497,0.0231,0.04576,0.00059,0.03826,0.14099,0.1554,0.14686,0.20734,0.16054,0.087,0.11112,0.1286,0.0301,0.00235,0.04757,-0.00216,0.08218,0.02773,0.08704,0.16582,0.1368,0.09918,0.15822,0.18587,0.15761,0.15732,0.20498,0.18625,0.12554,0.07813,0.07949,0.06841,0.08546,0.01567,-0.01969,-0.08182,-0.08301,-0.03045,-0.05069,-0.15122,-0.12463,0.0266,-0.02029,-0.12183,-0.03383,0.01991,-0.05229,-0.13725,-0.22273,-0.28375,-0.21591,-0.20198,-0.27365,-0.25303,-0.16651,-0.11107
ALA63,-0.21196,-0.2115,-0.2129,-0.1557,-0.16753,-0.19555,-0.16046,-0.19639,-0.09827,-0.12705,0.21028,0.42939,0.5018,0.4472,0.45023,0.21307,0.11778,0.17164,0.05437,0.0907,0.0725,0.02287,-0.05645,-0.05715,-0.00344,0.23098,0.35,0.5042,0.43023,0.35712,0.29931,0.15842,-0.01074,-0.06182,-0.29858,-0.30401,-0.37828,-0.31248,-0.25793,-0.29415,-0.31943,-0.2686,-0.26832,-0.29168,-0.22941,-0.14815,-0.15535,-0.16526,-0.07451,0.00575,-0.07587,-0.05931,-0.10091,-0.00504,-0.08643,-0.06278,0.18751,0.43424,0.57221,0.71611,0.71822,0.76416,1.0,0.80436,0.65168,0.66048,0.64492,0.52833,0.44024,0.40643,0.32101,0.25244,0.22026,0.15435,0.08703,0.08386,0.07551,-0.00671,-0.02672,-0.00417,-0.00515,-0.00381,-0.02235,-0.02889,-0.03603,-0.03483,-0.07305,-0.16238,-0.13262,-0.10055,-0.17803,-0.23827,-0.28417,-0.32359,-0.28342,-0.28929,-0.3196,-0.25329,-0.18187,-0.19534,-0.17285,-0.11872,0.0054,0.06834,0.04779,0.07087,0.07527,0.07367,0.12736,0.1055,0.05904,0.13783,0.20522,0.16499,0.15087,0.19635,0.14586,0.09704,0.10887,0.09796,-0.00893,-0.01598,0.01896,-0.0456,0.02476,-0.04949,0.03467,0.13805,0.09036,0.03652,0.1229,0.1645,0.1207,0.11577,0.18045,0.19361,0.14664,0.09125,0.06687,0.07121,0.10676,0.01456,-0.03825,-0.10008,-0.07969,-0.04647,-0.10747,-0.24324,-0.20877,-0.03455,-0.10547,-0.20493,-0.09841,-0.06158,-0.12656,-0.20175,-0.29277,-0.34445,-0.26797,-0.25172,-0.36567,-0.35932,-0.27416,-0.20461
GLU64,-0.18362,-0.15678,-0.12287,-0.0519,-0.07439,-0.09687,-0.04796,-0.12595,-0.06703,-0.07592,0.25871,0.38397,0.41769,0.34046,0.29457,0.04993,-0.01449,0.07464,0.01411,0.07256,0.06842,0.03597,-0.05829,-0.05703,-0.03748,0.18601,0.25609,0.46103,0.45182,0.36244,0.30792,0.16981,-0.00409,-0.04421,-0.30684,-0.29898,-0.40791,-0.33619,-0.30714,-0.33464,-0.3407,-0.29787,-0.33031,-0.3213,-0.21453,-0.17669,-0.20277,-0.14826,-0.05147,-0.01967,-0.08927,-0.12919,-0.2065,-0.17467,-0.2428,-0.23245,-0.02672,0.21989,0.43608,0.65283,0.71951,0.63025,0.80436,1.0,0.80064,0.6424,0.72981,0.67273,0.5308,0.4748,0.4194,0.3372,0.27976,0.21044,0.13957,0.12066,0.09148,0.01408,0.00033,0.00805,-0.00589,-0.02821,-0.05657,-0.05821,-0.07662,-0.10667,-0.14318,-0.20035,-0.18317,-0.16268,-0.23135,-0.27339,-0.27593,-0.29828,-0.2826,-0.26796,-0.2478,-0.19167,-0.1397,-0.11379,-0.06972,-0.02168,0.09307,0.15852,0.14578,0.17026,0.14464,0.09781,0.15772,0.16157,0.10017,0.14547,0.23391,0.1654,0.10496,0.12908,0.09559,0.05211,0.03095,0.00616,-0.08835,-0.09169,-0.07296,-0.13199,-0.0714,-0.10928,-0.01581,0.08101,0.04,0.0048,0.09787,0.14662,0.11482,0.11902,0.19143,0.22237,0.19955,0.14943,0.12132,0.11955,0.17156,0.07604,0.01977,-0.05613,-0.04349,-0.00155,-0.0754,-0.20781,-0.1797,-0.04776,-0.12043,-0.19757,-0.12234,-0.10227,-0.15701,-0.2154,-0.28539,-0.29403,-0.22677,-0.21712,-0.30406,-0.31752,-0.20553,-0.13944
LYS65,-0.0864,-0.13617,-0.11116,-0.07079,-0.06485,-0.07988,-0.02013,-0.0804,-0.06664,-0.08746,0.17969,0.27199,0.31131,0.18043,0.15581,-0.08648,-0.12852,-0.07101,-0.0881,-0.01142,-0.0064,-0.03047,-0.12204,-0.11511,-0.11038,0.09453,0.15438,0.35251,0.34751,0.28333,0.29789,0.17031,0.02329,0.02479,-0.29596,-0.29682,-0.39766,-0.32847,-0.31723,-0.32242,-0.32174,-0.29371,-0.30526,-0.26493,-0.16505,-0.11709,-0.11994,-0.06598,0.01789,0.06172,0.00068,-0.04543,-0.13409,-0.11842,-0.20101,-0.23669,-0.07066,0.19049,0.31628,0.43773,0.64053,0.70411,0.65168,0.80064,1.0,0.80062,0.66686,0.70116,0.56155,0.47355,0.37524,0.32553,0.29188,0.18607,0.10857,0.09804,0.06709,-0.02415,-0.01995,-0.00347,-0.0384,-0.07639,-0.11454,-0.12833,-0.13613,-0.17047,-0.20282,-0.21843,-0.19437,-0.18118,-0.23329,-0.23521,-0.22716,-0.21816,-0.23174,-0.23844,-0.2028,-0.15442,-0.13973,-0.12045,-0.0561,-0.01586,0.05942,0.13596,0.15042,0.1409,0.1043,0.01084,0.0568,0.0992,0.01269,0.00995,0.12549,0.09094,0.03387,0.06146,0.0343,-0.02326,-0.05024,-0.04849,-0.11841,-0.13955,-0.11431,-0.13972,-0.07258,-0.07031,0.01559,0.07335,0.03653,0.03742,0.10735,0.13218,0.11208,0.13292,0.19,0.19523,0.17079,0.12549,0.12738,0.124,0.16615,0.07764,0.04323,-0.03786,-0.04248,0.00913,-0.02512,-0.11115,-0.11244,-0.01496,-0.03235,-0.08901,-0.08578,-0.05352,-0.07613,-0.13366,-0.16912,-0.18896,-0.14188,-0.1355,-0.19364,-0.19371,-0.1046,-0.06281
LEU66,-0.08615,-0.1418,-0.12263,-0.08311,-0.08007,-0.10021,-0.03847,-0.07243,-0.06342,-0.11469,0.21211,0.33224,0.35184,0.20793,0.12298,-0.0719,-0.05986,0.01729,-0.02133,0.04519,0.04617,0.03772,-0.04101,-0.00665,0.01769,0.21584,0.2247,0.396,0.41538,0.38884,0.39821,0.27873,0.09454,0.07758,-0.26674,-0.24133,-0.35692,-0.24928,-0.24861,-0.26893,-0.26275,-0.23413,-0.27501,-0.24443,-0.14878,-0.12965,-0.1565,-0.11813,-0.03838,-0.01477,-0.07594,-0.11788,-0.18205,-0.15098,-0.19934,-0.19918,-0.08825,0.1047,0.18525,0.31864,0.46586,0.5903,0.66048,0.6424,0.80062,1.0,0.81014,0.73815,0.64605,0.60166,0.44607,0.39656,0.39483,0.27031,0.16796,0.16641,0.11811,-0.0114,-0.00759,0.00218,-0.05789,-0.1125,-0.14184,-0.14896,-0.1426,-0.18612,-0.21829,-0.20781,-0.17317,-0.17306,-0.22553,-0.2156,-0.21087,-0.19462,-0.2137,-0.23573,-0.19875,-0.15083,-0.14994,-0.12399,-0.06329,-0.05157,0.05618,0.14996,0.12602,0.09385,0.10457,0.03542,0.05013,0.05731,-0.02525,-0.0152,0.05895,0.01855,-0.01887,0.01488,-0.01565,-0.06188,-0.0892,-0.08418,-0.14586,-0.16793,-0.14122,-0.15703,-0.09812,-0.0985,-0.00779,0.05157,0.00539,0.01248,0.08682,0.08843,0.05931,0.09674,0.13862,0.15878,0.14125,0.09955,0.09743,0.11025,0.1506,0.05926,0.0277,-0.0439,-0.05181,-0.01513,-0.04267,-0.12163,-0.12487,-0.01826,-0.02141,-0.06724,-0.08792,-0.05408,-0.06177,-0.11082,-0.13058,-0.15871,-0.11572,-0.10419,-0.19424,-0.18553,-0.16292,-0.1209
PHE67,-0.11399,-0.09985,-0.06926,-0.0042,-0.00473,-0.01822,0.05288,-0.00827,-0.01605,-0.06565,0.28722,0.42296,0.44382,0.29212,0.14013,-0.07366,-0.04654,0.08112,0.03052,0.095,0.10128,0.09338,0.01251,0.0459,0.06502,0.28138,0.26178,0.47892,0.54321,0.50252,0.46276,0.31776,0.10293,0.06533,-0.2824,-0.25484,-0.38198,-0.26432,-0.2708,-0.31047,-0.29528,-0.26323,-0.34921,-0.32451,-0.18468,-0.18895,-0.23939,-0.16362,-0.0594,-0.06426,-0.12982,-0.2026,-0.29622,-0.28789,-0.337,-0.29578,-0.18139,-0.00639,0.1206,0.34115,0.41124,0.4122,0.64492,0.72981,0.66686,0.81014,1.0,0.86979,0.71314,0.71626,0.61833,0.51507,0.48205,0.39163,0.28533,0.26217,0.19349,0.06132,0.03626,0.04356,-0.01869,-0.09466,-0.11952,-0.11583,-0.12967,-0.21458,-0.23274,-0.21427,-0.2072,-0.21978,-0.27332,-0.26948,-0.23949,-0.23286,-0.26379,-0.24603,-0.18284,-0.14197,-0.12588,-0.05082,0.00617,0.01093,0.16443,0.27502,0.21519,0.19303,0.19945,0.13112,0.13887,0.13724,0.05377,0.05871,0.11542,0.03622,-0.02941,-0.01525,-0.04374,-0.08662,-0.13508,-0.16133,-0.21837,-0.22229,-0.21278,-0.24519,-0.20165,-0.19761,-0.08834,-0.01674,-0.06214,-0.0633,0.03406,0.0569,0.03438,0.06701,0.13426,0.18478,0.18055,0.14145,0.11608,0.12423,0.1853,0.09579,0.04095,-0.04165,-0.03319,-0.0035,-0.07323,-0.16716,-0.15221,-0.06184,-0.09141,-0.13064,-0.13967,-0.12853,-0.13503,-0.17265,-0.18728,-0.1759,-0.13515,-0.11456,-0.21958,-0.23518,-0.20832,-0.16166
ASN68,-0.10071,-0.07192,-0.04614,-0.00958,-0.00413,0.00446,0.06617,-0.00108,-0.00782,-0.05646,0.23348,0.33604,0.35613,0.19112,0.05341,-0.16829,-0.14904,-0.02682,-0.04604,0.0273,0.04387,0.03792,-0.0417,-0.02259,-0.02531,0.16071,0.12919,0.36366,0.44247,0.40607,0.37127,0.24219,0.04954,0.05319,-0.29199,-0.25215,-0.39063,-0.27707,-0.29224,-0.31597,-0.30656,-0.29024,-0.35975,-0.31951,-0.18673,-0.19872,-0.23254,-0.14153,-0.04579,-0.05184,-0.10633,-0.18569,-0.28746,-0.30139,-0.35305,-0.33333,-0.23267,-0.04816,0.06987,0.26693,0.37569,0.38171,0.52833,0.67273,0.70116,0.73815,0.86979,1.0,0.76917,0.68323,0.6236,0.57242,0.50611,0.39705,0.3054,0.2834,0.20097,0.06588,0.04612,0.0496,-0.01401,-0.09734,-0.1283,-0.12436,-0.14641,-0.24152,-0.24775,-0.21678,-0.23135,-0.23919,-0.28125,-0.26857,-0.22906,-0.20629,-0.2403,-0.22517,-0.1433,-0.09904,-0.09506,-0.01738,0.047,0.05493,0.18755,0.28861,0.24983,0.21894,0.20732,0.12612,0.13565,0.15076,0.06006,0.03843,0.11071,0.04881,-0.03058,-0.02479,-0.04918,-0.09855,-0.15487,-0.17426,-0.22958,-0.24644,-0.23511,-0.25961,-0.20921,-0.17832,-0.06037,-0.00434,-0.04734,-0.02281,0.06871,0.09027,0.07782,0.12559,0.18426,0.22836,0.21683,0.179,0.17192,0.16064,0.21635,0.13526,0.099,0.01389,0.0033,0.04194,-0.00973,-0.09997,-0.10158,-0.02902,-0.0467,-0.08234,-0.11961,-0.10859,-0.11437,-0.15366,-0.15709,-0.13136,-0.09153,-0.07211,-0.15825,-0.18035,-0.14286,-0.1118
GLN69,-0.0957,-0.04359,-0.03031,-0.01528,0.00739,-0.0111,0.00532,-0.0172,0.00404,-0.02555,0.24739,0.37227,0.36529,0.25533,0.09018,-0.10613,-0.10832,0.0365,-0.02594,0.04645,0.06462,0.06596,-0.00776,-0.00778,-0.01801,0.15961,0.12604,0.32219,0.38174,0.38824,0.29245,0.15985,-0.05361,-0.0923,-0.30073,-0.27143,-0.37288,-0.28947,-0.27824,-0.31745,-0.33098,-0.32631,-0.38951,-0.39352,-0.29686,-0.31131,-0.34275,-0.2551,-0.15648,-0.16186,-0.21276,-0.27742,-0.35353,-0.34841,-0.3718,-0.35089,-0.23749,-0.07788,0.04528,0.23093,0.30001,0.29615,0.44024,0.5308,0.56155,0.64605,0.71314,0.76917,1.0,0.84907,0.69639,0.7469,0.69572,0.50199,0.40001,0.41058,0.29849,0.12556,0.12518,0.12572,0.067,-0.02866,-0.0619,-0.05579,-0.08185,-0.19261,-0.20771,-0.18179,-0.20314,-0.22954,-0.27574,-0.27757,-0.2452,-0.23482,-0.24717,-0.22484,-0.15433,-0.10929,-0.08434,-0.00788,0.0231,0.03655,0.23848,0.31286,0.23588,0.24016,0.25482,0.19421,0.18653,0.18037,0.08982,0.06554,0.1313,0.07597,0.0033,0.00203,-0.02205,-0.05796,-0.12155,-0.15367,-0.20495,-0.22367,-0.21978,-0.24736,-0.19659,-0.17035,-0.05867,0.00893,-0.03414,-0.01394,0.08338,0.09537,0.08303,0.13631,0.16443,0.20848,0.19822,0.18144,0.18178,0.14337,0.20302,0.14509,0.11757,0.06336,0.06675,0.09084,0.04939,-0.05807,-0.09056,-0.00549,-0.04699,-0.11492,-0.13604,-0.12154,-0.12099,-0.17852,-0.17158,-0.13779,-0.08635,-0.04474,-0.15493,-0.15973,-0.12126,-0.11225
ASP70,-0.06938,-0.01909,0.00182,0.02067,0.01655,-0.01013,0.01341,-0.02395,-0.04608,-0.078,0.20937,0.3563,0.37532,0.24957,0.07151,-0.11398,-0.09389,0.05215,0.00095,0.06305,0.07169,0.07159,-0.00202,0.01232,0.01092,0.20843,0.1523,0.34609,0.42578,0.44742,0.36446,0.22344,-0.00258,-0.02804,-0.31756,-0.26923,-0.38698,-0.28981,-0.28796,-0.32981,-0.33352,-0.32132,-0.39113,-0.38782,-0.28111,-0.29757,-0.33667,-0.24666,-0.14314,-0.15212,-0.20203,-0.27365,-0.36489,-0.37257,-0.39897,-0.36081,-0.27002,-0.13192,-0.01523,0.18203,0.23878,0.2331,0.40643,0.4748,0.47355,0.60166,0.71626,0.68323,0.84907,1.0,0.7978,0.69903,0.75368,0.6515,0.4772,0.46921,0.40921,0.22435,0.17612,0.18761,0.1085,-0.01803,-0.06505,-0.01418,-0.02107,-0.17904,-0.20418,-0.10279,-0.14048,-0.21566,-0.23371,-0.20712,-0.14421,-0.1483,-0.1934,-0.13823,-0.06115,-0.04788,-0.02495,0.08577,0.12104,0.13205,0.32201,0.41926,0.32643,0.28229,0.30459,0.25054,0.20368,0.19362,0.11708,0.06978,0.09758,0.02646,-0.03951,-0.06576,-0.0805,-0.08114,-0.15878,-0.20543,-0.22542,-0.23018,-0.24678,-0.26662,-0.2472,-0.21273,-0.11858,-0.06669,-0.0963,-0.08724,0.00328,0.01678,0.00717,0.03981,0.08196,0.1385,0.14191,0.12504,0.10459,0.09513,0.14846,0.08563,0.05148,-0.0021,-0.00777,0.0051,-0.0516,-0.10506,-0.13036,-0.10052,-0.1224,-0.12835,-0.18292,-0.19663,-0.15336,-0.16339,-0.13062,-0.07749,-0.06535,-0.05659,-0.125,-0.13146,-0.13095,-0.10608
VAL71,-0.16673,0.00902,0.06745,0.09014,0.04014,0.04569,0.11566,0.07634,0.02126,0.00367,0.18828,0.2461,0.28713,0.21749,0.06668,-0.12107,-0.13008,0.00739,-0.03441,-0.00317,0.01783,0.01999,-0.03415,-0.03692,-0.05159,0.10326,0.0588,0.26086,0.3785,0.34129,0.2244,0.09866,-0.1233,-0.12342,-0.25563,-0.17057,-0.33387,-0.26651,-0.2616,-0.29716,-0.30479,-0.31665,-0.36962,-0.36778,-0.29457,-0.33159,-0.34802,-0.25945,-0.17961,-0.19561,-0.21982,-0.27773,-0.35823,-0.37335,-0.39491,-0.36017,-0.26854,-0.15257,-0.02509,0.16569,0.19716,0.15096,0.32101,0.4194,0.37524,0.44607,0.61833,0.6236,0.69639,0.7978,1.0,0.81865,0.67609,0.70523,0.63801,0.52942,0.42367,0.30849,0.24182,0.27397,0.20383,0.08528,0.01877,0.03384,0.01306,-0.18481,-0.22533,-0.14128,-0.2061,-0.2976,-0.31504,-0.31564,-0.22153,-0.21257,-0.24851,-0.16411,-0.04407,0.00531,0.02685,0.15345,0.21365,0.19294,0.3578,0.42198,0.30842,0.31224,0.32335,0.28261,0.24903,0.21892,0.15796,0.09194,0.12774,0.05129,-0.04315,-0.08997,-0.11041,-0.12144,-0.21692,-0.28354,-0.30626,-0.32054,-0.35383,-0.37105,-0.3471,-0.27675,-0.15751,-0.11747,-0.13015,-0.06242,0.02295,0.02356,0.05777,0.11101,0.13288,0.18384,0.1985,0.19892,0.1914,0.15755,0.19638,0.16661,0.15628,0.09158,0.09113,0.14227,0.07374,-0.0016,-0.05172,-0.05704,-0.12439,-0.1488,-0.20379,-0.25025,-0.23978,-0.2554,-0.21342,-0.14752,-0.13947,-0.06025,-0.09847,-0.12569,-0.08216,-0.05405
ASP72,-0.17249,5e-05,0.0248,0.01642,0.03311,0.0814,0.0998,0.07824,0.07354,0.05553,0.21152,0.25622,0.27057,0.21788,0.06965,-0.09907,-0.11983,0.02348,-0.02997,0.00112,0.03079,0.0249,-0.02254,-0.03555,-0.05596,0.06802,0.02588,0.20443,0.30133,0.27845,0.14386,0.03013,-0.17451,-0.17807,-0.24059,-0.16248,-0.29853,-0.24393,-0.23121,-0.26824,-0.29542,-0.31709,-0.36622,-0.38837,-0.33115,-0.36996,-0.39386,-0.30722,-0.22649,-0.24702,-0.26948,-0.32089,-0.38079,-0.38465,-0.38484,-0.34646,-0.253,-0.15153,-0.03027,0.13724,0.16065,0.11103,0.25244,0.3372,0.32553,0.39656,0.51507,0.57242,0.7469,0.69903,0.81865,1.0,0.80659,0.65104,0.65911,0.62703,0.44748,0.31053,0.26917,0.28602,0.21986,0.10885,0.05004,0.05632,0.02674,-0.15257,-0.17562,-0.12435,-0.19172,-0.27197,-0.30074,-0.31896,-0.24788,-0.23094,-0.24417,-0.17867,-0.07569,-0.01756,0.00785,0.12312,0.14243,0.11511,0.33174,0.36845,0.24661,0.28047,0.30304,0.27422,0.25027,0.21603,0.14468,0.0885,0.13859,0.07049,-0.01095,-0.06476,-0.08714,-0.09991,-0.18464,-0.25377,-0.28076,-0.29839,-0.32238,-0.34973,-0.32358,-0.26422,-0.14499,-0.10671,-0.12203,-0.05186,0.02868,0.03417,0.06451,0.1384,0.14016,0.19954,0.21147,0.21896,0.22025,0.17398,0.22262,0.20387,0.19389,0.14612,0.1539,0.18372,0.13555,0.03216,-0.02914,-0.00258,-0.08327,-0.13549,-0.168,-0.19398,-0.20649,-0.2422,-0.20891,-0.1396,-0.10531,-0.02133,-0.10178,-0.1219,-0.07467,-0.06267
ALA73,-0.06289,0.02742,0.03411,0.02069,0.05008,0.07236,0.05989,0.03025,0.00029,-0.02177,0.14956,0.23512,0.264,0.17563,0.0298,-0.13028,-0.14817,0.00018,-0.03777,-0.00359,0.02066,-0.00017,-0.05031,-0.07178,-0.08793,0.06112,0.00494,0.1797,0.27313,0.27812,0.17268,0.05566,-0.14349,-0.11236,-0.31764,-0.23397,-0.35545,-0.27968,-0.27307,-0.30821,-0.3487,-0.36936,-0.39603,-0.41623,-0.36023,-0.38656,-0.41569,-0.32549,-0.22734,-0.24144,-0.27218,-0.32745,-0.40167,-0.40947,-0.41646,-0.38219,-0.29872,-0.19144,-0.06871,0.09544,0.12592,0.09497,0.22026,0.27976,0.29188,0.39483,0.48205,0.50611,0.69572,0.75368,0.67609,0.80659,1.0,0.80139,0.62957,0.71161,0.63545,0.40297,0.31827,0.33971,0.25234,0.1015,0.03164,0.11652,0.10874,-0.10938,-0.12231,0.01548,-0.07544,-0.19932,-0.20083,-0.18833,-0.11233,-0.11056,-0.15061,-0.05894,0.01535,0.03109,0.07731,0.20268,0.2051,0.2133,0.43516,0.48992,0.38374,0.36342,0.38339,0.35167,0.29072,0.27156,0.20226,0.10914,0.12996,0.06021,-0.00856,-0.07821,-0.08908,-0.0666,-0.15621,-0.23148,-0.23038,-0.2343,-0.27389,-0.29597,-0.30071,-0.24803,-0.1665,-0.12773,-0.13197,-0.10012,-0.02992,-0.00735,0.00543,0.04725,0.0589,0.1256,0.13352,0.13547,0.11932,0.08816,0.13875,0.1135,0.09411,0.06779,0.06631,0.07184,0.01484,-0.03571,-0.0641,-0.07883,-0.13425,-0.11591,-0.17158,-0.20789,-0.18559,-0.17024,-0.12445,-0.03256,-0.04452,-0.01389,-0.04966,-0.06338,-0.07101,-0.05983
ALA74,-0.10377,0.05896,0.08469,0.07273,0.05296,0.07283,0.07589,0.02812,-0.04925,-0.06891,0.07301,0.1251,0.18951,0.13156,8e-05,-0.14933,-0.17625,-0.03535,-0.05168,-0.04915,-0.02116,-0.05019,-0.09187,-0.12664,-0.14475,-0.00342,-0.07073,0.11405,0.231,0.21638,0.10846,0.00232,-0.20693,-0.13754,-0.32891,-0.18843,-0.36003,-0.27559,-0.27253,-0.3015,-0.34346,-0.37909,-0.38876,-0.3947,-0.36058,-0.3876,-0.38291,-0.30244,-0.22587,-0.2285,-0.24181,-0.28216,-0.35883,-0.37944,-0.40052,-0.37008,-0.29131,-0.21688,-0.09927,0.06196,0.07124,0.01841,0.15435,0.21044,0.18607,0.27031,0.39163,0.39705,0.50199,0.6515,0.70523,0.65104,0.80139,1.0,0.78761,0.72853,0.71538,0.54375,0.40674,0.4269,0.33959,0.1742,0.06753,0.16856,0.19113,-0.08652,-0.11473,0.05599,-0.05787,-0.20186,-0.17384,-0.15708,-0.05288,-0.05523,-0.11372,0.01737,0.11103,0.13886,0.17911,0.31082,0.33964,0.34482,0.52355,0.57776,0.46832,0.42566,0.42171,0.39725,0.3203,0.30066,0.25166,0.12178,0.13133,0.05855,-0.01804,-0.10424,-0.10661,-0.06805,-0.17452,-0.26037,-0.23847,-0.24071,-0.30848,-0.32036,-0.34038,-0.26292,-0.18445,-0.16102,-0.153,-0.1024,-0.04046,-0.02645,0.0076,0.03746,0.05273,0.10774,0.12078,0.13051,0.11922,0.09142,0.11532,0.10001,0.09887,0.06483,0.04899,0.0759,0.008,-0.0142,-0.04255,-0.1214,-0.18276,-0.11491,-0.198,-0.27307,-0.23988,-0.18816,-0.12671,-0.02364,-0.07492,-0.03709,-0.01727,-0.0514,-0.05005,-0.01828
VAL75,-0.18347,0.05295,0.0756,0.03602,0.03547,0.08689,0.0851,0.05136,-0.00305,-0.00772,0.08432,0.08618,0.14457,0.13973,0.03174,-0.09023,-0.11023,0.01025,-0.01861,-0.04935,-0.01768,-0.03757,-0.06316,-0.08406,-0.095,-0.00406,-0.06228,0.08158,0.17736,0.14944,0.02989,-0.04984,-0.23181,-0.18584,-0.22306,-0.08006,-0.24729,-0.1751,-0.16579,-0.19798,-0.24437,-0.28491,-0.30046,-0.32335,-0.31166,-0.34884,-0.34655,-0.29565,-0.25169,-0.26324,-0.26195,-0.27745,-0.31174,-0.31956,-0.30713,-0.26463,-0.20282,-0.18043,-0.09119,0.03804,0.02601,-0.03541,0.08703,0.13957,0.10857,0.16796,0.28533,0.3054,0.40001,0.4772,0.63801,0.65911,0.62957,0.78761,1.0,0.81807,0.67122,0.62857,0.50153,0.49612,0.39914,0.2369,0.10494,0.17114,0.19611,-0.06716,-0.10384,0.01427,-0.08101,-0.20939,-0.2023,-0.21246,-0.11841,-0.11233,-0.13931,-0.04,0.05718,0.12987,0.13834,0.22297,0.2611,0.23493,0.40548,0.44247,0.31768,0.31839,0.33752,0.32515,0.26486,0.22593,0.17294,0.07518,0.10256,0.03516,-0.02853,-0.10841,-0.12746,-0.10244,-0.19114,-0.28179,-0.27028,-0.27452,-0.33214,-0.34806,-0.35945,-0.28172,-0.19754,-0.1844,-0.18311,-0.10518,-0.05713,-0.05205,0.00422,0.05876,0.06013,0.1074,0.12637,0.14407,0.14423,0.10944,0.14331,0.13852,0.15155,0.11871,0.10565,0.14086,0.09457,0.04512,-0.02698,-0.07998,-0.15382,-0.1304,-0.18996,-0.24804,-0.23906,-0.22255,-0.15651,-0.07841,-0.09732,-0.03504,-0.03796,-0.06284,-0.0462,-0.028
ARG76,-0.11136,0.04485,0.06663,0.01251,0.04496,0.09064,0.08444,0.05807,0.01558,0.0212,0.12148,0.16107,0.20032,0.18452,0.06924,-0.04967,-0.08855,0.042,-0.00078,-0.01702,0.02201,-0.02151,-0.04812,-0.09515,-0.10569,-0.00628,-0.05581,0.0875,0.16369,0.15037,0.0213,-0.0668,-0.23853,-0.1969,-0.27184,-0.16046,-0.28221,-0.2009,-0.18013,-0.22431,-0.29371,-0.32749,-0.33599,-0.38057,-0.37088,-0.39677,-0.41306,-0.36264,-0.29262,-0.29889,-0.31654,-0.33407,-0.36588,-0.34796,-0.32749,-0.28102,-0.20669,-0.17161,-0.07262,0.05504,0.03519,-0.0253,0.08386,0.12066,0.09804,0.16641,0.26217,0.2834,0.41058,0.46921,0.52942,0.62703,0.71161,0.72853,0.81807,1.0,0.82034,0.64848,0.56858,0.55122,0.41791,0.22391,0.12094,0.24963,0.26265,-0.00129,-0.0247,0.13769,0.02972,-0.12804,-0.12412,-0.14584,-0.07101,-0.07274,-0.09626,0.00985,0.06625,0.09428,0.16236,0.25949,0.24205,0.21276,0.42784,0.46908,0.33524,0.34001,0.4151,0.40584,0.33254,0.29016,0.21511,0.11719,0.12812,0.04846,-0.00147,-0.09871,-0.10375,-0.05643,-0.15094,-0.24568,-0.21881,-0.21369,-0.28116,-0.30798,-0.34025,-0.29289,-0.23228,-0.20999,-0.20704,-0.15738,-0.11156,-0.08688,-0.04515,-0.00234,0.00501,0.0652,0.08499,0.10677,0.09234,0.05785,0.10507,0.11145,0.10415,0.09773,0.09789,0.10903,0.04842,0.00813,-0.02577,-0.0751,-0.15197,-0.10532,-0.13859,-0.20179,-0.20363,-0.17376,-0.1261,-0.03719,-0.07211,-0.02769,-0.04147,-0.06268,-0.08556,-0.08305
GLY77,-0.09447,0.04204,0.04797,0.00474,0.02762,0.05476,0.03821,0.00633,-0.04968,-0.04838,0.03384,0.10528,0.16615,0.14479,0.05861,-0.05285,-0.10358,0.00159,-0.0408,-0.0653,-0.04066,-0.09632,-0.10887,-0.16712,-0.16854,-0.06147,-0.08802,0.05364,0.11017,0.09457,-0.018,-0.10474,-0.25978,-0.20024,-0.3124,-0.19486,-0.31582,-0.2302,-0.1973,-0.23053,-0.31029,-0.34777,-0.32047,-0.35709,-0.36693,-0.37534,-0.36916,-0.32362,-0.25484,-0.23803,-0.25622,-0.26116,-0.30534,-0.28863,-0.29196,-0.26657,-0.18265,-0.1401,-0.04567,0.06263,0.04432,-0.01576,0.07551,0.09148,0.06709,0.11811,0.19349,0.20097,0.29849,0.40921,0.42367,0.44748,0.63545,0.71538,0.67122,0.82034,1.0,0.72342,0.53897,0.57348,0.46134,0.26492,0.1386,0.30633,0.34569,0.06129,0.03369,0.23181,0.09006,-0.08651,-0.05804,-0.06442,0.00671,-0.02126,-0.06303,0.06653,0.07428,0.09075,0.1944,0.25653,0.24402,0.26568,0.45403,0.50202,0.4118,0.40532,0.44412,0.44314,0.36162,0.344,0.27526,0.1544,0.16498,0.10106,0.04756,-0.05354,-0.04601,0.02343,-0.07344,-0.17003,-0.13302,-0.12127,-0.20507,-0.23549,-0.27949,-0.24842,-0.20643,-0.18241,-0.17195,-0.15684,-0.10555,-0.06646,-0.05244,-0.04091,-0.0225,0.03312,0.03947,0.05474,0.03303,-0.00258,0.02906,0.04134,0.03454,0.03467,0.03534,0.03802,-0.02905,-0.03883,-0.05039,-0.11612,-0.18005,-0.09344,-0.12002,-0.20259,-0.19842,-0.13513,-0.09953,-0.01634,-0.0733,-0.0576,-0.03865,-0.05285,-0.07103,-0.05363
ILE78,-0.10023,0.07012,0.10548,0.07129,0.05474,0.10358,0.11624,0.07554,0.00438,0.01224,0.03166,0.03031,0.09023,0.10614,0.06692,-0.01733,-0.0847,0.01508,-0.01769,-0.07015,-0.03596,-0.09849,-0.10938,-0.183,-0.1871,-0.12257,-0.12874,-0.02164,0.02843,-0.01555,-0.12789,-0.19356,-0.32284,-0.24124,-0.26374,-0.15579,-0.2502,-0.19712,-0.15492,-0.1978,-0.29919,-0.33886,-0.28901,-0.33651,-0.39535,-0.40022,-0.36101,-0.349,-0.31983,-0.28815,-0.27711,-0.24109,-0.25297,-0.23064,-0.20663,-0.1923,-0.12298,-0.12368,-0.04326,0.03379,-0.00766,-0.08257,-0.00671,0.01408,-0.02415,-0.0114,0.06132,0.06588,0.12556,0.22435,0.30849,0.31053,0.40297,0.54375,0.62857,0.64848,0.72342,1.0,0.75231,0.64935,0.60305,0.41703,0.31927,0.4679,0.45837,0.19125,0.15499,0.27048,0.15516,0.00291,0.01814,-0.03267,0.04805,0.01751,0.01781,0.19443,0.2002,0.22357,0.33965,0.36441,0.3438,0.32184,0.41091,0.40252,0.31372,0.2968,0.3431,0.358,0.27761,0.26424,0.27085,0.13635,0.12679,0.1002,0.0853,-0.01629,-0.04077,0.04048,-0.03679,-0.15925,-0.11796,-0.08732,-0.186,-0.22737,-0.28904,-0.25094,-0.23192,-0.22419,-0.18765,-0.14905,-0.14468,-0.11236,-0.044,-0.04573,-0.04103,-0.00454,0.02162,0.05421,0.01686,-0.01835,0.0355,0.04923,0.03162,0.04539,0.05166,0.05984,-0.00203,0.00663,0.00646,-0.10388,-0.1991,-0.10397,-0.11791,-0.22037,-0.23021,-0.16074,-0.13404,-0.06155,-0.12921,-0.10366,-0.03153,-0.05482,-0.0579,-0.03839
LEU79,-0.12658,0.04563,0.06517,0.02069,0.02059,0.07911,0.06658,0.03555,-0.01868,0.00085,0.04655,0.05289,0.08601,0.13352,0.07706,0.03429,-0.00642,0.08673,0.04935,-0.00773,0.02192,-0.0258,-0.03429,-0.08011,-0.07811,-0.04452,-0.07097,-0.00904,0.02682,-0.00038,-0.10519,-0.13997,-0.23979,-0.20727,-0.15943,-0.05037,-0.13869,-0.0801,-0.04346,-0.09486,-0.17979,-0.20636,-0.18772,-0.25448,-0.30309,-0.31924,-0.31749,-0.30519,-0.2732,-0.26976,-0.27115,-0.25169,-0.24384,-0.21458,-0.15567,-0.121,-0.07721,-0.11389,-0.05448,0.01186,-0.02705,-0.09017,-0.02672,0.00033,-0.01995,-0.00759,0.03626,0.04612,0.12518,0.17612,0.24182,0.26917,0.31827,0.40674,0.50153,0.56858,0.53897,0.75231,1.0,0.80608,0.65295,0.38287,0.23206,0.33525,0.43572,0.16031,0.07755,0.21924,0.13696,-0.02982,-0.02541,-0.0716,-0.00418,-0.02514,-0.02944,0.10782,0.1216,0.12015,0.20391,0.24238,0.21384,0.16433,0.24234,0.26798,0.16013,0.16619,0.24976,0.22615,0.18018,0.16276,0.1142,0.02563,0.04976,0.01813,0.03025,-0.06427,-0.09743,-0.0198,-0.07793,-0.18185,-0.14804,-0.10836,-0.19288,-0.22362,-0.28444,-0.24364,-0.21309,-0.20657,-0.1934,-0.13749,-0.12784,-0.11564,-0.0631,-0.04168,-0.04294,-0.0111,0.01625,0.04416,0.02112,0.00172,0.04194,0.05361,0.05278,0.05796,0.06469,0.07911,0.02748,0.02554,-0.00473,-0.09592,-0.17455,-0.1121,-0.12356,-0.20673,-0.22117,-0.16647,-0.13846,-0.06533,-0.12364,-0.0724,-0.0372,-0.04727,-0.04544,-0.06143
ARG80,-0.10761,0.09818,0.11721,0.09041,0.09926,0.14432,0.12094,0.10399,0.03404,0.0649,0.04395,0.04851,0.11371,0.15157,0.10997,0.03414,-0.04008,0.039,-0.00216,-0.04185,-0.02109,-0.06907,-0.07836,-0.12973,-0.14045,-0.08706,-0.06862,0.00486,0.03796,-0.01072,-0.11536,-0.17904,-0.29038,-0.24072,-0.15365,-0.06748,-0.16668,-0.15373,-0.11189,-0.15574,-0.23776,-0.27028,-0.23662,-0.29323,-0.34079,-0.35784,-0.33747,-0.3181,-0.28334,-0.27699,-0.27394,-0.25613,-0.26287,-0.23136,-0.19185,-0.16786,-0.08511,-0.08431,-0.00633,0.04952,0.02339,-0.03674,-0.00417,0.00805,-0.00347,0.00218,0.04356,0.0496,0.12572,0.18761,0.27397,0.28602,0.33971,0.4269,0.49612,0.55122,0.57348,0.64935,0.80608,1.0,0.83252,0.55532,0.36173,0.39298,0.42917,0.13582,0.04517,0.18204,0.06199,-0.12994,-0.10425,-0.14679,-0.06609,-0.08794,-0.10058,0.04703,0.08286,0.09268,0.18125,0.22823,0.21507,0.19188,0.28148,0.30046,0.18426,0.21888,0.29181,0.27299,0.19431,0.1824,0.16254,0.02626,0.04344,0.04173,0.03409,-0.0636,-0.09626,-0.03367,-0.10343,-0.218,-0.19159,-0.15471,-0.25196,-0.28576,-0.33081,-0.27687,-0.22934,-0.23812,-0.21942,-0.13957,-0.12234,-0.1067,-0.05725,-0.02714,-0.05089,-0.00671,0.02641,0.07307,0.05962,0.0166,0.0473,0.08204,0.09169,0.10324,0.11539,0.13504,0.08918,0.08745,0.0354,-0.07296,-0.16803,-0.13116,-0.14006,-0.22942,-0.27042,-0.22431,-0.1847,-0.07614,-0.12371,-0.03814,0.00409,-0.00135,-0.02982,-0.05313
ASN81,-0.11511,0.11987,0.13519,0.12526,0.12622,0.16441,0.15312,0.15542,0.14057,0.15152,0.07024,0.04479,0.10392,0.15691,0.13425,0.04696,-0.07757,0.00997,-0.03527,-0.07744,-0.04077,-0.10562,-0.11576,-0.2027,-0.23643,-0.18695,-0.12409,-0.04084,-0.01797,-0.0973,-0.22283,-0.2939,-0.38307,-0.31615,-0.16602,-0.12079,-0.19522,-0.22477,-0.16799,-0.2054,-0.30178,-0.34093,-0.28172,-0.3455,-0.41848,-0.42481,-0.37704,-0.37076,-0.34409,-0.31406,-0.30135,-0.2614,-0.25347,-0.21846,-0.17307,-0.17039,-0.0578,-0.04296,0.05753,0.09684,0.05,-0.02934,-0.00515,-0.00589,-0.0384,-0.05789,-0.01869,-0.01401,0.067,0.1085,0.20383,0.21986,0.25234,0.33959,0.39914,0.41791,0.46134,0.60305,0.65295,0.83252,1.0,0.81103,0.64495,0.61157,0.52361,0.27177,0.17991,0.15971,0.00817,-0.09603,-0.08656,-0.18535,-0.11859,-0.16418,-0.13757,0.06232,0.0742,0.09593,0.23928,0.25296,0.23566,0.27275,0.31066,0.26184,0.203,0.27926,0.2763,0.27229,0.22847,0.25054,0.27575,0.10856,0.1373,0.19242,0.17224,0.0908,0.0423,0.06787,0.01952,-0.11014,-0.12741,-0.08946,-0.1856,-0.25641,-0.29305,-0.27161,-0.21424,-0.20197,-0.1719,-0.11211,-0.10586,-0.06489,-0.0051,0.00184,-0.02596,0.0334,0.0778,0.1267,0.096,0.03303,0.07904,0.11446,0.09513,0.12446,0.16828,0.16794,0.09568,0.06397,0.04396,-0.06357,-0.21898,-0.21045,-0.16282,-0.27223,-0.3371,-0.3033,-0.29958,-0.1794,-0.21251,-0.11937,-0.03947,-0.03915,-0.02104,0.00929
ALA82,-0.10607,0.08763,0.09115,0.08934,0.08184,0.10538,0.09209,0.11643,0.17552,0.18631,0.07381,0.0326,0.07943,0.15966,0.16888,0.11035,-0.02577,0.03967,-0.02088,-0.07334,-0.04591,-0.10783,-0.09781,-0.19294,-0.21384,-0.19267,-0.10288,-0.04558,-0.04171,-0.13318,-0.25474,-0.31737,-0.36674,-0.32877,-0.11049,-0.10854,-0.1392,-0.18509,-0.11979,-0.14882,-0.24189,-0.27578,-0.2038,-0.27755,-0.36785,-0.36128,-0.3113,-0.32853,-0.31803,-0.27174,-0.25438,-0.19223,-0.17316,-0.11901,-0.06948,-0.07022,0.04828,0.04275,0.11923,0.12463,0.06224,-0.01231,-0.00381,-0.02821,-0.07639,-0.1125,-0.09466,-0.09734,-0.02866,-0.01803,0.08528,0.10885,0.1015,0.1742,0.2369,0.22391,0.26492,0.41703,0.38287,0.55532,0.81103,1.0,0.79939,0.64177,0.57038,0.45081,0.3127,0.16555,0.07251,0.02755,0.00454,-0.12736,-0.10816,-0.17634,-0.11386,0.06459,0.02732,0.0505,0.19095,0.15663,0.12141,0.19158,0.20352,0.09977,0.0693,0.18702,0.12326,0.14505,0.15808,0.17037,0.22475,0.10294,0.14127,0.21347,0.21978,0.15823,0.10434,0.14389,0.12457,-0.00528,-0.02372,0.02033,-0.06726,-0.15415,-0.19168,-0.21061,-0.18278,-0.16233,-0.12714,-0.08894,-0.09783,-0.06133,-0.01349,-0.0116,-0.03814,-0.00541,0.027,0.06319,0.03514,-0.01336,0.01871,0.0548,0.02385,0.07341,0.13126,0.1113,0.04895,-0.00919,-0.00863,-0.06496,-0.2253,-0.24438,-0.14057,-0.22413,-0.3027,-0.28885,-0.31569,-0.23503,-0.24853,-0.16929,-0.08897,-0.06269,0.0166,0.09023
LYS83,-0.03016,0.12362,0.13487,0.15068,0.14467,0.13825,0.14666,0.19724,0.24378,0.26693,0.11448,0.05713,0.0688,0.14595,0.16986,0.12141,-0.02675,0.03468,-0.03686,-0.07501,-0.04354,-0.10284,-0.08724,-0.19338,-0.2275,-0.22811,-0.11947,-0.07398,-0.08081,-0.17236,-0.2984,-0.35368,-0.36421,-0.32975,-0.09234,-0.14887,-0.12209,-0.20204,-0.13758,-0.16513,-0.25702,-0.28723,-0.21282,-0.29094,-0.38795,-0.3782,-0.32546,-0.35817,-0.35324,-0.29575,-0.27446,-0.20251,-0.16203,-0.10613,-0.04915,-0.05545,0.06168,0.05467,0.13721,0.13566,0.05637,-0.0282,-0.02235,-0.05657,-0.11454,-0.14184,-0.11952,-0.1283,-0.0619,-0.06505,0.01877,0.05004,0.03164,0.06753,0.10494,0.12094,0.1386,0.31927,0.23206,0.36173,0.64495,0.79939,1.0,0.79425,0.52337,0.45981,0.40497,0.18319,0.06377,0.06243,0.02226,-0.12219,-0.10876,-0.17395,-0.08337,0.09275,0.06101,0.06494,0.22359,0.21035,0.15237,0.20847,0.21712,0.07572,0.04917,0.16861,0.14712,0.20999,0.22373,0.22001,0.31535,0.22138,0.2065,0.27891,0.26783,0.2228,0.17613,0.20275,0.18554,0.05889,0.03015,0.07171,-0.01621,-0.11198,-0.15344,-0.18407,-0.19453,-0.15748,-0.10198,-0.0818,-0.10545,-0.05685,-0.00254,-0.02567,-0.04412,-0.00519,0.04242,0.09706,0.04724,-0.00266,0.04085,0.08237,0.02011,0.08179,0.16044,0.12563,0.05286,0.01329,0.0413,-0.03549,-0.20234,-0.23554,-0.11365,-0.19823,-0.29066,-0.27148,-0.30338,-0.21922,-0.22012,-0.14586,-0.06495,-0.05223,-0.01803,0.02741
LEU84,-0.04111,0.06031,0.09707,0.09738,0.06778,0.07492,0.105,0.12255,0.14043,0.17023,0.09551,0.07999,0.09199,0.1556,0.16927,0.12465,-0.01443,0.06926,0.00816,-0.05003,-0.01259,-0.08785,-0.07698,-0.20496,-0.23364,-0.2136,-0.13078,-0.06157,-0.06866,-0.15589,-0.29057,-0.35811,-0.38448,-0.3213,-0.20799,-0.22618,-0.18617,-0.21138,-0.1371,-0.1779,-0.30649,-0.34015,-0.25841,-0.35037,-0.44964,-0.42984,-0.36985,-0.40643,-0.39829,-0.3318,-0.31448,-0.23197,-0.19008,-0.12953,-0.07213,-0.07755,0.04492,0.02097,0.09914,0.11751,0.03215,-0.05367,-0.02889,-0.05821,-0.12833,-0.14896,-0.11583,-0.12436,-0.05579,-0.01418,0.03384,0.05632,0.11652,0.16856,0.17114,0.24963,0.30633,0.4679,0.33525,0.39298,0.61157,0.64177,0.79425,1.0,0.73892,0.59819,0.57147,0.44504,0.28043,0.21958,0.19001,0.04516,0.04626,-0.03395,0.05126,0.25484,0.17278,0.14876,0.36001,0.33884,0.24334,0.28131,0.30285,0.17896,0.14574,0.21169,0.22801,0.32056,0.28631,0.27986,0.3837,0.2894,0.24185,0.28685,0.30143,0.22857,0.18301,0.27029,0.24861,0.104,0.1051,0.16298,0.0571,-0.04803,-0.12776,-0.17837,-0.22734,-0.17858,-0.11089,-0.14625,-0.1723,-0.10026,-0.03952,-0.09707,-0.09279,-0.05298,-0.01741,0.03328,-0.04989,-0.07838,-0.02875,-0.00255,-0.08162,-0.02651,0.04967,0.00989,-0.07733,-0.07581,-0.01354,-0.10297,-0.24729,-0.20219,-0.08964,-0.19235,-0.25003,-0.17834,-0.23095,-0.1844,-0.21947,-0.20142,-0.10457,-0.08487,-0.05809,-0.01449
LYS85,-0.10537,-0.03654,-0.00992,-0.02898,-0.05935,-0.0372,-0.03976,-0.03718,-0.00137,0.0337,0.0415,0.06331,0.09767,0.18159,0.17833,0.18538,0.10263,0.17002,0.10447,0.00392,0.01764,-0.04685,-0.017,-0.10875,-0.08984,-0.07811,-0.04592,-0.00638,-0.02959,-0.08285,-0.19932,-0.24454,-0.27501,-0.24242,-0.18296,-0.13057,-0.10355,-0.05917,0.01567,-0.03735,-0.16688,-0.18553,-0.11788,-0.22384,-0.31945,-0.30162,-0.27843,-0.32629,-0.31795,-0.27247,-0.25994,-0.1806,-0.13772,-0.07164,0.00722,0.02335,0.10453,0.0227,0.05828,0.07335,-0.01916,-0.07994,-0.03603,-0.07662,-0.13613,-0.1426,-0.12967,-0.14641,-0.08185,-0.02107,0.01306,0.02674,0.10874,0.19113,0.19611,0.26265,0.34569,0.45837,0.43572,0.42917,0.52361,0.57038,0.52337,0.73892,1.0,0.77072,0.58812,0.60964,0.51478,0.33847,0.30717,0.19116,0.17523,0.06086,0.12498,0.30229,0.15249,0.11067,0.2895,0.22708,0.12252,0.13962,0.16783,0.11368,0.06713,0.10695,0.11204,0.1537,0.14116,0.12835,0.16282,0.11032,0.10058,0.11755,0.1974,0.10569,0.0627,0.22788,0.22274,0.0811,0.14064,0.22389,0.11627,0.03327,-0.08492,-0.13529,-0.20081,-0.17688,-0.13743,-0.17156,-0.19048,-0.15798,-0.12634,-0.16439,-0.14956,-0.15221,-0.15016,-0.12856,-0.18393,-0.18154,-0.16925,-0.14921,-0.18944,-0.12636,-0.07325,-0.11429,-0.16999,-0.17154,-0.12369,-0.17217,-0.26705,-0.16937,-0.06558,-0.15854,-0.1865,-0.10032,-0.15148,-0.15918,-0.22359,-0.23096,-0.16418,-0.13462,-0.06275,0.01153
PRO86,-0.05462,-0.10053,-0.08804,-0.09264,-0.12713,-0.12438,-0.11778,-0.07921,0.01734,0.04631,0.0488,0.08615,0.08341,0.19532,0.23783,0.29092,0.19729,0.223,0.1374,0.03143,0.02793,-0.03826,0.01244,-0.07678,-0.02905,-0.06055,0.00799,0.00486,-0.0791,-0.1396,-0.22653,-0.25012,-0.19633,-0.22442,-0.11357,-0.13406,-0.00758,0.03117,0.11216,0.06957,-0.05379,-0.05545,0.01214,-0.102,-0.21401,-0.17819,-0.1496,-0.23998,-0.26189,-0.1982,-0.18117,-0.07447,0.00271,0.08719,0.17322,0.17664,0.25709,0.14721,0.13777,0.0992,-0.00566,-0.04748,-0.03483,-0.10667,-0.17047,-0.18612,-0.21458,-0.24152,-0.19261,-0.17904,-0.18481,-0.15257,-0.10938,-0.08652,-0.06716,-0.00129,0.06129,0.19125,0.16031,0.13582,0.27177,0.45081,0.45981,0.59819,0.77072,1.0,0.77981,0.55039,0.59897,0.57026,0.46899,0.29389,0.20212,0.07629,0.19822,0.31414,0.09376,0.05052,0.22303,0.09083,-0.04756,-0.01409,-0.02474,-0.12502,-0.13397,-0.06577,-0.08336,0.00192,0.01754,-0.01177,0.06443,0.09846,0.06676,0.13015,0.25492,0.21384,0.17221,0.33456,0.38574,0.27592,0.31275,0.40218,0.32907,0.22459,0.12162,-0.00012,-0.11446,-0.07779,-0.03659,-0.12478,-0.17695,-0.13601,-0.12839,-0.20303,-0.18161,-0.21235,-0.22215,-0.21446,-0.27766,-0.24748,-0.24356,-0.23942,-0.30378,-0.22095,-0.15351,-0.21101,-0.24567,-0.25571,-0.16995,-0.14534,-0.21556,-0.15095,0.02247,-0.02189,-0.0755,-0.01437,-0.11161,-0.1864,-0.21823,-0.26067,-0.21329,-0.15882,-0.06186,0.01679
VAL87,0.00037,-0.09706,-0.08683,-0.0903,-0.11269,-0.10746,-0.08906,-0.04782,0.05321,0.07577,0.05222,0.07621,0.04265,0.12949,0.17678,0.23978,0.15109,0.16327,0.08182,-0.00343,0.00229,-0.06619,-0.01211,-0.11195,-0.07684,-0.11125,-0.04775,-0.05776,-0.13403,-0.17665,-0.25511,-0.26214,-0.18972,-0.20071,-0.12622,-0.1702,-0.01844,0.01029,0.08362,0.05162,-0.06889,-0.07706,-0.00136,-0.10508,-0.20915,-0.17341,-0.13611,-0.22279,-0.2482,-0.18269,-0.16815,-0.06457,0.00964,0.0887,0.15347,0.14659,0.21854,0.12083,0.10682,0.06424,-0.02998,-0.07493,-0.07305,-0.14318,-0.20282,-0.21829,-0.23274,-0.24775,-0.20771,-0.20418,-0.22533,-0.17562,-0.12231,-0.11473,-0.10384,-0.0247,0.03369,0.15499,0.07755,0.04517,0.17991,0.3127,0.40497,0.57147,0.58812,0.77981,1.0,0.68258,0.53023,0.59385,0.52012,0.35585,0.23945,0.15241,0.28453,0.35469,0.1396,0.09968,0.25041,0.11825,-0.01464,0.01997,0.0008,-0.09403,-0.08613,-0.04769,-0.0599,0.0242,0.04774,0.03093,0.11542,0.1539,0.1077,0.17042,0.26268,0.24293,0.23226,0.36947,0.40174,0.32793,0.3754,0.43052,0.37137,0.28583,0.19409,0.07521,-0.06403,-0.03366,0.02196,-0.09033,-0.16035,-0.10162,-0.08794,-0.18118,-0.15075,-0.18178,-0.18674,-0.18181,-0.25009,-0.23518,-0.21289,-0.21776,-0.28761,-0.22257,-0.16001,-0.21471,-0.2344,-0.22679,-0.13666,-0.10726,-0.13804,-0.06793,0.08206,0.06014,0.01849,0.08638,-0.01796,-0.11447,-0.14698,-0.2275,-0.19999,-0.16325,-0.11486,-0.04175
TYR88,0.05797,-0.05188,-0.01374,-0.03979,-0.06341,-0.04631,-0.02354,-0.02631,-0.06345,-0.02999,-0.06717,-0.04292,-0.03882,0.01284,0.03679,0.12815,0.12537,0.13247,0.106,0.01639,0.01178,-0.03597,0.02554,-0.04376,-0.00446,-0.05928,-0.07577,-0.10846,-0.1538,-0.13396,-0.16308,-0.15566,-0.09224,-0.04169,-0.12013,-0.08622,0.02738,0.0836,0.12305,0.08202,-0.02821,-0.03414,0.01439,-0.06694,-0.14642,-0.13261,-0.13218,-0.18019,-0.19117,-0.16428,-0.15281,-0.0887,-0.04002,0.00187,0.07283,0.07913,0.07632,-0.03878,-0.06186,-0.08356,-0.14609,-0.16347,-0.16238,-0.20035,-0.21843,-0.20781,-0.21427,-0.21678,-0.18179,-0.10279,-0.14128,-0.12435,0.01548,0.05599,0.01427,0.13769,0.23181,0.27048,0.21924,0.18204,0.15971,0.16555,0.18319,0.44504,0.60964,0.55039,0.68258,1.0,0.74861,0.49437,0.53927,0.50758,0.45569,0.37756,0.4141,0.48547,0.30837,0.21193,0.31096,0.2484,0.13695,0.11924,0.08544,0.07387,0.0624,0.01049,0.02773,0.05334,0.00379,-0.00327,0.0335,0.02145,-0.03444,-0.04567,0.04904,-0.01478,0.00099,0.18646,0.17789,0.12339,0.26442,0.31835,0.23349,0.22124,0.07904,0.04082,-0.11337,-0.14055,-0.07996,-0.15865,-0.22674,-0.19842,-0.18642,-0.26091,-0.23487,-0.25115,-0.2471,-0.24445,-0.30618,-0.25911,-0.27186,-0.26613,-0.29165,-0.2468,-0.23129,-0.28484,-0.28845,-0.18642,-0.11942,-0.18878,-0.13083,0.04737,0.06736,0.03133,0.07584,0.20469,0.1776,0.0991,-0.00468,-0.12501,-0.07643,-0.08004,-0.1085,-0.06434
ASP89,0.06951,-0.10673,-0.07263,-0.08424,-0.12199,-0.11575,-0.09684,-0.08954,-0.10214,-0.079,-0.05582,-0.0158,-0.01861,0.03985,0.07032,0.19285,0.21411,0.20591,0.17372,0.07885,0.05517,0.03023,0.09147,0.04854,0.11213,0.02965,0.00602,-0.0468,-0.1176,-0.0988,-0.10269,-0.08293,0.02073,0.0252,-0.07117,-0.06427,0.09908,0.18658,0.2239,0.18099,0.08485,0.09508,0.13109,0.04704,-0.03498,-0.01498,-0.02964,-0.10614,-0.1299,-0.11145,-0.09868,-0.02797,0.04281,0.09907,0.18429,0.19832,0.17162,0.02737,-0.03584,-0.08553,-0.14797,-0.12596,-0.13262,-0.18317,-0.19437,-0.17317,-0.2072,-0.23135,-0.20314,-0.14048,-0.2061,-0.19172,-0.07544,-0.05787,-0.08101,0.02972,0.09006,0.15516,0.13696,0.06199,0.00817,0.07251,0.06377,0.28043,0.51478,0.59897,0.53023,0.74861,1.0,0.75787,0.64933,0.56754,0.47686,0.38345,0.44286,0.48604,0.28671,0.18176,0.24091,0.15305,0.02085,-0.025,-0.07599,-0.095,-0.10976,-0.16254,-0.12109,-0.06801,-0.1359,-0.16703,-0.11212,-0.06507,-0.13926,-0.1433,0.01878,-0.02059,-0.03206,0.16787,0.22168,0.17099,0.27925,0.36555,0.30944,0.26745,0.13526,0.04943,-0.11452,-0.12183,-0.09202,-0.19295,-0.2512,-0.23701,-0.2504,-0.32946,-0.29464,-0.33227,-0.33272,-0.33855,-0.40133,-0.30798,-0.33006,-0.3298,-0.36491,-0.3051,-0.29451,-0.36901,-0.3563,-0.24156,-0.17094,-0.21035,-0.12971,0.03634,0.07413,0.06397,0.11422,0.22656,0.19459,0.08162,-0.00041,-0.12517,-0.10363,-0.08199,-0.08018,-0.04167
SER90,0.0715,-0.15969,-0.14594,-0.15032,-0.19103,-0.18552,-0.16729,-0.14777,-0.06519,-0.07457,-0.01386,0.03463,-0.00413,0.05473,0.09829,0.21798,0.21818,0.19751,0.15392,0.07164,0.06229,0.02443,0.08669,0.02713,0.09239,0.0139,0.00984,-0.03085,-0.11001,-0.11548,-0.11762,-0.09837,0.04286,-0.01147,-0.0841,-0.11921,0.08049,0.17758,0.2247,0.20144,0.11227,0.12283,0.16535,0.08729,0.00835,0.03908,0.0436,-0.05138,-0.08817,-0.05606,-0.04059,0.0366,0.11402,0.17555,0.24088,0.2482,0.2394,0.09991,0.02711,-0.04184,-0.10656,-0.0816,-0.10055,-0.16268,-0.18118,-0.17306,-0.21978,-0.23919,-0.22954,-0.21566,-0.2976,-0.27197,-0.19932,-0.20186,-0.20939,-0.12804,-0.08651,0.00291,-0.02982,-0.12994,-0.09603,0.02755,0.06243,0.21958,0.33847,0.57026,0.59385,0.49437,0.75787,1.0,0.78412,0.60611,0.43877,0.35014,0.45877,0.47077,0.23141,0.15164,0.20916,0.05611,-0.07989,-0.07979,-0.16812,-0.20995,-0.18286,-0.21136,-0.22424,-0.16543,-0.19036,-0.19966,-0.12009,-0.02874,-0.08389,-0.03932,0.12484,0.14364,0.12411,0.25695,0.37447,0.34389,0.37503,0.46025,0.44233,0.3593,0.26592,0.11365,-0.044,-0.00885,0.00668,-0.14689,-0.20801,-0.16975,-0.20875,-0.30729,-0.25562,-0.30131,-0.31222,-0.32568,-0.3883,-0.3061,-0.3084,-0.33052,-0.38852,-0.32758,-0.29693,-0.37663,-0.35816,-0.28954,-0.19055,-0.15304,-0.08393,0.03932,0.14726,0.15205,0.17662,0.25793,0.17205,0.00953,-0.04183,-0.18696,-0.19044,-0.13713,-0.0885,-0.02177
LEU91,0.13106,-0.13705,-0.10791,-0.12946,-0.17042,-0.14669,-0.12314,-0.12524,-0.11408,-0.10675,-0.09458,-0.05146,-0.0923,-0.04359,0.0025,0.15083,0.17176,0.14394,0.13376,0.05687,0.04958,0.02389,0.08594,0.03097,0.07374,-0.02703,-0.05201,-0.10811,-0.1853,-0.16466,-0.13627,-0.10008,0.04845,0.0332,-0.07776,-0.08836,0.11512,0.20148,0.23392,0.212,0.12468,0.12479,0.1622,0.10691,0.02758,0.04867,0.05853,-0.02225,-0.06884,-0.04421,-0.02358,0.04136,0.10984,0.15108,0.21724,0.21175,0.17016,0.01547,-0.06175,-0.13546,-0.18549,-0.14672,-0.17803,-0.23135,-0.23329,-0.22553,-0.27332,-0.28125,-0.27574,-0.23371,-0.31504,-0.30074,-0.20083,-0.17384,-0.2023,-0.12412,-0.05804,0.01814,-0.02541,-0.10425,-0.08656,0.00454,0.02226,0.19001,0.30717,0.46899,0.52012,0.53927,0.64933,0.78412,1.0,0.83549,0.62848,0.54683,0.64382,0.6388,0.3761,0.27243,0.30599,0.14974,0.02387,0.01865,-0.10356,-0.12415,-0.08694,-0.15736,-0.17904,-0.16381,-0.20486,-0.17424,-0.10705,-0.06538,-0.11039,-0.08099,0.06052,0.06519,0.07429,0.23079,0.31241,0.31345,0.43392,0.48943,0.45376,0.43514,0.29949,0.19454,-0.00659,-0.02878,0.00384,-0.15475,-0.25179,-0.21297,-0.24277,-0.34688,-0.29185,-0.33375,-0.33952,-0.35347,-0.41881,-0.33313,-0.34561,-0.36693,-0.40946,-0.34158,-0.33142,-0.4134,-0.3678,-0.25216,-0.14154,-0.14189,-0.0197,0.15839,0.21827,0.21362,0.27767,0.40209,0.33282,0.14345,0.05495,-0.14937,-0.14653,-0.11976,-0.13199,-0.07089
ASP92,0.18411,-0.12519,-0.09053,-0.12019,-0.15156,-0.12896,-0.10504,-0.12992,-0.17268,-0.18139,-0.17974,-0.14169,-0.18033,-0.16384,-0.12611,0.05973,0.14388,0.10019,0.13177,0.06206,0.04516,0.04557,0.10701,0.08133,0.12763,0.00881,-0.06571,-0.15693,-0.22051,-0.13783,-0.05765,0.00421,0.15816,0.18105,-0.0269,-0.01304,0.18272,0.27196,0.26887,0.2491,0.18718,0.18904,0.2013,0.17825,0.1284,0.13904,0.1354,0.07433,0.02631,0.02664,0.04738,0.08555,0.13878,0.14358,0.19869,0.18965,0.08725,-0.07468,-0.18135,-0.25311,-0.26933,-0.20084,-0.23827,-0.27339,-0.23521,-0.2156,-0.26948,-0.26857,-0.27757,-0.20712,-0.31564,-0.31896,-0.18833,-0.15708,-0.21246,-0.14584,-0.06442,-0.03267,-0.0716,-0.14679,-0.18535,-0.12736,-0.12219,0.04516,0.19116,0.29389,0.35585,0.50758,0.56754,0.60611,0.83549,1.0,0.84968,0.76264,0.74023,0.68955,0.45626,0.31414,0.27473,0.15749,0.06471,0.04208,-0.09886,-0.07858,-0.02489,-0.16021,-0.17511,-0.20367,-0.26078,-0.22095,-0.18235,-0.15233,-0.20549,-0.22198,-0.10209,-0.10702,-0.06414,0.09899,0.15984,0.19717,0.3539,0.40697,0.38976,0.43408,0.28885,0.23153,0.02236,-0.044,-0.01976,-0.16639,-0.26728,-0.24664,-0.28903,-0.38448,-0.32085,-0.36135,-0.36715,-0.38983,-0.44276,-0.34025,-0.37352,-0.40539,-0.42263,-0.36827,-0.38888,-0.47211,-0.39682,-0.21287,-0.11785,-0.16209,0.05244,0.29694,0.26306,0.27158,0.40834,0.56281,0.53571,0.3326,0.20994,-0.05611,-0.05505,-0.05813,-0.12816,-0.06449
ALA93,0.21647,-0.02642,0.03245,-0.01297,-0.0519,-0.01265,0.01288,-0.04068,-0.15256,-0.16408,-0.19612,-0.22,-0.24006,-0.24719,-0.23096,-0.06581,0.02933,0.01169,0.07824,0.02218,0.0184,0.04054,0.08689,0.06801,0.08412,-0.02964,-0.1334,-0.2103,-0.22025,-0.13322,-0.04952,0.01038,0.13,0.20854,-0.0248,0.02297,0.15731,0.22541,0.19418,0.174,0.12757,0.1177,0.11892,0.11954,0.08404,0.0747,0.07081,0.04772,0.00987,-0.00604,0.0202,0.03376,0.05878,0.02911,0.08648,0.07094,-0.05748,-0.19699,-0.27474,-0.31644,-0.30963,-0.25546,-0.28417,-0.27593,-0.22716,-0.21087,-0.23949,-0.22906,-0.2452,-0.14421,-0.22153,-0.24788,-0.11233,-0.05288,-0.11841,-0.07101,0.00671,0.04805,-0.00418,-0.06609,-0.11859,-0.10816,-0.10876,0.04626,0.17523,0.20212,0.23945,0.45569,0.47686,0.43877,0.62848,0.84968,1.0,0.85102,0.72448,0.74463,0.58727,0.41756,0.34907,0.30412,0.24402,0.1972,0.03922,0.06332,0.1052,-0.05153,-0.07689,-0.12707,-0.20267,-0.1544,-0.12213,-0.15396,-0.21076,-0.24605,-0.1668,-0.20057,-0.15732,0.00031,0.01154,0.02541,0.19323,0.24469,0.20019,0.26411,0.12113,0.12696,-0.04097,-0.12703,-0.09406,-0.18233,-0.2727,-0.25862,-0.26713,-0.33979,-0.28647,-0.30274,-0.28909,-0.30236,-0.34874,-0.25676,-0.28768,-0.31539,-0.31865,-0.29168,-0.33007,-0.39092,-0.33474,-0.11677,-0.04982,-0.18905,0.00921,0.28408,0.15751,0.12592,0.30928,0.48502,0.5214,0.40034,0.2462,0.01592,0.06901,0.0326,-0.06403,-0.00271
VAL94,0.27094,-0.01301,0.0422,-0.0066,-0.04564,0.01145,0.05057,-0.01343,-0.13476,-0.14739,-0.2152,-0.28299,-0.30828,-0.33936,-0.32448,-0.16765,-0.06033,-0.08775,0.01687,-0.01133,-0.00633,0.02763,0.06854,0.05458,0.04146,-0.08315,-0.20306,-0.27016,-0.25557,-0.15773,-0.05455,0.01627,0.13512,0.24054,0.00179,0.05047,0.15477,0.21007,0.1562,0.1551,0.13374,0.11549,0.10886,0.13895,0.12008,0.09404,0.09915,0.08972,0.0485,0.02391,0.05607,0.05765,0.07623,0.02083,0.06364,0.03466,-0.12479,-0.26337,-0.34126,-0.38141,-0.3422,-0.27081,-0.32359,-0.29828,-0.21816,-0.19462,-0.23286,-0.20629,-0.23482,-0.1483,-0.21257,-0.23094,-0.11056,-0.05523,-0.11233,-0.07274,-0.02126,0.01751,-0.02514,-0.08794,-0.16418,-0.17634,-0.17395,-0.03395,0.06086,0.07629,0.15241,0.37756,0.38345,0.35014,0.54683,0.76264,0.85102,1.0,0.81877,0.71119,0.63557,0.50648,0.3707,0.31899,0.28702,0.22116,0.05626,0.0832,0.12191,-0.05775,-0.06505,-0.12587,-0.21435,-0.16288,-0.12787,-0.17279,-0.24107,-0.28402,-0.22951,-0.25368,-0.19879,-0.07124,-0.06915,-0.02814,0.1427,0.17319,0.14283,0.23216,0.10071,0.12671,-0.03572,-0.13643,-0.10991,-0.16988,-0.25824,-0.26098,-0.254,-0.30688,-0.27071,-0.27842,-0.2516,-0.25365,-0.28037,-0.199,-0.22092,-0.23966,-0.22606,-0.21199,-0.26586,-0.30765,-0.22355,0.00592,0.05658,-0.07704,0.15859,0.43813,0.24912,0.22705,0.4287,0.61083,0.6631,0.51445,0.33644,0.10281,0.13529,0.06885,-0.08063,-0.02934
ARG95,0.23259,-0.0039,0.05692,-0.00371,-0.05591,-0.01418,0.01428,-0.02292,-0.10106,-0.07824,-0.15344,-0.20594,-0.24354,-0.25113,-0.22154,-0.08188,-0.02885,-0.05445,0.01687,-0.01229,-0.00076,0.00844,0.06188,0.00846,-0.00383,-0.1226,-0.19231,-0.24672,-0.25551,-0.20382,-0.13855,-0.08287,0.04405,0.12059,-0.03061,-0.01015,0.12551,0.17565,0.1542,0.15356,0.10176,0.07961,0.10112,0.1012,0.05377,0.04492,0.06799,0.03273,-0.01474,-0.02106,0.01707,0.04837,0.0871,0.05642,0.10748,0.07193,-0.02765,-0.157,-0.23001,-0.28748,-0.27848,-0.22389,-0.28342,-0.2826,-0.23174,-0.2137,-0.26379,-0.2403,-0.24717,-0.1934,-0.24851,-0.24417,-0.15061,-0.11372,-0.13931,-0.09626,-0.06303,0.01781,-0.02944,-0.10058,-0.13757,-0.11386,-0.08337,0.05126,0.12498,0.19822,0.28453,0.4141,0.44286,0.45877,0.64382,0.74023,0.72448,0.81877,1.0,0.79504,0.63873,0.57249,0.46461,0.33222,0.25276,0.18891,0.03426,0.02823,0.04496,-0.09636,-0.09098,-0.11797,-0.20751,-0.15877,-0.09408,-0.12107,-0.19473,-0.21539,-0.13695,-0.14222,-0.1137,0.00929,0.04715,0.07323,0.21572,0.25278,0.226,0.27621,0.14908,0.12399,-0.04445,-0.11572,-0.08676,-0.16068,-0.2534,-0.24642,-0.23309,-0.28564,-0.2498,-0.26379,-0.23526,-0.2293,-0.2642,-0.19238,-0.19411,-0.20004,-0.20739,-0.17843,-0.22043,-0.2595,-0.16788,-0.00559,0.05385,0.0094,0.19257,0.3758,0.2941,0.29111,0.39723,0.51421,0.52,0.35361,0.24232,0.03269,0.02971,-0.01689,-0.11651,-0.08039
ARG96,0.22112,0.07348,0.15327,0.108,0.04151,0.10495,0.14965,0.08642,-0.03902,-0.01417,-0.10157,-0.18502,-0.20791,-0.21001,-0.19187,-0.08357,-0.05771,-0.02873,0.02583,-0.02043,0.0,-0.00713,0.03542,-0.03461,-0.05906,-0.15383,-0.21744,-0.23852,-0.21666,-0.19982,-0.17298,-0.14757,-0.04655,0.05358,-0.09354,-0.05168,0.05929,0.10323,0.08733,0.05767,-0.01584,-0.04109,-0.02234,-0.03547,-0.09041,-0.10438,-0.0845,-0.09915,-0.12995,-0.13583,-0.10035,-0.07439,-0.04011,-0.06924,0.00587,-0.02187,-0.10271,-0.21807,-0.23709,-0.26024,-0.26885,-0.25808,-0.28929,-0.26796,-0.23844,-0.23573,-0.24603,-0.22517,-0.22484,-0.13823,-0.16411,-0.17867,-0.05894,0.01737,-0.04,0.00985,0.06653,0.19443,0.10782,0.04703,0.06232,0.06459,0.09275,0.25484,0.30229,0.31414,0.35469,0.48547,0.48604,0.47077,0.6388,0.68955,0.74463,0.71119,0.79504,1.0,0.82032,0.6451,0.64132,0.57687,0.47413,0.4026,0.20805,0.18164,0.1925,0.06024,0.01886,-0.00803,-0.09383,-0.03038,0.04239,-0.05029,-0.1114,-0.1161,-0.05291,-0.11571,-0.09847,0.05592,0.05059,0.00958,0.16515,0.22276,0.13334,0.15457,-0.00064,0.01244,-0.13898,-0.20168,-0.13925,-0.19185,-0.28122,-0.25625,-0.21144,-0.27708,-0.23302,-0.23667,-0.1988,-0.18351,-0.25068,-0.18859,-0.19293,-0.2,-0.236,-0.20936,-0.22206,-0.26218,-0.24894,-0.07077,0.02199,-0.16097,-0.07469,0.17196,0.09202,-0.00914,0.09972,0.2997,0.32741,0.27457,0.1006,-0.06588,0.05785,0.0112,-0.06282,0.00169
CYS97,0.26006,0.21135,0.31366,0.26606,0.18122,0.26449,0.29798,0.20043,0.01663,0.03929,-0.10034,-0.27128,-0.2785,-0.31119,-0.30773,-0.24213,-0.20928,-0.1644,-0.05855,-0.06433,-0.0326,-0.01794,0.00143,-0.05804,-0.12541,-0.21674,-0.29507,-0.296,-0.21811,-0.20194,-0.17022,-0.146,-0.08635,0.06759,-0.04913,0.00362,0.03629,0.03555,-0.01504,-0.03626,-0.07268,-0.11198,-0.11093,-0.08442,-0.10689,-0.15017,-0.12695,-0.09523,-0.12108,-0.14864,-0.10618,-0.11867,-0.10692,-0.18137,-0.11956,-0.15427,-0.25972,-0.3389,-0.32611,-0.31575,-0.2888,-0.28995,-0.3196,-0.2478,-0.2028,-0.19875,-0.18284,-0.1433,-0.15433,-0.06115,-0.04407,-0.07569,0.01535,0.11103,0.05718,0.06625,0.07428,0.2002,0.1216,0.08286,0.0742,0.02732,0.06101,0.17278,0.15249,0.09376,0.1396,0.30837,0.28671,0.23141,0.3761,0.45626,0.58727,0.63557,0.63873,0.82032,1.0,0.80613,0.64428,0.68997,0.66327,0.55433,0.35275,0.31395,0.30325,0.15359,0.11988,0.07822,-0.03717,0.03122,0.11351,-0.04011,-0.1074,-0.12902,-0.11454,-0.21069,-0.20361,-0.0806,-0.13071,-0.1801,-0.02586,0.00315,-0.094,-0.05352,-0.1855,-0.09852,-0.19189,-0.27423,-0.20396,-0.17872,-0.25774,-0.25479,-0.1744,-0.19296,-0.16445,-0.13117,-0.06183,-0.02933,-0.07897,-0.03499,-0.03064,-0.02419,-0.03969,-0.04636,-0.08014,-0.09624,-0.08752,0.11069,0.1424,-0.13112,-0.06682,0.15228,-0.03085,-0.13426,-0.00036,0.18532,0.30189,0.35053,0.18183,0.07168,0.22759,0.14494,0.01704,0.04644
ALA98,0.13779,0.17288,0.25992,0.21444,0.13492,0.20532,0.22187,0.14665,0.01521,0.05239,-0.07365,-0.24021,-0.2369,-0.27342,-0.26299,-0.24943,-0.25339,-0.21525,-0.11478,-0.11283,-0.07482,-0.06095,-0.046,-0.11244,-0.19255,-0.25036,-0.31099,-0.28342,-0.19413,-0.19834,-0.19937,-0.18226,-0.16401,-0.00828,-0.06213,-0.00981,-0.03507,-0.04819,-0.09046,-0.08681,-0.11239,-0.16061,-0.14668,-0.11206,-0.13293,-0.17191,-0.12664,-0.09727,-0.12178,-0.13878,-0.09407,-0.09682,-0.09561,-0.16185,-0.12655,-0.16255,-0.22787,-0.2784,-0.24485,-0.23983,-0.2075,-0.21836,-0.25329,-0.19167,-0.15442,-0.15083,-0.14197,-0.09904,-0.10929,-0.04788,0.00531,-0.01756,0.03109,0.13886,0.12987,0.09428,0.09075,0.22357,0.12015,0.09268,0.09593,0.0505,0.06494,0.14876,0.11067,0.05052,0.09968,0.21193,0.18176,0.15164,0.27243,0.31414,0.41756,0.50648,0.57249,0.6451,0.80613,1.0,0.7383,0.62487,0.65715,0.57008,0.37613,0.32064,0.30179,0.17712,0.12827,0.09136,-0.01571,0.05502,0.15571,-0.00252,-0.06627,-0.0782,-0.08006,-0.15688,-0.15869,-0.05698,-0.10316,-0.1538,-0.02231,-0.01293,-0.10098,-0.0746,-0.18071,-0.10657,-0.18462,-0.25435,-0.18092,-0.13683,-0.20609,-0.20388,-0.10699,-0.09191,-0.07859,-0.04059,0.02667,0.06123,0.02851,0.04907,0.06317,0.07016,0.0625,0.04384,0.00343,0.01379,0.04475,0.18224,0.19692,0.01776,0.05025,0.19629,0.05868,-0.0203,0.05832,0.15552,0.23698,0.2431,0.1474,0.05949,0.14582,0.07846,-0.00864,0.02109
LEU99,0.0898,0.13347,0.22344,0.18523,0.10583,0.16543,0.23504,0.15565,0.02561,0.09744,-0.00407,-0.12123,-0.10795,-0.12533,-0.11392,-0.13179,-0.18804,-0.11646,-0.06361,-0.08968,-0.04747,-0.08259,-0.06294,-0.17343,-0.24143,-0.258,-0.27037,-0.20413,-0.13439,-0.19492,-0.23418,-0.25686,-0.26839,-0.12297,-0.20024,-0.13621,-0.14053,-0.13659,-0.1348,-0.15495,-0.22896,-0.27064,-0.22793,-0.23285,-0.27781,-0.28741,-0.23444,-0.21954,-0.22888,-0.218,-0.18376,-0.15469,-0.14465,-0.17242,-0.13391,-0.16526,-0.14982,-0.17876,-0.11519,-0.10056,-0.10996,-0.15891,-0.18187,-0.1397,-0.13973,-0.14994,-0.12588,-0.09506,-0.08434,-0.02495,0.02685,0.00785,0.07731,0.17911,0.13834,0.16236,0.1944,0.33965,0.20391,0.18125,0.23928,0.19095,0.22359,0.36001,0.2895,0.22303,0.25041,0.31096,0.24091,0.20916,0.30599,0.27473,0.34907,0.3707,0.46461,0.64132,0.64428,0.7383,1.0,0.78978,0.67793,0.62595,0.43951,0.36249,0.32899,0.25235,0.19421,0.17768,0.0845,0.16175,0.27511,0.09114,0.03548,0.06419,0.05364,-0.03058,-0.0304,0.07394,0.02055,-0.06376,0.03978,0.0687,-0.03926,-0.04776,-0.1561,-0.10867,-0.18349,-0.23277,-0.14234,-0.10588,-0.17793,-0.1565,-0.03919,-0.06069,-0.06256,-0.03698,0.00928,0.05308,-0.01604,-0.0172,0.00288,0.02774,-0.00658,-0.01601,-0.00833,0.0197,-0.01362,0.06909,0.17982,0.01776,-0.0389,0.13764,0.12015,-0.03861,-0.0551,0.07484,0.05067,0.05772,-0.06756,-0.10791,0.01424,-0.03527,-0.03516,0.00912
ILE100,0.15047,0.24673,0.35996,0.33569,0.24522,0.31347,0.40991,0.30319,0.09965,0.16272,0.02773,-0.13825,-0.1162,-0.14994,-0.17067,-0.20383,-0.24456,-0.13925,-0.05901,-0.05537,-0.0017,-0.03089,-0.03998,-0.1413,-0.23482,-0.24503,-0.27684,-0.20726,-0.09697,-0.1449,-0.18294,-0.21937,-0.26176,-0.08256,-0.17377,-0.11225,-0.13873,-0.17168,-0.19502,-0.23442,-0.29466,-0.33368,-0.31754,-0.31068,-0.32774,-0.35511,-0.32005,-0.26971,-0.25994,-0.26734,-0.23508,-0.2394,-0.24993,-0.30827,-0.26429,-0.28245,-0.29037,-0.30153,-0.21036,-0.14513,-0.15037,-0.21538,-0.19534,-0.11379,-0.12045,-0.12399,-0.05082,-0.01738,-0.00788,0.08577,0.15345,0.12312,0.20268,0.31082,0.22297,0.25949,0.25653,0.36441,0.24238,0.22823,0.25296,0.15663,0.21035,0.33884,0.22708,0.09083,0.11825,0.2484,0.15305,0.05611,0.14974,0.15749,0.30412,0.31899,0.33222,0.57687,0.68997,0.62487,0.78978,1.0,0.8618,0.72936,0.6056,0.54295,0.46564,0.35943,0.33068,0.29607,0.17868,0.23458,0.32596,0.12604,0.05643,0.0414,-0.01255,-0.12882,-0.12006,-0.03396,-0.14277,-0.23996,-0.13371,-0.11707,-0.2334,-0.226,-0.31682,-0.2118,-0.23714,-0.28673,-0.1984,-0.12407,-0.17943,-0.1694,-0.04352,-0.05627,-0.05644,0.00264,0.07435,0.13216,0.06996,0.06273,0.08291,0.11839,0.0819,0.07495,0.08802,0.09711,0.02245,0.14148,0.22451,-0.0578,-0.13978,0.045,-0.05806,-0.24756,-0.22681,-0.04949,0.01139,0.12533,-0.03091,-0.03786,0.14323,0.05692,-0.00051,0.01841
ASN101,0.12986,0.25322,0.36398,0.35118,0.26538,0.32734,0.41813,0.30188,0.0707,0.1212,-0.01214,-0.20086,-0.1545,-0.22862,-0.25425,-0.31718,-0.34483,-0.24697,-0.13983,-0.1105,-0.05815,-0.06119,-0.09501,-0.17129,-0.28056,-0.26446,-0.30825,-0.22899,-0.0829,-0.11964,-0.14783,-0.17355,-0.24943,-0.04534,-0.15763,-0.07452,-0.17579,-0.22482,-0.2693,-0.28751,-0.31246,-0.35866,-0.34649,-0.29997,-0.29799,-0.33561,-0.28705,-0.21634,-0.2075,-0.21838,-0.1827,-0.20632,-0.24339,-0.32658,-0.31229,-0.34748,-0.37051,-0.3375,-0.22948,-0.15212,-0.11595,-0.17499,-0.17285,-0.06972,-0.0561,-0.06329,0.00617,0.047,0.0231,0.12104,0.21365,0.14243,0.2051,0.33964,0.2611,0.24205,0.24402,0.3438,0.21384,0.21507,0.23566,0.12141,0.15237,0.24334,0.12252,-0.04756,-0.01464,0.13695,0.02085,-0.07989,0.02387,0.06471,0.24402,0.28702,0.25276,0.47413,0.66327,0.65715,0.67793,0.8618,1.0,0.84295,0.64637,0.62263,0.5781,0.43616,0.35464,0.27836,0.15913,0.24736,0.33272,0.09377,0.05894,0.03031,-0.05647,-0.16625,-0.15095,-0.09607,-0.22721,-0.31147,-0.20308,-0.20968,-0.32788,-0.29503,-0.37016,-0.22125,-0.22219,-0.2804,-0.18676,-0.08318,-0.12249,-0.11665,0.02245,0.03131,0.0307,0.09239,0.15731,0.21039,0.17169,0.15257,0.17333,0.19975,0.18108,0.13709,0.12104,0.15326,0.09481,0.23111,0.26126,-0.04794,-0.10679,0.05123,-0.12637,-0.28885,-0.23794,-0.08822,0.02418,0.16665,0.02733,0.03051,0.2262,0.11757,0.02155,0.06201
MET102,0.08092,0.18759,0.26342,0.26076,0.19113,0.24009,0.30646,0.218,0.07085,0.07851,-0.02253,-0.15525,-0.11222,-0.18867,-0.21403,-0.2966,-0.35643,-0.25752,-0.17203,-0.15314,-0.09742,-0.12714,-0.15322,-0.259,-0.35237,-0.3049,-0.3475,-0.22769,-0.09027,-0.12262,-0.17558,-0.20784,-0.29571,-0.09452,-0.26673,-0.17157,-0.28634,-0.29427,-0.30947,-0.31129,-0.35913,-0.41472,-0.36919,-0.33699,-0.35324,-0.37738,-0.31863,-0.2496,-0.227,-0.21202,-0.1855,-0.20856,-0.25512,-0.318,-0.3228,-0.36593,-0.34515,-0.28756,-0.15794,-0.08067,-0.04624,-0.11774,-0.11872,-0.02168,-0.01586,-0.05157,0.01093,0.05493,0.03655,0.13205,0.19294,0.11511,0.2133,0.34482,0.23493,0.21276,0.26568,0.32184,0.16433,0.19188,0.27275,0.19158,0.20847,0.28131,0.13962,-0.01409,0.01997,0.11924,-0.025,-0.07979,0.01865,0.04208,0.1972,0.22116,0.18891,0.4026,0.55433,0.57008,0.62595,0.72936,0.84295,1.0,0.75497,0.65603,0.69901,0.59598,0.41415,0.31331,0.2226,0.34971,0.43532,0.16106,0.15016,0.15949,0.05324,-0.04288,-0.0097,0.01167,-0.10717,-0.17913,-0.12028,-0.13433,-0.23929,-0.22993,-0.27662,-0.16226,-0.14896,-0.16926,-0.08492,-0.03019,-0.04993,-0.00323,0.10286,0.07537,0.08949,0.15606,0.20388,0.24202,0.1975,0.164,0.17281,0.17181,0.14515,0.0964,0.08002,0.1138,0.04854,0.1361,0.16952,-0.08661,-0.14716,-0.01021,-0.15832,-0.30351,-0.2445,-0.11619,-0.02817,0.11063,-0.00841,-0.02779,0.16445,0.09215,0.02673,0.11774
VAL103,0.01379,0.16533,0.21551,0.21031,0.18322,0.20933,0.23899,0.18931,0.10353,0.12302,0.08242,0.04928,0.08478,0.02298,-0.05272,-0.19224,-0.28184,-0.14755,-0.12439,-0.09459,-0.04658,-0.11056,-0.14351,-0.2534,-0.31893,-0.20981,-0.22226,-0.05946,0.05971,0.01471,-0.10243,-0.18941,-0.34002,-0.21336,-0.31822,-0.25878,-0.37886,-0.36833,-0.35508,-0.37185,-0.43425,-0.48527,-0.45764,-0.46795,-0.47082,-0.49288,-0.46226,-0.38824,-0.32266,-0.30308,-0.30596,-0.32657,-0.3748,-0.40319,-0.39268,-0.40433,-0.32374,-0.24962,-0.09472,0.0306,0.03461,-0.06288,0.0054,0.09307,0.05942,0.05618,0.16443,0.18755,0.23848,0.32201,0.3578,0.33174,0.43516,0.52355,0.40548,0.42784,0.45403,0.41091,0.24234,0.28148,0.31066,0.20352,0.21712,0.30285,0.16783,-0.02474,0.0008,0.08544,-0.07599,-0.16812,-0.10356,-0.09886,0.03922,0.05626,0.03426,0.20805,0.35275,0.37613,0.43951,0.6056,0.64637,0.75497,1.0,0.83432,0.70592,0.67828,0.66144,0.58982,0.46502,0.49763,0.54509,0.31251,0.26633,0.20951,0.07789,-0.02281,-0.00459,0.02899,-0.12022,-0.22934,-0.19129,-0.19495,-0.29571,-0.32054,-0.35533,-0.27468,-0.22248,-0.20634,-0.14813,-0.10388,-0.08238,-0.02173,0.06176,0.05406,0.06867,0.16234,0.20985,0.26208,0.22415,0.1657,0.21043,0.2336,0.18571,0.17262,0.19212,0.19676,0.09635,0.11838,0.13618,-0.03221,-0.13385,-0.05944,-0.15519,-0.27815,-0.25794,-0.17882,-0.10622,0.04167,-0.02767,0.00088,0.08987,0.03585,-0.05105,-0.01338
PHE104,0.02441,0.15171,0.19957,0.18461,0.18307,0.2203,0.24614,0.15936,0.02198,0.03823,0.05405,0.09357,0.1455,0.03149,-0.07737,-0.23094,-0.26913,-0.13921,-0.12022,-0.08101,-0.04154,-0.09405,-0.13529,-0.20731,-0.24813,-0.09639,-0.15111,0.01844,0.14617,0.1261,0.04926,-0.02525,-0.19994,-0.07853,-0.38181,-0.2842,-0.43086,-0.36584,-0.37145,-0.38314,-0.42338,-0.46264,-0.45895,-0.44205,-0.39666,-0.42229,-0.41204,-0.31587,-0.23267,-0.22819,-0.24807,-0.29688,-0.37694,-0.42138,-0.43316,-0.42931,-0.36496,-0.2632,-0.11775,0.03082,0.0555,-0.01261,0.06834,0.15852,0.13596,0.14996,0.27502,0.28861,0.31286,0.41926,0.42198,0.36845,0.48992,0.57776,0.44247,0.46908,0.50202,0.40252,0.26798,0.30046,0.26184,0.09977,0.07572,0.17896,0.11368,-0.12502,-0.09403,0.07387,-0.095,-0.20995,-0.12415,-0.07858,0.06332,0.0832,0.02823,0.18164,0.31395,0.32064,0.36249,0.54295,0.62263,0.65603,0.83432,1.0,0.84659,0.70468,0.65256,0.49329,0.37684,0.45039,0.39998,0.18124,0.20185,0.13114,2e-05,-0.09468,-0.06114,-0.02338,-0.1899,-0.28366,-0.219,-0.22987,-0.32989,-0.32986,-0.3703,-0.27846,-0.22711,-0.20467,-0.16046,-0.12966,-0.07755,-0.01252,0.04525,0.04562,0.08902,0.19873,0.23251,0.25849,0.21663,0.18651,0.22416,0.21731,0.1769,0.12306,0.1237,0.13102,0.02994,0.05275,0.06742,-0.08539,-0.13641,-0.03381,-0.1684,-0.27049,-0.21528,-0.13046,-0.04365,0.09477,0.0116,0.00164,0.06238,-0.00247,-0.10344,-0.03851
GLN105,0.03144,0.10054,0.13005,0.13198,0.13465,0.17166,0.21137,0.13602,0.03834,0.01113,0.00577,0.02294,0.06668,-0.06975,-0.15334,-0.28613,-0.32167,-0.21674,-0.17129,-0.13119,-0.09068,-0.13286,-0.17558,-0.25664,-0.30599,-0.16816,-0.22886,-0.06871,0.05212,0.05949,0.01192,-0.03604,-0.16652,-0.01207,-0.41793,-0.32207,-0.44596,-0.37362,-0.38431,-0.37714,-0.41616,-0.46052,-0.43886,-0.39817,-0.35739,-0.37523,-0.33999,-0.24317,-0.17505,-0.15691,-0.16924,-0.22047,-0.31199,-0.36876,-0.40846,-0.43114,-0.37985,-0.25465,-0.11295,0.01536,0.0641,0.00693,0.04779,0.14578,0.15042,0.12602,0.21519,0.24983,0.23588,0.32643,0.30842,0.24661,0.38374,0.46832,0.31768,0.33524,0.4118,0.31372,0.16013,0.18426,0.203,0.0693,0.04917,0.14574,0.06713,-0.13397,-0.08613,0.0624,-0.10976,-0.18286,-0.08694,-0.02489,0.1052,0.12191,0.04496,0.1925,0.30325,0.30179,0.32899,0.46564,0.5781,0.69901,0.70592,0.84659,1.0,0.80432,0.61428,0.40679,0.3436,0.49493,0.40367,0.15959,0.21697,0.17838,0.03372,-0.04555,0.02545,0.03114,-0.1303,-0.18494,-0.1329,-0.17138,-0.25378,-0.23691,-0.26262,-0.17763,-0.13399,-0.10515,-0.05543,-0.05169,-0.00465,0.07952,0.12688,0.10111,0.15577,0.25124,0.27706,0.2879,0.2488,0.21386,0.23226,0.1971,0.15361,0.09043,0.07515,0.08352,-0.00231,0.00825,0.04437,-0.10308,-0.12489,-0.01179,-0.15741,-0.24466,-0.15974,-0.07431,-0.00463,0.10851,0.02722,-0.03643,0.05262,0.00406,-0.08432,0.03885
MET106,-0.03631,0.0953,0.11965,0.11958,0.12813,0.16697,0.18264,0.14735,0.11348,0.12051,0.0982,0.08735,0.11913,0.04597,-0.02813,-0.16771,-0.25758,-0.15396,-0.1483,-0.1167,-0.08332,-0.13447,-0.17138,-0.26151,-0.30496,-0.17694,-0.18851,-0.01902,0.07975,0.04787,-0.04767,-0.12253,-0.25562,-0.16324,-0.34898,-0.28351,-0.40818,-0.37819,-0.36603,-0.36494,-0.41106,-0.45503,-0.42577,-0.42378,-0.39649,-0.41332,-0.39177,-0.30592,-0.23204,-0.21944,-0.23346,-0.27186,-0.33934,-0.36137,-0.38197,-0.38409,-0.28681,-0.17292,-0.02512,0.09592,0.10756,0.02082,0.07087,0.17026,0.1409,0.09385,0.19303,0.21894,0.24016,0.28229,0.31224,0.28047,0.36342,0.42566,0.31839,0.34001,0.40532,0.2968,0.16619,0.21888,0.27926,0.18702,0.16861,0.21169,0.10695,-0.06577,-0.04769,0.01049,-0.16254,-0.21136,-0.15736,-0.16021,-0.05153,-0.05775,-0.09636,0.06024,0.15359,0.17712,0.25235,0.35943,0.43616,0.59598,0.67828,0.70468,0.80432,1.0,0.69656,0.47752,0.45964,0.57806,0.49183,0.26267,0.31639,0.27513,0.11408,0.02813,0.08619,0.07256,-0.07086,-0.14763,-0.14245,-0.16301,-0.24277,-0.26757,-0.27249,-0.21946,-0.14962,-0.11611,-0.07497,-0.05486,0.00225,0.08114,0.11877,0.11014,0.13587,0.23786,0.27188,0.30063,0.25755,0.1905,0.21886,0.21756,0.17851,0.13324,0.15732,0.16075,0.06257,0.00761,0.02892,-0.06813,-0.15928,-0.12665,-0.17817,-0.25917,-0.2437,-0.20649,-0.17354,-0.05107,-0.09831,-0.09231,-0.02262,-0.03565,-0.05388,0.05338
GLY107,-0.02658,0.10489,0.12775,0.13646,0.15125,0.15301,0.19441,0.1778,0.0878,0.1251,0.09267,0.12588,0.14485,0.08988,0.0127,-0.11597,-0.18824,-0.07489,-0.08773,-0.05588,-0.02041,-0.08866,-0.11647,-0.19161,-0.21988,-0.1107,-0.11062,0.02503,0.09715,0.06552,-0.03951,-0.11225,-0.23404,-0.17902,-0.29323,-0.27102,-0.34638,-0.32092,-0.29796,-0.32096,-0.37696,-0.41638,-0.40247,-0.42084,-0.41742,-0.44014,-0.43939,-0.37827,-0.30021,-0.29183,-0.32169,-0.33147,-0.36218,-0.34872,-0.33078,-0.33397,-0.24509,-0.15394,-0.02522,0.08701,0.09643,0.02046,0.07527,0.14464,0.1043,0.10457,0.19945,0.20732,0.25482,0.30459,0.32335,0.30304,0.38339,0.42171,0.33752,0.4151,0.44412,0.3431,0.24976,0.29181,0.2763,0.12326,0.14712,0.22801,0.11204,-0.08336,-0.0599,0.02773,-0.12109,-0.22424,-0.17904,-0.17511,-0.07689,-0.06505,-0.09098,0.01886,0.11988,0.12827,0.19421,0.33068,0.35464,0.41415,0.66144,0.65256,0.61428,0.69656,1.0,0.79017,0.64748,0.67735,0.53848,0.32087,0.29813,0.23258,0.08544,-0.00831,0.03038,0.05921,-0.0856,-0.182,-0.16711,-0.1692,-0.24929,-0.28018,-0.30762,-0.27568,-0.23304,-0.19277,-0.14084,-0.1373,-0.08667,-8e-05,0.05216,0.03774,0.07406,0.1836,0.23541,0.28209,0.22961,0.17899,0.23042,0.24523,0.18571,0.1672,0.18673,0.18757,0.08612,0.04664,0.05814,-0.0162,-0.10215,-0.08961,-0.13235,-0.19673,-0.18896,-0.16088,-0.11346,0.00284,-0.00995,0.01204,0.0261,-0.01562,-0.13838,-0.12558
GLU108,-0.04744,0.10375,0.11329,0.11744,0.11167,0.09438,0.11883,0.13057,0.09875,0.12427,0.09476,0.14978,0.16556,0.15272,0.09529,-0.01494,-0.11061,0.00621,-0.03209,-0.01727,0.01419,-0.06346,-0.08699,-0.17923,-0.21327,-0.12345,-0.08672,0.02518,0.06541,0.02986,-0.11575,-0.20072,-0.3182,-0.26909,-0.23946,-0.2404,-0.28962,-0.28979,-0.24704,-0.28296,-0.35919,-0.39516,-0.37045,-0.42601,-0.46033,-0.47611,-0.46421,-0.43073,-0.3653,-0.34159,-0.36064,-0.33657,-0.33739,-0.30656,-0.27513,-0.2746,-0.16437,-0.10286,0.01654,0.11814,0.07038,-0.02497,0.07367,0.09781,0.01084,0.03542,0.13112,0.12612,0.19421,0.25054,0.28261,0.27422,0.35167,0.39725,0.32515,0.40584,0.44314,0.358,0.22615,0.27299,0.27229,0.14505,0.20999,0.32056,0.1537,0.00192,0.0242,0.05334,-0.06801,-0.16543,-0.16381,-0.20367,-0.12707,-0.12587,-0.11797,-0.00803,0.07822,0.09136,0.17768,0.29607,0.27836,0.31331,0.58982,0.49329,0.40679,0.47752,0.79017,1.0,0.79961,0.65951,0.65512,0.55709,0.37695,0.29859,0.16857,0.08898,0.10001,0.12616,0.02355,-0.08492,-0.11317,-0.09788,-0.16723,-0.22911,-0.24837,-0.25646,-0.22236,-0.15586,-0.10892,-0.12156,-0.07757,0.00808,0.05332,0.0131,0.0429,0.13747,0.18458,0.24252,0.17398,0.12615,0.18388,0.21059,0.13682,0.14646,0.19034,0.19059,0.07166,0.03493,0.05706,-0.0011,-0.12937,-0.1509,-0.12961,-0.19932,-0.22415,-0.20015,-0.18421,-0.07398,-0.05621,0.00556,0.02214,-0.0031,-0.09175,-0.14621
THR109,-0.10734,0.0353,0.031,0.0437,0.04947,0.05024,0.06941,0.08709,0.14866,0.15836,0.15611,0.19286,0.19818,0.1921,0.1441,0.00957,-0.11976,0.00145,-0.04228,-0.0296,0.0011,-0.0782,-0.10952,-0.21215,-0.25268,-0.13733,-0.07954,0.04927,0.09273,0.03776,-0.12303,-0.20151,-0.3254,-0.28915,-0.23771,-0.25512,-0.31368,-0.33709,-0.28863,-0.31987,-0.38907,-0.41868,-0.39391,-0.4572,-0.4857,-0.48508,-0.47198,-0.45246,-0.3838,-0.34319,-0.366,-0.33722,-0.33386,-0.28051,-0.24412,-0.23522,-0.10643,-0.03221,0.0884,0.19019,0.13763,0.0231,0.12736,0.15772,0.0568,0.05013,0.13887,0.13565,0.18653,0.20368,0.24903,0.25027,0.29072,0.3203,0.26486,0.33254,0.36162,0.27761,0.18018,0.19431,0.22847,0.15808,0.22373,0.28631,0.14116,0.01754,0.04774,0.00379,-0.1359,-0.19036,-0.20486,-0.26078,-0.20267,-0.21435,-0.20751,-0.09383,-0.03717,-0.01571,0.0845,0.17868,0.15913,0.2226,0.46502,0.37684,0.3436,0.45964,0.64748,0.79961,1.0,0.82551,0.6718,0.66621,0.56273,0.44966,0.28176,0.18962,0.21164,0.22321,0.10796,-0.00145,-0.04484,-0.04067,-0.10873,-0.18161,-0.1787,-0.20277,-0.15852,-0.07379,-0.02692,-0.0515,-0.00585,0.10274,0.1432,0.09865,0.14147,0.22712,0.25268,0.29138,0.23187,0.16352,0.21534,0.21683,0.14555,0.13322,0.18884,0.20616,0.08558,-0.01209,0.01391,0.00814,-0.14279,-0.19239,-0.1338,-0.19148,-0.23957,-0.23983,-0.25761,-0.17782,-0.1452,-0.08833,-0.06293,-0.07221,-0.08174,-0.08885
GLY110,-0.07341,0.05203,0.047,0.06388,0.07083,0.07826,0.11194,0.1068,0.13659,0.14343,0.12704,0.15415,0.1609,0.11348,0.06537,-0.08367,-0.21913,-0.10287,-0.12401,-0.09239,-0.04717,-0.12654,-0.16002,-0.27857,-0.33551,-0.20918,-0.15177,-0.00378,0.06027,0.00556,-0.13992,-0.22119,-0.33548,-0.26669,-0.30147,-0.3186,-0.38222,-0.40813,-0.3674,-0.3801,-0.44564,-0.48596,-0.451,-0.47702,-0.48515,-0.48143,-0.44393,-0.40138,-0.33335,-0.28594,-0.30514,-0.29763,-0.3208,-0.29351,-0.28791,-0.30356,-0.17156,-0.06481,0.07269,0.16715,0.15236,0.04576,0.1055,0.16157,0.0992,0.05731,0.13724,0.15076,0.18037,0.19362,0.21892,0.21603,0.27156,0.30066,0.22593,0.29016,0.344,0.26424,0.16276,0.1824,0.25054,0.17037,0.22001,0.27986,0.12835,-0.01177,0.03093,-0.00327,-0.16703,-0.19966,-0.17424,-0.22095,-0.1544,-0.16288,-0.15877,-0.03038,0.03122,0.05502,0.16175,0.23458,0.24736,0.34971,0.49763,0.45039,0.49493,0.57806,0.67735,0.65951,0.82551,1.0,0.76146,0.57671,0.58928,0.52447,0.32729,0.2197,0.25943,0.26745,0.13559,0.02772,0.00135,-0.00535,-0.08525,-0.15019,-0.15861,-0.17236,-0.13459,-0.04889,0.01004,-0.02769,0.01464,0.1424,0.18671,0.13127,0.18717,0.27133,0.29966,0.32768,0.26985,0.20072,0.2468,0.22949,0.15638,0.12533,0.16005,0.17959,0.0757,-0.01185,0.021,-0.00697,-0.14376,-0.16893,-0.1399,-0.20389,-0.22685,-0.21786,-0.22354,-0.13068,-0.12274,-0.10257,-0.04971,-0.06357,-0.08999,-0.05857
VAL111,-0.05457,0.07768,0.08889,0.11304,0.07731,0.07473,0.10863,0.11187,0.14634,0.16273,0.10804,0.10189,0.11875,0.096,0.07686,-0.0479,-0.20471,-0.09676,-0.11676,-0.08452,-0.03919,-0.12231,-0.1534,-0.29049,-0.36335,-0.26725,-0.19532,-0.05932,0.00787,-0.06463,-0.22147,-0.30947,-0.40884,-0.32185,-0.28216,-0.3044,-0.34662,-0.39312,-0.34664,-0.35978,-0.43627,-0.47849,-0.4196,-0.44645,-0.48581,-0.47841,-0.40825,-0.38548,-0.34677,-0.28224,-0.27719,-0.24763,-0.25381,-0.23471,-0.23631,-0.27319,-0.12906,-0.05388,0.08941,0.15956,0.11624,0.00059,0.05904,0.10017,0.01269,-0.02525,0.05377,0.06006,0.08982,0.11708,0.15796,0.14468,0.20226,0.25166,0.17294,0.21511,0.27526,0.27085,0.1142,0.16254,0.27575,0.22475,0.31535,0.3837,0.16282,0.06443,0.11542,0.0335,-0.11212,-0.12009,-0.10705,-0.18235,-0.12213,-0.12787,-0.09408,0.04239,0.11351,0.15571,0.27511,0.32596,0.33272,0.43532,0.54509,0.39998,0.40367,0.49183,0.53848,0.65512,0.6718,0.76146,1.0,0.77332,0.61726,0.57528,0.34962,0.28127,0.31393,0.2859,0.18829,0.08818,0.03707,0.03843,-0.03425,-0.10949,-0.12051,-0.14507,-0.11701,-0.04203,0.02176,-0.00663,0.01149,0.12099,0.17914,0.10419,0.13554,0.20564,0.23921,0.28571,0.22299,0.15946,0.20721,0.21073,0.12986,0.1232,0.16472,0.17305,0.07631,0.02253,0.07168,0.0163,-0.13872,-0.16597,-0.11415,-0.19645,-0.2376,-0.21422,-0.2343,-0.14714,-0.14294,-0.10968,-0.04333,-0.05427,-0.08916,-0.09236
ALA112,-0.09982,-0.02634,-0.02962,-0.00083,-0.04127,-0.04989,-0.03477,-0.01124,0.13783,0.1319,0.1529,0.21373,0.20527,0.21719,0.20711,0.11018,-0.03856,0.04957,-0.00881,0.01188,0.03698,-0.05366,-0.08375,-0.19957,-0.23608,-0.14638,-0.05205,0.05021,0.05685,-0.00471,-0.16747,-0.24354,-0.31193,-0.30349,-0.21612,-0.26903,-0.25892,-0.28787,-0.22801,-0.25536,-0.32698,-0.34139,-0.30323,-0.36709,-0.40615,-0.38518,-0.33391,-0.34999,-0.3201,-0.2473,-0.24993,-0.203,-0.18089,-0.13016,-0.11409,-0.1229,0.02635,0.07108,0.17877,0.24216,0.15806,0.03826,0.13783,0.14547,0.00995,-0.0152,0.05871,0.03843,0.06554,0.06978,0.09194,0.0885,0.10914,0.12178,0.07518,0.11719,0.1544,0.13635,0.02563,0.02626,0.10856,0.10294,0.22138,0.2894,0.11032,0.09846,0.1539,0.02145,-0.06507,-0.02874,-0.06538,-0.15233,-0.15396,-0.17279,-0.12107,-0.05029,-0.04011,-0.00252,0.09114,0.12604,0.09377,0.16106,0.31251,0.18124,0.15959,0.26267,0.32087,0.55709,0.66621,0.57671,0.77332,1.0,0.75261,0.54783,0.34212,0.30606,0.33817,0.30382,0.24889,0.18161,0.10083,0.11122,0.07528,-0.01652,-0.00488,-0.09046,-0.07733,0.02878,0.05791,-0.01784,0.01538,0.12491,0.13446,0.05794,0.10728,0.17555,0.18252,0.2124,0.14131,0.09548,0.14586,0.13201,0.03693,0.04335,0.11011,0.11057,0.01024,-0.07384,-0.00783,0.03355,-0.10395,-0.1673,-0.049,-0.09768,-0.1634,-0.16944,-0.22914,-0.21465,-0.16218,-0.14728,-0.15384,-0.1337,-0.11769,-0.12999
GLY113,-0.15196,-0.04339,-0.06177,-0.0371,-0.05532,-0.06303,-0.06294,-0.06136,0.07172,0.05095,0.12113,0.21942,0.22817,0.21816,0.20856,0.05658,-0.1092,-0.0228,-0.09434,-0.07148,-0.03823,-0.12516,-0.17424,-0.28416,-0.30911,-0.17714,-0.06828,0.07844,0.0958,0.01595,-0.15118,-0.23996,-0.33957,-0.34217,-0.28941,-0.31333,-0.35631,-0.37146,-0.30255,-0.31298,-0.38232,-0.40247,-0.3564,-0.40057,-0.41662,-0.38422,-0.32575,-0.32247,-0.28064,-0.19893,-0.20737,-0.17844,-0.18754,-0.1388,-0.15069,-0.17268,0.00452,0.09882,0.23879,0.31064,0.26613,0.14099,0.20522,0.23391,0.12549,0.05895,0.11542,0.11071,0.1313,0.09758,0.12774,0.13859,0.12996,0.13133,0.10256,0.12812,0.16498,0.12679,0.04976,0.04344,0.1373,0.14127,0.2065,0.24185,0.10058,0.06676,0.1077,-0.03444,-0.13926,-0.08389,-0.11039,-0.20549,-0.21076,-0.24107,-0.19473,-0.1114,-0.1074,-0.06627,0.03548,0.05643,0.05894,0.15016,0.26633,0.20185,0.21697,0.31639,0.29813,0.37695,0.56273,0.58928,0.61726,0.75261,1.0,0.7699,0.50717,0.40837,0.44548,0.41766,0.2975,0.2139,0.15097,0.12737,0.0728,-0.01691,0.00778,-0.05557,-0.01715,0.11568,0.1381,0.06096,0.11772,0.2443,0.26458,0.17855,0.23522,0.2986,0.2736,0.27966,0.23765,0.16983,0.18942,0.14468,0.07871,0.04533,0.09141,0.11917,0.02423,-0.09403,-0.04849,0.00748,-0.14687,-0.21893,-0.11432,-0.1609,-0.22593,-0.24022,-0.28732,-0.24886,-0.20996,-0.19517,-0.17142,-0.14865,-0.10756,-0.06332
PHE114,-0.15201,-0.05972,-0.08996,-0.05252,-0.06409,-0.08384,-0.06314,-0.03484,0.08333,0.04644,0.06255,0.14372,0.16223,0.15485,0.18309,0.04048,-0.16229,-0.09665,-0.16652,-0.14764,-0.10796,-0.19233,-0.22931,-0.34597,-0.38625,-0.26919,-0.13957,0.00091,0.01104,-0.08122,-0.22752,-0.3141,-0.39491,-0.37125,-0.29423,-0.33345,-0.37088,-0.40163,-0.3214,-0.31193,-0.39107,-0.4259,-0.337,-0.37723,-0.42459,-0.38657,-0.29965,-0.3126,-0.28885,-0.18336,-0.17804,-0.12889,-0.12818,-0.07098,-0.0999,-0.14757,0.04722,0.1412,0.26974,0.29689,0.26094,0.1554,0.16499,0.1654,0.09094,0.01855,0.03622,0.04881,0.07597,0.02646,0.05129,0.07049,0.06021,0.05855,0.03516,0.04846,0.10106,0.1002,0.01813,0.04173,0.19242,0.21347,0.27891,0.28685,0.11755,0.13015,0.17042,-0.04567,-0.1433,-0.03932,-0.08099,-0.22198,-0.24605,-0.28402,-0.21539,-0.1161,-0.12902,-0.0782,0.06419,0.0414,0.03031,0.15949,0.20951,0.13114,0.17838,0.27513,0.23258,0.29859,0.44966,0.52447,0.57528,0.54783,0.7699,1.0,0.76253,0.67956,0.68513,0.59008,0.47881,0.38558,0.2675,0.22022,0.16277,0.04951,0.10497,0.04005,0.07856,0.23089,0.27517,0.19056,0.22726,0.36685,0.404,0.26624,0.27301,0.29932,0.26031,0.27109,0.24685,0.14403,0.14986,0.11358,0.06767,0.05571,0.10618,0.14698,0.06624,-0.05733,-0.00351,0.04889,-0.12723,-0.21459,-0.09248,-0.15173,-0.23912,-0.2572,-0.33499,-0.28593,-0.25064,-0.21357,-0.16104,-0.14858,-0.08853,-0.04478
THR115,-0.15233,-0.09744,-0.13583,-0.09431,-0.10486,-0.12161,-0.12194,-0.08093,0.0495,-0.00076,0.04383,0.15032,0.16882,0.19125,0.22928,0.13938,-0.03177,0.01484,-0.0764,-0.09898,-0.07891,-0.15414,-0.17522,-0.26983,-0.27186,-0.18231,-0.06134,0.02349,-0.00752,-0.08419,-0.211,-0.28042,-0.3241,-0.31824,-0.25038,-0.28625,-0.28333,-0.28393,-0.19379,-0.19396,-0.28506,-0.30636,-0.2159,-0.27967,-0.34184,-0.29596,-0.22997,-0.26752,-0.24873,-0.15018,-0.15511,-0.089,-0.06932,0.00747,-0.00725,-0.03848,0.13717,0.1997,0.29065,0.28254,0.22773,0.14686,0.15087,0.10496,0.03387,-0.01887,-0.02941,-0.03058,0.0033,-0.03951,-0.04315,-0.01095,-0.00856,-0.01804,-0.02853,-0.00147,0.04756,0.0853,0.03025,0.03409,0.17224,0.21978,0.26783,0.30143,0.1974,0.25492,0.26268,0.04904,0.01878,0.12484,0.06052,-0.10209,-0.1668,-0.22951,-0.13695,-0.05291,-0.11454,-0.08006,0.05364,-0.01255,-0.05647,0.05324,0.07789,2e-05,0.03372,0.11408,0.08544,0.16857,0.28176,0.32729,0.34962,0.34212,0.50717,0.76253,1.0,0.79025,0.5914,0.65671,0.64105,0.46954,0.34492,0.36439,0.28678,0.13541,0.15512,0.03628,0.03528,0.1923,0.21599,0.10306,0.12706,0.23451,0.22845,0.13916,0.1361,0.14404,0.10542,0.10754,0.0947,0.04069,0.04085,0.01381,-0.02962,-0.01499,0.0278,0.02249,-0.0286,-0.11766,-0.08542,-0.02238,-0.17532,-0.23038,-0.08504,-0.13102,-0.20814,-0.20965,-0.30847,-0.27589,-0.24496,-0.22784,-0.18459,-0.14422,-0.06444,-0.03083
ASN116,-0.14586,-0.13533,-0.18337,-0.14318,-0.14781,-0.18859,-0.18737,-0.1301,0.02167,-0.04,0.02913,0.16976,0.17965,0.19936,0.25459,0.17432,0.00622,0.0178,-0.07455,-0.09034,-0.07144,-0.13457,-0.15054,-0.24958,-0.25111,-0.16398,-0.02289,0.05212,-0.00336,-0.08278,-0.18804,-0.25581,-0.2766,-0.29436,-0.24576,-0.30239,-0.27299,-0.26116,-0.16503,-0.15652,-0.24219,-0.25321,-0.15286,-0.20868,-0.28043,-0.22326,-0.14313,-0.20685,-0.20309,-0.08902,-0.08764,-0.00377,0.02371,0.10822,0.07555,0.02689,0.21605,0.27755,0.34434,0.3164,0.26129,0.20734,0.19635,0.12908,0.06146,0.01488,-0.01525,-0.02479,0.00203,-0.06576,-0.08997,-0.06476,-0.07821,-0.10424,-0.10841,-0.09871,-0.05354,-0.01629,-0.06427,-0.0636,0.0908,0.15823,0.2228,0.22857,0.10569,0.21384,0.24293,-0.01478,-0.02059,0.14364,0.06519,-0.10702,-0.20057,-0.25368,-0.14222,-0.11571,-0.21069,-0.15688,-0.03058,-0.12882,-0.16625,-0.04288,-0.02281,-0.09468,-0.04555,0.02813,-0.00831,0.08898,0.18962,0.2197,0.28127,0.30606,0.40837,0.67956,0.79025,1.0,0.78002,0.60092,0.67209,0.60875,0.39252,0.36847,0.37169,0.22059,0.30344,0.15528,0.16862,0.34113,0.34715,0.20368,0.20948,0.31465,0.30058,0.1698,0.13963,0.11731,0.06058,0.06557,0.07095,-0.00673,0.007,-0.01593,-0.05847,-0.01894,0.02757,0.02342,-0.01175,-0.11407,-0.05929,0.06346,-0.06861,-0.16886,-0.00755,-0.02801,-0.11857,-0.1667,-0.29502,-0.30119,-0.24669,-0.22375,-0.21739,-0.18966,-0.12543,-0.10188
SER117,-0.13597,-0.17929,-0.21606,-0.17713,-0.18105,-0.21547,-0.18999,-0.1344,0.02996,-0.03243,0.01406,0.13274,0.12782,0.14211,0.19551,0.13255,-0.03706,-0.03001,-0.11805,-0.12513,-0.09953,-0.17101,-0.17431,-0.28441,-0.28529,-0.20953,-0.09193,-0.00533,-0.03656,-0.10426,-0.21147,-0.26893,-0.27375,-0.29706,-0.26385,-0.30729,-0.26835,-0.24577,-0.16394,-0.14307,-0.22111,-0.24897,-0.15433,-0.20154,-0.26659,-0.21976,-0.14856,-0.20155,-0.20095,-0.09661,-0.09466,-0.02125,0.00442,0.08349,0.061,0.01293,0.1734,0.22318,0.29055,0.26505,0.21438,0.16054,0.14586,0.09559,0.0343,-0.01565,-0.04374,-0.04918,-0.02205,-0.0805,-0.11041,-0.08714,-0.08908,-0.10661,-0.12746,-0.10375,-0.04601,-0.04077,-0.09743,-0.09626,0.0423,0.10434,0.17613,0.18301,0.0627,0.17221,0.23226,0.00099,-0.03206,0.12411,0.07429,-0.06414,-0.15732,-0.19879,-0.1137,-0.09847,-0.20361,-0.15869,-0.0304,-0.12006,-0.15095,-0.0097,-0.00459,-0.06114,0.02545,0.08619,0.03038,0.10001,0.21164,0.25943,0.31393,0.33817,0.44548,0.68513,0.5914,0.78002,1.0,0.72689,0.63603,0.68134,0.53269,0.41823,0.41054,0.31492,0.40815,0.28615,0.2894,0.45734,0.47975,0.31153,0.31352,0.45557,0.42974,0.23667,0.20875,0.16567,0.08237,0.08392,0.08166,-0.02275,-0.02833,-0.06057,-0.07888,-0.04652,-0.0038,0.02023,-0.00524,-0.11659,-0.04402,0.08611,-0.01997,-0.10539,0.03429,0.01595,-0.06914,-0.11395,-0.22871,-0.26673,-0.23409,-0.23089,-0.2239,-0.21551,-0.1432,-0.09943
LEU118,-0.14063,-0.1743,-0.19859,-0.15829,-0.17814,-0.21731,-0.21421,-0.16735,-0.03064,-0.06245,0.00223,0.12556,0.12296,0.15977,0.20502,0.17604,0.02853,0.05145,-0.05364,-0.10072,-0.09258,-0.17481,-0.17393,-0.26621,-0.22882,-0.16508,-0.07492,-0.00108,-0.04476,-0.10304,-0.22017,-0.27292,-0.27991,-0.30553,-0.27611,-0.28591,-0.23845,-0.18852,-0.10056,-0.09957,-0.20185,-0.22276,-0.1354,-0.20934,-0.28509,-0.24149,-0.18093,-0.23064,-0.22873,-0.13451,-0.13485,-0.06342,-0.02321,0.05764,0.0651,0.02938,0.17411,0.18141,0.23347,0.22207,0.15522,0.087,0.09704,0.05211,-0.02326,-0.06188,-0.08662,-0.09855,-0.05796,-0.08114,-0.12144,-0.09991,-0.0666,-0.06805,-0.10244,-0.05643,0.02343,0.04048,-0.0198,-0.03367,0.06787,0.14389,0.20275,0.27029,0.22788,0.33456,0.36947,0.18646,0.16787,0.25695,0.23079,0.09899,0.00031,-0.07124,0.00929,0.05592,-0.0806,-0.05698,0.07394,-0.03396,-0.09607,0.01167,0.02899,-0.02338,0.03114,0.07256,0.05921,0.12616,0.22321,0.26745,0.2859,0.30382,0.41766,0.59008,0.65671,0.60092,0.72689,1.0,0.80536,0.67638,0.68385,0.64761,0.53149,0.41098,0.38875,0.24292,0.15607,0.30466,0.35308,0.15679,0.16386,0.29519,0.23778,0.09282,0.11885,0.06567,-0.00079,-0.01844,-0.04209,-0.07565,-0.10026,-0.1482,-0.17528,-0.15017,-0.11721,-0.13025,-0.15161,-0.21988,-0.16566,-0.07228,-0.1479,-0.14965,-0.00969,-0.03683,-0.08507,-0.06681,-0.17249,-0.2339,-0.21637,-0.27212,-0.25419,-0.22015,-0.12707,-0.05888
ARG119,-0.13342,-0.21883,-0.25691,-0.22553,-0.24578,-0.28584,-0.30282,-0.25321,-0.04443,-0.09157,0.00701,0.17338,0.15332,0.20687,0.26876,0.27152,0.12602,0.1216,0.00367,-0.04867,-0.05225,-0.12543,-0.113,-0.20015,-0.15732,-0.11991,-0.00226,0.03478,-0.05565,-0.11126,-0.21516,-0.26274,-0.22339,-0.27614,-0.2141,-0.26566,-0.15957,-0.11534,-0.01729,-0.01459,-0.11893,-0.12539,-0.03162,-0.12167,-0.20669,-0.14792,-0.08976,-0.16934,-0.18235,-0.08087,-0.08152,0.00869,0.06677,0.16308,0.17127,0.14189,0.29381,0.27341,0.29472,0.25026,0.16108,0.11112,0.10887,0.03095,-0.05024,-0.0892,-0.13508,-0.15487,-0.12155,-0.15878,-0.21692,-0.18464,-0.15621,-0.17452,-0.19114,-0.15094,-0.07344,-0.03679,-0.07793,-0.10343,0.01952,0.12457,0.18554,0.24861,0.22274,0.38574,0.40174,0.17789,0.22168,0.37447,0.31241,0.15984,0.01154,-0.06915,0.04715,0.05059,-0.13071,-0.10316,0.02055,-0.14277,-0.22721,-0.10717,-0.12022,-0.1899,-0.1303,-0.07086,-0.0856,0.02355,0.10796,0.13559,0.18829,0.24889,0.2975,0.47881,0.64105,0.67209,0.63603,0.80536,1.0,0.84149,0.689,0.75108,0.71982,0.526,0.50447,0.25803,0.15932,0.3209,0.33382,0.11388,0.08071,0.17824,0.10517,-0.02876,-0.01276,-0.05479,-0.11187,-0.1212,-0.15086,-0.16277,-0.16086,-0.19206,-0.24498,-0.1828,-0.13459,-0.19656,-0.19774,-0.26223,-0.19533,-0.04199,-0.11506,-0.14031,0.06598,0.06715,0.001,-0.00489,-0.16644,-0.26026,-0.21944,-0.28382,-0.29684,-0.23093,-0.12229,-0.05529
MET120,-0.11211,-0.26903,-0.31285,-0.28337,-0.29993,-0.34928,-0.35473,-0.29767,-0.09658,-0.15335,-0.05857,0.11409,0.09011,0.14001,0.22147,0.25243,0.12757,0.08212,-0.01882,-0.06697,-0.07615,-0.13642,-0.11052,-0.1949,-0.14419,-0.12885,-0.01526,0.0004,-0.10676,-0.1426,-0.20264,-0.22832,-0.15212,-0.21142,-0.18393,-0.23999,-0.10834,-0.05694,0.03454,0.0536,-0.03752,-0.04207,0.05574,-0.01528,-0.1014,-0.03422,0.02987,-0.06759,-0.10014,0.00448,0.01172,0.10761,0.17158,0.26081,0.25341,0.20857,0.33012,0.30057,0.2896,0.21209,0.14234,0.1286,0.09796,0.00616,-0.04849,-0.08418,-0.16133,-0.17426,-0.15367,-0.20543,-0.28354,-0.25377,-0.23148,-0.26037,-0.28179,-0.24568,-0.17003,-0.15925,-0.18185,-0.218,-0.11014,-0.00528,0.05889,0.104,0.0811,0.27592,0.32793,0.12339,0.17099,0.34389,0.31345,0.19717,0.02541,-0.02814,0.07323,0.00958,-0.1801,-0.1538,-0.06376,-0.23996,-0.31147,-0.17913,-0.22934,-0.28366,-0.18494,-0.14763,-0.182,-0.08492,-0.00145,0.02772,0.08818,0.18161,0.2139,0.38558,0.46954,0.60875,0.68134,0.67638,0.84149,1.0,0.81279,0.73917,0.79432,0.69279,0.73515,0.50425,0.39274,0.54006,0.5523,0.29529,0.22659,0.30081,0.20586,0.03371,0.03648,-0.05382,-0.13785,-0.16373,-0.18006,-0.19645,-0.21095,-0.26113,-0.29308,-0.21816,-0.19109,-0.23577,-0.20023,-0.24971,-0.17563,0.00609,-0.00483,-0.04532,0.13461,0.18123,0.1239,0.08392,-0.07207,-0.21211,-0.16895,-0.25849,-0.28391,-0.2311,-0.15305,-0.09015
LEU121,-0.06002,-0.23691,-0.25884,-0.23963,-0.26626,-0.30737,-0.29925,-0.25889,-0.13843,-0.1644,-0.11426,0.01469,-0.00429,0.04516,0.1317,0.19425,0.11218,0.07065,-0.00273,-0.06541,-0.07682,-0.12232,-0.08958,-0.15849,-0.1051,-0.12549,-0.05315,-0.06005,-0.15422,-0.16301,-0.19511,-0.2051,-0.11369,-0.14343,-0.15874,-0.18584,-0.04217,0.01359,0.08383,0.09058,-0.00124,-0.007,0.07761,0.01536,-0.07032,-0.01381,0.0393,-0.05006,-0.08927,-0.00557,0.01008,0.09689,0.16305,0.22912,0.23751,0.194,0.26709,0.20055,0.16715,0.08634,0.02794,0.0301,-0.00893,-0.08835,-0.11841,-0.14586,-0.21837,-0.22958,-0.20495,-0.22542,-0.30626,-0.28076,-0.23038,-0.23847,-0.27028,-0.21881,-0.13302,-0.11796,-0.14804,-0.19159,-0.12741,-0.02372,0.03015,0.1051,0.14064,0.31275,0.3754,0.26442,0.27925,0.37503,0.43392,0.3539,0.19323,0.1427,0.21572,0.16515,-0.02586,-0.02231,0.03978,-0.13371,-0.20308,-0.12028,-0.19129,-0.219,-0.1329,-0.14245,-0.16711,-0.11317,-0.04484,0.00135,0.03707,0.10083,0.15097,0.2675,0.34492,0.39252,0.53269,0.68385,0.689,0.81279,1.0,0.86405,0.79039,0.77295,0.69411,0.54282,0.34174,0.40264,0.46631,0.2268,0.1252,0.19791,0.13381,-0.03197,-0.00121,-0.10936,-0.18876,-0.22931,-0.25995,-0.23675,-0.26488,-0.32178,-0.34085,-0.28492,-0.28052,-0.31829,-0.27179,-0.25292,-0.19203,-0.08301,-0.01553,0.01974,0.12832,0.17111,0.17108,0.18326,0.07896,-0.07857,-0.07156,-0.21159,-0.21663,-0.18162,-0.14012,-0.06571
GLN122,-0.04751,-0.22237,-0.24622,-0.22708,-0.25031,-0.2886,-0.30116,-0.27125,-0.13783,-0.15493,-0.07935,0.06481,0.03994,0.10009,0.17318,0.25082,0.18272,0.15647,0.07068,-0.00329,-0.015,-0.06972,-0.03313,-0.09934,-0.03354,-0.05996,0.00795,-0.0124,-0.11918,-0.12875,-0.1677,-0.17974,-0.08219,-0.12889,-0.13463,-0.17454,-0.00654,0.04978,0.12418,0.11496,0.0217,0.03076,0.10298,0.02286,-0.05755,0.00137,0.03699,-0.05098,-0.08593,-0.01289,-0.00411,0.08042,0.15061,0.22254,0.24777,0.21684,0.29298,0.20633,0.16626,0.08897,0.01189,0.00235,-0.01598,-0.09169,-0.13955,-0.16793,-0.22229,-0.24644,-0.22367,-0.23018,-0.32054,-0.29839,-0.2343,-0.24071,-0.27452,-0.21369,-0.12127,-0.08732,-0.10836,-0.15471,-0.08946,0.02033,0.07171,0.16298,0.22389,0.40218,0.43052,0.31835,0.36555,0.46025,0.48943,0.40697,0.24469,0.17319,0.25278,0.22276,0.00315,-0.01293,0.0687,-0.11707,-0.20968,-0.13433,-0.19495,-0.22987,-0.17138,-0.16301,-0.1692,-0.09788,-0.04067,-0.00535,0.03843,0.11122,0.12737,0.22022,0.36439,0.36847,0.41823,0.64761,0.75108,0.73917,0.86405,1.0,0.88026,0.77475,0.61415,0.38759,0.16504,0.2395,0.28592,0.0442,-0.04833,0.03993,-0.03467,-0.17345,-0.12102,-0.20025,-0.25833,-0.29134,-0.34197,-0.28398,-0.29253,-0.34077,-0.38966,-0.32759,-0.30879,-0.38611,-0.34873,-0.32211,-0.25792,-0.13863,-0.0826,-0.02606,0.13229,0.16169,0.15908,0.19799,0.07062,-0.09056,-0.09232,-0.24015,-0.24829,-0.18611,-0.12509,-0.05388
GLN123,-0.05609,-0.27016,-0.30701,-0.28781,-0.30536,-0.34758,-0.37097,-0.33293,-0.15745,-0.18839,-0.07564,0.09166,0.04849,0.11145,0.1871,0.28211,0.22677,0.16615,0.07268,-0.00267,-0.02408,-0.06445,-0.02003,-0.07152,0.00579,-0.02873,0.0466,0.00644,-0.12551,-0.12854,-0.14617,-0.14373,-0.02457,-0.09312,-0.10038,-0.15434,0.02976,0.09132,0.16965,0.17101,0.09196,0.10566,0.18168,0.1066,0.02508,0.0908,0.12647,0.0218,-0.02181,0.05482,0.06065,0.1468,0.22196,0.3014,0.3085,0.2849,0.35663,0.26647,0.20202,0.10774,0.0373,0.04757,0.01896,-0.07296,-0.11431,-0.14122,-0.21278,-0.23511,-0.21978,-0.24678,-0.35383,-0.32238,-0.27389,-0.30848,-0.33214,-0.28116,-0.20507,-0.186,-0.19288,-0.25196,-0.1856,-0.06726,-0.01621,0.0571,0.11627,0.32907,0.37137,0.23349,0.30944,0.44233,0.45376,0.38976,0.20019,0.14283,0.226,0.13334,-0.094,-0.10098,-0.03926,-0.2334,-0.32788,-0.23929,-0.29571,-0.32989,-0.25378,-0.24277,-0.24929,-0.16723,-0.10873,-0.08525,-0.03425,0.07528,0.0728,0.16277,0.28678,0.37169,0.41054,0.53149,0.71982,0.79432,0.79039,0.88026,1.0,0.87876,0.77039,0.4883,0.28995,0.38006,0.37317,0.11296,0.02444,0.0815,-0.01152,-0.15827,-0.1156,-0.21187,-0.2807,-0.31705,-0.35817,-0.3041,-0.3064,-0.35508,-0.40863,-0.3261,-0.3084,-0.39442,-0.33763,-0.32897,-0.25828,-0.08344,-0.01055,0.00812,0.18851,0.26531,0.24952,0.2441,0.09175,-0.1032,-0.07774,-0.2276,-0.27326,-0.20881,-0.13926,-0.07731
LYS124,-0.01929,-0.25845,-0.29112,-0.27541,-0.29179,-0.33869,-0.3499,-0.30996,-0.20258,-0.22456,-0.15512,-0.02418,-0.06364,-0.01105,0.06664,0.19549,0.1848,0.10651,0.05377,-0.02123,-0.04778,-0.06943,-0.01197,-0.04861,0.02424,-0.03868,0.00276,-0.06454,-0.1816,-0.14929,-0.12453,-0.09453,0.03306,-0.01569,-0.05695,-0.08733,0.09134,0.15145,0.20437,0.21228,0.15366,0.1618,0.22663,0.18466,0.10792,0.16632,0.20898,0.10662,0.04749,0.11491,0.13267,0.20959,0.2794,0.33264,0.32338,0.28488,0.3051,0.20365,0.10938,0.00217,-0.04278,-0.00216,-0.0456,-0.13199,-0.13972,-0.15703,-0.24519,-0.25961,-0.24736,-0.26662,-0.37105,-0.34973,-0.29597,-0.32036,-0.34806,-0.30798,-0.23549,-0.22737,-0.22362,-0.28576,-0.25641,-0.15415,-0.11198,-0.04803,0.03327,0.22459,0.28583,0.22124,0.26745,0.3593,0.43514,0.43408,0.26411,0.23216,0.27621,0.15457,-0.05352,-0.0746,-0.04776,-0.226,-0.29503,-0.22993,-0.32054,-0.32986,-0.23691,-0.26757,-0.28018,-0.22911,-0.18161,-0.15019,-0.10949,-0.01652,-0.01691,0.04951,0.13541,0.22059,0.31492,0.41098,0.526,0.69279,0.77295,0.77475,0.87876,1.0,0.84942,0.66364,0.43627,0.43002,0.43672,0.23242,0.0988,0.11679,0.0338,-0.11447,-0.08059,-0.21176,-0.29102,-0.34294,-0.37086,-0.31087,-0.33697,-0.39747,-0.41134,-0.34729,-0.36133,-0.4104,-0.32327,-0.27484,-0.22156,-0.08553,0.05863,0.10474,0.19671,0.2916,0.32284,0.32464,0.21908,0.01479,0.01955,-0.15237,-0.18767,-0.15801,-0.12844,-0.07303
ARG125,-0.05905,-0.2936,-0.33603,-0.31201,-0.32303,-0.37869,-0.38967,-0.33235,-0.1841,-0.22367,-0.14386,0.00446,-0.03106,0.01164,0.09945,0.1968,0.15871,0.06256,-0.00082,-0.05851,-0.08504,-0.1071,-0.05498,-0.09565,-0.0302,-0.06817,-0.00114,-0.0492,-0.16814,-0.1485,-0.12729,-0.10428,0.0145,-0.04352,-0.05918,-0.10736,0.04828,0.09764,0.15743,0.18395,0.13651,0.13996,0.21683,0.17873,0.10523,0.16718,0.21297,0.11215,0.05896,0.1365,0.1487,0.22887,0.29443,0.35335,0.33446,0.28937,0.33025,0.26966,0.18142,0.07076,0.03344,0.08218,0.02476,-0.0714,-0.07258,-0.09812,-0.20165,-0.20921,-0.19659,-0.2472,-0.3471,-0.32358,-0.30071,-0.34038,-0.35945,-0.34025,-0.27949,-0.28904,-0.28444,-0.33081,-0.29305,-0.19168,-0.15344,-0.12776,-0.08492,0.12162,0.19409,0.07904,0.13526,0.26592,0.29949,0.28885,0.12113,0.10071,0.14908,-0.00064,-0.1855,-0.18071,-0.1561,-0.31682,-0.37016,-0.27662,-0.35533,-0.3703,-0.26262,-0.27249,-0.30762,-0.24837,-0.1787,-0.15861,-0.12051,-0.00488,0.00778,0.10497,0.15512,0.30344,0.40815,0.38875,0.50447,0.73515,0.69411,0.61415,0.77039,0.84942,1.0,0.8114,0.64885,0.67932,0.63018,0.41218,0.31243,0.30769,0.20132,0.03901,0.04319,-0.10448,-0.21106,-0.26534,-0.26266,-0.25365,-0.28748,-0.3487,-0.34898,-0.28056,-0.28459,-0.30889,-0.21376,-0.21155,-0.15917,0.02107,0.13334,0.10727,0.20707,0.31555,0.30634,0.2519,0.13377,-0.06207,-0.02528,-0.15346,-0.20126,-0.17939,-0.13889,-0.08984
TRP126,-0.02722,-0.20824,-0.22642,-0.21037,-0.23597,-0.29054,-0.27295,-0.23317,-0.20557,-0.23246,-0.21722,-0.15288,-0.15391,-0.12475,-0.03677,0.04151,0.02103,-0.06948,-0.08433,-0.12547,-0.14094,-0.13519,-0.09537,-0.11388,-0.08438,-0.13294,-0.09925,-0.13654,-0.19946,-0.16914,-0.12441,-0.088,0.0019,-0.00087,-0.01499,-0.02329,0.06138,0.07863,0.10436,0.13625,0.11587,0.10474,0.17387,0.1772,0.11356,0.15856,0.21497,0.13892,0.08299,0.14544,0.16924,0.22655,0.27038,0.28859,0.26331,0.20256,0.19718,0.1486,0.07315,-0.02352,-0.02464,0.02773,-0.04949,-0.10928,-0.07031,-0.0985,-0.19761,-0.17832,-0.17035,-0.21273,-0.27675,-0.26422,-0.24803,-0.26292,-0.28172,-0.29289,-0.24842,-0.25094,-0.24364,-0.27687,-0.27161,-0.21061,-0.18407,-0.17837,-0.13529,-0.00012,0.07521,0.04082,0.04943,0.11365,0.19454,0.23153,0.12696,0.12671,0.12399,0.01244,-0.09852,-0.10657,-0.10867,-0.2118,-0.22125,-0.16226,-0.27468,-0.27846,-0.17763,-0.21946,-0.27568,-0.25646,-0.20277,-0.17236,-0.14507,-0.09046,-0.05557,0.04005,0.03628,0.15528,0.28615,0.24292,0.25803,0.50425,0.54282,0.38759,0.4883,0.66364,0.8114,1.0,0.80824,0.68052,0.69365,0.61605,0.44963,0.39956,0.32792,0.17955,0.15835,-0.0128,-0.12973,-0.18746,-0.16031,-0.18443,-0.25546,-0.31001,-0.2456,-0.22164,-0.26026,-0.21424,-0.11247,-0.06548,-0.05916,0.00862,0.14585,0.14585,0.12309,0.20603,0.23909,0.20304,0.16239,0.02479,0.02736,-0.0699,-0.06202,-0.09101,-0.07815,-0.03778
ASP127,-0.09849,-0.20219,-0.22851,-0.20952,-0.22824,-0.27233,-0.26787,-0.2249,-0.16783,-0.21861,-0.17024,-0.10366,-0.091,-0.07111,-0.00809,0.00971,-0.0201,-0.09402,-0.10409,-0.12763,-0.13,-0.12731,-0.10854,-0.12584,-0.11307,-0.12038,-0.09187,-0.09047,-0.12564,-0.1045,-0.08464,-0.06709,-0.04592,-0.04824,-0.03608,-0.00947,-0.01372,0.00588,0.03123,0.06549,0.05939,0.04632,0.10694,0.12196,0.07618,0.1158,0.17835,0.1291,0.0859,0.15413,0.1735,0.21339,0.22776,0.24382,0.18753,0.13047,0.1584,0.15821,0.10828,0.04582,0.0497,0.08704,0.03467,-0.01581,0.01559,-0.00779,-0.08834,-0.06037,-0.05867,-0.11858,-0.15751,-0.14499,-0.1665,-0.18445,-0.19754,-0.23228,-0.20643,-0.23192,-0.21309,-0.22934,-0.21424,-0.18278,-0.19453,-0.22734,-0.20081,-0.11446,-0.06403,-0.11337,-0.11452,-0.044,-0.00659,0.02236,-0.04097,-0.03572,-0.04445,-0.13898,-0.19189,-0.18462,-0.18349,-0.23714,-0.22219,-0.14896,-0.22248,-0.22711,-0.13399,-0.14962,-0.23304,-0.22236,-0.15852,-0.13459,-0.11701,-0.07733,-0.01715,0.07856,0.03528,0.16862,0.2894,0.15607,0.15932,0.39274,0.34174,0.16504,0.28995,0.43627,0.64885,0.80824,1.0,0.81672,0.69332,0.71382,0.62069,0.54141,0.42147,0.31555,0.25897,0.11392,-0.0114,-0.06273,-0.00364,-0.08291,-0.14925,-0.19264,-0.10094,-0.08151,-0.11836,-0.04005,0.04139,0.01746,0.00722,0.09177,0.14264,0.08795,0.07411,0.1246,0.10711,0.04848,0.00728,-0.07258,-0.05113,-0.06986,-0.06177,-0.10866,-0.08267,-0.05225
GLU128,-0.14574,-0.2447,-0.28944,-0.26118,-0.27632,-0.33149,-0.3356,-0.29136,-0.16086,-0.24196,-0.11977,0.02783,0.03532,0.04978,0.10282,0.07916,0.00232,-0.05652,-0.11412,-0.1331,-0.13571,-0.15841,-0.15415,-0.18633,-0.16263,-0.10935,-0.04926,-0.00357,-0.05756,-0.06376,-0.08162,-0.09125,-0.08796,-0.1265,-0.13183,-0.12345,-0.13638,-0.08933,-0.03466,0.00908,-0.01324,-0.02446,0.04807,0.04196,-0.00229,0.04831,0.10876,0.04827,0.01997,0.11056,0.11757,0.16831,0.18641,0.2325,0.18232,0.13165,0.20973,0.23102,0.20732,0.16186,0.15185,0.16582,0.13805,0.08101,0.07335,0.05157,-0.01674,-0.00434,0.00893,-0.06669,-0.11747,-0.10671,-0.12773,-0.16102,-0.1844,-0.20999,-0.18241,-0.22419,-0.20657,-0.23812,-0.20197,-0.16233,-0.15748,-0.17858,-0.17688,-0.07779,-0.03366,-0.14055,-0.12183,-0.00885,-0.02878,-0.044,-0.12703,-0.13643,-0.11572,-0.20168,-0.27423,-0.25435,-0.23277,-0.28673,-0.2804,-0.16926,-0.20634,-0.20467,-0.10515,-0.11611,-0.19277,-0.15586,-0.07379,-0.04889,-0.04203,0.02878,0.11568,0.23089,0.1923,0.34113,0.45734,0.30466,0.3209,0.54006,0.40264,0.2395,0.38006,0.43002,0.67932,0.68052,0.81672,1.0,0.83575,0.69382,0.70424,0.66256,0.4869,0.35006,0.30209,0.16448,0.02095,-0.02332,0.04048,-0.05992,-0.11518,-0.17334,-0.11163,-0.08434,-0.0967,-0.03784,0.01546,-0.06955,-0.0532,0.09208,0.0878,-0.00473,0.04378,0.08978,0.04633,-0.02315,-0.09449,-0.16867,-0.12986,-0.139,-0.15026,-0.17094,-0.1012,-0.06848
ALA129,-0.1044,-0.20468,-0.23812,-0.20595,-0.22686,-0.28228,-0.26267,-0.21089,-0.12761,-0.18529,-0.12889,-0.02011,-0.01167,0.00505,0.06619,0.04242,-0.04629,-0.09789,-0.14527,-0.16598,-0.17026,-0.18795,-0.17988,-0.22698,-0.21714,-0.17539,-0.10586,-0.05638,-0.09846,-0.11803,-0.14332,-0.15351,-0.1412,-0.14309,-0.14305,-0.14692,-0.1442,-0.12171,-0.06903,-0.02842,-0.06497,-0.08479,0.00218,-0.00581,-0.06769,-0.01727,0.05898,-0.00342,-0.03552,0.05876,0.07195,0.13015,0.1574,0.19844,0.16069,0.09805,0.16915,0.18654,0.17756,0.12558,0.12561,0.1368,0.09036,0.04,0.03653,0.00539,-0.06214,-0.04734,-0.03414,-0.0963,-0.13015,-0.12203,-0.13197,-0.153,-0.18311,-0.20704,-0.17195,-0.18765,-0.1934,-0.21942,-0.1719,-0.12714,-0.10198,-0.11089,-0.13743,-0.03659,0.02196,-0.07996,-0.09202,0.00668,0.00384,-0.01976,-0.09406,-0.10991,-0.08676,-0.13925,-0.20396,-0.18092,-0.14234,-0.1984,-0.18676,-0.08492,-0.14813,-0.16046,-0.05543,-0.07497,-0.14084,-0.10892,-0.02692,0.01004,0.02176,0.05791,0.1381,0.27517,0.21599,0.34715,0.47975,0.35308,0.33382,0.5523,0.46631,0.28592,0.37317,0.43672,0.63018,0.69365,0.69332,0.83575,1.0,0.78944,0.66991,0.6983,0.61443,0.40996,0.36496,0.19653,0.04983,0.01296,0.06062,-0.04247,-0.10924,-0.16355,-0.11235,-0.10067,-0.11202,-0.04117,-0.00532,-0.05862,-0.03198,0.06244,0.06525,-0.00974,0.01644,0.05188,0.02679,-0.03128,-0.08754,-0.14818,-0.11547,-0.13433,-0.11904,-0.14504,-0.08834,-0.04917
ALA130,-0.12176,-0.13814,-0.15174,-0.12673,-0.16345,-0.20462,-0.16919,-0.12477,-0.09691,-0.12781,-0.14292,-0.13627,-0.09862,-0.07695,-0.01905,-0.0661,-0.13821,-0.1901,-0.18791,-0.20042,-0.19562,-0.19123,-0.18726,-0.21582,-0.23884,-0.21689,-0.16202,-0.12257,-0.11723,-0.1344,-0.14566,-0.14168,-0.17024,-0.13442,-0.04042,-0.00179,-0.08573,-0.11332,-0.09159,-0.04866,-0.05205,-0.08453,-0.01461,0.01016,-0.04612,-0.01428,0.06177,0.02303,-0.0135,0.05679,0.07976,0.12386,0.136,0.15171,0.11407,0.04899,0.08435,0.11226,0.10613,0.06311,0.08497,0.09918,0.03652,0.0048,0.03742,0.01248,-0.0633,-0.02281,-0.01394,-0.08724,-0.06242,-0.05186,-0.10012,-0.1024,-0.10518,-0.15738,-0.15684,-0.14905,-0.13749,-0.13957,-0.11211,-0.08894,-0.0818,-0.14625,-0.17156,-0.12478,-0.09033,-0.15865,-0.19295,-0.14689,-0.15475,-0.16639,-0.18233,-0.16988,-0.16068,-0.19185,-0.17872,-0.13683,-0.10588,-0.12407,-0.08318,-0.03019,-0.10388,-0.12966,-0.05169,-0.05486,-0.1373,-0.12156,-0.0515,-0.02769,-0.00663,-0.01784,0.06096,0.19056,0.10306,0.20368,0.31153,0.15679,0.11388,0.29529,0.2268,0.0442,0.11296,0.23242,0.41218,0.61605,0.71382,0.69382,0.78944,1.0,0.81163,0.67386,0.64323,0.56315,0.43222,0.25614,0.11497,0.09244,0.18372,0.0419,-0.03608,-0.05342,0.06232,0.06517,0.03603,0.16821,0.212,0.14556,0.14779,0.18603,0.127,0.03039,-0.00411,-0.00256,-0.0537,-0.11437,-0.14351,-0.15201,-0.13225,-0.05383,-0.01037,-0.08506,-0.03643,-0.01925
VAL131,-0.16782,-0.1376,-0.16733,-0.14053,-0.16612,-0.2182,-0.20736,-0.15859,-0.11241,-0.15745,-0.11409,-0.06108,-0.02098,-0.00551,0.03116,-0.0564,-0.14028,-0.17475,-0.19829,-0.20392,-0.19861,-0.19804,-0.20684,-0.21949,-0.23682,-0.17607,-0.13277,-0.05271,-0.03792,-0.06555,-0.09801,-0.11439,-0.17953,-0.17104,-0.10014,-0.03402,-0.17108,-0.15928,-0.12586,-0.07849,-0.08002,-0.10974,-0.04377,-0.01661,-0.05735,-0.03027,0.04263,0.01872,-0.00076,0.07163,0.08743,0.11962,0.11474,0.12856,0.07289,0.0095,0.07214,0.13773,0.15886,0.13941,0.1629,0.15822,0.1229,0.09787,0.10735,0.08682,0.03406,0.06871,0.08338,0.00328,0.02295,0.02868,-0.02992,-0.04046,-0.05713,-0.11156,-0.10555,-0.14468,-0.12784,-0.12234,-0.10586,-0.09783,-0.10545,-0.1723,-0.19048,-0.17695,-0.16035,-0.22674,-0.2512,-0.20801,-0.25179,-0.26728,-0.2727,-0.25824,-0.2534,-0.28122,-0.25774,-0.20609,-0.17793,-0.17943,-0.12249,-0.04993,-0.08238,-0.07755,-0.00465,0.00225,-0.08667,-0.07757,-0.00585,0.01464,0.01149,0.01538,0.11772,0.22726,0.12706,0.20948,0.31352,0.16386,0.08071,0.22659,0.1252,-0.04833,0.02444,0.0988,0.31243,0.44963,0.62069,0.70424,0.66991,0.81163,1.0,0.82457,0.66357,0.65967,0.52751,0.36993,0.20479,0.16478,0.28427,0.11978,0.02237,-0.00106,0.11959,0.09214,0.06497,0.20531,0.23526,0.11292,0.10083,0.16561,0.08537,-0.03907,-0.05424,-0.06113,-0.12214,-0.18903,-0.21285,-0.19701,-0.16758,-0.06598,-0.04107,-0.10369,-0.03423,-0.02105
ASN132,-0.14644,-0.13112,-0.17888,-0.14466,-0.15428,-0.20411,-0.1955,-0.14371,-0.07109,-0.12875,-0.07742,0.01789,0.04411,0.03941,0.07137,-0.03099,-0.14995,-0.15435,-0.2019,-0.20352,-0.1923,-0.2275,-0.2463,-0.29021,-0.29539,-0.2026,-0.14696,-0.03272,-0.02117,-0.06027,-0.12988,-0.16206,-0.2256,-0.21014,-0.20654,-0.17059,-0.27682,-0.24518,-0.19336,-0.14603,-0.17435,-0.20577,-0.12834,-0.12081,-0.15458,-0.12253,-0.04595,-0.06432,-0.06784,0.02003,0.02611,0.05634,0.05047,0.07956,0.02211,-0.0415,0.06561,0.15419,0.20455,0.20147,0.21446,0.18587,0.1645,0.14662,0.13218,0.08843,0.0569,0.09027,0.09537,0.01678,0.02356,0.03417,-0.00735,-0.02645,-0.05205,-0.08688,-0.06646,-0.11236,-0.11564,-0.1067,-0.06489,-0.06133,-0.05685,-0.10026,-0.15798,-0.13601,-0.10162,-0.19842,-0.23701,-0.16975,-0.21297,-0.24664,-0.25862,-0.26098,-0.24642,-0.25625,-0.25479,-0.20388,-0.1565,-0.1694,-0.11665,-0.00323,-0.02173,-0.01252,0.07952,0.08114,-8e-05,0.00808,0.10274,0.1424,0.12099,0.12491,0.2443,0.36685,0.23451,0.31465,0.45557,0.29519,0.17824,0.30081,0.19791,0.03993,0.0815,0.11679,0.30769,0.39956,0.54141,0.66256,0.6983,0.67386,0.82457,1.0,0.80077,0.65838,0.61714,0.4646,0.29223,0.2439,0.31818,0.15248,0.07232,0.01902,0.08292,0.02975,0.01436,0.14289,0.13806,0.00452,0.00257,0.08535,0.01874,-0.10304,-0.09772,-0.09455,-0.12759,-0.19008,-0.22319,-0.20697,-0.16565,-0.11607,-0.08679,-0.11883,-0.05628,-0.01838
LEU133,-0.12377,-0.08636,-0.10933,-0.06837,-0.09083,-0.11765,-0.07628,-0.03475,-0.00734,-0.04223,-0.05364,-0.01829,0.01037,-0.01018,0.02337,-0.08953,-0.22325,-0.21893,-0.24403,-0.22437,-0.20988,-0.22752,-0.26824,-0.32029,-0.3574,-0.27056,-0.19971,-0.08663,-0.04649,-0.11028,-0.18368,-0.21949,-0.28845,-0.22992,-0.20195,-0.17306,-0.2857,-0.30141,-0.25746,-0.21745,-0.24647,-0.28409,-0.20763,-0.19151,-0.22685,-0.20334,-0.11315,-0.11862,-0.11917,-0.03768,-0.0274,0.00459,-0.00961,0.004,-0.05166,-0.1191,-0.013,0.09197,0.17152,0.17595,0.19972,0.15761,0.1207,0.11482,0.11208,0.05931,0.03438,0.07782,0.08303,0.00717,0.05777,0.06451,0.00543,0.0076,0.00422,-0.04515,-0.05244,-0.044,-0.0631,-0.05725,-0.0051,-0.01349,-0.00254,-0.03952,-0.12634,-0.12839,-0.08794,-0.18642,-0.2504,-0.20875,-0.24277,-0.28903,-0.26713,-0.254,-0.23309,-0.21144,-0.1744,-0.10699,-0.03919,-0.04352,0.02245,0.10286,0.06176,0.04525,0.12688,0.11877,0.05216,0.05332,0.1432,0.18671,0.17914,0.13446,0.26458,0.404,0.22845,0.30058,0.42974,0.23778,0.10517,0.20586,0.13381,-0.03467,-0.01152,0.0338,0.20132,0.32792,0.42147,0.4869,0.61443,0.64323,0.66357,0.80077,1.0,0.81245,0.72671,0.55495,0.3887,0.36645,0.41993,0.22963,0.16923,0.12958,0.17985,0.1145,0.09805,0.25199,0.22564,0.10073,0.11581,0.15919,0.05107,-0.06964,-0.07946,-0.10298,-0.15916,-0.21687,-0.24659,-0.20469,-0.17441,-0.09811,-0.031,-0.08311,-0.03255,-0.00868
ALA134,-0.15527,-0.0445,-0.06724,-0.04163,-0.065,-0.07717,-0.05836,-0.02879,-0.00166,-0.03007,-0.04594,-0.06195,-0.01634,-0.03724,-0.01537,-0.14814,-0.25837,-0.25852,-0.25542,-0.217,-0.20048,-0.1979,-0.24554,-0.27139,-0.32912,-0.24127,-0.18918,-0.08315,-0.01808,-0.07494,-0.133,-0.16155,-0.26498,-0.20659,-0.12241,-0.05706,-0.24205,-0.27256,-0.24872,-0.20278,-0.20137,-0.24107,-0.18274,-0.14645,-0.17033,-0.16101,-0.08271,-0.07495,-0.07489,-0.01932,-0.00858,0.00987,-0.01277,-0.01347,-0.08025,-0.14046,-0.06163,0.06309,0.13941,0.14913,0.19008,0.15732,0.11577,0.11902,0.13292,0.09674,0.06701,0.12559,0.13631,0.03981,0.11101,0.1384,0.04725,0.03746,0.05876,-0.00234,-0.04091,-0.04573,-0.04168,-0.02714,0.00184,-0.0116,-0.02567,-0.09707,-0.16439,-0.20303,-0.18118,-0.26091,-0.32946,-0.30729,-0.34688,-0.38448,-0.33979,-0.30688,-0.28564,-0.27708,-0.19296,-0.09191,-0.06069,-0.05627,0.03131,0.07537,0.05406,0.04562,0.10111,0.11014,0.03774,0.0131,0.09865,0.13127,0.10419,0.05794,0.17855,0.26624,0.13916,0.1698,0.23667,0.09282,-0.02876,0.03371,-0.03197,-0.17345,-0.15827,-0.11447,0.03901,0.17955,0.31555,0.35006,0.40996,0.56315,0.65967,0.65838,0.81245,1.0,0.82156,0.64841,0.47312,0.42516,0.56228,0.35363,0.28091,0.24885,0.33932,0.25103,0.20565,0.36885,0.36848,0.2051,0.17744,0.2307,0.09957,-0.04598,-0.07043,-0.09267,-0.17415,-0.25167,-0.26662,-0.2094,-0.17422,-0.0593,-0.01853,-0.07455,-0.01705,-0.00677
LYS135,-0.12432,-0.02897,-0.07066,-0.04127,-0.04835,-0.07726,-0.07865,-0.05583,-0.04825,-0.08726,-0.04124,0.02846,0.06164,0.00816,0.00953,-0.14044,-0.24769,-0.22355,-0.23821,-0.20021,-0.18248,-0.19573,-0.25329,-0.2834,-0.31742,-0.19706,-0.1542,-0.00885,0.0516,-0.01789,-0.084,-0.12825,-0.22362,-0.1781,-0.23785,-0.17025,-0.32855,-0.2989,-0.26424,-0.22141,-0.2393,-0.2755,-0.2193,-0.19242,-0.19237,-0.17301,-0.099,-0.07801,-0.06959,-0.01258,-0.00969,-0.00167,-0.03822,-0.04349,-0.12178,-0.17651,-0.0678,0.07745,0.17225,0.20565,0.24978,0.20498,0.18045,0.19143,0.19,0.13862,0.13426,0.18426,0.16443,0.08196,0.13288,0.14016,0.0589,0.05273,0.06013,0.00501,-0.0225,-0.04103,-0.04294,-0.05089,-0.02596,-0.03814,-0.04412,-0.09279,-0.14956,-0.18161,-0.15075,-0.23487,-0.29464,-0.25562,-0.29185,-0.32085,-0.28647,-0.27071,-0.2498,-0.23302,-0.16445,-0.07859,-0.06256,-0.05644,0.0307,0.08949,0.06867,0.08902,0.15577,0.13587,0.07406,0.0429,0.14147,0.18717,0.13554,0.10728,0.23522,0.27301,0.1361,0.13963,0.20875,0.11885,-0.01276,0.03648,-0.00121,-0.12102,-0.1156,-0.08059,0.04319,0.15835,0.25897,0.30209,0.36496,0.43222,0.52751,0.61714,0.72671,0.82156,1.0,0.79664,0.58483,0.47288,0.541,0.37731,0.309,0.2206,0.25724,0.096,0.04483,0.20565,0.18529,0.04866,0.00467,0.06333,-0.00844,-0.13039,-0.1688,-0.15693,-0.17556,-0.24224,-0.23348,-0.1778,-0.13125,-0.09459,-0.04283,-0.05431,-0.011,0.02954
SER136,-0.12862,0.01735,-0.00748,0.01538,0.02682,0.01528,0.01898,0.03889,0.06212,0.02321,0.04098,0.09156,0.10411,0.03411,0.0051,-0.16023,-0.28072,-0.21056,-0.21096,-0.14826,-0.1156,-0.13494,-0.20369,-0.24897,-0.31259,-0.18858,-0.16281,-0.00735,0.06286,0.0099,-0.08146,-0.12741,-0.25173,-0.19692,-0.2768,-0.24246,-0.38617,-0.37002,-0.34221,-0.31754,-0.34025,-0.37218,-0.33028,-0.30396,-0.28709,-0.2777,-0.20099,-0.15786,-0.12987,-0.0768,-0.08034,-0.08373,-0.13139,-0.13875,-0.21146,-0.26135,-0.13657,0.02961,0.15632,0.22122,0.25557,0.18625,0.19361,0.22237,0.19523,0.15878,0.18478,0.22836,0.20848,0.1385,0.18384,0.19954,0.1256,0.10774,0.1074,0.0652,0.03312,-0.00454,-0.0111,-0.00671,0.0334,-0.00541,-0.00519,-0.05298,-0.15221,-0.21235,-0.18178,-0.25115,-0.33227,-0.30131,-0.33375,-0.36135,-0.30274,-0.27842,-0.26379,-0.23667,-0.13117,-0.04059,-0.03698,0.00264,0.09239,0.15606,0.16234,0.19873,0.25124,0.23786,0.1836,0.13747,0.22712,0.27133,0.20564,0.17555,0.2986,0.29932,0.14404,0.11731,0.16567,0.06567,-0.05479,-0.05382,-0.10936,-0.20025,-0.21187,-0.21176,-0.10448,-0.0128,0.11392,0.16448,0.19653,0.25614,0.36993,0.4646,0.55495,0.64841,0.79664,1.0,0.85217,0.74199,0.68299,0.54724,0.53235,0.40566,0.38027,0.15368,0.13817,0.2982,0.21033,0.07754,0.04774,0.08653,-0.01416,-0.132,-0.17055,-0.17392,-0.19316,-0.25732,-0.23431,-0.1536,-0.08804,-0.04554,-0.02904,-0.05404,-0.0372,0.00335
ARG137,-0.10314,0.07792,0.07394,0.0962,0.11431,0.12238,0.13143,0.1398,0.16005,0.1359,0.10326,0.09222,0.08152,0.01647,-0.03297,-0.18609,-0.30115,-0.20471,-0.17484,-0.09254,-0.04337,-0.05997,-0.14403,-0.19891,-0.29193,-0.19465,-0.18511,-0.05123,0.03162,-0.00963,-0.10256,-0.13695,-0.25678,-0.20048,-0.22753,-0.22561,-0.3637,-0.3807,-0.36765,-0.35428,-0.36757,-0.39734,-0.37735,-0.34876,-0.31753,-0.32518,-0.25282,-0.19923,-0.16909,-0.12873,-0.12653,-0.14127,-0.1891,-0.20786,-0.26079,-0.30065,-0.19594,-0.03786,0.10159,0.17688,0.20663,0.12554,0.14664,0.19955,0.17079,0.14125,0.18055,0.21683,0.19822,0.14191,0.1985,0.21147,0.13352,0.12078,0.12637,0.08499,0.03947,0.02162,0.01625,0.02641,0.0778,0.027,0.04242,-0.01741,-0.15016,-0.22215,-0.18674,-0.2471,-0.33272,-0.31222,-0.33952,-0.36715,-0.28909,-0.2516,-0.23526,-0.1988,-0.06183,0.02667,0.00928,0.07435,0.15731,0.20388,0.20985,0.23251,0.27706,0.27188,0.23541,0.18458,0.25268,0.29966,0.23921,0.18252,0.2736,0.26031,0.10542,0.06058,0.08237,-0.00079,-0.11187,-0.13785,-0.18876,-0.25833,-0.2807,-0.29102,-0.21106,-0.12973,-0.0114,0.02095,0.04983,0.11497,0.20479,0.29223,0.3887,0.47312,0.58483,0.85217,1.0,0.89145,0.75449,0.71109,0.71303,0.55732,0.4935,0.25179,0.23638,0.36559,0.25534,0.1317,0.0912,0.09884,-0.00347,-0.12056,-0.17352,-0.17949,-0.19557,-0.25535,-0.21652,-0.12072,-0.04774,-0.00063,0.00075,-0.02837,-0.03545,-0.01473
TRP138,-0.082,0.10783,0.11344,0.13629,0.15401,0.16566,0.18773,0.20319,0.22616,0.22487,0.13884,0.08333,0.05649,0.00499,-0.0392,-0.19118,-0.31954,-0.22105,-0.1921,-0.09674,-0.04178,-0.066,-0.14687,-0.21291,-0.32416,-0.2439,-0.21803,-0.09379,-0.00719,-0.05968,-0.16191,-0.20211,-0.31362,-0.24844,-0.18473,-0.20713,-0.33144,-0.38765,-0.37684,-0.36355,-0.37837,-0.41681,-0.39623,-0.37036,-0.34897,-0.37026,-0.30011,-0.24372,-0.21429,-0.18308,-0.17576,-0.19398,-0.22654,-0.24421,-0.27435,-0.30952,-0.21706,-0.07956,0.06394,0.13857,0.16627,0.07813,0.09125,0.14943,0.12549,0.09955,0.14145,0.179,0.18144,0.12504,0.19892,0.21896,0.13547,0.13051,0.14407,0.10677,0.05474,0.05421,0.04416,0.07307,0.1267,0.06319,0.09706,0.03328,-0.12856,-0.21446,-0.18181,-0.24445,-0.33855,-0.32568,-0.35347,-0.38983,-0.30236,-0.25365,-0.2293,-0.18351,-0.02933,0.06123,0.05308,0.13216,0.21039,0.24202,0.26208,0.25849,0.2879,0.30063,0.28209,0.24252,0.29138,0.32768,0.28571,0.2124,0.27966,0.27109,0.10754,0.06557,0.08392,-0.01844,-0.1212,-0.16373,-0.22931,-0.29134,-0.31705,-0.34294,-0.26534,-0.18746,-0.06273,-0.02332,0.01296,0.09244,0.16478,0.2439,0.36645,0.42516,0.47288,0.74199,0.89145,1.0,0.82457,0.6928,0.73678,0.66539,0.56743,0.37853,0.38954,0.49938,0.36761,0.25124,0.23127,0.18764,0.04942,-0.07511,-0.1347,-0.16645,-0.20776,-0.27434,-0.22699,-0.1038,-0.0357,0.05143,0.04755,-0.00519,-0.04014,-0.05171
TYR139,-0.11001,0.09135,0.08745,0.10672,0.1239,0.13867,0.14089,0.153,0.18226,0.16739,0.07979,-0.0023,-0.00411,-0.04817,-0.07603,-0.23809,-0.36101,-0.3026,-0.25879,-0.1626,-0.11514,-0.12311,-0.19906,-0.24255,-0.35304,-0.27242,-0.24952,-0.13027,-0.02681,-0.07269,-0.15863,-0.19291,-0.31254,-0.24813,-0.11494,-0.09602,-0.28703,-0.35016,-0.3518,-0.30996,-0.29479,-0.3434,-0.3271,-0.27981,-0.25891,-0.29014,-0.22655,-0.17042,-0.14778,-0.12515,-0.11744,-0.13983,-0.17859,-0.19949,-0.2473,-0.28811,-0.21461,-0.07347,0.04079,0.10139,0.14639,0.07949,0.06687,0.12132,0.12738,0.09743,0.11608,0.17192,0.18178,0.10459,0.1914,0.22025,0.11932,0.11922,0.14423,0.09234,0.03303,0.01686,0.02112,0.05962,0.096,0.03514,0.04724,-0.04989,-0.18393,-0.27766,-0.25009,-0.30618,-0.40133,-0.3883,-0.41881,-0.44276,-0.34874,-0.28037,-0.2642,-0.25068,-0.07897,0.02851,-0.01604,0.06996,0.17169,0.1975,0.22415,0.21663,0.2488,0.25755,0.22961,0.17398,0.23187,0.26985,0.22299,0.14131,0.23765,0.24685,0.0947,0.07095,0.08166,-0.04209,-0.15086,-0.18006,-0.25995,-0.34197,-0.35817,-0.37086,-0.26266,-0.16031,-0.00364,0.04048,0.06062,0.18372,0.28427,0.31818,0.41993,0.56228,0.541,0.68299,0.75449,0.82457,1.0,0.78089,0.69409,0.66354,0.67636,0.52841,0.48937,0.59301,0.52709,0.37099,0.29475,0.27992,0.13386,-0.02012,-0.10296,-0.1333,-0.19466,-0.27955,-0.23014,-0.1088,-0.05567,0.06639,0.06254,-0.00984,-0.03181,-0.0547
ASN140,-0.09616,0.10259,0.09788,0.1089,0.13694,0.16081,0.12655,0.11797,0.12266,0.10811,0.06217,0.01168,0.01543,-0.03992,-0.08746,-0.21319,-0.28293,-0.22817,-0.17191,-0.08449,-0.04442,-0.04523,-0.12172,-0.14136,-0.23328,-0.16342,-0.17541,-0.08111,0.00523,-0.01835,-0.08194,-0.08804,-0.18712,-0.12947,-0.1124,-0.09085,-0.25181,-0.28567,-0.29552,-0.2703,-0.24887,-0.27474,-0.27092,-0.22996,-0.19433,-0.21495,-0.16632,-0.11602,-0.09958,-0.08377,-0.07851,-0.1069,-0.1456,-0.17189,-0.21506,-0.24461,-0.20308,-0.0809,0.02501,0.08486,0.12487,0.06841,0.07121,0.11955,0.124,0.11025,0.12423,0.16064,0.14337,0.09513,0.15755,0.17398,0.08816,0.09142,0.10944,0.05785,-0.00258,-0.01835,0.00172,0.0166,0.03303,-0.01336,-0.00266,-0.07838,-0.18154,-0.24748,-0.23518,-0.25911,-0.30798,-0.3061,-0.33313,-0.34025,-0.25676,-0.199,-0.19238,-0.18859,-0.03499,0.04907,-0.0172,0.06273,0.15257,0.164,0.1657,0.18651,0.21386,0.1905,0.17899,0.12615,0.16352,0.20072,0.15946,0.09548,0.16983,0.14403,0.04069,-0.00673,-0.02275,-0.07565,-0.16277,-0.19645,-0.23675,-0.28398,-0.3041,-0.31087,-0.25365,-0.18443,-0.08291,-0.05992,-0.04247,0.0419,0.11978,0.15248,0.22963,0.35363,0.37731,0.54724,0.71109,0.6928,0.78089,1.0,0.81168,0.68898,0.67168,0.40044,0.31008,0.36156,0.31561,0.21049,0.10986,0.12634,0.05661,-0.05647,-0.14366,-0.13408,-0.14994,-0.2107,-0.15051,-0.06543,0.00322,0.05009,0.04496,0.00796,-0.03546,-0.02769
GLN141,-0.07389,0.11757,0.12124,0.13083,0.16466,0.18943,0.16881,0.14843,0.20682,0.18773,0.18201,0.11675,0.08272,0.00473,-0.06401,-0.21798,-0.2929,-0.196,-0.13998,-0.01815,0.03626,0.02192,-0.07277,-0.115,-0.23305,-0.14762,-0.14286,-0.03636,0.05079,0.01387,-0.06505,-0.0877,-0.19629,-0.14427,-0.15124,-0.17183,-0.2982,-0.34472,-0.35377,-0.34068,-0.32695,-0.34783,-0.35574,-0.31765,-0.26717,-0.29178,-0.24178,-0.18,-0.14706,-0.13743,-0.13458,-0.16995,-0.21241,-0.24066,-0.27616,-0.29735,-0.23282,-0.09321,0.03386,0.121,0.15931,0.08546,0.10676,0.17156,0.16615,0.1506,0.1853,0.21635,0.20302,0.14846,0.19638,0.22262,0.13875,0.11532,0.14331,0.10507,0.02906,0.0355,0.04194,0.0473,0.07904,0.01871,0.04085,-0.02875,-0.16925,-0.24356,-0.21289,-0.27186,-0.33006,-0.3084,-0.34561,-0.37352,-0.28768,-0.22092,-0.19411,-0.19293,-0.03064,0.06317,0.00288,0.08291,0.17333,0.17281,0.21043,0.22416,0.23226,0.21886,0.23042,0.18388,0.21534,0.2468,0.20721,0.14586,0.18942,0.14986,0.04085,0.007,-0.02833,-0.10026,-0.16086,-0.21095,-0.26488,-0.29253,-0.3064,-0.33697,-0.28748,-0.25546,-0.14925,-0.11518,-0.10924,-0.03608,0.02237,0.07232,0.16923,0.28091,0.309,0.53235,0.71303,0.73678,0.69409,0.81168,1.0,0.83954,0.66521,0.44873,0.42381,0.42318,0.33313,0.22016,0.15542,0.17263,0.07489,-0.05237,-0.11755,-0.10744,-0.13807,-0.2157,-0.16568,-0.0657,0.01247,0.05965,0.02395,-0.01254,-0.06552,-0.07434
THR142,-0.05051,0.15148,0.16231,0.17083,0.20069,0.23106,0.22289,0.224,0.28806,0.30368,0.19889,0.06077,0.02167,-0.01921,-0.06947,-0.2036,-0.29224,-0.21736,-0.16011,-0.0453,0.01659,0.00673,-0.06313,-0.1195,-0.25227,-0.21265,-0.18359,-0.1031,-0.0205,-0.07233,-0.15058,-0.17432,-0.25643,-0.1877,-0.05974,-0.09065,-0.20199,-0.29503,-0.30545,-0.2897,-0.27529,-0.30845,-0.31216,-0.27459,-0.24798,-0.28883,-0.24502,-0.18282,-0.15608,-0.16307,-0.15087,-0.18214,-0.20487,-0.23508,-0.25048,-0.27457,-0.23207,-0.11759,-0.00345,0.06937,0.09781,0.01567,0.01456,0.07604,0.07764,0.05926,0.09579,0.13526,0.14509,0.08563,0.16661,0.20387,0.1135,0.10001,0.13852,0.11145,0.04134,0.04923,0.05361,0.08204,0.11446,0.0548,0.08237,-0.00255,-0.14921,-0.23942,-0.21776,-0.26613,-0.3298,-0.33052,-0.36693,-0.40539,-0.31539,-0.23966,-0.20004,-0.2,-0.02419,0.07016,0.02774,0.11839,0.19975,0.17181,0.2336,0.21731,0.1971,0.21756,0.24523,0.21059,0.21683,0.22949,0.21073,0.13201,0.14468,0.11358,0.01381,-0.01593,-0.06057,-0.1482,-0.19206,-0.26113,-0.32178,-0.34077,-0.35508,-0.39747,-0.3487,-0.31001,-0.19264,-0.17334,-0.16355,-0.05342,-0.00106,0.01902,0.12958,0.24885,0.2206,0.40566,0.55732,0.66539,0.66354,0.68898,0.83954,1.0,0.81815,0.66573,0.66903,0.60808,0.50423,0.3838,0.33527,0.30749,0.16861,0.01765,-0.03356,-0.06284,-0.13892,-0.22519,-0.18153,-0.05266,0.01649,0.13521,0.07882,0.01892,-0.05957,-0.11279
PRO143,-0.09881,0.14118,0.16243,0.16183,0.16297,0.19855,0.18202,0.1812,0.17524,0.19491,0.05918,-0.10835,-0.10322,-0.11312,-0.14092,-0.26239,-0.33753,-0.30108,-0.21992,-0.12446,-0.07083,-0.06083,-0.11934,-0.14706,-0.27514,-0.25143,-0.24088,-0.17448,-0.07331,-0.10467,-0.16147,-0.16249,-0.27285,-0.19221,0.02331,0.05698,-0.13118,-0.23621,-0.26156,-0.22561,-0.1882,-0.23738,-0.23218,-0.17157,-0.16748,-0.21855,-0.1607,-0.10361,-0.10088,-0.10596,-0.08557,-0.11206,-0.13314,-0.17402,-0.208,-0.24334,-0.23317,-0.13554,-0.05286,-0.00613,0.03959,-0.01969,-0.03825,0.01977,0.04323,0.0277,0.04095,0.099,0.11757,0.05148,0.15628,0.19389,0.09411,0.09887,0.15155,0.10415,0.03454,0.03162,0.05278,0.09169,0.09513,0.02385,0.02011,-0.08162,-0.18944,-0.30378,-0.28761,-0.29165,-0.36491,-0.38852,-0.40946,-0.42263,-0.31865,-0.22606,-0.20739,-0.236,-0.03969,0.0625,-0.00658,0.0819,0.18108,0.14515,0.18571,0.1769,0.15361,0.17851,0.18571,0.13682,0.14555,0.15638,0.12986,0.03693,0.07871,0.06767,-0.02962,-0.05847,-0.07888,-0.17528,-0.24498,-0.29308,-0.34085,-0.38966,-0.40863,-0.41134,-0.34898,-0.2456,-0.10094,-0.11163,-0.11235,0.06232,0.11959,0.08292,0.17985,0.33932,0.25724,0.38027,0.4935,0.56743,0.67636,0.67168,0.66521,0.81815,1.0,0.75234,0.63425,0.67902,0.66087,0.53058,0.40978,0.37197,0.25158,0.09612,-0.00345,-0.04415,-0.12099,-0.21004,-0.1451,-0.02162,0.03724,0.20381,0.14967,0.05525,0.00954,-0.0475
ASN144,-0.08808,0.11199,0.13678,0.13263,0.12693,0.17452,0.16402,0.16679,0.25599,0.2816,0.11677,-0.09514,-0.10201,-0.07149,-0.08473,-0.16711,-0.24617,-0.23143,-0.16675,-0.09273,-0.04542,-0.04025,-0.08047,-0.10809,-0.22822,-0.24072,-0.21351,-0.19266,-0.11907,-0.14116,-0.19802,-0.19693,-0.26949,-0.20517,0.12206,0.12159,-0.01816,-0.15007,-0.17005,-0.14561,-0.1108,-0.15337,-0.15581,-0.11512,-0.12871,-0.18362,-0.15534,-0.11504,-0.11604,-0.13994,-0.11751,-0.12891,-0.12366,-0.14422,-0.13847,-0.15735,-0.16069,-0.11495,-0.06466,-0.03823,-0.02747,-0.08182,-0.10008,-0.05613,-0.03786,-0.0439,-0.04165,0.01389,0.06336,-0.0021,0.09158,0.14612,0.06779,0.06483,0.11871,0.09773,0.03467,0.04539,0.05796,0.10324,0.12446,0.07341,0.08179,-0.02651,-0.12636,-0.22095,-0.22257,-0.2468,-0.3051,-0.32758,-0.34158,-0.36827,-0.29168,-0.21199,-0.17843,-0.20936,-0.04636,0.04384,-0.01601,0.07495,0.13709,0.0964,0.17262,0.12306,0.09043,0.13324,0.1672,0.14646,0.13322,0.12533,0.1232,0.04335,0.04533,0.05571,-0.01499,-0.01894,-0.04652,-0.15017,-0.1828,-0.21816,-0.28492,-0.32759,-0.3261,-0.34729,-0.28056,-0.22164,-0.08151,-0.08434,-0.10067,0.06517,0.09214,0.02975,0.1145,0.25103,0.096,0.15368,0.25179,0.37853,0.52841,0.40044,0.44873,0.66573,0.75234,1.0,0.85171,0.71515,0.7191,0.54244,0.48622,0.44761,0.2837,0.12756,0.08592,0.01512,-0.09861,-0.18448,-0.16255,-0.06108,-0.02668,0.16027,0.09939,0.0109,-0.02368,-0.11988
ARG145,-0.08642,0.07773,0.10473,0.11334,0.12302,0.17639,0.2037,0.22863,0.38237,0.42151,0.23689,0.02005,-0.01879,0.02656,0.00303,-0.07961,-0.1848,-0.15237,-0.12747,-0.06287,-0.01605,-0.01965,-0.05475,-0.09803,-0.20569,-0.21974,-0.16046,-0.14743,-0.10167,-0.14101,-0.2166,-0.2325,-0.29223,-0.26779,0.12149,0.06427,-0.01444,-0.16252,-0.16672,-0.15275,-0.13555,-0.17615,-0.17998,-0.16506,-0.18404,-0.23759,-0.21817,-0.18629,-0.17682,-0.19743,-0.17848,-0.18139,-0.16238,-0.15707,-0.12619,-0.13585,-0.11393,-0.07739,-0.02374,0.00895,-0.01251,-0.08301,-0.07969,-0.04349,-0.04248,-0.05181,-0.03319,0.0033,0.06675,-0.00777,0.09113,0.1539,0.06631,0.04899,0.10565,0.09789,0.03534,0.05166,0.06469,0.11539,0.16828,0.13126,0.16044,0.04967,-0.07325,-0.15351,-0.16001,-0.23129,-0.29451,-0.29693,-0.33142,-0.38888,-0.33007,-0.26586,-0.22043,-0.22206,-0.08014,0.00343,-0.00833,0.08802,0.12104,0.08002,0.19212,0.1237,0.07515,0.15732,0.18673,0.19034,0.18884,0.16005,0.16472,0.11011,0.09141,0.10618,0.0278,0.02757,-0.0038,-0.11721,-0.13459,-0.19109,-0.28052,-0.30879,-0.3084,-0.36133,-0.28459,-0.26026,-0.11836,-0.0967,-0.11202,0.03603,0.06497,0.01436,0.09805,0.20565,0.04483,0.13817,0.23638,0.38954,0.48937,0.31008,0.42381,0.66903,0.63425,0.85171,1.0,0.81473,0.69766,0.53692,0.5542,0.49337,0.26012,0.09154,0.11039,0.00884,-0.14231,-0.2241,-0.23369,-0.11659,-0.08177,0.14638,0.05564,-0.03747,-0.04918,-0.16258
ALA146,-0.10431,0.07086,0.11283,0.12726,0.11486,0.14846,0.22099,0.25208,0.29981,0.34676,0.13438,-0.07457,-0.08108,-0.04955,-0.05352,-0.17166,-0.28686,-0.25685,-0.21119,-0.13921,-0.08468,-0.08516,-0.1243,-0.17249,-0.29623,-0.28414,-0.22073,-0.17435,-0.10096,-0.15926,-0.22955,-0.25108,-0.34514,-0.2929,0.08101,0.0695,-0.07827,-0.22724,-0.23463,-0.20476,-0.18376,-0.23656,-0.22316,-0.18806,-0.2128,-0.26352,-0.20998,-0.17347,-0.17141,-0.1742,-0.14895,-0.15133,-0.1509,-0.15618,-0.15383,-0.19008,-0.16071,-0.08076,-0.00342,0.02579,0.03435,-0.03045,-0.04647,-0.00155,0.00913,-0.01513,-0.0035,0.04194,0.09084,0.0051,0.14227,0.18372,0.07184,0.0759,0.14086,0.10903,0.03802,0.05984,0.07911,0.13504,0.16794,0.1113,0.12563,0.00989,-0.11429,-0.21101,-0.21471,-0.28484,-0.36901,-0.37663,-0.4134,-0.47211,-0.39092,-0.30765,-0.2595,-0.26218,-0.09624,0.01379,0.0197,0.09711,0.15326,0.1138,0.19676,0.13102,0.08352,0.16075,0.18757,0.19059,0.20616,0.17959,0.17305,0.11057,0.11917,0.14698,0.02249,0.02342,0.02023,-0.13025,-0.19656,-0.23577,-0.31829,-0.38611,-0.39442,-0.4104,-0.30889,-0.21424,-0.04005,-0.03784,-0.04117,0.16821,0.20531,0.14289,0.25199,0.36885,0.20565,0.2982,0.36559,0.49938,0.59301,0.36156,0.42318,0.60808,0.67902,0.71515,0.81473,1.0,0.84991,0.636,0.65625,0.60025,0.32501,0.13951,0.13375,0.01401,-0.16027,-0.25546,-0.2535,-0.12933,-0.09407,0.17915,0.12011,-0.00353,0.01937,-0.09008
LYS147,-0.0909,0.08802,0.1182,0.10584,0.09149,0.12134,0.13531,0.16644,0.21951,0.26698,0.0571,-0.16616,-0.16788,-0.13214,-0.11312,-0.20521,-0.29653,-0.30685,-0.23904,-0.16521,-0.11997,-0.10241,-0.12658,-0.1596,-0.2831,-0.30135,-0.25034,-0.23556,-0.15122,-0.18175,-0.23498,-0.23799,-0.3115,-0.26144,0.15536,0.15631,0.00096,-0.15372,-0.17293,-0.12504,-0.08259,-0.13997,-0.12082,-0.06962,-0.09968,-0.1492,-0.09976,-0.07012,-0.08368,-0.08854,-0.05843,-0.06347,-0.06326,-0.07683,-0.0803,-0.12455,-0.1284,-0.07394,-0.04112,-0.0525,-0.02296,-0.05069,-0.10747,-0.0754,-0.02512,-0.04267,-0.07323,-0.00973,0.04939,-0.0516,0.07374,0.13555,0.01484,0.008,0.09457,0.04842,-0.02905,-0.00203,0.02748,0.08918,0.09568,0.04895,0.05286,-0.07733,-0.16999,-0.24567,-0.2344,-0.28845,-0.3563,-0.35816,-0.3678,-0.39682,-0.33474,-0.22355,-0.16788,-0.24894,-0.08752,0.04475,-0.01362,0.02245,0.09481,0.04854,0.09635,0.02994,-0.00231,0.06257,0.08612,0.07166,0.08558,0.0757,0.07631,0.01024,0.02423,0.06624,-0.0286,-0.01175,-0.00524,-0.15161,-0.19774,-0.20023,-0.27179,-0.34873,-0.33763,-0.32327,-0.21376,-0.11247,0.04139,0.01546,-0.00532,0.212,0.23526,0.13806,0.22564,0.36848,0.18529,0.21033,0.25534,0.36761,0.52709,0.31561,0.33313,0.50423,0.66087,0.7191,0.69766,0.84991,1.0,0.76357,0.6475,0.66221,0.48254,0.26124,0.20554,0.14248,-0.01366,-0.14126,-0.13106,-0.06481,-0.0235,0.21925,0.13805,0.00906,0.0203,-0.09467
ARG148,0.04305,0.19286,0.23888,0.23244,0.2063,0.20946,0.22444,0.23725,0.12306,0.18294,-0.07324,-0.33181,-0.33069,-0.29771,-0.25498,-0.28235,-0.325,-0.35431,-0.24774,-0.18551,-0.14505,-0.10114,-0.1142,-0.13752,-0.26013,-0.33799,-0.31485,-0.34158,-0.26408,-0.2717,-0.26873,-0.25339,-0.26655,-0.16529,0.20084,0.1921,0.09954,-0.06979,-0.11167,-0.07305,-0.03669,-0.09675,-0.07512,-0.00589,-0.04758,-0.10121,-0.03333,-0.00955,-0.05131,-0.06541,-0.01287,-0.02184,-0.00688,-0.0565,-0.06029,-0.12785,-0.18377,-0.17574,-0.17735,-0.21364,-0.15893,-0.15122,-0.24324,-0.20781,-0.11115,-0.12163,-0.16716,-0.09997,-0.05807,-0.10506,-0.0016,0.03216,-0.03571,-0.0142,0.04512,0.00813,-0.03883,0.00663,0.02554,0.08745,0.06397,-0.00919,0.01329,-0.07581,-0.17154,-0.25571,-0.22679,-0.18642,-0.24156,-0.28954,-0.25216,-0.21287,-0.11677,0.00592,-0.00559,-0.07077,0.11069,0.18224,0.06909,0.14148,0.23111,0.1361,0.11838,0.05275,0.00825,0.00761,0.04664,0.03493,-0.01209,-0.01185,0.02253,-0.07384,-0.09403,-0.05733,-0.11766,-0.11407,-0.11659,-0.21988,-0.26223,-0.24971,-0.25292,-0.32211,-0.32897,-0.27484,-0.21155,-0.06548,0.01746,-0.06955,-0.05862,0.14556,0.11292,0.00452,0.10073,0.2051,0.04866,0.07754,0.1317,0.25124,0.37099,0.21049,0.22016,0.3838,0.53058,0.54244,0.53692,0.636,0.76357,1.0,0.78147,0.53938,0.48375,0.3932,0.18185,0.10671,0.04856,-0.01844,0.08841,0.20627,0.21412,0.43245,0.38165,0.20074,0.07899,-0.05333
VAL149,0.07644,0.07159,0.1482,0.14734,0.11101,0.1444,0.27204,0.27274,0.19778,0.24795,-0.00896,-0.25775,-0.27847,-0.26493,-0.20586,-0.22556,-0.28478,-0.3164,-0.21447,-0.16718,-0.12256,-0.10111,-0.10591,-0.15324,-0.26895,-0.33793,-0.29143,-0.31395,-0.26995,-0.29442,-0.26987,-0.26153,-0.2328,-0.12821,0.11351,0.06844,0.05607,-0.0911,-0.12322,-0.087,-0.08068,-0.133,-0.09551,-0.0396,-0.08578,-0.1247,-0.0536,-0.0455,-0.08859,-0.08641,-0.03972,-0.0236,-0.00076,-0.03832,-0.03422,-0.10784,-0.14626,-0.13574,-0.12793,-0.1645,-0.12145,-0.12463,-0.20877,-0.1797,-0.11244,-0.12487,-0.15221,-0.10158,-0.09056,-0.13036,-0.05172,-0.02914,-0.0641,-0.04255,-0.02698,-0.02577,-0.05039,0.00646,-0.00473,0.0354,0.04396,-0.00863,0.0413,-0.01354,-0.12369,-0.16995,-0.13666,-0.11942,-0.17094,-0.19055,-0.14154,-0.11785,-0.04982,0.05658,0.05385,0.02199,0.1424,0.19692,0.17982,0.22451,0.26126,0.16952,0.13618,0.06742,0.04437,0.02892,0.05814,0.05706,0.01391,0.021,0.07168,-0.00783,-0.04849,-0.00351,-0.08542,-0.05929,-0.04402,-0.16566,-0.19533,-0.17563,-0.19203,-0.25792,-0.25828,-0.22156,-0.15917,-0.05916,0.00722,-0.0532,-0.03198,0.14779,0.10083,0.00257,0.11581,0.17744,0.00467,0.04774,0.0912,0.23127,0.29475,0.10986,0.15542,0.33527,0.40978,0.48622,0.5542,0.65625,0.6475,0.78147,1.0,0.71772,0.52792,0.50205,0.40564,0.23096,0.09753,0.0778,0.08559,0.14898,0.11439,0.31828,0.27517,0.09644,0.01726,-0.09731
ILE150,-0.04911,-0.08672,-0.05819,-0.07676,-0.08765,-0.06053,0.00475,0.04246,0.16898,0.20811,0.07968,-0.02887,-0.0691,-0.06913,-0.03554,-0.08256,-0.15952,-0.20445,-0.16009,-0.09905,-0.07187,-0.07053,-0.07135,-0.11741,-0.19199,-0.20936,-0.14329,-0.14501,-0.13978,-0.15965,-0.17647,-0.17421,-0.16663,-0.16838,0.05729,-0.00123,-0.00945,-0.09039,-0.08765,-0.03788,-0.02815,-0.06731,-0.03072,-0.00435,-0.03454,-0.05322,-0.01523,-0.02098,-0.03989,-0.03063,-0.01518,0.00976,0.02851,0.04127,0.03373,-0.01822,0.00658,0.04249,0.04809,0.00885,0.02426,0.0266,-0.03455,-0.04776,-0.01496,-0.01826,-0.06184,-0.02902,-0.00549,-0.10052,-0.05704,-0.00258,-0.07883,-0.1214,-0.07998,-0.0751,-0.11612,-0.10388,-0.09592,-0.07296,-0.06357,-0.06496,-0.03549,-0.10297,-0.17217,-0.14534,-0.10726,-0.18878,-0.21035,-0.15304,-0.14189,-0.16209,-0.18905,-0.07704,0.0094,-0.16097,-0.13112,0.01776,0.01776,-0.0578,-0.04794,-0.08661,-0.03221,-0.08539,-0.10308,-0.06813,-0.0162,-0.0011,0.00814,-0.00697,0.0163,0.03355,0.00748,0.04889,-0.02238,0.06346,0.08611,-0.07228,-0.04199,0.00609,-0.08301,-0.13863,-0.08344,-0.08553,0.02107,0.00862,0.09177,0.09208,0.06244,0.18603,0.16561,0.08535,0.15919,0.2307,0.06333,0.08653,0.09884,0.18764,0.27992,0.12634,0.17263,0.30749,0.37197,0.44761,0.49337,0.60025,0.66221,0.53938,0.71772,1.0,0.76426,0.54726,0.60809,0.52274,0.31056,0.16969,0.04286,-0.0556,0.00296,0.16651,-0.01159,-0.12408,-0.10928,-0.20441
THR151,0.04128,-0.1036,-0.09092,-0.11687,-0.11074,-0.10185,-0.05338,-0.00881,0.0592,0.07642,-0.04218,-0.10442,-0.16193,-0.19752,-0.17078,-0.15049,-0.14573,-0.22027,-0.15488,-0.08825,-0.07387,-0.04352,-0.03483,-0.04233,-0.08925,-0.1424,-0.14081,-0.17963,-0.18618,-0.1396,-0.09047,-0.04325,0.03147,0.03637,0.07436,0.00684,0.06225,0.02521,0.00558,0.06136,0.09244,0.06278,0.08098,0.13986,0.12629,0.10492,0.13992,0.12669,0.09031,0.08645,0.10729,0.11496,0.1284,0.11292,0.09262,0.03135,-0.01209,-0.0167,-0.07993,-0.14547,-0.08887,-0.02029,-0.10547,-0.12043,-0.03235,-0.02141,-0.09141,-0.0467,-0.04699,-0.1224,-0.12439,-0.08327,-0.13425,-0.18276,-0.15382,-0.15197,-0.18005,-0.1991,-0.17455,-0.16803,-0.21898,-0.2253,-0.20234,-0.24729,-0.26705,-0.21556,-0.13804,-0.13083,-0.12971,-0.08393,-0.0197,0.05244,0.00921,0.15859,0.19257,-0.07469,-0.06682,0.05025,-0.0389,-0.13978,-0.10679,-0.14716,-0.13385,-0.13641,-0.12489,-0.15928,-0.10215,-0.12937,-0.14279,-0.14376,-0.13872,-0.10395,-0.14687,-0.12723,-0.17532,-0.06861,-0.01997,-0.1479,-0.11506,-0.00483,-0.01553,-0.0826,-0.01055,0.05863,0.13334,0.14585,0.14264,0.0878,0.06525,0.127,0.08537,0.01874,0.05107,0.09957,-0.00844,-0.01416,-0.00347,0.04942,0.13386,0.05661,0.07489,0.16861,0.25158,0.2837,0.26012,0.32501,0.48254,0.48375,0.52792,0.76426,1.0,0.78692,0.64245,0.6697,0.59665,0.42527,0.36673,0.18764,0.24153,0.28237,0.07064,-0.04788,-0.1283,-0.21259
THR152,0.10388,-0.11863,-0.07429,-0.10735,-0.1207,-0.07547,-0.00114,-0.00523,-0.03991,-0.04829,-0.1432,-0.21761,-0.24475,-0.29141,-0.26636,-0.20392,-0.14733,-0.21505,-0.0994,-0.06757,-0.05971,-0.03021,-0.01327,-0.0182,-0.05569,-0.12684,-0.19297,-0.22327,-0.21438,-0.14489,-0.05515,-0.00097,0.07725,0.15394,0.00702,0.01297,0.0666,0.08125,0.04011,0.0813,0.09558,0.06697,0.08512,0.15682,0.14542,0.12369,0.16209,0.15554,0.11058,0.09571,0.12837,0.13386,0.13917,0.09074,0.07221,0.01036,-0.08085,-0.13199,-0.21578,-0.26582,-0.20076,-0.12183,-0.20493,-0.19757,-0.08901,-0.06724,-0.13064,-0.08234,-0.11492,-0.12835,-0.1488,-0.13549,-0.11591,-0.11491,-0.1304,-0.10532,-0.09344,-0.10397,-0.1121,-0.13116,-0.21045,-0.24438,-0.23554,-0.20219,-0.16937,-0.15095,-0.06793,0.04737,0.03634,0.03932,0.15839,0.29694,0.28408,0.43813,0.3758,0.17196,0.15228,0.19629,0.13764,0.045,0.05123,-0.01021,-0.05944,-0.03381,-0.01179,-0.12665,-0.08961,-0.1509,-0.19239,-0.16893,-0.16597,-0.1673,-0.21893,-0.21459,-0.23038,-0.16886,-0.10539,-0.14965,-0.14031,-0.04532,0.01974,-0.02606,0.00812,0.10474,0.10727,0.14585,0.08795,-0.00473,-0.00974,0.03039,-0.03907,-0.10304,-0.06964,-0.04598,-0.13039,-0.132,-0.12056,-0.07511,-0.02012,-0.05647,-0.05237,0.01765,0.09612,0.12756,0.09154,0.13951,0.26124,0.3932,0.50205,0.54726,0.78692,1.0,0.73985,0.64099,0.64407,0.61146,0.5635,0.35886,0.31035,0.26824,0.11919,-0.01009,-0.104,-0.14481
PHE153,0.0173,-0.18533,-0.15523,-0.18751,-0.19675,-0.1531,-0.09202,-0.07814,0.02159,0.04589,-0.01802,-0.05027,-0.08972,-0.08428,-0.04006,0.01388,0.00339,-0.06731,-0.02941,-0.02523,-0.02034,-0.02423,0.00923,-0.01618,-0.02755,-0.08573,-0.07046,-0.10604,-0.15352,-0.13476,-0.09675,-0.07354,0.00928,-0.00185,0.01866,-0.02616,0.08161,0.08669,0.08904,0.11604,0.10478,0.09202,0.12349,0.13565,0.10226,0.10353,0.12969,0.09202,0.05471,0.06179,0.07966,0.12172,0.15167,0.15942,0.15264,0.11484,0.09732,0.04714,-0.0077,-0.07131,-0.06647,-0.03383,-0.09841,-0.12234,-0.08578,-0.08792,-0.13967,-0.11961,-0.13604,-0.18292,-0.20379,-0.168,-0.17158,-0.198,-0.18996,-0.13859,-0.12002,-0.11791,-0.12356,-0.14006,-0.16282,-0.14057,-0.11365,-0.08964,-0.06558,0.02247,0.08206,0.06736,0.07413,0.14726,0.21827,0.26306,0.15751,0.24912,0.2941,0.09202,-0.03085,0.05868,0.12015,-0.05806,-0.12637,-0.15832,-0.15519,-0.1684,-0.15741,-0.17817,-0.13235,-0.12961,-0.1338,-0.1399,-0.11415,-0.049,-0.11432,-0.09248,-0.08504,-0.00755,0.03429,-0.00969,0.06598,0.13461,0.12832,0.13229,0.18851,0.19671,0.20707,0.12309,0.07411,0.04378,0.01644,-0.00411,-0.05424,-0.09772,-0.07946,-0.07043,-0.1688,-0.17055,-0.17352,-0.1347,-0.10296,-0.14366,-0.11755,-0.03356,-0.00345,0.08592,0.11039,0.13375,0.20554,0.18185,0.40564,0.60809,0.64245,0.73985,1.0,0.82458,0.61681,0.56129,0.33536,0.06766,0.07089,0.05595,-0.13006,-0.18757,-0.15167,-0.18428
ARG154,0.04958,-0.19285,-0.19569,-0.23189,-0.20984,-0.18578,-0.17249,-0.13546,-0.01286,0.01444,-0.02919,-0.021,-0.07967,-0.08881,-0.03867,0.03768,0.04964,-0.05453,-0.03286,-0.0114,-0.02019,-0.00826,0.02682,0.01888,0.03055,-0.02923,-0.01116,-0.07556,-0.14899,-0.10162,-0.04197,0.00098,0.11469,0.0653,0.06361,-0.0176,0.12234,0.13031,0.13333,0.16944,0.1774,0.17595,0.19966,0.2154,0.19227,0.20147,0.21824,0.16619,0.12956,0.13429,0.14076,0.17998,0.21181,0.23103,0.21534,0.18494,0.15854,0.11003,0.02183,-0.0668,-0.04689,0.01991,-0.06158,-0.10227,-0.05352,-0.05408,-0.12853,-0.10859,-0.12154,-0.19663,-0.25025,-0.19398,-0.20789,-0.27307,-0.24804,-0.20179,-0.20259,-0.22037,-0.20673,-0.22942,-0.27223,-0.22413,-0.19823,-0.19235,-0.15854,-0.02189,0.06014,0.03133,0.06397,0.15205,0.21362,0.27158,0.12592,0.22705,0.29111,-0.00914,-0.13426,-0.0203,-0.03861,-0.24756,-0.28885,-0.30351,-0.27815,-0.27049,-0.24466,-0.25917,-0.19673,-0.19932,-0.19148,-0.20389,-0.19645,-0.09768,-0.1609,-0.15173,-0.13102,-0.02801,0.01595,-0.03683,0.06715,0.18123,0.17111,0.16169,0.26531,0.2916,0.31555,0.20603,0.1246,0.08978,0.05188,-0.00256,-0.06113,-0.09455,-0.10298,-0.09267,-0.15693,-0.17392,-0.17949,-0.16645,-0.1333,-0.13408,-0.10744,-0.06284,-0.04415,0.01512,0.00884,0.01401,0.14248,0.10671,0.23096,0.52274,0.6697,0.64099,0.82458,1.0,0.80218,0.63541,0.4405,0.12138,0.17939,0.09837,-0.15325,-0.17664,-0.17934,-0.21541
THR155,0.0995,-0.19274,-0.19324,-0.23632,-0.21614,-0.1933,-0.19051,-0.16291,-0.09394,-0.09907,-0.12517,-0.08845,-0.1513,-0.18969,-0.15691,-0.05002,0.02436,-0.06983,-0.02147,-0.00377,-0.01394,0.02128,0.06123,0.0708,0.08432,0.00139,-0.04665,-0.11894,-0.17934,-0.074,0.01695,0.08233,0.21066,0.20261,0.06196,0.00698,0.15301,0.19128,0.16878,0.2003,0.21911,0.21229,0.21093,0.25022,0.24497,0.2385,0.24686,0.21104,0.17358,0.16086,0.17047,0.18424,0.20319,0.19619,0.17519,0.14775,0.07719,0.00526,-0.11221,-0.19308,-0.15345,-0.05229,-0.12656,-0.15701,-0.07613,-0.06177,-0.13503,-0.11437,-0.12099,-0.15336,-0.23978,-0.20649,-0.18559,-0.23988,-0.23906,-0.20363,-0.19842,-0.23021,-0.22117,-0.27042,-0.3371,-0.3027,-0.29066,-0.25003,-0.1865,-0.0755,0.01849,0.07584,0.11422,0.17662,0.27767,0.40834,0.30928,0.4287,0.39723,0.09972,-0.00036,0.05832,-0.0551,-0.22681,-0.23794,-0.2445,-0.25794,-0.21528,-0.15974,-0.2437,-0.18896,-0.22415,-0.23957,-0.22685,-0.2376,-0.1634,-0.22593,-0.23912,-0.20814,-0.11857,-0.06914,-0.08507,0.001,0.1239,0.17108,0.15908,0.24952,0.32284,0.30634,0.23909,0.10711,0.04633,0.02679,-0.0537,-0.12214,-0.12759,-0.15916,-0.17415,-0.17556,-0.19316,-0.19557,-0.20776,-0.19466,-0.14994,-0.13807,-0.13892,-0.12099,-0.09861,-0.14231,-0.16027,-0.01366,0.04856,0.09753,0.31056,0.59665,0.64407,0.61681,0.80218,1.0,0.82099,0.67674,0.34325,0.37206,0.18347,-0.04478,-0.06057,-0.14122,-0.15519
GLY156,0.1661,-0.16548,-0.14455,-0.18808,-0.17949,-0.1383,-0.10617,-0.11145,-0.1202,-0.13757,-0.1729,-0.15907,-0.21221,-0.24598,-0.21795,-0.0735,0.02792,-0.0478,0.02659,0.01254,0.00116,0.03264,0.07728,0.08884,0.10219,-0.00378,-0.08883,-0.16783,-0.21278,-0.09983,0.00766,0.07846,0.21579,0.24897,0.02796,0.00983,0.16262,0.21884,0.18741,0.20158,0.20398,0.19961,0.19837,0.23377,0.22202,0.21538,0.22561,0.19363,0.15131,0.13878,0.15397,0.16597,0.18527,0.15777,0.1536,0.12364,0.02009,-0.08165,-0.19691,-0.26556,-0.22996,-0.13725,-0.20175,-0.2154,-0.13366,-0.11082,-0.17265,-0.15366,-0.17852,-0.16339,-0.2554,-0.2422,-0.17024,-0.18816,-0.22255,-0.17376,-0.13513,-0.16074,-0.16647,-0.22431,-0.3033,-0.28885,-0.27148,-0.17834,-0.10032,-0.01437,0.08638,0.20469,0.22656,0.25793,0.40209,0.56281,0.48502,0.61083,0.51421,0.2997,0.18532,0.15552,0.07484,-0.04949,-0.08822,-0.11619,-0.17882,-0.13046,-0.07431,-0.20649,-0.16088,-0.20015,-0.23983,-0.21786,-0.21422,-0.16944,-0.24022,-0.2572,-0.20965,-0.1667,-0.11395,-0.06681,-0.00489,0.08392,0.18326,0.19799,0.2441,0.32464,0.2519,0.20304,0.04848,-0.02315,-0.03128,-0.11437,-0.18903,-0.19008,-0.21687,-0.25167,-0.24224,-0.25732,-0.25535,-0.27434,-0.27955,-0.2107,-0.2157,-0.22519,-0.21004,-0.18448,-0.2241,-0.25546,-0.14126,-0.01844,0.0778,0.16969,0.42527,0.61146,0.56129,0.63541,0.82099,1.0,0.79725,0.46267,0.40089,0.16326,0.00834,-0.01837,-0.13299,-0.12556
THR157,0.25641,-0.03245,-0.02041,-0.05861,-0.04213,-0.01602,-0.00402,-0.01961,-0.12545,-0.14185,-0.22524,-0.26821,-0.31969,-0.37194,-0.35353,-0.1958,-0.06563,-0.13639,-0.02568,-0.02226,-0.02886,0.02068,0.06237,0.09088,0.09032,-0.03069,-0.15877,-0.24284,-0.24962,-0.11037,0.02006,0.11219,0.239,0.30015,0.07611,0.06605,0.18826,0.22904,0.16303,0.18504,0.212,0.19472,0.17052,0.23403,0.24174,0.21225,0.21595,0.20886,0.16811,0.13712,0.16011,0.14372,0.14847,0.08886,0.08514,0.05784,-0.10358,-0.21819,-0.33973,-0.39781,-0.33317,-0.22273,-0.29277,-0.28539,-0.16912,-0.13058,-0.18728,-0.15709,-0.17158,-0.13062,-0.21342,-0.20891,-0.12445,-0.12671,-0.15651,-0.1261,-0.09953,-0.13404,-0.13846,-0.1847,-0.29958,-0.31569,-0.30338,-0.23095,-0.15148,-0.11161,-0.01796,0.1776,0.19459,0.17205,0.33282,0.53571,0.5214,0.6631,0.52,0.32741,0.30189,0.23698,0.05067,0.01139,0.02418,-0.02817,-0.10622,-0.04365,-0.00463,-0.17354,-0.11346,-0.18421,-0.25761,-0.22354,-0.2343,-0.22914,-0.28732,-0.33499,-0.30847,-0.29502,-0.22871,-0.17249,-0.16644,-0.07207,0.07896,0.07062,0.09175,0.21908,0.13377,0.16239,0.00728,-0.09449,-0.08754,-0.14351,-0.21285,-0.22319,-0.24659,-0.26662,-0.23348,-0.23431,-0.21652,-0.22699,-0.23014,-0.15051,-0.16568,-0.18153,-0.1451,-0.16255,-0.23369,-0.2535,-0.13106,0.08841,0.08559,0.04286,0.36673,0.5635,0.33536,0.4405,0.67674,0.79725,1.0,0.76569,0.65108,0.38958,0.26328,0.18042,-0.05897,-0.08433
TRP158,0.36268,0.16353,0.14335,0.13292,0.17582,0.18828,0.1546,0.10959,-0.08058,-0.09334,-0.22585,-0.3094,-0.36218,-0.43142,-0.4292,-0.30514,-0.18324,-0.22522,-0.11148,-0.09393,-0.08011,-0.02049,0.0054,0.03303,0.00046,-0.12221,-0.25036,-0.31099,-0.27171,-0.14937,-0.03774,0.04405,0.14812,0.25881,0.07952,0.07872,0.15224,0.15089,0.06672,0.09482,0.13084,0.09674,0.06767,0.14163,0.16617,0.11255,0.10934,0.15466,0.13689,0.08304,0.10757,0.04379,0.02859,-0.06944,-0.0736,-0.1003,-0.26851,-0.34281,-0.40887,-0.43438,-0.35987,-0.28375,-0.34445,-0.29403,-0.18896,-0.15871,-0.1759,-0.13136,-0.13779,-0.07749,-0.14752,-0.1396,-0.03256,-0.02364,-0.07841,-0.03719,-0.01634,-0.06155,-0.06533,-0.07614,-0.1794,-0.23503,-0.21922,-0.1844,-0.15918,-0.1864,-0.11447,0.0991,0.08162,0.00953,0.14345,0.3326,0.40034,0.51445,0.35361,0.27457,0.35053,0.2431,0.05772,0.12533,0.16665,0.11063,0.04167,0.09477,0.10851,-0.05107,0.00284,-0.07398,-0.17782,-0.13068,-0.14714,-0.21465,-0.24886,-0.28593,-0.27589,-0.30119,-0.26673,-0.2339,-0.26026,-0.21211,-0.07857,-0.09056,-0.1032,0.01479,-0.06207,0.02479,-0.07258,-0.16867,-0.14818,-0.15201,-0.19701,-0.20697,-0.20469,-0.2094,-0.1778,-0.1536,-0.12072,-0.1038,-0.1088,-0.06543,-0.0657,-0.05266,-0.02162,-0.06108,-0.11659,-0.12933,-0.06481,0.20627,0.14898,-0.0556,0.18764,0.35886,0.06766,0.12138,0.34325,0.46267,0.76569,1.0,0.80977,0.61202,0.59456,0.45119,0.09454,-0.01197
ASP159,0.24573,0.15375,0.12791,0.11894,0.17732,0.16944,0.08398,0.09178,-0.04549,-0.04809,-0.18022,-0.23437,-0.29974,-0.36787,-0.35872,-0.26311,-0.16292,-0.21191,-0.12075,-0.08668,-0.07596,-0.0149,0.00592,0.03084,-0.00142,-0.11288,-0.21231,-0.27113,-0.25095,-0.13813,-0.05253,0.02568,0.12763,0.20851,0.0824,0.03797,0.13148,0.12321,0.05445,0.08579,0.11706,0.08512,0.05888,0.11997,0.1403,0.09916,0.12008,0.15688,0.132,0.09395,0.11926,0.07101,0.05705,-0.0316,-0.06181,-0.09589,-0.20777,-0.24334,-0.31302,-0.34832,-0.28184,-0.21591,-0.26797,-0.22677,-0.14188,-0.11572,-0.13515,-0.09153,-0.08635,-0.06535,-0.13947,-0.10531,-0.04452,-0.07492,-0.09732,-0.07211,-0.0733,-0.12921,-0.12364,-0.12371,-0.21251,-0.24853,-0.22012,-0.21947,-0.22359,-0.21823,-0.14698,-0.00468,-0.00041,-0.04183,0.05495,0.20994,0.2462,0.33644,0.24232,0.1006,0.18183,0.1474,-0.06756,-0.03091,0.02733,-0.00841,-0.02767,0.0116,0.02722,-0.09831,-0.00995,-0.05621,-0.1452,-0.12274,-0.14294,-0.16218,-0.20996,-0.25064,-0.24496,-0.24669,-0.23409,-0.21637,-0.21944,-0.16895,-0.07156,-0.09232,-0.07774,0.01955,-0.02528,0.02736,-0.05113,-0.12986,-0.11547,-0.13225,-0.16758,-0.16565,-0.17441,-0.17422,-0.13125,-0.08804,-0.04774,-0.0357,-0.05567,0.00322,0.01247,0.01649,0.03724,-0.02668,-0.08177,-0.09407,-0.0235,0.21412,0.11439,0.00296,0.24153,0.31035,0.07089,0.17939,0.37206,0.40089,0.65108,0.80977,1.0,0.72567,0.5344,0.44866,0.09343,-0.03322
ALA160,0.2015,0.19733,0.16487,0.16286,0.2224,0.19779,0.14033,0.16486,0.04929,0.04685,-0.13034,-0.24779,-0.28752,-0.31159,-0.30174,-0.25777,-0.20741,-0.25842,-0.18284,-0.13855,-0.12568,-0.06225,-0.0462,-0.01469,-0.06568,-0.16487,-0.22338,-0.25922,-0.2312,-0.16349,-0.10488,-0.06062,-0.0018,0.06471,0.14215,0.1184,0.13426,0.08114,0.01626,0.05706,0.10074,0.05501,0.03199,0.09493,0.10655,0.05406,0.066,0.11221,0.09873,0.05339,0.07822,0.0292,0.0164,-0.06129,-0.07597,-0.1154,-0.219,-0.22759,-0.2717,-0.30237,-0.24822,-0.20198,-0.25172,-0.21712,-0.1355,-0.10419,-0.11456,-0.07211,-0.04474,-0.05659,-0.06025,-0.02133,-0.01389,-0.03709,-0.03504,-0.02769,-0.0576,-0.10366,-0.0724,-0.03814,-0.11937,-0.16929,-0.14586,-0.20142,-0.23096,-0.26067,-0.2275,-0.12501,-0.12517,-0.18696,-0.14937,-0.05611,0.01592,0.10281,0.03269,-0.06588,0.07168,0.05949,-0.10791,-0.03786,0.03051,-0.02779,0.00088,0.00164,-0.03643,-0.09231,0.01204,0.00556,-0.08833,-0.10257,-0.10968,-0.14728,-0.19517,-0.21357,-0.22784,-0.22375,-0.23089,-0.27212,-0.28382,-0.25849,-0.21159,-0.24015,-0.2276,-0.15237,-0.15346,-0.0699,-0.06986,-0.139,-0.13433,-0.05383,-0.06598,-0.11607,-0.09811,-0.0593,-0.09459,-0.04554,-0.00063,0.05143,0.06639,0.05009,0.05965,0.13521,0.20381,0.16027,0.14638,0.17915,0.21925,0.43245,0.31828,0.16651,0.28237,0.26824,0.05595,0.09837,0.18347,0.16326,0.38958,0.61202,0.72567,1.0,0.71817,0.46726,0.19619,-0.00223
TYR161,0.29682,0.31044,0.29387,0.29502,0.31602,0.26658,0.23845,0.22512,-0.01141,-0.00116,-0.23131,-0.40765,-0.41096,-0.44303,-0.4233,-0.37011,-0.3204,-0.34691,-0.22434,-0.17553,-0.1471,-0.07282,-0.08116,-0.05776,-0.15193,-0.26665,-0.32245,-0.35759,-0.28279,-0.2453,-0.16534,-0.11879,-0.05464,0.08614,0.14419,0.13683,0.13248,0.03726,-0.04846,-0.01483,0.02736,-0.02261,-0.03051,0.051,0.05515,0.00288,0.02692,0.09573,0.07734,0.03633,0.07448,0.01642,-0.01655,-0.12128,-0.12445,-0.1888,-0.32014,-0.33299,-0.35183,-0.38107,-0.30452,-0.27365,-0.36567,-0.30406,-0.19364,-0.19424,-0.21958,-0.15825,-0.15493,-0.125,-0.09847,-0.10178,-0.04966,-0.01727,-0.03796,-0.04147,-0.03865,-0.03153,-0.0372,0.00409,-0.03947,-0.08897,-0.06495,-0.10457,-0.16418,-0.21329,-0.19999,-0.07643,-0.10363,-0.19044,-0.14653,-0.05505,0.06901,0.13529,0.02971,0.05785,0.22759,0.14582,0.01424,0.14323,0.2262,0.16445,0.08987,0.06238,0.05262,-0.02262,0.0261,0.02214,-0.06293,-0.04971,-0.04333,-0.15384,-0.17142,-0.16104,-0.18459,-0.21739,-0.2239,-0.25419,-0.29684,-0.28391,-0.21663,-0.24829,-0.27326,-0.18767,-0.20126,-0.06202,-0.06177,-0.15026,-0.11904,-0.01037,-0.04107,-0.08679,-0.031,-0.01853,-0.04283,-0.02904,0.00075,0.04755,0.06254,0.04496,0.02395,0.07882,0.14967,0.09939,0.05564,0.12011,0.13805,0.38165,0.27517,-0.01159,0.07064,0.11919,-0.13006,-0.15325,-0.04478,0.00834,0.26328,0.59456,0.5344,0.71817,1.0,0.78653,0.4207,0.22078
LYS162,0.22033,0.21933,0.19017,0.18857,0.20031,0.16538,0.12246,0.12595,-0.07172,-0.0672,-0.26088,-0.34986,-0.3623,-0.39977,-0.38727,-0.3173,-0.25105,-0.27782,-0.17219,-0.13934,-0.12044,-0.05254,-0.04878,-0.02347,-0.09153,-0.2107,-0.26786,-0.31448,-0.26472,-0.21836,-0.14331,-0.08948,-0.00659,0.11244,0.14629,0.1432,0.14889,0.07817,0.00326,0.03568,0.07931,0.03309,0.01911,0.08581,0.09797,0.04018,0.04319,0.11562,0.09192,0.03081,0.06693,0.00208,-0.02919,-0.12542,-0.12091,-0.16107,-0.28402,-0.30568,-0.34036,-0.37723,-0.30367,-0.25303,-0.35932,-0.31752,-0.19371,-0.18553,-0.23518,-0.18035,-0.15973,-0.13146,-0.12569,-0.1219,-0.06338,-0.0514,-0.06284,-0.06268,-0.05285,-0.05482,-0.04727,-0.00135,-0.03915,-0.06269,-0.05223,-0.08487,-0.13462,-0.15882,-0.16325,-0.08004,-0.08199,-0.13713,-0.11976,-0.05813,0.0326,0.06885,-0.01689,0.0112,0.14494,0.07846,-0.03527,0.05692,0.11757,0.09215,0.03585,-0.00247,0.00406,-0.03565,-0.01562,-0.0031,-0.07221,-0.06357,-0.05427,-0.1337,-0.14865,-0.14858,-0.14422,-0.18966,-0.21551,-0.22015,-0.23093,-0.2311,-0.18162,-0.18611,-0.20881,-0.15801,-0.17939,-0.09101,-0.10866,-0.17094,-0.14504,-0.08506,-0.10369,-0.11883,-0.08311,-0.07455,-0.05431,-0.05404,-0.02837,-0.00519,-0.00984,0.00796,-0.01254,0.01892,0.05525,0.0109,-0.03747,-0.00353,0.00906,0.20074,0.09644,-0.12408,-0.04788,-0.01009,-0.18757,-0.17664,-0.06057,-0.01837,0.18042,0.45119,0.44866,0.46726,0.78653,1.0,0.61725,0.39722
ASN163,0.04637,0.08874,0.08818,0.06262,0.03257,0.01244,-0.01556,-0.02791,-0.12924,-0.12944,-0.24864,-0.32366,-0.31903,-0.32738,-0.3118,-0.29673,-0.27859,-0.31247,-0.23321,-0.215,-0.19832,-0.14192,-0.14377,-0.1152,-0.17078,-0.238,-0.2673,-0.27463,-0.21392,-0.19599,-0.15166,-0.11374,-0.09101,-0.00445,0.11515,0.16248,0.08047,0.00994,-0.05253,0.0028,0.05587,0.00941,0.01512,0.0779,0.09934,0.06082,0.08618,0.15117,0.12774,0.09157,0.13156,0.08037,0.0203,-0.07158,-0.09074,-0.12166,-0.21414,-0.21623,-0.22597,-0.25873,-0.18213,-0.16651,-0.27416,-0.20553,-0.1046,-0.16292,-0.20832,-0.14286,-0.12126,-0.13095,-0.08216,-0.07467,-0.07101,-0.05005,-0.0462,-0.08556,-0.07103,-0.0579,-0.04544,-0.02982,-0.02104,0.0166,-0.01803,-0.05809,-0.06275,-0.06186,-0.11486,-0.1085,-0.08018,-0.0885,-0.13199,-0.12816,-0.06403,-0.08063,-0.11651,-0.06282,0.01704,-0.00864,-0.03516,-0.00051,0.02155,0.02673,-0.05105,-0.10344,-0.08432,-0.05388,-0.13838,-0.09175,-0.08174,-0.08999,-0.08916,-0.11769,-0.10756,-0.08853,-0.06444,-0.12543,-0.1432,-0.12707,-0.12229,-0.15305,-0.14012,-0.12509,-0.13926,-0.12844,-0.13889,-0.07815,-0.08267,-0.1012,-0.08834,-0.03643,-0.03423,-0.05628,-0.03255,-0.01705,-0.011,-0.0372,-0.03545,-0.04014,-0.03181,-0.03546,-0.06552,-0.05957,0.00954,-0.02368,-0.04918,0.01937,0.0203,0.07899,0.01726,-0.10928,-0.1283,-0.104,-0.15167,-0.17934,-0.14122,-0.13299,-0.05897,0.09454,0.09343,0.19619,0.4207,0.61725,1.0,0.77604
LEU164,-0.02405,0.01277,0.02764,0.00447,-0.04541,-0.04657,-0.05762,-0.08332,-0.14328,-0.18664,-0.25449,-0.2963,-0.26909,-0.28472,-0.26564,-0.26652,-0.26051,-0.2931,-0.2227,-0.2171,-0.2094,-0.17705,-0.18205,-0.15987,-0.19003,-0.2053,-0.24299,-0.22982,-0.16404,-0.14801,-0.09942,-0.06482,-0.07324,0.00445,0.01713,0.10339,-0.01559,-0.04233,-0.09208,-0.03367,0.01074,-0.0305,-0.0077,0.04601,0.06603,0.03885,0.07329,0.12524,0.10088,0.08478,0.12386,0.08794,0.0178,-0.06044,-0.0836,-0.11148,-0.18906,-0.1908,-0.17621,-0.19238,-0.11724,-0.11107,-0.20461,-0.13944,-0.06281,-0.1209,-0.16166,-0.1118,-0.11225,-0.10608,-0.05405,-0.06267,-0.05983,-0.01828,-0.028,-0.08305,-0.05363,-0.03839,-0.06143,-0.05313,0.00929,0.09023,0.02741,-0.01449,0.01153,0.01679,-0.04175,-0.06434,-0.04167,-0.02177,-0.07089,-0.06449,-0.00271,-0.02934,-0.08039,0.00169,0.04644,0.02109,0.00912,0.01841,0.06201,0.11774,-0.01338,-0.03851,0.03885,0.05338,-0.12558,-0.14621,-0.08885,-0.05857,-0.09236,-0.12999,-0.06332,-0.04478,-0.03083,-0.10188,-0.09943,-0.05888,-0.05529,-0.09015,-0.06571,-0.05388,-0.07731,-0.07303,-0.08984,-0.03778,-0.05225,-0.06848,-0.04917,-0.01925,-0.02105,-0.01838,-0.00868,-0.00677,0.02954,0.00335,-0.01473,-0.05171,-0.0547,-0.02769,-0.07434,-0.11279,-0.0475,-0.11988,-0.16258,-0.09008,-0.09467,-0.05333,-0.09731,-0.20441,-0.21259,-0.14481,-0.18428,-0.21541,-0.15519,-0.12556,-0.08433,-0.01197,-0.03322,-0.00223,0.22078,0.39722,0.77604,1.0
