,MET1,LEU2,LYS3,GLN4,VAL5,GLU6,ILE7,PHE8,THR9,ASP10,GLY11,SER12,CYS13,LEU14,GLY15,ASN16,PRO17,GLY18,PRO19,GLY20,GLY21,TYR22,GLY23,ALA24,ILE25,LEU26,ARG27,TYR28,ARG29,GLY30,ARG31,GLU32,LYS33,THR34,PHE35,SER36,ALA37,GLY38,TYR39,THR40,ARG41,THR42,THR43,ASN44,ASN45,ARG46,MET47,GLU48,LEU49,MET50,ALA51,ALA52,ILE53,VAL54,ALA55,LEU56,GLU57,ALA58,LEU59,LYS60,GLU61,HIS62,CYS63,GLU64,VAL65,ILE66,LEU67,SER68,THR69,ASP70,SER71,GLN72,TYR73,VAL74,ARG75,GLN76,GLY77,ILE78,THR79,GLN80,TRP81,ILE82,HIS83,ASN84,TRP85,LYS86,LYS87,ARG88,GLY89,TRP90,LYS91,THR92,ALA93,ASP94,LYS95,LYS96,PRO97,VAL98,LYS99,ASN100,VAL101,ASP102,LEU103,TRP104,GLN105,ARG106,LEU107,ASP108,ALA109,ALA110,LEU111,GLY112,GLN113,HIS114,GLN115,ILE116,LYS117,TRP118,GLU119,TRP120,VAL121,LYS122,GLY123,HIS124,ALA125,GLY126,HIS127,PRO128,GLU129,ASN130,GLU131,ARG132,CYS133,ASP134,GLU135,LEU136,ALA137,ARG138,ALA139,ALA140,ALA141,MET142,ASN143,PRO144,THR145,LEU146,GLU147,ASP148,THR149,GLY150,TYR151,GLN152,VAL153,GLU154,VAL155
MET1,0.0,1.44176,-0.26777,-1.66988,-2.84654,-2.29923,-2.94988,-2.75208,-1.67735,-1.0525,-1.25366,-0.37877,-0.37416,-0.59803,-2.07698,-1.9534,-1.03802,0.3023,0.81768,0.60675,0.26408,-0.26371,-0.75253,-1.61327,-2.19664,-2.01332,-2.21173,-1.62013,-1.47464,-1.6814,-2.1865,-2.35628,-1.39193,-1.43198,-0.5976,-0.49811,0.16005,0.42382,0.71181,0.76687,0.04787,0.35635,0.03475,-1.15978,-1.78181,-0.82843,-1.0995,-2.90843,-2.07416,-0.16764,-0.79643,-1.18375,-1.0215,-0.35477,-1.43344,-1.77516,-1.41755,-1.2258,-1.49002,-1.66872,-1.84237,-2.04464,-2.2115,-2.78262,-3.3824,-4.08452,-3.7222,-3.70757,-2.70237,-2.95433,-2.66366,-2.56915,-1.95549,-2.29877,-2.86231,-2.34996,-1.87529,-2.55889,-2.28559,-1.27048,-0.72702,-1.24808,-0.86322,-0.77801,-0.56431,-0.92697,-0.656,-0.17384,-0.09952,-0.09223,1.20252,1.45859,1.24205,0.99237,0.94591,1.06516,0.7685,0.79962,0.61521,0.28141,0.11075,-0.37917,-0.34435,-0.38997,-0.27202,-0.33203,-0.41545,-0.35153,-0.53913,-0.41995,-0.19146,-0.26277,-0.10789,-1.00859,-1.3068,-1.65289,-2.08758,-2.04247,-2.09812,-2.26006,-2.44988,-1.41033,-1.193,-1.12118,-1.30547,-1.70614,-1.86875,-1.8439,-1.9477,-1.47572,-0.99655,-0.95615,-0.53084,0.09562,0.21254,0.1838,0.45418,0.66511,1.02331,1.3918,1.72797,1.60763,1.55056,1.64342,1.33435,1.09683,0.54298,-0.35267,-0.19684,-0.54156,-1.13953,-1.71317,0.39062,0.0,0.0
LEU2,1.44176,0.0,-0.04872,-1.91515,-3.18007,-2.24978,-2.95945,-2.78405,-1.80195,-1.27096,-1.43526,-0.61222,-0.67445,-0.96751,-2.45959,-2.42523,-1.75312,-0.06839,0.54865,0.43472,0.09969,-0.49189,-0.80247,-1.63009,-1.98223,-1.49114,-1.79371,-1.63167,-1.54295,-1.61328,-1.85144,-1.58517,-0.7151,-0.75477,-0.2578,-0.40278,0.11306,0.22263,0.41725,0.4936,-0.47498,-0.16819,-0.61957,-1.66842,-2.40802,-1.76724,-1.64463,-3.37477,-3.00434,-0.68369,-0.9756,-1.48881,-1.24636,-0.38795,-1.295,-1.55665,-1.29982,-1.17006,-1.27009,-1.47476,-1.59414,-1.79578,-2.07476,-2.54548,-3.02868,-3.67039,-3.30703,-3.48407,-2.69231,-2.82625,-2.71404,-2.85281,-2.52097,-2.98918,-3.31916,-2.821,-2.6546,-3.3847,-2.90716,-1.79215,-1.25899,-2.07975,-1.37176,-1.66983,-1.53483,-1.41902,-1.31942,-0.96135,-0.76734,-0.8582,0.61831,0.73696,0.62041,0.77301,0.82939,1.02912,0.7184,-0.05354,-0.02002,-0.36401,-0.54372,-0.87639,-0.8867,-0.82511,-0.65051,-0.71054,-0.69956,-0.4649,-0.75267,-0.73254,-0.30129,-0.33841,-0.5937,-1.16611,-1.40069,-1.61496,-2.08748,-1.82705,-1.85969,-2.10826,-2.10574,-1.21952,-1.25026,-1.47424,-1.44734,-1.92197,-1.94844,-1.77738,-1.73029,-1.48544,-1.03944,-0.79113,-0.43163,0.00823,0.29807,0.25317,0.42514,0.60466,1.13526,1.33854,1.69723,1.68963,1.62575,1.55697,1.26711,1.10213,0.73076,-0.24592,0.53393,-0.42975,-1.06918,-0.91517,0.63069,-1.37241,0.0
LYS3,-0.26777,-0.04872,0.0,-1.16051,-3.50172,-2.17204,-2.53697,-2.28987,-1.71571,-1.27977,-1.30234,-0.707,-0.82217,-1.00429,-2.23837,-2.27602,-2.15807,-0.59594,-0.09181,-0.06047,-0.38546,-0.85071,-0.72638,-1.233,-1.11572,-0.45737,-0.90392,-1.10934,-1.18463,-1.30284,-1.09781,-0.34669,0.1192,-0.0402,-0.24536,-0.5638,-0.45974,-0.45874,-0.45369,-0.54644,-1.36839,-0.95396,-1.2521,-1.79145,-2.51254,-2.34968,-2.10111,-3.19314,-3.42756,-1.56791,-1.20455,-1.7524,-1.57383,-0.56631,-1.07097,-1.41452,-1.22373,-0.97966,-0.8612,-1.0416,-1.18799,-1.35484,-1.55618,-1.73248,-2.05537,-2.46283,-2.21103,-2.05611,-1.98185,-1.6345,-1.92144,-1.8371,-1.80677,-2.40602,-2.66145,-2.04874,-2.1452,-2.78835,-2.26775,-1.42853,-1.2689,-2.03278,-1.42421,-2.23454,-2.53287,-1.80428,-1.79541,-1.94458,-1.63573,-1.84967,-0.80557,-0.26762,-0.11665,-0.0434,-0.24816,-0.2922,-1.01252,-1.75774,-0.97567,-1.30886,-1.32219,-1.39936,-1.40952,-1.25945,-1.00997,-1.01219,-0.94436,-0.59026,-0.80762,-0.87843,-0.335,-0.26914,-1.07822,-1.32988,-1.33186,-1.39369,-1.54668,-1.04879,-0.77307,-1.22221,-1.33473,-1.02303,-1.30435,-1.54408,-1.08002,-1.56954,-1.27595,-0.97815,-0.85699,-1.25551,-0.84756,-0.40095,-0.37528,-0.22755,0.25196,0.09093,0.16007,0.27111,0.63887,0.71103,0.87931,0.89817,0.80048,0.95476,0.91714,0.84099,0.239,-0.64765,0.93761,0.12308,-0.04632,0.5799,1.22146,0.33951,0.98179
GLN4,-1.66988,-1.91515,-1.16051,0.0,-2.96175,-2.24514,-1.99558,-1.65559,-1.67529,-1.62747,-1.58052,-1.52818,-1.65422,-1.16676,-1.93136,-0.93989,-2.17388,-1.62316,-1.61342,-1.64459,-1.85988,-1.73421,-1.36753,-1.22172,-0.55754,0.2831,-0.02447,-0.36846,-0.66145,-0.94193,-0.54063,0.07684,-0.07987,-0.46474,-1.4039,-1.78783,-2.11064,-2.38156,-2.55054,-2.46976,-3.01049,-3.08746,-2.95309,-3.09369,-3.10207,-3.56361,-3.28555,-2.89917,-3.70812,-3.08989,-2.04754,-1.96393,-1.91821,-1.05435,-0.91467,-0.94517,-1.16537,-0.90028,-0.56191,-0.41299,-0.26889,-0.43021,-0.42938,-0.30226,-0.37579,-0.14541,-0.54707,-0.39647,-0.8759,-0.38199,-1.02075,-1.00402,-0.92797,-1.21574,-1.27027,-1.01397,-0.95502,-1.20354,-1.04329,-0.55534,-0.03539,-0.23115,0.04955,-0.81044,-1.7481,-0.9977,-0.7921,-1.2605,-1.31788,-1.56494,-0.77038,-0.60449,-0.386,-0.04089,-0.02372,-0.05797,-0.75907,-2.39829,-1.83551,-2.29695,-1.73675,-1.79266,-1.7868,-1.28539,-1.20202,-1.0817,-0.84407,-0.48296,-0.56713,-0.68623,-0.23203,0.17323,-0.79013,-0.8408,-0.62995,-0.48479,-0.28193,-0.05088,0.41159,-0.15953,-0.12665,-0.38462,-0.74703,-0.73746,-0.40055,-0.79792,-0.52482,-0.44167,-0.31072,-0.95505,-1.07946,-0.77698,-0.97003,-1.08622,-0.80948,-0.90472,-0.97963,-0.74659,-0.56712,-0.89132,-0.89654,-0.70748,-0.87777,-0.59366,-0.00487,-0.28122,-0.86374,-1.16707,1.24792,1.61685,1.86048,2.38999,1.93977,1.13245,0.74298
VAL5,-2.84654,-3.18007,-3.50172,-2.96175,0.0,-0.7472,-0.1777,-0.33807,-0.8063,-0.91174,-0.76857,-0.86692,-0.8339,-0.42715,-0.17765,0.25764,-0.69487,-0.93479,-1.05368,-0.93464,-0.96315,-0.66813,-0.08145,0.73375,1.68005,2.43265,2.57147,1.21857,0.4698,0.37344,1.1245,1.63206,1.02266,0.56098,-0.26522,-0.71826,-1.134,-1.56815,-1.88464,-1.79874,-1.76579,-1.96487,-1.59815,-0.92694,-0.76737,-1.65418,-1.22208,0.11534,-0.7734,-1.46064,-0.54292,-0.06917,-0.40251,-0.24752,0.46225,0.45157,0.12671,0.28913,0.84434,0.51158,0.56118,0.81068,1.58087,2.29144,2.61306,2.61641,1.91064,1.48703,0.7985,1.04205,0.68059,0.62065,0.23558,0.41046,0.79469,0.4407,0.22474,0.48944,0.69919,0.19772,-0.16993,-0.1913,-0.18266,-0.40578,-0.9526,-0.94678,-1.12447,-1.29405,-1.51515,-1.40835,-0.97935,-0.94392,-0.81563,-0.26199,-0.2784,-0.04322,-0.36896,-1.91931,-1.76926,-2.29804,-2.11908,-1.66762,-1.40133,-1.1068,-1.10866,-0.94947,-0.63701,-0.52774,-0.59838,-0.55998,-0.1882,-0.05885,-0.21677,0.48293,0.95139,1.27473,1.64827,1.46568,1.5528,1.18965,1.02513,0.12075,-0.14981,-0.47527,-0.3458,-0.53148,-0.45009,-0.24453,0.10187,-0.26529,-0.58092,-0.15554,-0.11737,-0.52293,-0.31118,-0.18763,-0.22124,-0.29727,-0.27087,-0.31521,-0.25056,-0.17236,-0.21029,-0.28562,0.12222,-0.15641,-0.28222,-0.42665,0.63487,0.23675,0.33804,0.9207,-0.40282,-0.29401,-0.2992
GLU6,-2.29923,-2.24978,-2.17204,-2.24514,-0.7472,0.0,-0.2283,-0.15998,-0.84637,-0.76992,-0.74514,-0.781,-0.83793,-0.58788,-0.33425,-0.13748,-0.82098,-0.99808,-0.98456,-0.61797,-0.52669,-0.1643,0.57575,1.50508,2.39923,3.23987,3.22547,1.49698,0.62836,0.62512,1.41743,1.87884,1.4671,0.94914,0.25736,-0.16219,-0.74697,-1.15343,-1.4602,-1.57554,-1.73785,-1.69923,-1.41673,-0.65322,-0.48663,-1.34921,-1.03985,0.12983,-0.43566,-1.00069,-0.1205,0.27265,-0.17467,0.03458,0.77085,0.39592,-0.02731,0.19433,0.54027,0.00372,-0.19498,-0.01276,0.84006,1.56976,2.37924,2.59052,2.14489,1.74074,1.01977,0.92545,0.63509,0.65204,0.18593,0.28821,0.63383,0.42781,0.14238,0.28415,0.41441,0.13503,-0.11518,-0.15443,-0.32903,-0.29474,-0.73024,-1.13164,-1.2219,-1.1465,-1.25338,-1.03886,-0.38102,-0.4773,-0.35834,0.25413,0.32282,0.43635,0.10674,-1.51772,-1.75909,-2.14967,-2.0294,-1.75576,-1.49066,-1.26696,-1.2618,-1.00812,-0.81066,-0.8023,-0.815,-0.6748,-0.48182,-0.39989,-0.28762,0.16317,0.54109,1.12903,1.53553,1.41009,1.60428,1.24893,1.0493,0.16485,0.08258,-0.26305,-0.05669,-0.08104,-0.17557,-0.06879,0.18794,0.16311,-0.18071,0.01327,0.28853,-0.04944,-0.01963,0.12745,0.0582,-0.10463,-0.09867,-0.13587,-0.06594,-0.0684,-0.15087,-0.11113,0.18478,0.12294,-0.12634,-0.11159,0.6001,0.26864,0.29551,0.50923,-0.79863,-0.52203,-0.61492
ILE7,-2.94988,-2.95945,-2.53697,-1.99558,-0.1777,-0.2283,0.0,0.32626,-0.76516,-0.81038,-0.65583,-0.83926,-0.75283,-0.41213,0.26459,0.3928,-0.28702,-0.80745,-0.99485,-0.61461,-0.16833,0.5375,1.32103,2.50409,3.29074,3.32875,3.16828,1.81641,1.03501,1.04699,1.75599,2.04915,1.40562,1.18909,0.49174,0.22327,-0.43444,-0.97675,-1.20607,-1.24107,-1.28281,-1.41833,-1.10504,-0.09863,0.33887,-0.49773,-0.05939,1.72871,0.88801,-0.44434,0.71738,1.27265,0.63916,0.36522,1.52793,1.00032,0.41187,0.37225,0.45917,0.24082,0.03329,0.29719,0.90255,1.69147,2.77498,3.0578,2.84709,2.36378,1.56762,1.52178,1.16509,1.18036,0.7962,1.05006,1.40265,0.97397,0.7401,1.08351,0.99524,0.47335,0.20249,0.50237,0.16915,0.34848,-0.01806,-0.3322,-0.65896,-0.68896,-0.91817,-0.75012,-0.5624,-0.66193,-0.52621,-0.07743,-0.05252,0.05883,-0.17021,-1.3709,-1.89624,-2.11191,-1.87983,-1.50767,-1.39756,-1.26515,-1.24428,-0.86623,-0.82995,-0.9879,-0.67949,-0.6132,-0.81819,-0.63031,-0.28287,0.48947,0.9032,1.50571,1.87586,1.81354,1.94568,1.72315,1.58927,0.61315,0.45534,0.16272,0.21022,0.50738,0.60678,0.63893,0.97581,0.86645,0.23379,0.38797,0.66302,0.11214,0.03262,0.26122,0.22464,0.06371,0.09416,0.04408,-0.06649,-0.01226,0.07354,-0.01535,0.35885,0.26801,0.2978,0.2835,0.67592,0.1976,0.53053,0.97221,-1.41495,-1.06108,-0.79221
PHE8,-2.75208,-2.78405,-2.28987,-1.65559,-0.33807,-0.15998,0.32626,0.0,-0.83395,-0.46469,-0.68546,-0.78694,-0.66107,-0.41042,0.23405,0.33492,-0.20199,-0.71376,-0.80245,-0.4155,0.18336,1.18658,2.20089,3.27882,3.71087,2.79061,2.52467,1.32992,0.72661,0.80758,1.50032,1.87577,1.29344,1.30764,0.75664,0.52693,-0.28722,-0.70713,-0.95873,-1.01768,-0.99538,-1.05603,-0.66631,0.45427,0.75236,0.07128,0.72194,2.45533,1.60303,0.23707,1.47137,2.01579,1.05869,0.28503,1.4271,0.87822,0.25129,0.09096,0.05699,-0.17064,-0.45861,-0.20144,0.33098,1.1917,2.17034,2.54452,2.5437,2.43466,1.71235,1.68621,1.43209,1.31839,0.96361,1.272,1.54334,1.10949,0.7727,1.06814,0.94746,0.47004,0.21744,0.62066,0.30706,0.53799,0.40914,0.16446,-0.2445,-0.37402,-0.41921,-0.31044,-0.32555,-0.64793,-0.57921,-0.0535,0.04596,0.17334,0.0699,-0.92251,-1.46271,-1.56571,-1.35448,-0.76675,-0.87572,-1.08704,-1.03781,-0.55715,-0.78794,-1.10457,-0.67879,-0.54933,-0.9782,-0.89025,-0.43551,0.20475,0.55225,1.16962,1.50901,1.60738,1.79736,1.65122,1.48026,0.51387,0.24911,0.04024,0.28956,0.66363,0.93007,1.17022,1.5271,1.53521,0.96998,1.11424,1.42753,0.94881,0.63806,0.56492,0.61165,0.35055,0.18774,0.16722,0.06425,-0.04898,0.08245,0.07828,0.36016,0.31671,0.29415,0.43418,0.48106,0.27165,0.56709,0.90499,-1.33441,-0.85234,-1.22581
THR9,-1.67735,-1.80195,-1.71571,-1.67529,-0.8063,-0.84637,-0.76516,-0.83395,0.0,0.79014,-0.82369,-0.69719,-0.42299,-0.35108,0.29466,0.16587,0.20587,-0.07191,0.02786,0.52577,1.19402,2.2736,2.7798,3.19427,2.33222,1.20964,0.80366,0.05279,-0.25148,-0.23264,-0.02621,0.43061,0.55107,0.87156,0.9877,0.85408,0.18703,0.08238,-0.0302,-0.14713,0.03145,0.17769,0.51762,1.3405,1.44668,1.39234,2.02263,2.73719,2.50628,1.88428,2.85265,2.97293,2.10515,1.03431,1.36952,1.04032,0.52767,0.00992,-0.19204,-0.42384,-0.83529,-0.53997,-0.07942,0.52746,1.29807,1.43283,1.80871,1.58582,1.23698,0.95397,1.13308,1.0832,0.87029,1.10456,1.26613,0.96216,0.76531,0.91008,0.90313,0.56296,0.18913,0.48038,0.27085,0.49743,0.83133,0.492,0.1813,0.25557,0.20161,0.17566,-0.34446,-0.67046,-0.63212,-0.36282,-0.29311,-0.28158,-0.13831,-0.53534,-0.60573,-0.13269,-0.20446,0.23061,0.21924,-0.25468,-0.23602,0.06994,-0.501,-0.99598,-0.48684,-0.45419,-1.05217,-1.0996,-0.27628,0.15825,0.31628,0.79435,0.8962,0.86965,0.86889,0.85685,0.58301,0.18683,0.01135,-0.08811,0.2082,0.38863,0.36517,0.41179,0.5821,0.95255,0.70655,0.80846,1.62763,1.47362,0.92783,0.71842,1.15272,0.70863,0.4117,0.56994,0.73722,0.47059,0.55097,0.61721,0.72596,0.8255,0.98296,1.23077,0.50267,0.28283,0.32977,0.12047,-1.12464,-1.15343,-1.43151
ASP10,-1.0525,-1.27096,-1.27977,-1.62747,-0.91174,-0.76992,-0.81038,-0.46469,0.79014,0.0,-1.8841,-1.00637,-0.57736,-0.57291,0.05756,-0.08609,0.19053,0.12132,0.40968,1.03472,1.74303,2.74297,2.91407,2.68316,1.57779,0.57323,0.05451,-0.50181,-0.65768,-0.58345,-0.60551,-0.16899,0.20249,0.7207,1.04313,0.92789,0.42012,0.52345,0.41538,0.27072,0.44461,0.68075,1.02189,1.8195,1.80261,1.90994,2.69147,2.67571,2.53067,2.31101,2.8297,2.68456,1.90457,0.95749,1.17842,0.8286,0.39016,-0.11978,-0.30779,-0.57721,-0.96072,-0.77479,-0.28795,0.22689,0.78401,0.90265,1.33111,1.113,0.89947,0.66589,0.8706,0.87115,0.69041,0.80693,0.92574,0.80186,0.64019,0.69038,0.69204,0.51728,0.21161,0.41622,0.17993,0.42062,1.03217,0.76331,0.43047,0.6436,0.74132,0.74353,-0.06782,-0.46779,-0.46968,-0.29997,-0.26598,-0.21542,0.00559,-0.04701,-0.12794,0.41282,0.29525,0.6652,0.59816,0.03229,0.12728,0.34096,-0.39366,-0.90151,-0.42535,-0.40941,-1.02237,-1.00756,-0.25135,0.03193,0.15525,0.5464,0.55079,0.53861,0.44221,0.45069,0.22458,-0.04031,-0.23426,-0.32061,0.02314,0.20196,0.19208,0.26509,0.47493,1.1243,0.99414,0.99747,1.95152,1.88896,1.24103,0.87383,1.55956,1.03577,0.55118,0.72201,1.06354,0.87305,0.78878,0.83764,0.78521,0.93498,1.16172,1.30952,0.3082,0.2929,0.04587,-0.22626,-1.02395,-1.22288,-1.44449
GLY11,-1.25366,-1.43526,-1.30234,-1.58052,-0.76857,-0.74514,-0.65583,-0.68546,-0.82369,-1.8841,0.0,-1.48226,-0.36956,-0.55002,-0.0755,-0.30031,0.44897,0.60815,1.0735,1.9015,2.48473,2.45235,2.12801,1.79032,0.95407,0.24924,-0.06235,-0.30095,-0.39292,-0.31486,-0.4482,-0.29922,-0.04601,0.41613,0.81487,0.92145,0.9567,1.24383,1.13754,1.00654,1.25298,1.56013,1.87174,2.58509,2.68595,2.97759,3.72631,3.53543,3.24145,2.77085,2.5851,2.28425,1.9875,0.90104,0.88426,0.82307,0.56499,-0.10838,-0.23644,-0.30639,-0.52251,-0.32745,-0.04403,0.39238,0.70502,0.67748,0.90844,0.79558,0.8514,0.70997,0.98333,0.9782,0.9664,1.16717,1.22888,1.15057,1.01344,1.3334,1.19838,0.76641,0.5061,0.71514,0.55041,0.63763,0.9408,1.03745,0.84327,0.73888,0.92489,0.81013,-0.3648,-0.50577,-0.49569,-0.64663,-0.70755,-0.75317,-0.38571,0.12343,0.2109,0.98485,0.62264,1.06814,1.28298,0.66317,0.59646,0.73247,0.35481,-0.28751,-0.06641,0.08926,-0.33938,-0.59414,-0.28009,0.08704,0.30555,0.40362,0.49835,0.44774,0.32251,0.59487,0.28451,-0.17517,-0.41977,-0.52038,-0.11516,-0.01741,0.12121,0.24322,0.36045,0.61247,0.41931,0.41234,0.73801,0.74148,0.27158,0.223,1.37338,1.13,0.58768,0.90197,1.50218,1.31974,1.21234,1.34854,1.10387,1.2189,1.53023,1.8146,0.38913,0.19095,-0.04303,-0.67061,-1.37391,-1.50681,-1.49991
SER12,-0.37877,-0.61222,-0.707,-1.52818,-0.86692,-0.781,-0.83926,-0.78694,-0.69719,-1.00637,-1.48226,0.0,0.14101,-0.39972,-0.44284,-0.70288,0.29167,0.82814,1.37878,2.06524,2.31416,1.73091,1.18913,1.06393,0.33081,-0.20606,-0.40123,-0.45819,-0.48239,-0.34497,-0.64028,-0.57314,-0.16276,0.2065,0.74738,0.73163,1.01688,1.31091,1.27102,1.30886,1.44328,1.85529,2.45928,3.23277,2.51602,2.60708,3.56894,2.90751,2.7162,2.62396,2.13635,1.61825,1.64535,0.82604,0.60404,0.61142,0.50477,-0.06696,-0.03621,-0.37951,-0.52906,-0.31326,0.02196,0.36022,0.36407,0.10578,0.18845,0.21055,0.42818,0.0348,0.54818,0.48057,0.51102,0.63756,0.63408,0.58852,0.48208,0.67321,0.66215,0.39614,0.09534,0.15526,0.15843,0.20599,0.64722,0.71583,0.61293,0.79638,1.08341,1.08654,0.37652,0.22891,0.11399,-0.09849,-0.20435,-0.30954,-0.06516,0.59469,0.30566,1.0083,0.67484,0.96543,1.1158,0.46392,0.38528,0.49323,0.22779,-0.29312,-0.19589,0.15051,-0.05896,-0.54953,-0.08586,0.14328,0.33916,0.19104,0.21331,0.13658,-0.13558,0.04899,-0.3619,-0.63345,-0.57875,-0.77117,-0.4306,-0.43186,-0.40462,-0.28135,-0.10338,0.28305,0.31399,0.28772,0.58179,0.83705,0.50256,0.27993,1.2583,1.12095,0.75246,1.00343,1.66294,1.58326,1.43095,1.65407,1.19838,1.16845,1.24316,1.43916,-0.00338,-0.14321,-0.43738,-1.1184,-1.44678,-1.50328,-1.41563
CYS13,-0.37416,-0.67445,-0.82217,-1.65422,-0.8339,-0.83793,-0.75283,-0.66107,-0.42299,-0.57736,-0.36956,0.14101,0.0,-0.37964,-0.1768,-0.66611,0.74727,1.51632,1.99428,2.10644,1.93909,1.36929,0.73011,0.60122,-0.07964,-0.50033,-0.61509,-0.4311,-0.36033,-0.23879,-0.68002,-0.78596,-0.38574,-0.09174,0.5019,0.63437,1.16992,1.44555,1.68601,2.07109,2.53432,2.71324,3.27071,3.73462,2.90392,2.78205,3.56708,3.04029,2.9238,2.89554,2.00228,1.61981,1.80055,0.76001,0.47584,0.58611,0.65209,-0.07677,0.11832,-0.17669,-0.33744,-0.1002,0.23509,0.48195,0.35069,0.05963,0.1619,0.25533,0.6182,0.28497,0.7587,0.65578,0.72426,0.70257,0.71112,0.71836,0.66427,0.89806,0.93735,0.64396,0.33984,0.45464,0.50182,0.44618,0.64666,0.93733,0.93874,0.9118,1.25238,0.96675,-0.31522,-0.13408,-0.18374,-0.70863,-0.9418,-1.1545,-0.73754,0.36048,0.34622,1.34069,0.95221,1.46882,1.44308,0.82487,0.88609,0.92747,0.65635,0.14758,0.18128,0.58597,0.42848,-0.23468,-0.00156,0.27374,0.48053,0.24809,0.27232,0.18376,-0.09523,0.14078,-0.3031,-0.67506,-0.77875,-1.00757,-0.66623,-0.60234,-0.47528,-0.39694,-0.16551,0.03749,0.02018,0.16426,0.33523,0.42624,0.07141,-0.08029,0.8095,0.723,0.49335,0.83005,1.55643,1.49346,1.35043,1.6347,1.36363,1.40874,1.77052,1.79137,0.05861,-0.14458,-0.251,-1.48642,-1.83657,-2.04927,-1.52354
LEU14,-0.59803,-0.96751,-1.00429,-1.16676,-0.42715,-0.58788,-0.41213,-0.41042,-0.35108,-0.57291,-0.55002,-0.39972,-0.37964,0.0,-1.47762,-1.03476,0.13509,0.92061,1.34041,1.09518,0.70862,0.43601,0.01817,0.00541,-0.32584,-0.51999,-0.43362,0.03648,0.089,0.00157,-0.42056,-0.70168,-0.4928,-0.54263,-0.26926,-0.04738,0.43572,0.70588,1.01621,1.57476,1.96743,1.57771,1.83932,2.41181,1.85888,1.30818,1.69168,1.93977,1.78614,1.08308,0.61133,0.66372,0.65737,-0.31537,-0.21985,0.13392,0.06876,-0.50953,-0.11289,0.00432,0.10595,0.27517,0.48602,0.5641,0.35949,0.23247,0.25927,0.33829,0.57003,0.43322,0.7074,0.58283,0.56301,0.55701,0.58925,0.61121,0.63389,0.8381,0.8046,0.71209,0.69164,0.94634,0.99948,0.94523,0.84415,1.28382,1.34051,1.21798,1.5214,1.25417,0.22046,0.26883,0.2409,-0.17264,-0.38163,-0.52453,-0.26668,0.21442,-0.23217,0.60873,0.5022,0.91865,0.74544,0.26519,0.26398,0.37049,0.20101,-0.06087,0.15139,0.5507,0.43459,-0.00332,0.04841,0.32695,0.52511,0.33162,0.3526,0.22071,0.0705,0.24061,-0.18869,-0.58822,-0.73545,-0.89193,-0.54802,-0.49526,-0.41937,-0.3975,-0.16917,-0.0821,-0.25418,-0.11178,0.03228,0.01027,-0.38372,-0.44237,0.24017,0.23525,0.0915,0.33594,1.01476,1.02084,0.86998,1.04834,0.77434,0.69832,1.00352,1.12143,-0.01418,-0.00874,0.19662,-0.50159,-1.27657,-1.10797,-0.82714
GLY15,-2.07698,-2.45959,-2.23837,-1.93136,-0.17765,-0.33425,0.26459,0.23405,0.29466,0.05756,-0.0755,-0.44284,-0.1768,-1.47762,0.0,-1.34187,1.18087,0.58932,0.1275,0.11832,0.19865,0.23628,0.04353,0.31521,0.02463,-0.26547,0.04546,0.37621,0.53071,0.64978,0.15241,-0.22988,-0.3296,-0.27346,-0.09086,0.11919,0.40146,0.64542,0.94791,1.17706,2.14515,1.7726,1.93147,2.39675,2.3437,2.03143,2.16152,2.99721,3.27418,1.78103,1.3622,1.80591,1.77076,0.31757,0.7539,1.10351,0.88617,0.23308,0.43987,0.37906,0.48575,0.86182,1.22173,1.40846,1.13015,0.95383,0.91634,0.99575,1.08659,1.09832,1.34094,1.2542,1.07886,1.05838,1.16174,1.10533,1.12492,1.46257,1.48007,1.26152,0.96563,1.20456,1.15837,1.27963,1.39414,1.54657,1.63788,1.54895,1.58768,1.5405,-0.53339,-0.51588,-0.49579,-0.9816,-1.38242,-1.48422,-0.91441,0.21393,0.10477,0.96163,0.82082,1.5402,1.41365,0.93816,0.74182,0.73404,0.387,-0.12983,0.15917,0.34291,-0.06937,-0.41544,0.26224,1.01504,1.19951,1.06849,1.06292,0.79332,0.50072,0.64911,0.4103,-0.04716,-0.27488,-0.31585,-0.10137,0.09778,0.20092,0.20435,0.42007,0.38789,0.32512,0.4411,0.47423,0.3481,-0.06024,-0.21196,0.17974,0.05422,-0.09435,0.07408,0.42243,0.58802,0.61382,0.69867,0.5879,0.79739,1.41213,1.58713,-0.04748,-0.20654,0.18711,-0.7064,-2.43331,-1.90127,-1.29116
ASN16,-1.9534,-2.42523,-2.27602,-0.93989,0.25764,-0.13748,0.3928,0.33492,0.16587,-0.08609,-0.30031,-0.70288,-0.66611,-1.03476,-1.34187,0.0,-0.37862,-1.59698,-1.76928,-1.358,-1.22996,-0.81659,-0.95865,-0.6206,-0.66379,-0.81632,-0.42905,0.22181,0.38389,0.25781,-0.29389,-0.8836,-1.34331,-1.36306,-1.40729,-1.35934,-1.26461,-0.95393,-0.6023,-0.2983,1.28929,0.92344,1.42394,1.63614,2.05787,1.65077,1.23259,2.43041,2.44025,0.57585,0.28551,1.40001,1.43553,-0.43797,0.18569,1.00154,0.37706,-0.27594,0.20449,0.60431,0.65808,0.66753,1.0122,1.04161,0.83033,1.2758,0.97412,1.11986,1.14897,1.05433,1.59947,1.65636,1.64802,1.62961,1.53035,1.29206,1.3802,1.64556,1.43459,1.16745,1.36961,2.00874,1.66319,1.89202,2.25538,2.22919,2.18497,2.11305,2.07992,1.81293,-0.40115,-1.39589,-1.56364,-1.50927,-1.33751,-1.03858,0.53616,0.61617,1.13031,2.08312,1.9859,2.16595,2.25747,2.2488,1.79445,1.53797,1.67779,1.01512,1.33088,1.48501,0.24789,0.07594,0.72603,0.59892,0.70888,0.76374,1.04251,0.58211,0.44259,0.57381,0.54017,0.20908,-0.34257,-0.32025,-0.14419,0.01286,0.09587,0.03987,0.19536,0.18668,0.03482,0.04834,0.00421,-0.04625,-0.62724,-1.31991,-1.11606,-1.18132,-1.6333,-1.6267,-1.27163,-1.14013,-1.07502,-0.81951,-0.56385,-0.58996,0.04916,0.90897,-0.22113,0.93741,1.11103,0.26013,-0.76263,-0.41177,-0.19902
PRO17,-1.03802,-1.75312,-2.15807,-2.17388,-0.69487,-0.82098,-0.28702,-0.20199,0.20587,0.19053,0.44897,0.29167,0.74727,0.13509,1.18087,-0.37862,0.0,-0.25372,-0.51423,-0.41838,-0.39367,-0.32173,-0.6744,-0.5169,-0.96936,-1.23227,-1.08334,-0.3674,-0.08901,0.02526,-0.67179,-1.33215,-1.24462,-1.10204,-0.42478,-0.28113,0.33531,0.91173,1.52959,1.67048,3.31108,3.19135,3.1703,2.82748,2.91485,2.98246,2.63505,2.66188,3.37321,2.7235,1.70651,2.19298,2.65705,0.99583,0.6439,1.25595,1.16426,0.17353,0.40138,0.31725,0.50691,0.73839,1.19528,1.34984,0.80449,0.59976,0.41655,0.32116,0.66347,0.47708,1.04051,1.23303,1.39909,1.38026,1.24587,1.01248,1.02289,1.33593,1.27527,0.94268,0.7704,1.26145,1.23043,1.454,1.91649,1.90037,1.93539,1.97857,2.07765,1.78622,-0.59676,-0.9783,-1.18889,-1.81967,-2.01904,-2.14805,-0.42446,1.51905,2.12645,3.47181,2.71938,3.09986,3.35822,2.81847,2.64228,2.35683,2.22299,1.60024,1.77459,2.21076,1.45493,0.50139,1.04621,1.03438,1.10595,0.67828,0.79233,0.28595,-0.09014,0.37192,0.17837,-0.04107,-0.25496,-0.43438,-0.42558,-0.34527,-0.34135,-0.50925,-0.42853,-0.29532,-0.24031,-0.16816,-0.02757,0.22167,-0.24456,-0.57263,-0.02921,-0.19652,-0.67574,-0.42099,0.13473,0.22328,0.17839,0.45401,0.26014,0.46848,1.3007,1.92842,-0.27111,0.2243,-0.08888,-1.69126,-2.21778,-2.35634,-1.82856
GLY18,0.3023,-0.06839,-0.59594,-1.62316,-0.93479,-0.99808,-0.80745,-0.71376,-0.07191,0.12132,0.60815,0.82814,1.51632,0.92061,0.58932,-1.59698,-0.25372,0.0,-0.08229,-0.01271,-0.22034,-0.4287,-0.67422,-0.66123,-1.01828,-1.19006,-1.12046,-0.64718,-0.41393,-0.2454,-0.65979,-0.98514,-0.58936,-0.5321,0.20616,0.42012,1.29801,1.89479,2.64872,3.04083,3.86141,3.66097,3.28249,2.54167,2.05951,2.21459,2.10419,1.38234,1.89406,2.08632,1.14611,1.0223,1.6022,0.83456,0.25399,0.50301,0.78393,-0.04225,-0.01251,-0.28329,-0.06716,0.22144,0.5686,0.77796,0.24475,-0.41225,-0.35695,-0.38316,0.03946,-0.14286,0.25967,0.29408,0.42861,0.40104,0.25272,0.12294,0.08606,0.20747,0.20208,0.12556,-0.06936,0.07193,0.12828,0.07737,0.26766,0.57918,0.53312,0.4484,0.65885,0.50531,-0.5146,0.0664,0.1312,-0.61478,-1.03223,-1.40639,-0.95737,1.15865,1.21327,2.4082,1.85138,2.29913,2.25661,1.53217,1.51057,1.4552,1.3117,0.86705,0.73129,1.25592,1.34528,0.29651,0.27229,0.41464,0.60523,0.00736,0.0169,-0.16695,-0.50175,-0.08036,-0.50875,-0.64955,-0.65393,-0.90427,-0.82947,-0.81261,-0.75838,-0.84491,-0.73074,-0.6287,-0.48509,-0.18316,0.04013,0.32218,0.17758,0.07625,0.69252,0.54742,0.16237,0.48463,1.06088,0.97851,0.8434,1.21765,0.69435,0.91246,1.55307,1.69889,-0.28076,-0.30106,-0.51115,-1.64641,-1.52193,-1.84643,-1.66153
PRO19,0.81768,0.54865,-0.09181,-1.61342,-1.05368,-0.98456,-0.99485,-0.80245,0.02786,0.40968,1.0735,1.37878,1.99428,1.34041,0.1275,-1.76928,-0.51423,-0.08229,0.0,0.05511,0.09297,-0.35622,-0.64131,-0.70282,-1.09504,-1.21685,-1.31774,-1.01751,-0.88395,-0.6453,-1.02937,-1.04572,-0.39723,-0.0964,0.90352,1.31309,2.2838,2.90522,3.56132,3.9977,3.80316,3.62663,2.96353,2.32611,1.50289,1.80587,1.98978,0.83104,1.35933,2.03677,1.04444,0.62317,1.23075,0.97428,0.09996,0.19881,0.54947,-0.26881,-0.19921,-0.68398,-0.48852,-0.13794,0.19501,0.48354,-0.04976,-0.84356,-0.66625,-0.6757,-0.11382,-0.35189,-0.07527,-0.1112,0.01431,-0.00017,-0.14704,-0.24133,-0.29703,-0.16952,-0.1395,-0.20155,-0.42996,-0.37255,-0.1631,-0.2615,-0.19205,0.13983,0.14731,0.093,0.36106,0.32934,-0.09116,0.61937,0.71662,-0.05601,-0.44898,-0.86428,-0.77904,1.46653,1.25812,2.23297,1.54487,2.04298,1.9212,1.16022,1.31754,1.23315,1.04342,0.72582,0.45583,0.91066,1.26073,-0.03666,-0.06495,0.2164,0.47638,-0.3037,-0.34492,-0.39304,-0.69348,-0.26015,-0.72709,-0.89051,-0.86144,-1.05734,-0.99717,-1.07581,-1.08195,-1.1197,-1.01974,-0.68432,-0.4966,-0.21158,0.1605,0.57157,0.54164,0.65686,1.50371,1.41392,1.08081,1.44479,2.06299,1.71565,1.47946,1.76317,1.25216,1.4376,1.72882,1.50233,-0.27538,-0.5512,-0.88469,-1.84254,-1.59072,-1.78409,-1.70248
GLY20,0.60675,0.43472,-0.06047,-1.64459,-0.93464,-0.61797,-0.61461,-0.4155,0.52577,1.03472,1.9015,2.06524,2.10644,1.09518,0.11832,-1.358,-0.41838,-0.01271,0.05511,0.0,-1.00584,-0.69849,-0.7899,-0.72536,-1.07162,-1.18373,-1.20819,-1.06737,-0.92665,-0.70016,-0.99563,-0.98729,-0.2355,0.25184,1.24723,1.77701,2.71425,3.51731,3.55462,3.3862,3.12494,3.31262,2.74618,2.40706,1.66502,1.86712,2.21042,1.09506,1.44477,2.12405,1.32872,0.78963,1.23119,1.08217,0.34957,0.37587,0.63661,-0.15419,-0.09556,-0.63227,-0.89924,-0.5353,-0.03903,0.41335,0.05166,-0.68399,-0.45784,-0.51999,0.05265,-0.23419,0.07746,0.04855,0.11298,0.13823,-0.01627,-0.06961,-0.23969,-0.17921,-0.16645,-0.27588,-0.50555,-0.54996,-0.36648,-0.36258,-0.24365,-0.04469,-0.09832,-0.11639,0.1656,0.16033,-0.20537,0.28948,0.33156,-0.18445,-0.40176,-0.65177,-0.45841,1.36924,1.29778,2.58644,1.68003,2.04317,2.07321,1.34019,1.42021,1.37333,1.02316,0.65454,0.44763,0.69968,0.68527,-0.51095,-0.25095,0.03714,0.35792,-0.28795,-0.40381,-0.35734,-0.69153,-0.18714,-0.7223,-0.85534,-0.87359,-1.09484,-0.96084,-0.96483,-1.00192,-1.02273,-0.89692,-0.4464,-0.19099,0.02739,0.46686,0.96109,0.92824,1.12072,2.30913,2.19951,1.67045,1.99555,2.75118,2.13156,1.48893,1.56308,0.8607,1.17746,1.25712,1.01469,-0.57883,-0.88024,-1.22323,-1.97675,-1.65522,-1.91613,-1.55085
GLY21,0.26408,0.09969,-0.38546,-1.85988,-0.96315,-0.52669,-0.16833,0.18336,1.19402,1.74303,2.48473,2.31416,1.93909,0.70862,0.19865,-1.22996,-0.39367,-0.22034,0.09297,-1.00584,0.0,-1.09674,-1.05304,-0.76287,-0.99045,-1.13534,-1.11136,-1.13244,-1.01963,-0.6747,-0.89558,-0.68096,0.09159,0.82189,1.86188,2.68339,3.53977,3.69825,3.4047,2.88357,2.32778,2.4934,2.12848,2.02049,1.24135,1.81614,2.40078,1.19176,1.43119,2.11334,1.64863,1.03122,1.2365,0.99834,0.59046,0.44287,0.65358,-0.0989,-0.34378,-0.87104,-1.23642,-0.89924,-0.38779,0.26434,0.19671,-0.46419,-0.03632,-0.15849,0.2428,-0.12428,0.08255,-0.05832,-0.12425,0.03162,-0.0132,-0.15863,-0.31151,-0.22757,-0.16374,-0.33183,-0.69207,-0.79344,-0.69733,-0.63463,-0.44891,-0.43417,-0.5248,-0.47936,-0.2638,-0.06229,0.12517,0.79526,0.869,0.40124,0.21216,-0.03187,-0.20533,1.47792,1.12702,1.97581,1.37918,1.76442,1.73507,0.96527,1.07124,1.15147,0.56203,-0.05571,0.03459,0.13491,-0.29686,-1.28468,-0.69071,-0.0664,0.31796,0.02671,-0.19462,-0.21507,-0.4903,-0.10195,-0.71199,-0.8808,-0.86862,-1.05516,-0.98324,-0.8687,-0.90358,-0.91632,-0.78061,-0.30141,-0.04128,0.25663,0.82904,1.21944,1.27984,1.65077,2.70023,2.37989,2.17004,2.67582,2.63939,2.00921,1.7451,1.67538,0.9561,1.2576,1.25986,0.79363,-0.65428,-1.20609,-1.40111,-1.7369,-1.79274,-1.80335,-1.55764
TYR22,-0.26371,-0.49189,-0.85071,-1.73421,-0.66813,-0.1643,0.5375,1.18658,2.2736,2.74297,2.45235,1.73091,1.36929,0.43601,0.23628,-0.81659,-0.32173,-0.4287,-0.35622,-0.69849,-1.09674,0.0,-0.6185,-0.97955,-1.11356,-1.18149,-1.05542,-1.11281,-1.01051,-0.69426,-0.70737,-0.37785,0.27928,1.1255,2.13382,3.0806,3.0913,2.83186,2.54015,1.96486,1.49698,1.55121,1.29236,1.44407,0.94789,1.35493,1.93635,1.15989,1.32955,1.78112,1.59204,1.36929,1.29359,0.74766,0.64797,0.49836,0.5675,-0.06451,-0.41577,-0.8421,-1.441,-1.15578,-0.63235,0.15645,0.49125,0.14088,0.68223,0.5583,0.68579,0.35045,0.36621,0.16727,-0.0312,0.09729,0.14709,0.00719,-0.11012,-0.05946,-0.03791,-0.29768,-0.69059,-0.65481,-0.70103,-0.63895,-0.36142,-0.4393,-0.56988,-0.55868,-0.38955,-0.2029,-0.026,0.42697,0.51761,0.22507,0.10903,0.02106,-0.06023,1.18427,0.80635,1.46331,1.14672,1.71217,1.5338,0.81477,0.91544,1.05178,0.31637,-0.35567,-0.11926,-0.11147,-0.91797,-1.53467,-0.75068,-0.07288,0.26625,0.44864,0.27789,0.18892,-0.11483,0.10382,-0.50786,-0.73237,-0.80942,-0.84009,-0.89319,-0.68798,-0.66518,-0.57854,-0.44549,0.12415,0.33085,0.62702,1.37579,1.60871,1.55076,1.93764,2.85069,2.31939,1.99268,2.28559,1.98377,1.30501,1.18492,1.1192,0.67395,0.77473,0.70303,0.40452,-0.72182,-1.11544,-1.30665,-1.42347,-1.55291,-1.4495,-1.21398
GLY23,-0.75253,-0.80247,-0.72638,-1.36753,-0.08145,0.57575,1.32103,2.20089,2.7798,2.91407,2.12801,1.18913,0.73011,0.01817,0.04353,-0.95865,-0.6744,-0.67422,-0.64131,-0.7899,-1.05304,-0.6185,0.0,-1.1878,-0.91026,-1.01879,-0.72033,-1.00071,-0.95603,-0.55635,-0.07846,0.66172,1.28487,2.27423,3.01327,3.3779,2.50654,1.93749,1.5682,1.05741,0.46692,0.61916,0.44175,0.74348,0.40456,0.61388,1.13283,0.784,0.74263,1.05395,1.41616,1.03253,0.79519,0.7767,0.93773,0.43139,0.40816,0.29573,-0.23435,-0.85875,-1.57172,-1.28734,-0.83152,0.05307,0.77806,0.50639,1.04157,0.872,0.80506,0.53449,0.42194,0.16309,-0.12631,-0.0513,-0.06475,-0.13295,-0.25285,-0.25011,-0.17175,-0.29927,-0.71404,-0.79516,-0.85394,-0.74456,-0.65539,-0.74624,-0.79055,-0.69234,-0.63338,-0.30821,0.29416,0.77308,0.99712,0.94728,0.84533,0.64406,0.14059,0.83909,0.27072,0.41981,0.33787,0.91128,0.84159,0.22471,0.34714,0.53811,-0.2391,-0.79703,-0.48232,-0.66503,-1.3405,-1.67115,-0.949,-0.38892,-0.10295,0.49427,0.345,0.48905,0.27216,0.17711,-0.43397,-0.95182,-0.90041,-0.88547,-0.63579,-0.38635,-0.30474,-0.06191,0.18603,0.72416,0.92765,1.25593,1.91201,1.8917,1.89705,2.18024,2.55684,1.98119,1.81358,1.98931,1.44395,0.85154,0.74616,0.58684,0.26663,0.30999,0.02375,-0.38369,-0.98457,-1.45557,-1.40001,-1.19247,-1.45592,-1.17135,-0.94402
ALA24,-1.61327,-1.63009,-1.233,-1.22172,0.73375,1.50508,2.50409,3.27882,3.19427,2.68316,1.79032,1.06393,0.60122,0.00541,0.31521,-0.6206,-0.5169,-0.66123,-0.70282,-0.72536,-0.76287,-0.97955,-1.1878,0.0,-0.68391,-1.15467,-0.56417,-0.92212,-0.86407,-0.35879,0.35068,1.24427,1.8312,2.57465,3.02701,2.85628,1.87312,1.13496,0.78531,0.45749,0.13757,0.2328,0.1829,0.66603,0.52544,0.54029,1.03171,1.14292,1.01813,0.96528,1.63561,1.44414,1.0963,0.90557,1.34512,0.98277,0.75863,0.56521,0.26411,-0.40885,-1.0163,-0.66584,-0.07931,0.88804,1.92647,1.83486,2.04575,1.69334,1.14994,0.92993,0.80921,0.58553,0.16437,0.16863,0.17145,0.04466,-0.0739,-0.00245,0.08943,-0.20377,-0.7278,-0.85048,-0.96209,-0.80625,-0.773,-1.00447,-1.01386,-0.86682,-0.9014,-0.66314,-0.1791,0.22696,0.42805,0.60913,0.54741,0.44688,0.0736,0.42531,0.09476,0.13226,0.0703,0.67186,0.74671,0.1727,0.11092,0.40439,-0.23038,-0.92724,-0.51112,-0.5147,-1.27736,-1.57832,-0.58965,0.27873,0.70721,1.43176,1.38993,1.25515,1.1095,0.90126,-0.01368,-0.84343,-0.6981,-0.78357,-0.51218,-0.16081,-0.08687,0.15784,0.50389,0.78874,0.74135,1.24352,1.68981,1.37578,1.42133,1.67394,1.81314,1.31982,1.22016,1.39492,1.01428,0.58991,0.49566,0.35335,-0.08428,-0.07749,-0.37761,-0.67252,-1.10931,-1.60377,-1.40198,-1.03483,-1.5952,-1.04316,-0.74903
ILE25,-2.19664,-1.98223,-1.11572,-0.55754,1.68005,2.39923,3.29074,3.71087,2.33222,1.57779,0.95407,0.33081,-0.07964,-0.32584,0.02463,-0.66379,-0.96936,-1.01828,-1.09504,-1.07162,-0.99045,-1.11356,-0.91026,-0.68391,0.0,-0.73826,0.2539,-0.71557,-0.65614,0.06443,1.31906,2.26551,2.33585,2.66755,2.0514,1.77405,1.02197,0.30354,-0.07829,-0.30948,-0.65542,-0.6415,-0.57834,0.00242,-0.12316,-0.38401,0.13485,0.66217,0.23958,-0.06629,0.56928,0.55659,0.12629,0.11464,1.15561,0.54204,0.26923,0.54963,0.57034,0.07122,-0.50589,-0.40526,0.17207,1.18829,2.39845,2.45806,2.34524,2.0775,1.25579,1.16733,0.77682,0.50513,0.02871,0.1036,0.12267,-0.07786,-0.27204,-0.19601,-0.0953,-0.34688,-0.68482,-0.90917,-1.00415,-0.89168,-1.01884,-1.25964,-1.31526,-1.18022,-1.17426,-0.84289,0.10869,0.56605,0.78238,1.11195,1.14082,1.0697,0.32079,0.06318,-0.65033,-1.13451,-0.93935,-0.50505,-0.66843,-0.97082,-1.04929,-0.4853,-0.74508,-1.24717,-0.93317,-0.82158,-1.04019,-1.22729,-0.83518,-0.0012,0.40687,1.067,1.53018,1.54961,1.63974,1.19296,0.40737,-0.97145,-0.86815,-0.92526,-0.48087,-0.07949,0.21896,0.68529,1.10962,1.00888,0.91812,1.50133,1.48634,0.86403,1.08406,1.22756,0.9969,0.66571,0.71697,0.72591,0.33822,0.14532,0.0483,-0.05881,-0.32274,-0.49825,-0.89615,-1.21285,-1.06133,-1.555,-1.21873,-0.43921,-1.16982,-0.5988,-0.27844
LEU26,-2.01332,-1.49114,-0.45737,0.2831,2.43265,3.23987,3.32875,2.79061,1.20964,0.57323,0.24924,-0.20606,-0.50033,-0.51999,-0.26547,-0.81632,-1.23227,-1.19006,-1.21685,-1.18373,-1.13534,-1.18149,-1.01879,-1.15467,-0.73826,0.0,-0.03625,-1.23922,-1.00611,-0.22911,1.20902,2.18245,2.08736,1.69946,1.13084,0.84758,0.32422,-0.25701,-0.41867,-0.54583,-0.92837,-0.946,-0.94304,-0.43556,-0.50832,-0.87256,-0.49801,0.03913,-0.42824,-0.70678,-0.15096,-0.05969,-0.39421,-0.02895,1.12499,0.76963,0.58168,1.0658,1.4183,0.73091,0.13429,0.0643,0.73645,1.53358,2.38589,2.35325,1.9955,1.63479,0.94961,1.06445,0.54887,0.28032,-0.18489,-0.16268,-0.039,-0.17221,-0.42156,-0.44741,-0.28077,-0.4846,-0.77862,-1.03868,-0.8637,-1.17175,-1.33684,-1.30441,-1.40844,-1.41543,-1.40915,-1.07726,-0.24237,0.21032,0.42771,0.77006,0.7315,0.82393,0.18008,-0.41187,-0.97869,-1.51693,-1.31825,-1.10259,-1.43136,-1.51406,-1.68435,-1.68174,-1.58777,-1.35394,-1.31756,-1.43929,-0.99188,-0.57138,-0.82544,0.10171,0.51267,0.97758,1.14225,1.41186,1.52688,0.95436,0.55836,-0.9963,-0.76502,-1.01004,-0.61316,-0.33164,-0.02211,0.37431,0.70332,0.6304,0.42458,0.72403,0.74517,0.23219,0.4653,0.70687,0.37729,0.12613,0.34046,0.39651,0.07131,-0.06992,-0.04679,-0.30114,-0.25885,-0.45238,-0.93311,-1.32605,-0.76151,-1.34424,-0.88229,-0.0415,-0.67682,-0.23575,0.18703
ARG27,-2.21173,-1.79371,-0.90392,-0.02447,2.57147,3.22547,3.16828,2.52467,0.80366,0.05451,-0.06235,-0.40123,-0.61509,-0.43362,0.04546,-0.42905,-1.08334,-1.12046,-1.31774,-1.20819,-1.11136,-1.05542,-0.72033,-0.56417,0.2539,-0.03625,0.0,-1.4243,-0.51088,0.64073,1.65021,2.14895,1.64446,1.18176,0.52348,0.39323,-0.00308,-0.55719,-0.73916,-0.7604,-0.9848,-1.06429,-1.0621,-0.45206,-0.43248,-0.87627,-0.57386,0.22686,-0.28316,-0.82474,-0.26354,-0.20783,-0.51952,-0.26631,0.61818,0.23718,0.14928,0.66592,0.90163,0.52483,0.04551,0.11996,0.80309,1.85949,2.60637,2.54497,2.03812,1.69371,0.75051,0.89069,0.42711,0.23503,-0.17107,-0.11238,0.01442,-0.13447,-0.41655,-0.39856,-0.25412,-0.48131,-0.72143,-1.07721,-1.00674,-1.03252,-1.2411,-1.4429,-1.41555,-1.27289,-1.43601,-1.01904,-0.08893,0.31014,0.59787,0.98682,0.94666,0.9222,0.21124,-0.53826,-1.04965,-1.71142,-1.48613,-1.20099,-1.42552,-1.38519,-1.7241,-1.71664,-1.63045,-1.39757,-1.38847,-1.33804,-0.83713,-0.6886,-0.77867,0.13592,0.83554,1.21472,1.32582,1.50645,1.70742,1.08976,0.50835,-1.03025,-0.79162,-1.04081,-0.66926,-0.20081,0.01615,0.46952,0.77129,0.50104,0.38683,0.74544,0.55329,0.00228,0.33217,0.51349,0.02794,-0.11283,0.09476,0.1402,-0.14223,-0.13192,-0.03022,-0.26245,-0.20892,-0.32566,-0.80871,-1.36251,-0.83858,-1.375,-0.90503,-0.17075,-0.97976,-0.28917,0.16979
TYR28,-1.62013,-1.63167,-1.10934,-0.36846,1.21857,1.49698,1.81641,1.32992,0.05279,-0.50181,-0.30095,-0.45819,-0.4311,0.03648,0.37621,0.22181,-0.3674,-0.64718,-1.01751,-1.06737,-1.13244,-1.11281,-1.00071,-0.92212,-0.71557,-1.23922,-1.4243,0.0,1.55996,0.9349,1.14275,0.27719,0.02752,-0.24966,-0.64336,-0.5124,-0.60166,-0.82729,-0.85278,-0.80796,-0.65367,-0.77753,-0.70456,-0.30246,-0.24868,-0.68245,-0.64892,0.14216,-0.18352,-0.98714,-0.70174,-0.52615,-0.84177,-0.85368,-0.30102,-0.4721,-0.43078,0.07065,0.19643,0.31104,-0.31623,0.33373,0.30501,0.59858,0.93685,1.17449,0.85216,0.65686,0.06254,0.58853,0.41519,0.50647,0.15756,0.05999,0.27135,0.28711,-0.05737,-0.05854,0.06014,-0.04423,-0.15027,-0.39697,-0.29315,-0.211,-0.45964,-0.73404,-0.68093,-0.5216,-0.77362,-0.61756,-0.29806,-0.10911,0.0318,0.2437,0.22462,0.29222,0.17079,-0.03458,-0.14845,-0.94275,-0.77131,-0.81493,-1.00073,-0.56458,-0.93327,-1.25364,-0.92757,-0.71522,-0.90084,-0.65326,-0.29894,-0.22225,-0.60272,-0.05494,0.51562,0.40669,0.56678,0.72914,1.12612,1.15328,0.63249,-0.16037,-0.14825,-0.06427,-0.29722,-0.09675,-0.15896,-0.02245,0.14717,-0.06722,-0.2705,-0.07563,-0.2897,-0.59309,-0.38533,-0.1949,-0.52593,-0.43408,-0.31018,-0.34605,-0.37131,-0.20811,-0.1511,-0.1489,-0.29296,-0.40775,-0.6463,-0.94371,-0.62563,-1.03191,-0.68199,-0.1648,-0.84363,-0.32038,-0.14442
ARG29,-1.47464,-1.54295,-1.18463,-0.66145,0.4698,0.62836,1.03501,0.72661,-0.25148,-0.65768,-0.39292,-0.48239,-0.36033,0.089,0.53071,0.38389,-0.08901,-0.41393,-0.88395,-0.92665,-1.01963,-1.01051,-0.95603,-0.86407,-0.65614,-1.00611,-0.51088,1.55996,0.0,0.69612,0.7877,-0.67311,-0.79075,-0.84162,-1.02325,-0.76127,-0.73657,-0.83646,-0.81519,-0.75962,-0.56914,-0.63323,-0.53189,-0.19186,-0.10747,-0.49701,-0.48839,0.22897,-0.03509,-0.79665,-0.66185,-0.52793,-0.75963,-0.90459,-0.47882,-0.56252,-0.51969,-0.20445,-0.16892,0.14807,-0.29782,0.09251,-0.14571,0.10423,0.15112,0.47315,0.31978,0.23773,-0.18675,0.30272,0.23127,0.36537,0.14709,0.02855,0.23649,0.35277,0.07884,0.02142,0.1192,0.03905,-0.07098,-0.27513,-0.15993,0.02589,-0.22632,-0.51656,-0.45961,-0.27334,-0.52823,-0.41286,-0.25626,-0.06912,0.07383,0.20867,0.21082,0.23699,0.1022,0.05406,0.01653,-0.70231,-0.49939,-0.50711,-0.6254,-0.24356,-0.47191,-0.7152,-0.53194,-0.34082,-0.66407,-0.53306,-0.19847,-0.15867,-0.57164,-0.16617,0.35808,0.2608,0.34506,0.52121,0.74923,0.78431,0.44478,-0.11293,-0.01757,0.06003,-0.3351,-0.12958,-0.26086,-0.0924,0.01468,-0.28489,-0.33361,-0.13215,-0.43888,-0.64933,-0.40529,-0.31314,-0.6455,-0.50919,-0.38958,-0.4113,-0.38949,-0.16872,-0.06124,-0.00768,-0.1219,-0.12313,-0.33892,-0.53032,-0.36605,-0.81802,-0.57863,-0.19212,-0.89956,-0.45121,-0.33494
GLY30,-1.6814,-1.61328,-1.30284,-0.94193,0.37344,0.62512,1.04699,0.80758,-0.23264,-0.58345,-0.31486,-0.34497,-0.23879,0.00157,0.64978,0.25781,0.02526,-0.2454,-0.6453,-0.70016,-0.6747,-0.69426,-0.55635,-0.35879,0.06443,-0.22911,0.64073,0.9349,0.69612,0.0,0.06294,-0.95966,-1.05361,-0.83792,-0.89549,-0.58421,-0.50015,-0.63891,-0.57882,-0.59832,-0.47164,-0.50142,-0.41398,0.02263,0.07013,-0.19805,-0.12807,0.52989,0.23912,-0.39737,-0.26071,-0.315,-0.45255,-0.53824,-0.13527,-0.36112,-0.31035,-0.06335,-0.0524,0.0432,-0.17651,-0.15249,-0.17807,0.31449,0.49987,0.49258,0.32206,0.25571,-0.17171,0.13961,0.00467,0.06571,-0.02392,-0.13401,-0.03072,0.0913,-0.09343,-0.16052,-0.04675,-0.14061,-0.3196,-0.52968,-0.43554,-0.20399,-0.38643,-0.74485,-0.62022,-0.4233,-0.62221,-0.46174,-0.18447,0.08538,0.30447,0.41822,0.42827,0.32935,-0.06513,-0.11204,-0.1936,-0.8391,-0.65212,-0.35331,-0.47611,-0.36962,-0.52955,-0.58467,-0.57587,-0.54352,-0.75856,-0.66839,-0.20057,-0.28792,-0.49775,0.01007,0.51582,0.5817,0.53888,0.69301,0.63609,0.48884,0.14426,-0.51498,-0.15797,-0.43345,-0.74008,-0.23957,-0.2668,0.20609,0.34041,-0.11107,0.01697,0.36966,-0.0658,-0.36848,-0.05447,0.05683,-0.36565,-0.31728,-0.15359,-0.14719,-0.22343,-0.00487,0.17623,0.18862,0.20794,0.34194,0.14664,-0.21997,-0.24705,-0.81869,-0.69773,-0.41304,-1.24466,-0.70731,-0.49425
ARG31,-2.1865,-1.85144,-1.09781,-0.54063,1.1245,1.41743,1.75599,1.50032,-0.02621,-0.60551,-0.4482,-0.64028,-0.68002,-0.42056,0.15241,-0.29389,-0.67179,-0.65979,-1.02937,-0.99563,-0.89558,-0.70737,-0.07846,0.35068,1.31906,1.20902,1.65021,1.14275,0.7877,0.06294,0.0,0.02434,-0.23971,-0.38559,-0.71643,-0.46788,-0.54814,-0.85823,-0.91487,-0.93029,-1.10864,-1.07121,-1.04268,-0.4589,-0.41073,-0.81306,-0.60407,0.23334,-0.21655,-0.81564,-0.43441,-0.40636,-0.7293,-0.5489,0.24358,-0.30007,-0.27767,0.20057,0.24215,0.18724,-0.19135,-0.16191,-0.07306,0.48693,1.02616,1.11328,0.70698,0.63636,-0.00401,0.41485,0.04812,0.04427,-0.33212,-0.31929,-0.13394,-0.06107,-0.31307,-0.29742,-0.10484,-0.25444,-0.4735,-0.67265,-0.53952,-0.4693,-0.68377,-0.97968,-0.99276,-0.90314,-1.11291,-0.77416,-0.07453,0.2803,0.52888,0.74953,0.72074,0.63635,-0.02539,-0.33687,-0.76798,-1.54849,-1.46928,-1.19204,-1.38309,-1.19584,-1.36699,-1.42481,-1.22848,-1.015,-1.28276,-1.21465,-0.42204,-0.29843,-0.89673,-0.22547,0.42387,0.6612,0.87899,1.11176,1.31772,0.87171,0.29669,-0.75111,-0.55189,-0.85339,-0.76952,-0.31663,-0.04917,0.75322,1.03681,0.37646,0.40401,0.87214,0.3745,-0.19161,0.20243,0.31452,-0.29465,-0.41581,-0.22323,-0.24774,-0.48934,-0.36826,-0.1986,-0.19935,-0.04104,0.11511,-0.1163,-0.48608,-0.00483,-0.85314,-0.53055,0.07137,-0.97644,-0.40702,-0.21531
GLU32,-2.35628,-1.58517,-0.34669,0.07684,1.63206,1.87884,2.04915,1.87577,0.43061,-0.16899,-0.29922,-0.57314,-0.78596,-0.70168,-0.22988,-0.8836,-1.33215,-0.98514,-1.04572,-0.98729,-0.68096,-0.37785,0.66172,1.24427,2.26551,2.18245,2.14895,0.27719,-0.67311,-0.95966,0.02434,0.0,0.32715,0.2004,-0.55635,-0.38061,-0.5213,-0.88318,-0.96048,-0.9988,-1.37299,-1.33631,-1.36191,-0.7795,-0.82042,-1.1156,-0.66088,0.0114,-0.67136,-0.86338,-0.14335,-0.21915,-0.61826,-0.22106,0.74045,0.02328,-0.05953,0.37423,0.40162,0.0125,-0.36037,-0.46596,-0.2098,0.49648,1.25441,1.405,1.16875,1.20687,0.46191,0.69088,0.07743,-0.25141,-0.78658,-0.56031,-0.37447,-0.46626,-0.69764,-0.59847,-0.33454,-0.49191,-0.72547,-0.91005,-0.74592,-0.91243,-1.10172,-1.22534,-1.37022,-1.4158,-1.4967,-1.13585,-0.09643,0.32325,0.53992,0.86927,0.85249,0.75556,-0.10186,-0.72924,-1.48858,-2.22131,-1.96985,-1.68056,-1.9816,-1.93984,-1.86007,-1.63438,-1.65249,-1.48789,-1.40002,-1.47614,-0.84032,-0.65558,-1.29662,-0.30183,0.2976,0.85649,1.02075,1.43692,1.6599,0.8978,0.40555,-1.13763,-1.33294,-1.80353,-0.83126,-0.56616,0.33827,1.76145,2.20203,1.01658,1.0262,1.73243,1.06519,0.23939,0.65559,0.65504,0.04721,-0.20551,-0.05123,-0.08001,-0.48006,-0.46166,-0.26483,-0.28173,-0.06903,0.14689,-0.1076,-0.56936,0.17518,-0.83834,-0.3209,0.62308,-0.57853,-0.18488,0.0472
LYS33,-1.39193,-0.7151,0.1192,-0.07987,1.02266,1.4671,1.40562,1.29344,0.55107,0.20249,-0.04601,-0.16276,-0.38574,-0.4928,-0.3296,-1.34331,-1.24462,-0.58936,-0.39723,-0.2355,0.09159,0.27928,1.28487,1.8312,2.33585,2.08736,1.64446,0.02752,-0.79075,-1.05361,-0.23971,0.32715,0.0,-0.044,-0.38539,-0.33579,-0.39877,-0.63783,-0.70311,-0.69951,-1.06728,-0.91525,-1.03859,-0.63579,-0.88672,-0.90595,-0.38899,-0.25206,-0.6313,-0.29166,0.31478,0.08363,-0.20445,0.38078,0.92417,0.23627,0.36338,0.6437,0.45198,-0.11393,-0.62258,-0.64093,-0.30973,0.21428,0.72938,0.52509,0.51733,0.43637,-0.11202,0.09112,-0.35637,-0.61243,-1.12316,-1.02997,-0.90546,-0.8927,-1.19498,-1.04944,-0.56021,-0.59173,-0.91424,-1.17725,-0.8995,-0.91689,-1.13287,-1.25565,-1.27373,-1.2971,-1.51399,-1.13753,0.01097,0.5166,0.63687,0.80936,0.74274,0.65274,-0.21699,-0.5473,-1.30526,-1.95609,-1.96155,-1.64343,-1.86267,-1.9228,-1.80715,-1.52129,-1.5696,-1.37677,-1.4214,-1.43734,-0.85316,-0.80038,-0.87677,0.06356,0.35237,0.76717,0.57482,0.87195,1.07516,0.30866,-0.29375,-1.44758,-1.46304,-1.83606,-0.95069,-1.01297,-0.34389,0.66116,1.25785,0.51681,0.61153,1.28982,1.09175,0.37099,0.69997,0.85563,0.36204,-0.00443,0.24032,0.29414,-0.09126,-0.12917,0.03743,0.04874,0.15721,0.40219,0.18329,-0.3231,0.11865,-0.89307,-0.58604,0.21957,-0.44264,-0.35853,-0.16472
THR34,-1.43198,-0.75477,-0.0402,-0.46474,0.56098,0.94914,1.18909,1.30764,0.87156,0.7207,0.41613,0.2065,-0.09174,-0.54263,-0.27346,-1.36306,-1.10204,-0.5321,-0.0964,0.25184,0.82189,1.1255,2.27423,2.57465,2.66755,1.69946,1.18176,-0.24966,-0.84162,-0.83792,-0.38559,0.2004,-0.044,0.0,-0.53109,-0.17563,-0.40758,-0.61726,-0.59552,-0.59041,-0.97882,-0.75527,-0.85563,-0.44423,-0.72299,-0.69,0.02061,0.03338,-0.27465,0.21301,0.83793,0.4087,0.23125,0.90035,1.20356,0.42718,0.58104,0.72407,0.264,-0.20742,-0.5725,-0.64378,-0.49798,-0.01524,0.57948,0.32425,0.4818,0.61423,0.20349,0.37505,-0.18762,-0.47919,-0.94711,-0.89279,-0.86293,-0.85219,-1.09597,-1.08059,-0.50484,-0.43215,-0.77088,-1.16448,-0.95365,-0.85396,-0.9413,-1.08074,-1.10345,-1.13865,-1.27353,-1.00164,0.09753,0.52587,0.60718,0.63232,0.51196,0.37001,-0.40989,-0.42545,-1.04813,-1.62663,-1.64403,-1.40943,-1.35509,-1.56414,-1.39402,-0.96323,-1.10183,-1.0268,-0.87772,-0.84638,-0.63101,-0.81412,-1.1216,0.08651,0.34771,0.83248,0.70807,1.02903,1.19518,0.62546,-0.04715,-1.17119,-1.44051,-1.59222,-0.89427,-0.77981,-0.06299,0.8309,1.4934,1.1343,1.16259,1.76148,1.52232,0.7005,0.96508,1.11715,0.7508,0.28907,0.52087,0.56811,0.12549,0.0665,0.22687,0.27664,0.33802,0.63172,0.39792,-0.1479,0.08112,-0.89656,-0.65355,0.09345,-0.54035,-0.58864,-0.56668
PHE35,-0.5976,-0.2578,-0.24536,-1.4039,-0.26522,0.25736,0.49174,0.75664,0.9877,1.04313,0.81487,0.74738,0.5019,-0.26926,-0.09086,-1.40729,-0.42478,0.20616,0.90352,1.24723,1.86188,2.13382,3.01327,3.02701,2.0514,1.13084,0.52348,-0.64336,-1.02325,-0.89549,-0.71643,-0.55635,-0.38539,-0.53109,0.0,0.28986,-0.01325,-0.47089,-0.27428,-0.21948,-0.52306,-0.14413,-0.23898,0.00583,-0.29408,0.08978,0.72523,0.1883,0.45272,1.42593,1.68726,0.99675,1.17209,1.85197,1.4505,0.93746,1.30202,1.17749,0.58978,-0.0847,-0.49228,-0.51643,-0.39306,-0.06685,0.20553,-0.31944,-0.07699,-0.32279,-0.21105,-0.45804,-0.43736,-0.60302,-0.89973,-0.86002,-0.94853,-1.03643,-1.10813,-0.97564,-0.53018,-0.5088,-0.93044,-1.24032,-1.13459,-0.96111,-0.81948,-0.96024,-1.0136,-0.92371,-0.93504,-0.71531,0.07936,0.55264,0.54724,0.38747,0.13497,-0.0611,-0.67848,-0.15079,-0.4613,-0.65438,-0.89392,-0.66329,-0.4866,-0.66296,-0.54158,-0.2851,-0.4811,-0.53677,-0.42429,-0.47364,-0.31292,-0.75634,0.41641,1.08153,1.03156,0.94295,0.41437,0.44958,0.14924,0.01106,-0.83932,-1.2109,-0.93671,-1.26292,-0.93107,-1.15637,-1.14356,-0.69607,-0.17931,0.40347,0.70027,1.24745,1.60241,1.05028,1.15209,1.44941,1.24713,0.64749,0.932,1.15385,0.67711,0.51288,0.72553,0.80013,0.67011,1.03866,0.81949,0.31789,-0.04178,-0.99217,-1.08005,-0.80124,-0.93269,-1.00566,-1.00517
SER36,-0.49811,-0.40278,-0.5638,-1.78783,-0.71826,-0.16219,0.22327,0.52693,0.85408,0.92789,0.92145,0.73163,0.63437,-0.04738,0.11919,-1.35934,-0.28113,0.42012,1.31309,1.77701,2.68339,3.0806,3.3779,2.85628,1.77405,0.84758,0.39323,-0.5124,-0.76127,-0.58421,-0.46788,-0.38061,-0.33579,-0.17563,0.28986,0.0,0.35092,-0.77308,-0.41624,-0.22029,-0.46967,-0.14065,-0.30632,-0.07163,-0.33554,0.16814,0.8899,0.30803,0.58414,1.51317,1.75427,1.11967,1.19834,1.6795,1.25807,0.71358,0.98112,0.7964,0.21829,-0.36276,-0.78459,-0.70377,-0.55281,-0.16309,0.02049,-0.43931,-0.19284,-0.40532,-0.20706,-0.35841,-0.31834,-0.48428,-0.85461,-0.65821,-0.58647,-0.74675,-0.94917,-0.81541,-0.27598,-0.31476,-0.83605,-1.01934,-0.87036,-0.84235,-0.77491,-0.80426,-0.77655,-0.77965,-0.75493,-0.4982,0.27611,0.87551,0.83076,0.48933,0.17624,-0.10449,-0.74779,-0.1621,-0.61549,-0.6703,-0.80094,-0.53785,-0.42149,-0.71304,-0.466,-0.18171,-0.50035,-0.63572,-0.38991,-0.38743,-0.38516,-0.76528,0.14239,0.97303,1.13432,1.2283,0.52622,0.54478,0.31409,0.25591,-0.68228,-1.13489,-1.00629,-1.1824,-1.05026,-0.96873,-1.12551,-0.89265,-0.48014,0.17867,0.55507,1.29916,1.72824,1.21454,1.45037,1.88155,1.65859,1.03039,1.32754,1.63207,1.03647,0.86596,1.09289,1.18026,0.95617,1.31809,1.05702,0.45804,-0.10515,-1.02205,-1.12306,-0.88922,-1.15412,-1.15164,-1.14381
ALA37,0.16005,0.11306,-0.45974,-2.11064,-1.134,-0.74697,-0.43444,-0.28722,0.18703,0.42012,0.9567,1.01688,1.16992,0.43572,0.40146,-1.26461,0.33531,1.29801,2.2838,2.71425,3.53977,3.0913,2.50654,1.87312,1.02197,0.32422,-0.00308,-0.60166,-0.73657,-0.50015,-0.54814,-0.5213,-0.39877,-0.40758,-0.01325,0.35092,0.0,-1.27817,-0.13517,0.07911,-0.0864,0.31637,0.13738,0.18828,-0.08623,0.61016,1.30143,0.35397,0.84325,1.93232,1.65236,1.01105,1.40093,1.67741,0.99957,0.6544,0.91772,0.58557,0.17308,-0.35954,-0.65427,-0.55507,-0.39037,-0.10116,-0.20072,-0.80474,-0.65297,-0.88017,-0.49615,-0.69252,-0.56382,-0.68411,-0.85188,-0.6489,-0.59977,-0.70933,-0.79597,-0.75456,-0.16098,-0.23039,-0.84509,-1.06253,-0.71339,-0.71541,-0.77353,-0.78213,-0.68971,-0.67556,-0.71208,-0.4986,0.07769,0.8131,0.82866,0.30106,-0.14293,-0.4682,-1.022,-0.17503,-0.52352,-0.29333,-0.47021,-0.05036,0.0048,-0.34164,-0.0522,0.20841,-0.07226,-0.16895,-0.06555,0.1231,0.35036,-0.26629,0.42982,1.09064,1.31299,0.97691,0.31594,0.24978,-0.1403,0.14753,-0.91142,-1.18778,-0.97634,-1.2304,-1.31526,-1.32742,-1.58376,-1.65365,-1.58005,-1.10499,-0.66101,0.11788,0.74731,0.55319,0.90814,1.62569,1.69809,1.14212,1.48071,2.0748,1.58509,1.36538,1.57798,1.71888,1.35872,1.7333,1.52168,0.93631,-0.04756,-0.9802,-1.17745,-1.22041,-1.27888,-1.36709,-1.32131
GLY38,0.42382,0.22263,-0.45874,-2.38156,-1.56815,-1.15343,-0.97675,-0.70713,0.08238,0.52345,1.24383,1.31091,1.44555,0.70588,0.64542,-0.95393,0.91173,1.89479,2.90522,3.51731,3.69825,2.83186,1.93749,1.13496,0.30354,-0.25701,-0.55719,-0.82729,-0.83646,-0.63891,-0.85823,-0.88318,-0.63783,-0.61726,-0.47089,-0.77308,-1.27817,0.0,-0.34565,0.04511,-0.00313,0.35935,0.26871,0.3279,0.06291,0.74799,1.40806,0.48904,0.97438,1.85636,1.26207,0.70935,1.0045,1.00018,0.46812,0.26294,0.51979,0.09228,-0.11318,-0.47047,-0.64972,-0.50277,-0.40191,-0.11515,-0.33132,-0.92435,-0.77088,-0.87563,-0.37403,-0.62403,-0.42252,-0.543,-0.58639,-0.41166,-0.45641,-0.46928,-0.57342,-0.51003,-0.18889,-0.19863,-0.61873,-0.83405,-0.48571,-0.45433,-0.43559,-0.44034,-0.39086,-0.38296,-0.38006,-0.32331,-0.09737,0.4298,0.47792,-0.03932,-0.41052,-0.79564,-1.16951,-0.25485,-0.49008,-0.12562,-0.22354,0.23981,0.25093,-0.1036,0.20762,0.34625,0.07361,-0.07872,0.05169,0.23236,0.40351,-0.1854,0.40276,1.0164,1.29276,0.77052,0.33222,0.30497,-0.24596,0.36754,-0.70979,-0.86199,-0.69665,-0.85146,-1.0508,-1.02373,-1.17676,-1.33376,-1.44391,-0.85524,-0.392,-0.11149,0.45498,0.83227,0.81918,1.26638,1.88577,1.58548,1.62361,2.13628,2.16337,1.89077,1.88203,2.19353,1.49839,1.89701,1.62196,1.17231,-0.07772,-0.8597,-1.14341,-1.35206,-1.36458,-1.52156,-1.4818
TYR39,0.71181,0.41725,-0.45369,-2.55054,-1.88464,-1.4602,-1.20607,-0.95873,-0.0302,0.41538,1.13754,1.27102,1.68601,1.01621,0.94791,-0.6023,1.52959,2.64872,3.56132,3.55462,3.4047,2.54015,1.5682,0.78531,-0.07829,-0.41867,-0.73916,-0.85278,-0.81519,-0.57882,-0.91487,-0.96048,-0.70311,-0.59552,-0.27428,-0.41624,-0.13517,-0.34565,0.0,0.45805,0.48193,0.69427,0.4111,0.37764,0.2317,0.9751,1.40765,0.43128,1.07105,1.90205,1.21276,0.71545,1.11674,1.07519,0.50539,0.39189,0.58594,0.02033,-0.09196,-0.41589,-0.5792,-0.39995,-0.44538,-0.09923,-0.34569,-0.91435,-0.74947,-0.87289,-0.36323,-0.60681,-0.43737,-0.48223,-0.44136,-0.30688,-0.42208,-0.49286,-0.39756,-0.34202,-0.0839,-0.25417,-0.74872,-0.77578,-0.50236,-0.56308,-0.48974,-0.35441,-0.30619,-0.40475,-0.37319,-0.38569,-0.58448,-0.01708,0.01147,-0.62172,-1.13969,-1.48773,-1.65972,-0.31469,-0.1767,0.41619,0.13874,0.85112,0.729,0.3762,0.60282,0.58114,0.28483,0.08834,0.04926,0.3091,0.56159,-0.20239,0.19564,0.80044,1.28975,0.80792,0.43991,0.39612,-0.26704,0.39913,-0.67311,-0.60753,-0.55892,-0.86919,-1.23174,-1.26681,-1.38119,-1.64987,-1.72018,-1.25423,-1.02685,-0.78116,-0.31499,0.13324,0.12816,0.61373,1.40867,1.1427,1.12591,1.79248,1.88028,1.56333,1.68673,2.08374,1.50292,2.30623,2.44878,2.04321,0.52493,-0.54716,-0.74477,-1.1983,-1.28157,-1.48613,-1.47525
THR40,0.76687,0.4936,-0.54644,-2.46976,-1.79874,-1.57554,-1.24107,-1.01768,-0.14713,0.27072,1.00654,1.30886,2.07109,1.57476,1.17706,-0.2983,1.67048,3.04083,3.9977,3.3862,2.88357,1.96486,1.05741,0.45749,-0.30948,-0.54583,-0.7604,-0.80796,-0.75962,-0.59832,-0.93029,-0.9988,-0.69951,-0.59041,-0.21948,-0.22029,0.07911,0.04511,0.45805,0.0,0.0204,0.45363,0.08382,0.04236,0.01128,0.69496,1.02642,0.24028,0.82108,1.55789,0.87538,0.55232,0.94265,0.94862,0.38706,0.35084,0.57252,0.00145,-0.0755,-0.42663,-0.51422,-0.30776,-0.20217,0.13177,-0.23624,-0.78134,-0.68821,-0.82175,-0.26611,-0.44516,-0.22862,-0.29593,-0.20848,-0.19521,-0.29459,-0.33746,-0.21636,-0.14002,0.12151,0.05456,-0.36551,-0.38728,-0.11645,-0.33238,-0.3876,-0.00527,0.06334,-0.16318,-0.1626,-0.21983,-0.40844,0.01544,0.02002,-0.46879,-0.88129,-1.2449,-1.37011,-0.22864,-0.2753,0.26763,0.01337,0.63651,0.56775,0.27391,0.60412,0.58217,0.35892,0.31405,0.22681,0.48023,0.9037,0.17766,0.35086,0.91259,1.47666,0.95408,0.62491,0.53752,-0.05845,0.70044,-0.5118,-0.61502,-0.71135,-1.09376,-1.25368,-1.27334,-1.50272,-1.80513,-1.84144,-1.38385,-1.3953,-1.22922,-0.6403,-0.16925,-0.27323,0.2666,1.25824,1.13466,1.08566,1.67831,1.90757,1.63908,1.78627,1.93434,1.27675,1.79519,2.08227,1.72265,0.23392,-0.76218,-0.88744,-1.3872,-1.42081,-1.57095,-1.46147
ARG41,0.04787,-0.47498,-1.36839,-3.01049,-1.76579,-1.73785,-1.28281,-0.99538,0.03145,0.44461,1.25298,1.44328,2.53432,1.96743,2.14515,1.28929,3.31108,3.86141,3.80316,3.12494,2.32778,1.49698,0.46692,0.13757,-0.65542,-0.92837,-0.9848,-0.65367,-0.56914,-0.47164,-1.10864,-1.37299,-1.06728,-0.97882,-0.52306,-0.46967,-0.0864,-0.00313,0.48193,0.0204,0.0,0.81106,0.91769,0.46276,0.59227,1.3204,1.4093,0.85399,1.5955,1.96853,1.14503,1.0452,1.5486,0.97366,0.44179,0.68471,0.86734,0.12482,0.11828,-0.20049,-0.31347,-0.00526,0.22014,0.53174,0.07193,-0.41212,-0.37087,-0.43547,0.11564,-0.07795,0.41204,0.42107,0.60908,0.70151,0.69149,0.64011,0.7756,0.91705,0.9003,0.54078,0.04146,0.28249,0.31786,0.17658,0.30135,0.6382,0.58199,0.31738,0.31138,0.00194,-0.88585,-0.63083,-0.73143,-1.22533,-1.54724,-1.83931,-1.53753,-0.12326,0.31678,1.15968,0.67861,1.31441,1.49896,1.15572,1.38131,1.40837,1.38434,1.06383,1.03171,1.34293,1.46646,0.6372,0.88132,1.1654,1.75912,1.2572,1.32421,0.86756,0.1035,1.24307,0.2146,-0.03555,-0.48123,-0.99915,-1.03401,-1.10896,-1.1871,-1.60077,-1.63116,-1.67616,-1.59957,-1.40193,-1.11941,-0.69693,-0.99662,-0.82028,0.59404,0.49393,0.2779,0.97044,1.45416,1.25553,1.20345,1.44714,0.93106,1.38819,1.95766,2.03619,0.13515,-0.45724,-0.77514,-1.65379,-1.76812,-1.87098,-1.64138
THR42,0.35635,-0.16819,-0.95396,-3.08746,-1.96487,-1.69923,-1.41833,-1.05603,0.17769,0.68075,1.56013,1.85529,2.71324,1.57771,1.7726,0.92344,3.19135,3.66097,3.62663,3.31262,2.4934,1.55121,0.61916,0.2328,-0.6415,-0.946,-1.06429,-0.77753,-0.63323,-0.50142,-1.07121,-1.33631,-0.91525,-0.75527,-0.14413,-0.14065,0.31637,0.35935,0.69427,0.45363,0.81106,0.0,1.29741,0.9031,0.75335,1.41641,1.57836,0.92189,1.61065,2.21628,1.46926,1.29079,1.86194,1.38848,0.70225,0.85819,1.15248,0.4643,0.37746,-0.07357,-0.29355,-0.06579,0.19079,0.45979,0.03103,-0.52205,-0.45194,-0.48672,0.0448,-0.18534,0.3992,0.44349,0.69414,0.63139,0.48937,0.50439,0.68506,0.77435,0.76933,0.33355,-0.29478,-0.22258,-0.24626,-0.38925,0.06475,0.3743,0.12864,-0.0133,0.1854,-0.08471,-1.21486,-0.86028,-0.89578,-1.40494,-1.70297,-1.83936,-1.4934,0.0317,0.80627,1.77884,1.07055,1.6034,1.82524,1.42062,1.55446,1.51825,1.52608,1.28544,1.19535,1.49872,1.51116,0.58326,0.79827,0.90116,1.29047,0.79317,0.95437,0.83372,-0.10066,0.94958,0.02507,-0.18784,-0.30721,-0.96274,-0.98509,-1.06276,-1.11479,-1.40625,-1.43964,-1.31694,-1.06863,-0.87829,-0.60732,-0.13559,-0.47605,-0.56767,0.97052,0.72007,0.2416,0.98498,1.6181,1.25135,1.00707,1.2849,0.8807,1.37713,1.86613,1.96271,-0.07865,-0.41467,-0.89571,-1.87044,-1.79276,-1.97612,-1.71982
THR43,0.03475,-0.61957,-1.2521,-2.95309,-1.59815,-1.41673,-1.10504,-0.66631,0.51762,1.02189,1.87174,2.45928,3.27071,1.83932,1.93147,1.42394,3.1703,3.28249,2.96353,2.74618,2.12848,1.29236,0.44175,0.1829,-0.57834,-0.94304,-1.0621,-0.70456,-0.53189,-0.41398,-1.04268,-1.36191,-1.03859,-0.85563,-0.23898,-0.30632,0.13738,0.26871,0.4111,0.08382,0.91769,1.29741,0.0,1.06676,1.31962,1.46609,1.34033,1.12193,1.6608,1.93721,1.32168,1.31088,1.8708,1.19044,0.69603,0.89855,1.10746,0.47693,0.48858,0.08649,-0.12574,0.07003,0.43939,0.65053,0.23362,-0.19822,-0.18893,-0.16326,0.31719,0.17591,0.87313,0.92835,1.26807,1.16392,0.93011,0.94682,1.095,1.29361,1.11878,0.62168,0.06184,0.2664,0.05995,-0.13279,0.4405,0.68268,0.30008,0.16243,0.4798,0.16901,-1.44861,-1.2861,-1.24328,-1.52653,-1.74569,-1.78537,-1.12221,0.13578,1.10181,2.23191,1.49081,1.79995,2.00357,1.5866,1.68918,1.6654,1.70642,1.4255,1.46547,1.85626,1.70722,0.76672,0.93069,0.97277,1.3498,0.74397,1.20338,0.99947,0.1701,1.23808,0.50154,-0.05822,-0.23248,-1.12723,-0.98672,-1.01668,-1.05129,-1.28195,-1.1823,-1.05854,-0.85901,-0.61514,-0.36325,0.10842,-0.38195,-0.83359,0.80198,0.53923,-0.21695,0.51429,1.36216,0.94027,0.54471,0.83923,0.51091,0.81483,1.31731,1.52099,-0.37271,-0.32926,-0.77397,-1.90425,-1.84713,-2.01605,-1.758
ASN44,-1.15978,-1.66842,-1.79145,-3.09369,-0.92694,-0.65322,-0.09863,0.45427,1.3405,1.8195,2.58509,3.23277,3.73462,2.41181,2.39675,1.63614,2.82748,2.54167,2.32611,2.40706,2.02049,1.44407,0.74348,0.66603,0.00242,-0.43556,-0.45206,-0.30246,-0.19186,0.02263,-0.4589,-0.7795,-0.63579,-0.44423,0.00583,-0.07163,0.18828,0.3279,0.37764,0.04236,0.46276,0.9031,1.06676,0.0,0.95384,1.28496,1.36252,1.37792,1.63216,1.6193,1.23279,1.23999,1.64839,0.93319,0.81637,1.00616,1.04281,0.49359,0.57823,0.22486,-0.02253,0.21515,0.67395,1.07381,0.89012,0.54334,0.47511,0.56552,0.84412,0.77437,1.53156,1.50433,1.72311,1.69677,1.53133,1.44835,1.37845,1.68948,1.55198,1.0217,0.54405,0.66938,0.33691,0.15257,0.64045,0.73169,0.23055,0.04567,0.3641,0.11487,-1.48476,-1.58878,-1.45889,-1.53709,-1.52421,-1.56931,-0.951,-0.04553,0.64827,1.80537,1.17969,1.52913,1.70742,1.16696,1.06076,1.19041,1.25625,0.8496,0.95771,1.47756,1.20198,0.29516,0.51368,1.10333,1.76423,1.37888,1.82859,1.81398,1.19689,2.18709,1.37653,0.18351,-0.24957,-1.55165,-1.06611,-0.77781,-0.75098,-0.66779,-0.39176,-0.28835,-0.08789,0.37639,0.61244,0.83866,0.56566,0.04054,1.56446,1.12294,0.32865,0.79455,1.56845,1.09711,0.57222,0.67421,0.3543,0.48734,0.864,1.07806,-0.59262,-0.64071,-0.91063,-1.79381,-2.16388,-2.11478,-1.75841
ASN45,-1.78181,-2.40802,-2.51254,-3.10207,-0.76737,-0.48663,0.33887,0.75236,1.44668,1.80261,2.68595,2.51602,2.90392,1.85888,2.3437,2.05787,2.91485,2.05951,1.50289,1.66502,1.24135,0.94789,0.40456,0.52544,-0.12316,-0.50832,-0.43248,-0.24868,-0.10747,0.07013,-0.41073,-0.82042,-0.88672,-0.72299,-0.29408,-0.33554,-0.08623,0.06291,0.2317,0.01128,0.59227,0.75335,1.31962,0.95384,0.0,1.03363,1.21732,1.43965,1.61432,1.48006,1.11775,1.22817,1.64389,0.8572,0.79252,1.09594,1.13526,0.55127,0.65761,0.4585,0.28716,0.53025,0.94101,1.20116,1.02136,0.91317,0.78304,0.8077,1.06266,1.00446,1.79464,1.88831,2.16824,2.08497,1.98796,1.91412,1.75517,2.01027,1.91865,1.2816,0.82136,1.19244,0.74644,0.75025,1.27524,1.23787,0.68845,0.46164,0.67516,0.27457,-1.88207,-2.21117,-2.24153,-2.19594,-1.96501,-1.74869,-0.96472,-0.09409,1.00921,2.34166,1.82579,2.09426,2.36476,1.87594,1.49458,1.35934,1.57274,1.16421,1.18333,1.5866,1.24167,0.48974,0.91529,1.20768,1.7563,1.5216,2.04551,1.72244,1.1961,2.4731,2.05382,1.06297,0.81895,-0.44668,-0.52913,-0.12785,-0.19564,-0.43534,-0.28389,-0.15537,-0.17717,0.0236,0.25885,0.43639,-0.10266,-0.64508,0.58003,0.2141,-0.75824,-0.24742,0.77409,0.25214,-0.17142,0.12196,-0.04477,0.21363,0.72199,1.18579,-0.50429,-0.28774,-0.6397,-1.66602,-2.07776,-1.90776,-1.59591
ARG46,-0.82843,-1.76724,-2.34968,-3.56361,-1.65418,-1.34921,-0.49773,0.07128,1.39234,1.90994,2.97759,2.60708,2.78205,1.30818,2.03143,1.65077,2.98246,2.21459,1.80587,1.86712,1.81614,1.35493,0.61388,0.54029,-0.38401,-0.87256,-0.87627,-0.68245,-0.49701,-0.19805,-0.81306,-1.1156,-0.90595,-0.69,0.08978,0.16814,0.61016,0.74799,0.9751,0.69496,1.3204,1.41641,1.46609,1.28496,1.03363,0.0,0.86193,0.86196,1.61135,1.63668,1.20354,1.29904,1.79189,1.11763,0.86882,1.20626,1.28059,0.60786,0.53331,0.21377,0.04292,0.254,0.62813,0.82998,0.61154,0.3674,0.37798,0.2938,0.72501,0.51009,1.32994,1.30539,1.59763,1.59925,1.37983,1.33886,1.37895,1.49613,1.34851,0.80929,0.34862,0.66666,0.36238,0.48603,1.03032,0.91333,0.53012,0.43341,0.65087,0.36124,-1.84537,-1.75343,-1.87461,-2.31112,-2.19416,-1.87669,-1.00783,0.25634,1.46227,2.75426,2.25722,2.83107,3.18946,2.43053,2.04293,1.80478,1.73751,1.31412,1.37138,1.58086,1.13248,0.34251,0.97135,0.9517,1.24839,0.98643,1.34105,0.93033,0.20689,1.49538,1.01187,0.67133,0.8039,-0.36685,-0.74599,-0.50735,-0.6833,-0.95074,-0.87244,-0.46362,-0.31302,-0.13403,0.23667,0.64969,0.09952,-0.32838,0.92966,0.52527,-0.44388,0.43396,1.35448,0.6849,0.2658,0.74471,0.47851,0.85904,1.39634,1.76987,-0.2495,-0.13291,-0.67288,-1.91339,-2.12896,-2.11086,-1.87128
MET47,-1.0995,-1.64463,-2.10111,-3.28555,-1.22208,-1.03985,-0.05939,0.72194,2.02263,2.69147,3.72631,3.56894,3.56708,1.69168,2.16152,1.23259,2.63505,2.10419,1.98978,2.21042,2.40078,1.93635,1.13283,1.03171,0.13485,-0.49801,-0.57386,-0.64892,-0.48839,-0.12807,-0.60407,-0.66088,-0.38899,0.02061,0.72523,0.8899,1.30143,1.40806,1.40765,1.02642,1.4093,1.57836,1.34033,1.36252,1.21732,0.86193,0.0,0.29982,1.32564,1.32548,1.02204,1.08179,1.47463,0.90615,0.85714,1.12168,1.21494,0.54682,0.40065,0.03137,-0.14164,0.13251,0.57619,0.98505,0.91024,0.57316,0.67424,0.67826,1.07086,0.94887,1.59741,1.42368,1.41601,1.4258,1.25656,1.12177,1.0409,1.16302,1.05076,0.65639,0.11148,0.26227,-0.05649,-0.15008,0.44565,0.41826,-0.16565,-0.28695,-0.00035,-0.03579,-1.61152,-1.30282,-1.23604,-1.60197,-1.76917,-1.56811,-0.91794,0.09269,0.73421,1.67704,1.24542,1.89696,2.34583,1.58196,1.30432,1.26687,0.98189,0.4451,0.68735,0.93764,0.41816,-0.36062,0.21337,0.83297,1.31039,1.14976,1.46453,1.29354,0.72195,1.66101,1.10519,0.2709,0.11964,-0.96687,-1.05459,-0.70939,-0.75661,-0.60936,-0.29066,0.12033,0.33015,0.71347,1.17908,1.4158,1.10298,0.78391,2.07663,1.64231,0.92097,1.68127,2.34867,1.81636,1.29796,1.39364,1.00967,1.21169,1.40874,1.42824,-0.47855,-0.70657,-1.02888,-1.81517,-2.29738,-2.20435,-1.93956
GLU48,-2.90843,-3.37477,-3.19314,-2.89917,0.11534,0.12983,1.72871,2.45533,2.73719,2.67571,3.53543,2.90751,3.04029,1.93977,2.99721,2.43041,2.66188,1.38234,0.83104,1.09506,1.19176,1.15989,0.784,1.14292,0.66217,0.03913,0.22686,0.14216,0.22897,0.52989,0.23334,0.0114,-0.25206,0.03338,0.1883,0.30803,0.35397,0.48904,0.43128,0.24028,0.85399,0.92189,1.12193,1.37792,1.43965,0.86196,0.29982,0.0,0.65906,-0.04396,0.29782,0.61942,0.90606,0.12664,0.45692,0.87252,0.83913,0.29417,0.34021,0.34356,0.29188,0.61165,1.08296,1.71856,1.82852,1.92279,1.73782,1.80518,1.83634,2.02261,2.70697,2.45552,2.31731,2.23443,2.18807,1.94718,1.72948,1.97311,1.71658,1.1228,0.74931,1.21144,0.77713,0.77348,1.2124,1.11851,0.50355,0.14587,0.19452,-0.0365,-1.965,-2.274,-1.99737,-1.90634,-1.87291,-1.74568,-0.8541,-0.28948,0.21522,1.00201,0.85051,1.44129,1.88776,1.43822,1.0197,0.96311,0.67948,0.07751,0.41394,0.59867,-0.11075,-0.44831,0.11578,1.1582,1.88583,2.08112,2.61636,2.49055,2.07102,2.82334,2.41228,1.1987,0.95073,-0.02917,-0.17483,0.67855,0.70204,0.91701,1.21555,1.13007,1.04111,1.38531,1.52658,1.42537,0.9765,0.59568,1.42343,0.92342,0.0306,0.35534,0.83864,0.45764,0.1272,0.14968,0.06909,0.21493,0.53594,0.84053,-0.63888,-0.62856,-0.63992,-1.23977,-2.32001,-1.8113,-1.52948
LEU49,-2.07416,-3.00434,-3.42756,-3.70812,-0.7734,-0.43566,0.88801,1.60303,2.50628,2.53067,3.24145,2.7162,2.9238,1.78614,3.27418,2.44025,3.37321,1.89406,1.35933,1.44477,1.43119,1.32955,0.74263,1.01813,0.23958,-0.42824,-0.28316,-0.18352,-0.03509,0.23912,-0.21655,-0.67136,-0.6313,-0.27465,0.45272,0.58414,0.84325,0.97438,1.07105,0.82108,1.5955,1.61065,1.6608,1.63216,1.61432,1.61135,1.32564,0.65906,0.0,0.25785,0.28042,0.77354,1.12139,0.40257,0.48642,0.86919,0.9802,0.48015,0.44711,0.25318,0.25592,0.53866,1.15486,1.58965,1.54749,1.42488,1.2443,1.05638,1.29804,1.18454,2.08154,2.00753,2.05474,2.11692,1.849,1.63136,1.61631,1.85454,1.66489,0.98055,0.53966,0.90346,0.59934,1.05969,1.70115,1.24749,0.80836,0.83072,0.83019,0.69952,-1.62301,-1.87296,-1.99739,-2.1366,-2.02437,-1.93858,-0.87081,0.40485,0.97398,1.67123,1.40973,2.02468,2.66569,2.38113,2.04844,1.82931,1.55765,0.73143,0.82219,1.04844,0.37256,-0.15374,0.89427,1.36622,1.86769,1.75467,2.12488,1.47343,0.84749,2.04966,1.63389,1.19359,1.58255,0.7995,0.14802,0.82331,0.26598,-0.09716,0.01803,0.69933,0.6832,0.71011,1.15654,1.40691,0.79558,0.51769,1.40042,0.89863,-0.0144,0.59047,1.20977,0.76892,0.46881,0.85646,0.45199,0.73292,1.22277,1.63089,-0.68565,-0.47955,-0.93518,-2.2547,-2.78469,-2.26682,-2.01338
MET50,-0.16764,-0.68369,-1.56791,-3.08989,-1.46064,-1.00069,-0.44434,0.23707,1.88428,2.31101,2.77085,2.62396,2.89554,1.08308,1.78103,0.57585,2.7235,2.08632,2.03677,2.12405,2.11334,1.78112,1.05395,0.96528,-0.06629,-0.70678,-0.82474,-0.98714,-0.79665,-0.39737,-0.81564,-0.86338,-0.29166,0.21301,1.42593,1.51317,1.93232,1.85636,1.90205,1.55789,1.96853,2.21628,1.93721,1.6193,1.48006,1.63668,1.32548,-0.04396,0.25785,0.0,-0.22898,0.28743,1.11273,0.76088,0.5071,0.72607,0.96476,0.50124,0.27634,-0.25615,-0.43025,-0.20746,0.37139,0.6864,0.57161,0.06454,0.27285,-0.01761,0.46737,0.11206,0.94854,0.93246,1.06694,1.05077,0.71026,0.5183,0.57312,0.66601,0.56097,0.13121,-0.30841,-0.25893,-0.48926,-0.21589,0.46724,0.01183,-0.3086,-0.06052,0.14042,0.18336,-1.19616,-0.97399,-1.04244,-1.58914,-1.60907,-1.48767,-0.79046,0.79148,1.3434,1.81033,1.16789,1.56958,2.28209,1.87352,1.91028,2.06463,1.66647,0.82262,0.77286,0.86309,0.4303,-0.30526,0.59952,0.65199,0.79538,0.60944,0.59919,0.03284,-0.67529,0.27701,-0.31871,-0.16218,0.36485,-0.38505,-0.80195,-0.48984,-0.96905,-1.21138,-1.08798,-0.11775,0.35125,0.66981,1.33866,1.73629,1.33586,1.15121,2.01261,1.38273,0.82558,1.57518,2.03636,1.64502,1.32033,1.75713,1.15265,1.67644,1.86386,1.85433,-0.72094,-0.6989,-1.43429,-2.52812,-2.27289,-2.22799,-1.95413
ALA51,-0.79643,-0.9756,-1.20455,-2.04754,-0.54292,-0.1205,0.71738,1.47137,2.85265,2.8297,2.5851,2.13635,2.00228,0.61133,1.3622,0.28551,1.70651,1.14611,1.04444,1.32872,1.64863,1.59204,1.41616,1.63561,0.56928,-0.15096,-0.26354,-0.70174,-0.66185,-0.26071,-0.43441,-0.14335,0.31478,0.83793,1.68726,1.75427,1.65236,1.26207,1.21276,0.87538,1.14503,1.46926,1.32168,1.23279,1.11775,1.20354,1.02204,0.29782,0.28042,-0.22898,0.0,-0.20292,0.5855,0.57821,0.35878,0.67702,0.7568,0.37031,0.07109,-0.27006,-0.48524,-0.18443,0.17805,0.60757,0.97123,0.67477,0.9055,0.73859,0.76166,0.51388,0.93216,0.88078,0.87009,0.84441,0.62244,0.35673,0.28913,0.34865,0.29785,0.00208,-0.49311,-0.50616,-0.81758,-0.72683,-0.29169,-0.59537,-0.93338,-0.76028,-0.58922,-0.54444,-1.24574,-0.97266,-0.86101,-1.05018,-1.23037,-1.12665,-0.73963,0.1449,0.6846,1.08008,0.55934,0.80919,1.19851,0.91325,0.77161,1.17268,0.90676,0.06353,0.19446,0.26814,-0.37375,-0.85132,0.01073,0.59545,0.73295,0.96493,0.97441,0.6762,0.18659,0.58952,0.04892,-0.32429,-0.23372,-0.69473,-0.52367,-0.16689,-0.11381,0.09914,0.55314,0.99453,1.33771,1.78535,2.25422,2.14105,1.73333,1.48967,2.11415,1.36066,0.94936,1.32,1.30002,0.94007,0.81553,0.96322,0.58655,1.08174,1.20435,1.03269,-0.9042,-1.05434,-1.30724,-1.69612,-1.73832,-1.60127,-1.38119
ALA52,-1.18375,-1.48881,-1.7524,-1.96393,-0.06917,0.27265,1.27265,2.01579,2.97293,2.68456,2.28425,1.61825,1.61981,0.66372,1.80591,1.40001,2.19298,1.0223,0.62317,0.78963,1.03122,1.36929,1.03253,1.44414,0.55659,-0.05969,-0.20783,-0.52615,-0.52793,-0.315,-0.40636,-0.21915,0.08363,0.4087,0.99675,1.11967,1.01105,0.70935,0.71545,0.55232,1.0452,1.29079,1.31088,1.23999,1.22817,1.29904,1.08179,0.61942,0.77354,0.28743,-0.20292,0.0,0.24809,0.00214,0.20336,0.62015,0.80373,0.38533,0.07546,-0.18389,-0.3831,-0.11212,0.33595,0.77997,1.22248,1.27366,1.37922,1.25822,1.06318,0.77627,1.1513,1.15664,1.12648,1.16203,0.99459,0.63334,0.49811,0.64265,0.55245,0.10411,-0.37252,-0.26987,-0.66371,-0.45024,0.01275,-0.34039,-0.70976,-0.54528,-0.43071,-0.40994,-1.31726,-1.43484,-1.49455,-1.45494,-1.424,-1.25884,-0.51667,0.17884,0.7339,1.35164,0.81064,1.04177,1.28028,1.02012,0.86676,1.30892,1.19145,0.28516,0.5352,0.5252,-0.36764,-0.68432,0.23493,0.70712,0.86388,1.19757,1.47596,1.09383,0.63691,0.88174,0.53137,0.10766,0.05666,-0.30813,-0.20921,0.20175,0.16997,0.28962,0.64427,1.10475,1.23817,1.72066,2.13043,1.8874,1.22948,0.85996,1.42669,0.78272,0.06991,0.40904,0.46923,0.12206,-0.0477,0.25006,0.03894,0.28898,0.75505,1.12946,-0.87771,-0.71095,-1.03042,-1.59085,-1.77221,-1.40757,-1.28051
ILE53,-1.0215,-1.24636,-1.57383,-1.91821,-0.40251,-0.17467,0.63916,1.05869,2.10515,1.90457,1.9875,1.64535,1.80055,0.65737,1.77076,1.43553,2.65705,1.6022,1.23075,1.23119,1.2365,1.29359,0.79519,1.0963,0.12629,-0.39421,-0.51952,-0.84177,-0.75963,-0.45255,-0.7293,-0.61826,-0.20445,0.23125,1.17209,1.19834,1.40093,1.0045,1.11674,0.94265,1.5486,1.86194,1.8708,1.64839,1.64389,1.79189,1.47463,0.90606,1.12139,1.11273,0.5855,0.24809,0.0,-0.15136,0.0441,0.68306,0.85505,0.37772,0.07552,-0.28945,-0.33826,-0.13571,0.33817,0.71017,1.05596,0.82818,0.92514,0.75466,0.78085,0.47032,0.98885,1.04611,1.07906,1.16016,1.01823,0.65651,0.57972,0.78898,0.5888,0.0757,-0.44296,-0.35216,-0.69787,-0.38452,0.0532,-0.3483,-0.64022,-0.44592,-0.30145,-0.28466,-1.22739,-1.15153,-1.36049,-1.61691,-1.69559,-1.4711,-0.73566,0.49019,1.17878,2.05388,1.44097,1.6212,2.01247,1.43628,1.28621,1.83534,1.90856,1.09972,1.28269,1.23399,0.36506,-0.31039,0.51017,0.73581,0.8078,0.88462,1.07053,0.56447,-0.02712,0.44729,-0.02404,-0.18721,-0.08567,-0.40898,-0.33567,-0.16316,-0.36738,-0.41764,-0.15915,0.23133,0.50282,0.99726,1.52758,1.39575,0.85968,0.59535,1.29974,0.62024,0.09281,0.65046,0.8208,0.47095,0.23816,0.62732,0.42985,0.67508,1.21158,1.69096,-1.22085,-0.68706,-1.27853,-2.27213,-2.07845,-1.75322,-1.51357
VAL54,-0.35477,-0.38795,-0.56631,-1.05435,-0.24752,0.03458,0.36522,0.28503,1.03431,0.95749,0.90104,0.82604,0.76001,-0.31537,0.31757,-0.43797,0.99583,0.83456,0.97428,1.08217,0.99834,0.74766,0.7767,0.90557,0.11464,-0.02895,-0.26631,-0.85368,-0.90459,-0.53824,-0.5489,-0.22106,0.38078,0.90035,1.85197,1.6795,1.67741,1.00018,1.07519,0.94862,0.97366,1.38848,1.19044,0.93319,0.8572,1.11763,0.90615,0.12664,0.40257,0.76088,0.57821,0.00214,-0.15136,0.0,-0.82384,0.02311,0.65067,0.54884,0.11205,-0.34264,-0.41238,-0.20962,0.14404,0.27949,0.56272,0.05945,0.27604,0.06417,0.07941,-0.14722,0.21092,0.28485,0.30463,0.19705,0.04768,-0.11638,-0.16719,-0.04729,-0.04051,-0.31151,-0.78613,-0.91344,-0.98337,-0.86808,-0.57145,-0.91412,-1.10485,-0.88311,-0.84739,-0.59189,-0.52425,-0.05449,-0.09318,-0.4218,-0.71933,-0.71274,-0.66366,0.28674,0.80793,1.27285,0.77103,0.78277,1.14181,0.7838,0.51602,0.76716,0.86031,0.51687,0.5163,0.39514,-0.02036,-0.40158,0.32939,0.45834,0.25336,0.30488,0.13891,-0.19636,-0.61872,-0.41788,-0.7664,-0.89315,-0.48513,-0.73249,-0.4884,-0.62897,-0.71987,-0.7443,-0.49082,-0.08848,0.19806,0.75328,1.27965,1.25507,1.11822,1.00304,1.21654,0.54355,0.55797,0.99137,0.88637,0.59552,0.45349,0.65988,0.44315,0.72596,0.82498,0.53928,-1.36231,-1.40294,-1.75825,-2.07166,-1.47066,-1.40397,-1.12746
ALA55,-1.43344,-1.295,-1.07097,-0.91467,0.46225,0.77085,1.52793,1.4271,1.36952,1.17842,0.88426,0.60404,0.47584,-0.21985,0.7539,0.18569,0.6439,0.25399,0.09996,0.34957,0.59046,0.64797,0.93773,1.34512,1.15561,1.12499,0.61818,-0.30102,-0.47882,-0.13527,0.24358,0.74045,0.92417,1.20356,1.4505,1.25807,0.99957,0.46812,0.50539,0.38706,0.44179,0.70225,0.69603,0.81637,0.79252,0.86882,0.85714,0.45692,0.48642,0.5071,0.35878,0.20336,0.0441,-0.82384,0.0,-0.45641,0.02248,0.49713,0.18146,-0.31364,-0.33802,-0.13134,0.27724,0.70629,1.30648,1.01196,1.04788,0.83703,0.63817,0.53152,0.61443,0.55209,0.3699,0.29095,0.25011,0.05448,-0.07394,-0.01954,-0.01013,-0.35519,-0.76997,-0.83485,-0.93647,-0.93971,-0.7873,-1.01423,-1.21376,-1.09162,-1.09338,-0.72502,-0.57067,-0.25372,-0.26434,-0.237,-0.4871,-0.37691,-0.39794,0.10192,0.15093,0.49361,0.1991,0.45147,0.67792,0.26795,0.04753,0.19381,0.11924,-0.16834,0.03083,-0.11077,-0.50799,-0.44163,0.41407,0.65084,0.52402,0.78655,0.82944,0.50812,0.33892,0.28885,0.07878,-0.56827,-0.39309,-0.73884,-0.49428,-0.45106,-0.50986,-0.11052,0.49108,1.14415,1.28001,1.98033,2.33496,2.06028,2.18557,1.51495,1.28423,0.68396,0.54827,0.57792,0.44278,0.1318,0.00037,0.03192,-0.04284,0.04546,0.10511,-0.01597,-1.02126,-1.45392,-1.31099,-1.45693,-1.60703,-1.29948,-0.9659
LEU56,-1.77516,-1.55665,-1.41452,-0.94517,0.45157,0.39592,1.00032,0.87822,1.04032,0.8286,0.82307,0.61142,0.58611,0.13392,1.10351,1.00154,1.25595,0.50301,0.19881,0.37587,0.44287,0.49836,0.43139,0.98277,0.54204,0.76963,0.23718,-0.4721,-0.56252,-0.36112,-0.30007,0.02328,0.23627,0.42718,0.93746,0.71358,0.6544,0.26294,0.39189,0.35084,0.68471,0.85819,0.89855,1.00616,1.09594,1.20626,1.12168,0.87252,0.86919,0.72607,0.67702,0.62015,0.68306,0.02311,-0.45641,0.0,0.05539,-0.03922,0.14883,-0.24215,-0.14264,0.03857,0.49584,0.86163,1.30762,1.0843,1.00257,0.71952,0.5165,0.42846,0.70338,0.71912,0.53429,0.56407,0.5775,0.3193,0.17927,0.40673,0.36173,-0.08538,-0.6588,-0.62056,-0.8183,-0.79597,-0.57601,-0.81454,-1.03778,-0.93616,-0.94604,-0.89397,-1.24166,-1.06306,-1.0991,-0.9817,-1.13769,-0.95402,-0.70996,-0.34829,0.23743,0.77258,0.38913,0.71142,1.11397,0.78567,0.45176,0.55501,0.5837,0.38075,0.62151,0.42807,0.06819,0.17917,1.06482,1.33598,1.10094,1.15734,1.13683,0.68006,0.28982,0.29813,0.15164,-0.2122,0.19353,-0.39352,-0.41598,-0.29704,-0.43515,-0.40002,-0.06741,0.45672,0.41305,0.7365,1.19003,1.05072,1.03954,0.9072,0.96695,0.4546,0.23369,0.41487,0.40836,0.29417,0.06184,0.13374,0.07209,0.05025,0.24316,0.35532,-1.2112,-1.14659,-1.29098,-1.83192,-1.94242,-1.4445,-1.0634
GLU57,-1.41755,-1.29982,-1.22373,-1.16537,0.12671,-0.02731,0.41187,0.25129,0.52767,0.39016,0.56499,0.50477,0.65209,0.06876,0.88617,0.37706,1.16426,0.78393,0.54947,0.63661,0.65358,0.5675,0.40816,0.75863,0.26923,0.58168,0.14928,-0.43078,-0.51969,-0.31035,-0.27767,-0.05953,0.36338,0.58104,1.30202,0.98112,0.91772,0.51979,0.58594,0.57252,0.86734,1.15248,1.10746,1.04281,1.13526,1.28059,1.21494,0.83913,0.9802,0.96476,0.7568,0.80373,0.85505,0.65067,0.02248,0.05539,0.0,-0.14957,-0.01408,-0.39711,-0.39806,-0.09465,0.31233,0.38644,0.62876,0.28957,0.32426,0.09644,0.03668,-0.04071,0.32081,0.32793,0.25236,0.27869,0.27382,0.05997,-0.01418,0.2645,0.28646,-0.1813,-0.73959,-0.78051,-0.83818,-0.84579,-0.61348,-0.78942,-1.01159,-0.94488,-0.96628,-0.88329,-1.06411,-0.61092,-0.6132,-0.73421,-0.99408,-0.93484,-1.04556,-0.27808,0.391,0.84526,0.37732,0.55927,1.06541,0.776,0.57818,0.74392,0.57863,0.37695,0.58981,0.32075,0.11234,0.28003,1.16237,1.46733,1.00742,0.83353,0.49643,0.13622,-0.28838,-0.1679,-0.26699,-0.39678,0.07642,-0.31143,-0.44212,-0.37138,-0.51428,-0.63722,-0.4093,0.06178,0.13144,0.34695,0.88972,0.79808,0.88131,1.17484,1.31999,0.56024,0.54877,0.91982,0.79079,0.59519,0.46342,0.54659,0.43983,0.50432,0.61406,0.38066,-1.4375,-1.59495,-1.86593,-2.34694,-2.4257,-1.78376,-1.2242
ALA58,-1.2258,-1.17006,-0.97966,-0.90028,0.28913,0.19433,0.37225,0.09096,0.00992,-0.11978,-0.10838,-0.06696,-0.07677,-0.50953,0.23308,-0.27594,0.17353,-0.04225,-0.26881,-0.15419,-0.0989,-0.06451,0.29573,0.56521,0.54963,1.0658,0.66592,0.07065,-0.20445,-0.06335,0.20057,0.37423,0.6437,0.72407,1.17749,0.7964,0.58557,0.09228,0.02033,0.00145,0.12482,0.4643,0.47693,0.49359,0.55127,0.60786,0.54682,0.29417,0.48015,0.50124,0.37031,0.38533,0.37772,0.54884,0.49713,-0.03922,-0.14957,0.0,-0.62453,-0.84967,-0.74661,-0.24715,0.13886,0.0408,0.1995,-0.17402,-0.12652,-0.27812,-0.35789,-0.42502,-0.14034,-0.05846,-0.16829,-0.18016,-0.16202,-0.27413,-0.3548,-0.21586,-0.09067,-0.37392,-0.71249,-0.82295,-0.77794,-0.81836,-0.67789,-0.91024,-0.9702,-0.85196,-0.96209,-0.72523,-0.43298,0.0819,0.1533,0.08955,-0.21661,-0.23987,-0.66837,-0.13821,0.17151,0.17109,-0.20145,-0.16095,0.16771,0.09797,-0.13933,-0.08149,-0.05684,-0.15718,-0.08373,-0.11989,-0.27608,0.0419,1.42935,1.50774,0.77592,0.36998,-0.08891,-0.35027,-0.54355,-0.52625,-0.57069,-0.68293,-0.09779,-0.13738,-0.07983,-0.18703,-0.37966,-0.57204,-0.48229,0.10408,0.15777,0.2891,0.69188,0.71708,0.92592,1.17177,0.8256,0.3169,0.39252,0.48467,0.32496,0.17996,0.00063,-0.02912,0.03549,0.06423,0.04094,-0.35708,-1.10241,-1.56091,-1.69885,-1.73342,-1.77955,-1.4156,-0.86851
LEU59,-1.49002,-1.27009,-0.8612,-0.56191,0.84434,0.54027,0.45917,0.05699,-0.19204,-0.30779,-0.23644,-0.03621,0.11832,-0.11289,0.43987,0.20449,0.40138,-0.01251,-0.19921,-0.09556,-0.34378,-0.41577,-0.23435,0.26411,0.57034,1.4183,0.90163,0.19643,-0.16892,-0.0524,0.24215,0.40162,0.45198,0.264,0.58978,0.21829,0.17308,-0.11318,-0.09196,-0.0755,0.11828,0.37746,0.48858,0.57823,0.65761,0.53331,0.40065,0.34021,0.44711,0.27634,0.07109,0.07546,0.07552,0.11205,0.18146,0.14883,-0.01408,-0.62453,0.0,-1.10881,-0.84843,-0.34602,0.1784,0.17101,0.21892,-0.13518,-0.30243,-0.38978,-0.43927,-0.39718,-0.10234,0.00749,-0.01359,-0.06359,-0.03213,-0.15475,-0.21971,-0.08609,-0.03904,-0.35013,-0.61269,-0.69625,-0.56141,-0.70555,-0.73,-0.87288,-0.94875,-0.87,-0.982,-0.85201,-0.85722,-0.5307,-0.51332,-0.48733,-0.7787,-0.70143,-0.83321,-0.40065,0.0351,-0.13607,-0.50515,-0.42455,-0.17071,-0.14953,-0.33534,-0.38361,-0.18674,-0.09044,-0.11954,-0.12861,-0.01039,0.47677,1.72643,1.71695,1.17229,0.49245,0.09088,-0.26084,-0.52663,-0.43923,-0.60309,-0.63776,-0.02442,-0.24147,-0.20635,-0.396,-0.6746,-0.83381,-0.75031,-0.11447,-0.2458,-0.25132,0.26023,0.3998,0.61645,0.87425,0.75343,0.40325,0.38926,0.41631,0.42193,0.2744,-0.04958,-0.22245,-0.02934,-0.12469,-0.0284,-0.30213,-0.88949,-1.11635,-1.28424,-1.51655,-1.49256,-1.11681,-0.5164
LYS60,-1.66872,-1.47476,-1.0416,-0.41299,0.51158,0.00372,0.24082,-0.17064,-0.42384,-0.57721,-0.30639,-0.37951,-0.17669,0.00432,0.37906,0.60431,0.31725,-0.28329,-0.68398,-0.63227,-0.87104,-0.8421,-0.85875,-0.40885,0.07122,0.73091,0.52483,0.31104,0.14807,0.0432,0.18724,0.0125,-0.11393,-0.20742,-0.0847,-0.36276,-0.35954,-0.47047,-0.41589,-0.42663,-0.20049,-0.07357,0.08649,0.22486,0.4585,0.21377,0.03137,0.34356,0.25318,-0.25615,-0.27006,-0.18389,-0.28945,-0.34264,-0.31364,-0.24215,-0.39711,-0.84967,-1.10881,0.0,-1.21294,-0.1205,-0.2604,-0.47246,-0.44153,-0.5133,-0.54545,-0.52002,-0.56797,-0.39572,-0.1879,-0.00146,-0.0048,0.04196,0.14976,0.1091,-0.11546,0.05822,0.06949,-0.17059,-0.30968,-0.32612,-0.3119,-0.37942,-0.50865,-0.57002,-0.55226,-0.57843,-0.65944,-0.73326,-0.86175,-0.76382,-0.74062,-0.71098,-0.85819,-0.76582,-0.77218,-0.69781,-0.22126,-0.44033,-0.70026,-0.71339,-0.3861,-0.23186,-0.43023,-0.45737,-0.06598,0.04958,-0.05835,-0.14213,-0.06825,0.14789,0.62105,0.99329,0.83137,0.26067,-0.05607,-0.21831,-0.41331,-0.44797,-0.46671,-0.31145,0.24402,0.30329,0.01176,0.1041,0.06781,-0.20391,-0.2094,0.22862,0.009,-0.42894,-0.4442,-0.18825,-0.14961,0.2348,0.12203,0.30611,0.19734,-0.01771,0.11564,0.13068,-0.19037,-0.21973,0.01306,-0.22662,-0.16427,-0.29454,-0.48236,-0.44993,-0.29771,-0.42452,-0.80358,-0.3987,-0.16875
GLU61,-1.84237,-1.59414,-1.18799,-0.26889,0.56118,-0.19498,0.03329,-0.45861,-0.83529,-0.96072,-0.52251,-0.52906,-0.33744,0.10595,0.48575,0.65808,0.50691,-0.06716,-0.48852,-0.89924,-1.23642,-1.441,-1.57172,-1.0163,-0.50589,0.13429,0.04551,-0.31623,-0.29782,-0.17651,-0.19135,-0.36037,-0.62258,-0.5725,-0.49228,-0.78459,-0.65427,-0.64972,-0.5792,-0.51422,-0.31347,-0.29355,-0.12574,-0.02253,0.28716,0.04292,-0.14164,0.29188,0.25592,-0.43025,-0.48524,-0.3831,-0.33826,-0.41238,-0.33802,-0.14264,-0.39806,-0.74661,-0.84843,-1.21294,0.0,0.30368,-0.01116,-0.65015,-0.60339,-0.55642,-0.67889,-0.66514,-0.84234,-0.52475,-0.44925,-0.24302,-0.17409,-0.06812,0.10485,0.02708,-0.00205,0.09029,0.00243,-0.2425,-0.34727,-0.2716,-0.28157,-0.24626,-0.40628,-0.33813,-0.32171,-0.47683,-0.58617,-0.60204,-0.66982,-0.36143,-0.29846,-0.44662,-0.76699,-0.91296,-1.1694,-0.87979,-0.55644,-0.55566,-0.64309,-0.9304,-0.59124,-0.36208,-0.67082,-0.61954,-0.0226,0.18567,0.09197,0.09748,0.42319,0.58009,0.97063,1.55368,1.18911,0.70675,0.37935,-0.25726,-0.51662,-0.48739,-0.30866,-0.07685,0.61026,0.62536,0.14816,0.26867,-0.01015,-0.36555,-0.47925,-0.36256,-0.63576,-1.08104,-1.28968,-0.99564,-0.83404,-0.22164,-0.32267,0.04931,0.13697,-0.05085,0.16162,0.39998,0.18515,0.04814,0.04971,-0.33512,-0.21047,-0.30253,-0.50927,0.18488,0.55829,-0.11497,-0.74551,-0.22749,-0.09147
HIS62,-2.04464,-1.79578,-1.35484,-0.43021,0.81068,-0.01276,0.29719,-0.20144,-0.53997,-0.77479,-0.32745,-0.31326,-0.1002,0.27517,0.86182,0.66753,0.73839,0.22144,-0.13794,-0.5353,-0.89924,-1.15578,-1.28734,-0.66584,-0.40526,0.0643,0.11996,0.33373,0.09251,-0.15249,-0.16191,-0.46596,-0.64093,-0.64378,-0.51643,-0.70377,-0.55507,-0.50277,-0.39995,-0.30776,-0.00526,-0.06579,0.07003,0.21515,0.53025,0.254,0.13251,0.61165,0.53866,-0.20746,-0.18443,-0.11212,-0.13571,-0.20962,-0.13134,0.03857,-0.09465,-0.24715,-0.34602,-0.1205,0.30368,0.0,-0.17767,-0.39897,-0.58573,-0.65316,-0.7061,-0.64412,-0.7282,-0.37043,-0.26217,-0.02458,-0.02598,0.04159,0.34888,0.27097,0.1167,0.31112,0.31885,-0.01434,-0.36785,-0.3528,-0.34693,-0.41796,-0.43994,-0.42642,-0.55244,-0.63747,-0.78479,-0.87934,-1.13257,-0.90659,-0.83486,-0.9085,-1.19087,-1.27381,-1.37607,-1.16452,-0.54727,-0.62523,-0.89349,-1.1281,-0.81479,-0.41465,-0.70067,-0.77629,-0.01327,0.37876,0.1076,0.15695,0.62794,0.77953,1.10713,2.23204,2.18737,1.40845,0.89286,0.55933,0.1161,-0.00221,-0.18019,-0.13345,0.50622,0.51674,0.05604,0.18945,-0.08125,-0.57039,-0.52224,-0.413,-0.77173,-1.18434,-1.22092,-0.94823,-0.94783,-0.32439,-0.13264,0.25824,0.34917,0.21235,0.49139,0.74258,0.52995,0.36785,-0.03893,-0.2799,-0.03628,0.07671,-0.01726,-0.15557,0.17571,-0.2535,-1.06995,-0.39385,-0.22839
CYS63,-2.2115,-2.07476,-1.55618,-0.42938,1.58087,0.84006,0.90255,0.33098,-0.07942,-0.28795,-0.04403,0.02196,0.23509,0.48602,1.22173,1.0122,1.19528,0.5686,0.19501,-0.03903,-0.38779,-0.63235,-0.83152,-0.07931,0.17207,0.73645,0.80309,0.30501,-0.14571,-0.17807,-0.07306,-0.2098,-0.30973,-0.49798,-0.39306,-0.55281,-0.39037,-0.40191,-0.44538,-0.20217,0.22014,0.19079,0.43939,0.67395,0.94101,0.62813,0.57619,1.08296,1.15486,0.37139,0.17805,0.33595,0.33817,0.14404,0.27724,0.49584,0.31233,0.13886,0.1784,-0.2604,-0.01116,-0.17767,0.0,0.41039,-0.07411,-0.53592,-0.69962,-0.59587,-0.53704,-0.32152,-0.09874,0.15805,0.12388,0.23235,0.62866,0.41657,0.33527,0.65921,0.62918,0.055,-0.37973,-0.34095,-0.40173,-0.32543,-0.29523,-0.56357,-0.75039,-0.75628,-0.96144,-0.87086,-1.00818,-0.76324,-0.72635,-0.65048,-0.84096,-0.7959,-0.90915,-0.97354,-0.63064,-0.50503,-0.72213,-0.94133,-0.40652,-0.21944,-0.51958,-0.56427,0.07982,0.30734,0.02679,0.2943,0.81481,0.87373,1.55781,2.57679,2.8666,1.96987,1.57211,1.14905,0.55294,0.50129,-0.04927,-0.22676,0.36126,0.13597,-0.20154,0.0665,-0.29238,-0.75701,-0.81088,-0.30101,-0.7373,-1.13256,-0.6739,-0.34783,-0.55055,0.00818,0.27365,0.4968,0.58274,0.4982,0.8433,1.23116,0.89703,0.44565,0.19429,-0.27762,-0.15009,-0.14799,-1.04646,-0.61211,-0.74705,-1.69643,-2.12848,-1.42866,-0.96648
GLU64,-2.78262,-2.54548,-1.73248,-0.30226,2.29144,1.56976,1.69147,1.1917,0.52746,0.22689,0.39238,0.36022,0.48195,0.5641,1.40846,1.04161,1.34984,0.77796,0.48354,0.41335,0.26434,0.15645,0.05307,0.88804,1.18829,1.53358,1.85949,0.59858,0.10423,0.31449,0.48693,0.49648,0.21428,-0.01524,-0.06685,-0.16309,-0.10116,-0.11515,-0.09923,0.13177,0.53174,0.45979,0.65053,1.07381,1.20116,0.82998,0.98505,1.71856,1.58965,0.6864,0.60757,0.77997,0.71017,0.27949,0.70629,0.86163,0.38644,0.0408,0.17101,-0.47246,-0.65015,-0.39897,0.41039,0.0,0.03108,-0.16358,-0.43705,-0.37124,-0.26586,0.00108,0.19004,0.40412,0.36461,0.56284,0.96301,0.71641,0.52545,0.90499,0.89703,0.25857,-0.38721,-0.34841,-0.48085,-0.45096,-0.42533,-0.6738,-0.96428,-0.97404,-1.12315,-1.01572,-1.313,-1.18225,-1.11799,-0.97828,-1.08775,-0.91991,-0.82264,-1.09645,-0.8876,-0.73029,-1.11524,-0.72193,-0.32153,-0.44461,-0.56744,-0.48508,-0.09913,-0.00626,-0.14191,0.11607,0.6912,0.78986,1.35288,2.60293,3.0551,2.50606,2.44386,1.90492,1.33413,1.13336,0.41583,-0.28354,0.11553,-0.42523,-0.66607,-0.339,-0.55594,-0.50722,-0.13849,0.08273,-0.26031,-0.12592,0.35184,0.33404,0.31997,0.69858,0.95461,0.96492,1.06221,1.26774,1.50051,1.80673,1.4984,1.05951,0.50249,0.29653,0.45129,0.38552,-0.65546,-1.06141,-1.02942,-1.52384,-2.88426,-1.69101,-0.97761
VAL65,-3.3824,-3.02868,-2.05537,-0.37579,2.61306,2.37924,2.77498,2.17034,1.29807,0.78401,0.70502,0.36407,0.35069,0.35949,1.13015,0.83033,0.80449,0.24475,-0.04976,0.05166,0.19671,0.49125,0.77806,1.92647,2.39845,2.38589,2.60637,0.93685,0.15112,0.49987,1.02616,1.25441,0.72938,0.57948,0.20553,0.02049,-0.20072,-0.33132,-0.34569,-0.23624,0.07193,0.03103,0.23362,0.89012,1.02136,0.61154,0.91024,1.82852,1.54749,0.57161,0.97123,1.22248,1.05596,0.56272,1.30648,1.30762,0.62876,0.1995,0.21892,-0.44153,-0.60339,-0.58573,-0.07411,0.03108,0.0,0.45,0.33481,0.07157,-0.1703,0.09204,0.18217,0.3496,0.28152,0.5957,1.04225,0.68498,0.54897,0.91727,0.83599,0.15378,-0.45845,-0.28395,-0.62705,-0.51194,-0.61875,-0.83698,-1.10515,-1.19266,-1.29167,-1.24036,-1.36786,-1.26687,-1.15666,-0.89265,-0.98072,-0.80886,-0.88952,-1.4773,-1.38213,-1.10709,-1.24706,-0.69579,-0.41256,-0.54635,-0.84267,-0.52579,-0.32707,-0.59025,-0.38937,0.00075,0.04614,0.06195,1.17282,2.60766,2.83075,2.83241,3.05234,2.35245,1.91692,1.65281,1.06802,-0.13239,-0.03631,-0.54186,-0.55905,-0.17799,-0.19236,0.06887,0.60856,0.76789,0.25602,0.54982,0.97049,0.5372,0.49916,0.69293,0.90454,0.66867,0.65287,0.85482,0.99002,1.1248,0.87698,0.52695,0.42025,0.1834,0.25816,0.23004,-0.44125,-1.00383,-0.5709,-0.52761,-2.47895,-1.25521,-0.69181
ILE66,-4.08452,-3.67039,-2.46283,-0.14541,2.61641,2.59052,3.0578,2.54452,1.43283,0.90265,0.67748,0.10578,0.05963,0.23247,0.95383,1.2758,0.59976,-0.41225,-0.84356,-0.68399,-0.46419,0.14088,0.50639,1.83486,2.45806,2.35325,2.54497,1.17449,0.47315,0.49258,1.11328,1.405,0.52509,0.32425,-0.31944,-0.43931,-0.80474,-0.92435,-0.91435,-0.78134,-0.41212,-0.52205,-0.19822,0.54334,0.91317,0.3674,0.57316,1.92279,1.42488,0.06454,0.67477,1.27366,0.82818,0.05945,1.01196,1.0843,0.28957,-0.17402,-0.13518,-0.5133,-0.55642,-0.65316,-0.53592,-0.16358,0.45,0.0,0.44312,0.39507,-0.20668,0.12725,0.29001,0.54065,0.44289,0.80881,1.30096,1.01137,0.91846,1.25877,1.03545,0.45692,0.14089,0.42006,-0.04039,0.08302,-0.06619,-0.21398,-0.47908,-0.71534,-0.80686,-0.87634,-1.31726,-1.45053,-1.39226,-1.07586,-0.95994,-0.74749,-0.51338,-1.2968,-1.23239,-1.01374,-0.94126,-0.31027,-0.28682,-0.29385,-0.51823,-0.25977,-0.29796,-0.71995,-0.22088,-0.03725,-0.39909,-0.20439,0.5684,1.96107,2.2249,2.73463,3.15732,2.56297,2.50928,2.05428,1.78699,0.43221,0.0014,-0.41345,-0.34371,0.07801,0.15132,0.49708,1.08755,1.06053,0.50783,0.78811,0.96803,0.39247,0.13411,0.00324,0.18434,-0.1413,-0.42717,-0.41357,-0.3254,-0.23368,-0.26938,-0.48522,-0.2387,-0.55224,-0.36946,-0.0023,-0.12702,-0.26814,0.31759,0.58264,-1.76714,-0.46809,-0.15739
LEU67,-3.7222,-3.30703,-2.21103,-0.54707,1.91064,2.14489,2.84709,2.5437,1.80871,1.33111,0.90844,0.18845,0.1619,0.25927,0.91634,0.97412,0.41655,-0.35695,-0.66625,-0.45784,-0.03632,0.68223,1.04157,2.04575,2.34524,1.9955,2.03812,0.85216,0.31978,0.32206,0.70698,1.16875,0.51733,0.4818,-0.07699,-0.19284,-0.65297,-0.77088,-0.74947,-0.68821,-0.37087,-0.45194,-0.18893,0.47511,0.78304,0.37798,0.67424,1.73782,1.2443,0.27285,0.9055,1.37922,0.92514,0.27604,1.04788,1.00257,0.32426,-0.12652,-0.30243,-0.54545,-0.67889,-0.7061,-0.69962,-0.43705,0.33481,0.44312,0.0,0.09666,0.00847,-0.00447,0.05847,0.25395,0.22604,0.63373,1.02084,0.74495,0.71695,1.01259,0.77324,0.27942,0.06717,0.37546,-0.10438,-0.01626,-0.09355,-0.23755,-0.48645,-0.66701,-0.76831,-0.85057,-1.22145,-1.37244,-1.2406,-0.97003,-0.89058,-0.68149,-0.45924,-1.15498,-1.1172,-0.82425,-0.81326,-0.28227,-0.27455,-0.37623,-0.43321,-0.0019,-0.3738,-1.06076,-0.26698,-0.17223,-1.05814,-0.72252,0.10155,1.46954,1.86288,2.73679,2.86141,2.45732,2.43605,1.95167,1.74516,0.48648,-0.37629,-0.6159,-0.45079,-0.09958,0.14655,0.57907,1.16217,1.29641,0.89086,1.19013,1.36964,0.82353,0.43599,0.10643,0.52431,0.15237,-0.28275,-0.29312,-0.06134,-0.13587,-0.11114,-0.29352,-0.01397,-0.25742,-0.16942,0.06789,0.06539,-0.12098,0.34671,0.65124,-1.47035,-0.63989,-0.37824
SER68,-3.70757,-3.48407,-2.05611,-0.39647,1.48703,1.74074,2.36378,2.43466,1.58582,1.113,0.79558,0.21055,0.25533,0.33829,0.99575,1.11986,0.32116,-0.38316,-0.6757,-0.51999,-0.15849,0.5583,0.872,1.69334,2.0775,1.63479,1.69371,0.65686,0.23773,0.25571,0.63636,1.20687,0.43637,0.61423,-0.32279,-0.40532,-0.88017,-0.87563,-0.87289,-0.82175,-0.43547,-0.48672,-0.16326,0.56552,0.8077,0.2938,0.67826,1.80518,1.05638,-0.01761,0.73859,1.25822,0.75466,0.06417,0.83703,0.71952,0.09644,-0.27812,-0.38978,-0.52002,-0.66514,-0.64412,-0.59587,-0.37124,0.07157,0.39507,0.09666,0.0,-0.07606,0.22511,0.06141,0.09083,0.18047,0.61969,0.95645,0.71764,0.57181,0.84598,0.68537,0.30104,0.13399,0.44407,0.04343,-0.03166,-0.01711,-0.05051,-0.39946,-0.61198,-0.59179,-0.71524,-1.07452,-1.27193,-1.17708,-0.83359,-0.72462,-0.55568,-0.31627,-1.0599,-1.21385,-0.79009,-0.66582,-0.3187,-0.34471,-0.42858,-0.7522,-0.225,-0.29727,-1.10059,-0.4682,0.04593,-0.86682,-0.92866,-0.55,0.85528,1.36729,2.21903,2.53443,2.43417,2.44041,2.17255,2.17376,0.45552,-0.71202,-1.02355,-0.50571,-0.15406,0.39727,0.95378,1.48696,1.37859,1.06661,1.40037,1.18919,0.72615,0.37038,-0.17339,0.27075,0.08221,-0.45827,-0.56254,-0.26951,-0.39446,-0.31207,-0.52026,0.02293,-0.29815,-0.24253,-0.01992,0.00409,0.28115,0.93184,1.21479,-1.09872,-0.5008,-0.08467
THR69,-2.70237,-2.69231,-1.98185,-0.8759,0.7985,1.01977,1.56762,1.71235,1.23698,0.89947,0.8514,0.42818,0.6182,0.57003,1.08659,1.14897,0.66347,0.03946,-0.11382,0.05265,0.2428,0.68579,0.80506,1.14994,1.25579,0.94961,0.75051,0.06254,-0.18675,-0.17171,-0.00401,0.46191,-0.11202,0.20349,-0.21105,-0.20706,-0.49615,-0.37403,-0.36323,-0.26611,0.11564,0.0448,0.31719,0.84412,1.06266,0.72501,1.07086,1.83634,1.29804,0.46737,0.76166,1.06318,0.78085,0.07941,0.63817,0.5165,0.03668,-0.35789,-0.43927,-0.56797,-0.84234,-0.7282,-0.53704,-0.26586,-0.1703,-0.20668,0.00847,-0.07606,0.0,-0.35057,0.42757,0.03166,0.19839,0.79126,1.06194,0.80885,0.75094,1.01066,0.86767,0.55364,0.38604,0.71781,0.37327,0.29241,0.44267,0.35099,-0.00818,-0.19209,-0.16157,-0.32221,-1.03998,-1.28992,-1.21657,-0.97453,-0.83761,-0.70369,-0.36426,-0.74009,-0.77477,-0.22335,-0.18416,0.09434,0.15648,0.16821,-0.08924,0.06302,0.00657,-0.55154,-0.407,-0.0247,-0.69468,-0.88009,-0.59282,0.45931,0.93274,1.52758,2.01088,2.16382,1.90143,2.07073,2.0197,0.4631,-0.68233,-1.05704,-0.57087,-0.34973,0.12629,0.48668,0.75308,0.78126,0.61563,0.89832,0.74093,0.49185,0.32122,-0.0916,0.3979,0.19023,-0.19039,-0.12759,0.26314,0.1039,0.19335,0.13906,0.51499,0.27982,0.43893,0.68863,-0.23868,0.22046,0.45385,0.19779,-1.47619,-1.20807,-0.65376
ASP70,-2.95433,-2.82625,-1.6345,-0.38199,1.04205,0.92545,1.52178,1.68621,0.95397,0.66589,0.70997,0.0348,0.28497,0.43322,1.09832,1.05433,0.47708,-0.14286,-0.35189,-0.23419,-0.12428,0.35045,0.53449,0.92993,1.16733,1.06445,0.89069,0.58853,0.30272,0.13961,0.41485,0.69088,0.09112,0.37505,-0.45804,-0.35841,-0.69252,-0.62403,-0.60681,-0.44516,-0.07795,-0.18534,0.17591,0.77437,1.00446,0.51009,0.94887,2.02261,1.18454,0.11206,0.51388,0.77627,0.47032,-0.14722,0.53152,0.42846,-0.04071,-0.42502,-0.39718,-0.39572,-0.52475,-0.37043,-0.32152,0.00108,0.09204,0.12725,-0.00447,0.22511,-0.35057,0.0,0.26527,0.43242,0.14064,0.4583,1.06615,0.98005,0.5989,0.82014,0.90859,0.70843,0.4874,0.77833,0.52786,0.39657,0.52909,0.75809,0.31071,-0.08503,-0.02963,-0.28601,-1.16271,-1.53522,-1.44388,-1.18062,-1.00983,-0.8099,-0.41627,-0.84881,-0.7638,-0.28627,-0.23305,-0.07487,-0.04234,0.11192,-0.18354,-0.26151,-0.14811,-0.27664,-0.09532,0.09558,-0.37754,-0.21617,-1.38298,0.2743,1.00401,1.40588,1.93054,2.3202,2.22392,2.24445,2.17986,0.59452,-0.59865,-1.04754,-0.7879,-0.49627,0.09838,0.40857,0.78388,0.40368,0.1148,0.58969,0.36284,-0.08498,-0.10978,-0.23683,0.10794,-0.10868,-0.34534,-0.41567,-0.15047,-0.22371,-0.17761,-0.2303,0.09941,-0.09054,0.0944,0.37037,-0.12891,0.33601,0.84178,0.92773,-1.22147,-0.59491,-0.06893
SER71,-2.66366,-2.71404,-1.92144,-1.02075,0.68059,0.63509,1.16509,1.43209,1.13308,0.8706,0.98333,0.54818,0.7587,0.7074,1.34094,1.59947,1.04051,0.25967,-0.07527,0.07746,0.08255,0.36621,0.42194,0.80921,0.77682,0.54887,0.42711,0.41519,0.23127,0.00467,0.04812,0.07743,-0.35637,-0.18762,-0.43736,-0.31834,-0.56382,-0.42252,-0.43737,-0.22862,0.41204,0.3992,0.87313,1.53156,1.79464,1.32994,1.59741,2.70697,2.08154,0.94854,0.93216,1.1513,0.98885,0.21092,0.61443,0.70338,0.32081,-0.14034,-0.10234,-0.1879,-0.44925,-0.26217,-0.09874,0.19004,0.18217,0.29001,0.05847,0.06141,0.42757,0.26527,0.0,0.78417,1.10454,1.05511,1.27238,1.39386,1.13945,1.24674,1.26209,1.06115,0.86342,1.10567,0.77381,0.73328,0.93123,0.95419,0.55698,0.21454,0.22141,-0.05577,-1.27973,-1.74267,-1.75301,-1.53961,-1.36565,-1.12116,-0.47209,-0.56116,-0.09854,0.58233,0.59906,0.73453,0.90509,1.12805,0.7982,0.56245,0.68603,0.43735,0.41191,0.49062,-0.07735,-0.28772,-0.71737,0.21709,0.93446,1.17809,1.71764,1.94298,1.75663,1.95673,1.49218,0.14529,-0.56756,-1.05522,-0.79587,-0.57674,-0.30749,-0.11037,0.17058,-0.01106,-0.20544,0.15187,0.18233,0.03192,-0.024,-0.32832,0.14333,-0.07572,-0.53019,-0.46789,-0.06703,-0.28431,-0.43015,-0.26049,0.07036,-0.0269,0.41819,1.03454,-0.14121,0.39151,0.60741,-0.04946,-1.9433,-1.45317,-0.95081
GLN72,-2.56915,-2.85281,-1.8371,-1.00402,0.62065,0.65204,1.18036,1.31839,1.0832,0.87115,0.9782,0.48057,0.65578,0.58283,1.2542,1.65636,1.23303,0.29408,-0.1112,0.04855,-0.05832,0.16727,0.16309,0.58553,0.50513,0.28032,0.23503,0.50647,0.36537,0.06571,0.04427,-0.25141,-0.61243,-0.47919,-0.60302,-0.48428,-0.68411,-0.543,-0.48223,-0.29593,0.42107,0.44349,0.92835,1.50433,1.88831,1.30539,1.42368,2.45552,2.00753,0.93246,0.88078,1.15664,1.04611,0.28485,0.55209,0.71912,0.32793,-0.05846,0.00749,-0.00146,-0.24302,-0.02458,0.15805,0.40412,0.3496,0.54065,0.25395,0.09083,0.03166,0.43242,0.78417,0.0,0.84759,0.85485,1.33626,1.45851,1.20308,1.33425,1.40968,1.31582,1.04367,1.28748,0.92497,0.87454,1.02818,1.07468,0.69655,0.31177,0.29335,-0.01648,-1.59304,-2.09341,-2.14536,-2.03216,-1.81133,-1.46627,-0.64081,-0.5586,0.16106,0.84135,0.75741,0.91191,1.04104,1.36319,0.92631,0.56641,0.8048,0.66307,0.55534,0.55357,0.07894,-0.13672,-0.43073,0.40036,1.08353,1.36032,1.89667,1.91889,1.77963,2.18397,1.46211,0.22774,-0.29865,-0.75138,-0.63994,-0.38353,-0.23894,-0.15628,0.07299,-0.1557,-0.36486,-0.12994,-0.11057,-0.19168,-0.31527,-0.58086,-0.10999,-0.34533,-0.77725,-0.71911,-0.29945,-0.56948,-0.71908,-0.43366,-0.08237,-0.11532,0.38239,1.24667,0.11879,0.49493,0.66853,-0.05513,-1.93334,-1.26726,-0.79851
TYR73,-1.95549,-2.52097,-1.80677,-0.92797,0.23558,0.18593,0.7962,0.96361,0.87029,0.69041,0.9664,0.51102,0.72426,0.56301,1.07886,1.64802,1.39909,0.42861,0.01431,0.11298,-0.12425,-0.0312,-0.12631,0.16437,0.02871,-0.18489,-0.17107,0.15756,0.14709,-0.02392,-0.33212,-0.78658,-1.12316,-0.94711,-0.89973,-0.85461,-0.85188,-0.58639,-0.44136,-0.20848,0.60908,0.69414,1.26807,1.72311,2.16824,1.59763,1.41601,2.31731,2.05474,1.06694,0.87009,1.12648,1.07906,0.30463,0.3699,0.53429,0.25236,-0.16829,-0.01359,-0.0048,-0.17409,-0.02598,0.12388,0.36461,0.28152,0.44289,0.22604,0.18047,0.19839,0.14064,1.10454,0.84759,0.0,0.7127,0.98787,1.28092,1.21466,1.26912,1.20565,1.15207,1.24864,1.43547,1.1576,1.16375,1.19357,1.16839,0.94763,0.58108,0.55192,0.13986,-1.64486,-2.05063,-2.12022,-2.19112,-2.14566,-1.79336,-0.81216,-0.35472,0.56186,1.29854,1.24305,1.25805,1.45911,1.75302,1.34723,0.95549,1.20776,1.14731,0.96268,0.96719,0.52192,0.26018,-0.12824,0.09413,0.6978,0.938,1.62969,1.63827,1.18332,1.68354,1.2406,0.11013,-0.31683,-0.70256,-0.58853,-0.43677,-0.35897,-0.32662,-0.2061,-0.3774,-0.57716,-0.36897,-0.34663,-0.36226,-0.50883,-0.82753,-0.32968,-0.45587,-0.99559,-0.94717,-0.46003,-0.77234,-1.06202,-0.75946,-0.36573,-0.2737,0.41778,1.52322,0.1834,1.15151,1.07644,-0.11514,-1.89157,-1.34815,-0.93127
VAL74,-2.29877,-2.98918,-2.40602,-1.21574,0.41046,0.28821,1.05006,1.272,1.10456,0.80693,1.16717,0.63756,0.70257,0.55701,1.05838,1.62961,1.38026,0.40104,-0.00017,0.13823,0.03162,0.09729,-0.0513,0.16863,0.1036,-0.16268,-0.11238,0.05999,0.02855,-0.13401,-0.31929,-0.56031,-1.02997,-0.89279,-0.86002,-0.65821,-0.6489,-0.41166,-0.30688,-0.19521,0.70151,0.63139,1.16392,1.69677,2.08497,1.59925,1.4258,2.23443,2.11692,1.05077,0.84441,1.16203,1.16016,0.19705,0.29095,0.56407,0.27869,-0.18016,-0.06359,0.04196,-0.06812,0.04159,0.23235,0.56284,0.5957,0.80881,0.63373,0.61969,0.79126,0.4583,1.05511,0.85485,0.7127,0.0,0.81953,1.24192,1.23618,1.31842,1.26148,1.02134,1.03008,1.32476,1.02934,1.21892,1.24438,1.10642,0.92458,0.65192,0.58865,0.23896,-1.43533,-1.74767,-1.79308,-1.839,-1.84375,-1.62732,-0.73122,-0.32594,0.27339,0.97775,1.01227,1.0846,1.36281,1.60877,1.39003,1.14705,1.30585,1.05627,1.09542,1.18651,0.53551,0.09274,-0.03631,0.22014,0.79011,1.21537,1.95388,2.07825,1.37271,1.9573,1.40106,0.19259,-0.36896,-0.6482,-0.46262,-0.34822,-0.33053,-0.2174,-0.08985,-0.24556,-0.37567,-0.21854,-0.27119,-0.28844,-0.44059,-0.81079,-0.20392,-0.23462,-0.76882,-0.79978,-0.32849,-0.59412,-0.81685,-0.52795,-0.3707,-0.36382,0.22524,1.28189,0.02037,1.06025,0.85541,-0.32789,-2.21756,-1.76915,-1.35017
ARG75,-2.86231,-3.31916,-2.66145,-1.27027,0.79469,0.63383,1.40265,1.54334,1.26613,0.92574,1.22888,0.63408,0.71112,0.58925,1.16174,1.53035,1.24587,0.25272,-0.14704,-0.01627,-0.0132,0.14709,-0.06475,0.17145,0.12267,-0.039,0.01442,0.27135,0.23649,-0.03072,-0.13394,-0.37447,-0.90546,-0.86293,-0.94853,-0.58647,-0.59977,-0.45641,-0.42208,-0.29459,0.69149,0.48937,0.93011,1.53133,1.98796,1.37983,1.25656,2.18807,1.849,0.71026,0.62244,0.99459,1.01823,0.04768,0.25011,0.5775,0.27382,-0.16202,-0.03213,0.14976,0.10485,0.34888,0.62866,0.96301,1.04225,1.30096,1.02084,0.95645,1.06194,1.06615,1.27238,1.33626,0.98787,0.81953,0.0,1.03007,0.99471,1.2093,1.33501,1.12793,0.90194,1.08825,0.79321,1.00824,1.29667,1.10529,0.84339,0.56193,0.51795,0.20913,-1.56278,-2.00776,-1.97671,-1.90785,-1.84678,-1.60338,-0.69691,-0.46879,0.06293,0.75685,0.6618,0.77051,1.03079,1.34669,1.04935,0.78078,0.9536,0.67612,0.70979,0.94466,0.23516,-0.14414,-0.08177,0.72781,1.40476,1.7839,2.5424,2.62685,2.22566,2.92474,1.99296,0.63426,-0.09174,-0.49258,-0.38541,-0.19297,-0.20498,-0.13665,0.06856,-0.05841,-0.3373,-0.21269,-0.30007,-0.38678,-0.59011,-0.83506,-0.33209,-0.37219,-0.74352,-0.6828,-0.37822,-0.47722,-0.57837,-0.38293,-0.29296,-0.35448,0.06753,0.8884,-0.24549,0.69968,0.81308,-0.17035,-2.31505,-1.58001,-1.33211
GLN76,-2.34996,-2.821,-2.04874,-1.01397,0.4407,0.42781,0.97397,1.10949,0.96216,0.80186,1.15057,0.58852,0.71836,0.61121,1.10533,1.29206,1.01248,0.12294,-0.24133,-0.06961,-0.15863,0.00719,-0.13295,0.04466,-0.07786,-0.17221,-0.13447,0.28711,0.35277,0.0913,-0.06107,-0.46626,-0.8927,-0.85219,-1.03643,-0.74675,-0.70933,-0.46928,-0.49286,-0.33746,0.64011,0.50439,0.94682,1.44835,1.91412,1.33886,1.12177,1.94718,1.63136,0.5183,0.35673,0.63334,0.65651,-0.11638,0.05448,0.3193,0.05997,-0.27413,-0.15475,0.1091,0.02708,0.27097,0.41657,0.71641,0.68498,1.01137,0.74495,0.71764,0.80885,0.98005,1.39386,1.45851,1.28092,1.24192,1.03007,0.0,0.13946,0.68779,1.19191,1.32869,1.25392,1.21028,0.92919,1.06256,1.24478,1.2389,1.05295,0.69029,0.61527,0.28692,-1.61727,-2.09257,-2.09971,-2.07647,-2.01726,-1.8036,-0.81221,-0.37433,0.30092,0.95482,0.85799,0.80758,0.96451,1.39802,1.13674,0.67201,0.84979,0.77212,0.66011,0.76496,0.33368,0.10746,-0.24181,0.2084,0.86109,1.10509,1.8551,2.12284,1.74879,2.55461,1.65138,0.54561,0.09857,-0.49562,-0.40407,-0.20738,-0.22369,-0.17521,-0.06091,-0.15132,-0.29538,-0.18815,-0.28672,-0.39763,-0.50928,-0.73094,-0.43461,-0.47936,-0.73715,-0.69778,-0.3931,-0.56819,-0.69964,-0.49086,-0.41622,-0.50016,-0.07771,0.68116,-0.37452,0.59457,0.74431,-0.11145,-1.87347,-1.32902,-1.12324
GLY77,-1.87529,-2.6546,-2.1452,-0.95502,0.22474,0.14238,0.7401,0.7727,0.76531,0.64019,1.01344,0.48208,0.66427,0.63389,1.12492,1.3802,1.02289,0.08606,-0.29703,-0.23969,-0.31151,-0.11012,-0.25285,-0.0739,-0.27204,-0.42156,-0.41655,-0.05737,0.07884,-0.09343,-0.31307,-0.69764,-1.19498,-1.09597,-1.10813,-0.94917,-0.79597,-0.57342,-0.39756,-0.21636,0.7756,0.68506,1.095,1.37845,1.75517,1.37895,1.0409,1.72948,1.61631,0.57312,0.28913,0.49811,0.57972,-0.16719,-0.07394,0.17927,-0.01418,-0.3548,-0.21971,-0.11546,-0.00205,0.1167,0.33527,0.52545,0.54897,0.91846,0.71695,0.57181,0.75094,0.5989,1.13945,1.20308,1.21466,1.23618,0.99471,0.13946,0.0,0.05251,0.26806,0.64469,1.11962,1.45727,1.17715,1.34518,1.38987,1.43139,1.42918,1.04907,0.73428,0.48334,-1.32531,-1.68744,-1.75379,-1.93731,-1.94569,-1.82533,-0.96005,-0.17561,0.58464,1.15355,1.0996,1.10647,1.09751,1.37093,1.39521,0.96885,0.90031,0.81856,0.79243,0.73121,0.26559,0.1128,0.03296,0.0814,0.45858,0.85606,1.44363,1.42044,0.79073,1.5753,1.15452,0.30262,0.09259,-0.32671,-0.29446,-0.16457,-0.28217,-0.30659,-0.29854,-0.34718,-0.3833,-0.32197,-0.38318,-0.42659,-0.61291,-0.85114,-0.58564,-0.59137,-0.88309,-0.84386,-0.51327,-0.66078,-0.83365,-0.58233,-0.42492,-0.37278,0.05951,0.91322,-0.22329,0.70378,0.63235,-0.30757,-1.69694,-1.19819,-1.05702
ILE78,-2.55889,-3.3847,-2.78835,-1.20354,0.48944,0.28415,1.08351,1.06814,0.91008,0.69038,1.3334,0.67321,0.89806,0.8381,1.46257,1.64556,1.33593,0.20747,-0.16952,-0.17921,-0.22757,-0.05946,-0.25011,-0.00245,-0.19601,-0.44741,-0.39856,-0.05854,0.02142,-0.16052,-0.29742,-0.59847,-1.04944,-1.08059,-0.97564,-0.81541,-0.75456,-0.51003,-0.34202,-0.14002,0.91705,0.77435,1.29361,1.68948,2.01027,1.49613,1.16302,1.97311,1.85454,0.66601,0.34865,0.64265,0.78898,-0.04729,-0.01954,0.40673,0.2645,-0.21586,-0.08609,0.05822,0.09029,0.31112,0.65921,0.90499,0.91727,1.25877,1.01259,0.84598,1.01066,0.82014,1.24674,1.33425,1.26912,1.31842,1.2093,0.68779,0.05251,0.0,0.37062,0.07497,0.26691,0.93064,0.86249,1.0997,1.09942,1.16848,1.15688,0.88387,0.64436,0.4806,-1.23791,-1.58062,-1.68617,-1.90983,-1.88845,-1.7025,-0.80244,-0.15648,0.40046,1.01736,0.94336,0.97622,1.21067,1.38936,1.30423,1.05144,1.17755,1.02598,1.02836,1.05289,0.63615,0.45258,0.32341,0.51774,0.95012,1.25264,1.89427,1.83052,0.94018,2.02746,1.48478,0.54072,0.29847,-0.00739,-0.09899,0.06273,-0.13981,-0.21142,-0.21258,-0.21921,-0.29509,-0.29559,-0.38943,-0.32183,-0.58885,-0.85357,-0.48854,-0.46975,-0.79359,-0.79575,-0.3942,-0.43369,-0.57016,-0.48378,-0.40649,-0.52237,-0.07546,0.63023,-0.57545,0.36434,0.17606,-0.78992,-2.14651,-1.5732,-1.23137
THR79,-2.28559,-2.90716,-2.26775,-1.04329,0.69919,0.41441,0.99524,0.94746,0.90313,0.69204,1.19838,0.66215,0.93735,0.8046,1.48007,1.43459,1.27527,0.20208,-0.1395,-0.16645,-0.16374,-0.03791,-0.17175,0.08943,-0.0953,-0.28077,-0.25412,0.06014,0.1192,-0.04675,-0.10484,-0.33454,-0.56021,-0.50484,-0.53018,-0.27598,-0.16098,-0.18889,-0.0839,0.12151,0.9003,0.76933,1.11878,1.55198,1.91865,1.34851,1.05076,1.71658,1.66489,0.56097,0.29785,0.55245,0.5888,-0.04051,-0.01013,0.36173,0.28646,-0.09067,-0.03904,0.06949,0.00243,0.31885,0.62918,0.89703,0.83599,1.03545,0.77324,0.68537,0.86767,0.90859,1.26209,1.40968,1.20565,1.26148,1.33501,1.19191,0.26806,0.37062,0.0,0.32691,-0.22464,-0.0698,0.15319,0.39364,0.73268,0.64647,0.58787,0.46367,0.37679,0.29328,-1.24919,-1.40071,-1.43905,-1.61595,-1.70275,-1.52231,-0.66038,0.00165,0.36164,0.90336,0.82698,0.75261,0.97575,1.29709,0.98838,0.61072,0.82875,0.7403,0.62981,0.67639,0.32717,0.13986,-0.03294,0.35682,0.88651,1.0252,1.52037,1.6403,0.96386,1.90212,1.11345,0.14453,0.04537,-0.32827,-0.29574,-0.13477,-0.30097,-0.27571,-0.23546,-0.30806,-0.38161,-0.26487,-0.2708,-0.27377,-0.40953,-0.58791,-0.36196,-0.44147,-0.58784,-0.4839,-0.28089,-0.25967,-0.2253,-0.05792,-0.02198,-0.11998,0.16212,0.51422,-0.68358,0.11942,0.12957,-0.69754,-1.93956,-1.54206,-1.19495
GLN80,-1.27048,-1.79215,-1.42853,-0.55534,0.19772,0.13503,0.47335,0.47004,0.56296,0.51728,0.76641,0.39614,0.64396,0.71209,1.26152,1.16745,0.94268,0.12556,-0.20155,-0.27588,-0.33183,-0.29768,-0.29927,-0.20377,-0.34688,-0.4846,-0.48131,-0.04423,0.03905,-0.14061,-0.25444,-0.49191,-0.59173,-0.43215,-0.5088,-0.31476,-0.23039,-0.19863,-0.25417,0.05456,0.54078,0.33355,0.62168,1.0217,1.2816,0.80929,0.65639,1.1228,0.98055,0.13121,0.00208,0.10411,0.0757,-0.31151,-0.35519,-0.08538,-0.1813,-0.37392,-0.35013,-0.17059,-0.2425,-0.01434,0.055,0.25857,0.15378,0.45692,0.27942,0.30104,0.55364,0.70843,1.06115,1.31582,1.15207,1.02134,1.12793,1.32869,0.64469,0.07497,0.32691,0.0,-0.06974,-0.03816,0.01572,0.14518,0.61172,0.66689,0.64368,0.57487,0.4862,0.41036,-0.89268,-1.17651,-1.09657,-1.18166,-1.2454,-1.21627,-0.48909,0.1044,0.39104,0.73352,0.70375,0.55133,0.53297,0.94689,0.7733,0.23993,0.37882,0.47342,0.29679,0.31576,0.15619,0.05583,-0.31351,-0.30325,0.01256,0.06052,0.39306,0.69076,0.39933,1.01276,0.56014,-0.08221,-0.10491,-0.42653,-0.21953,-0.09814,-0.13499,-0.0705,-0.1521,-0.32946,-0.28283,-0.1663,-0.24291,-0.23733,-0.27886,-0.4467,-0.30835,-0.34922,-0.40364,-0.43094,-0.32224,-0.25369,-0.13136,-0.08165,-0.05084,-0.22758,-0.08645,0.1015,-0.7734,-0.29587,-0.19912,-0.62207,-1.46466,-1.29982,-1.06509
TRP81,-0.72702,-1.25899,-1.2689,-0.03539,-0.16993,-0.11518,0.20249,0.21744,0.18913,0.21161,0.5061,0.09534,0.33984,0.69164,0.96563,1.36961,0.7704,-0.06936,-0.42996,-0.50555,-0.69207,-0.69059,-0.71404,-0.7278,-0.68482,-0.77862,-0.72143,-0.15027,-0.07098,-0.3196,-0.4735,-0.72547,-0.91424,-0.77088,-0.93044,-0.83605,-0.84509,-0.61873,-0.74872,-0.36551,0.04146,-0.29478,0.06184,0.54405,0.82136,0.34862,0.11148,0.74931,0.53966,-0.30841,-0.49311,-0.37252,-0.44296,-0.78613,-0.76997,-0.6588,-0.73959,-0.71249,-0.61269,-0.30968,-0.34727,-0.36785,-0.37973,-0.38721,-0.45845,0.14089,0.06717,0.13399,0.38604,0.4874,0.86342,1.04367,1.24864,1.03008,0.90194,1.25392,1.11962,0.26691,-0.22464,-0.06974,0.0,0.58533,1.03933,1.08252,0.86093,1.08303,1.4496,1.27634,0.98698,0.94191,-0.50952,-1.0053,-1.07484,-1.17736,-1.06028,-1.12995,-0.25478,0.38665,0.62416,0.79931,0.81108,0.61244,0.44914,0.98305,0.93886,0.26966,0.35418,0.55889,0.39187,0.41392,0.26855,0.27953,-0.29745,-0.82206,-0.83352,-0.66106,-0.32231,-0.13401,-0.05299,0.57676,0.31908,-0.06253,-0.28809,-0.33543,-0.08766,-0.1034,-0.13955,-0.05313,-0.24868,-0.39523,-0.32411,-0.29701,-0.4554,-0.40297,-0.40278,-0.61491,-0.57011,-0.40171,-0.59695,-0.803,-0.61711,-0.60483,-0.62996,-0.63952,-0.55423,-0.79945,-0.68843,-0.27587,-0.76732,-0.07249,-0.2397,-0.50177,-0.98416,-1.01163,-0.93479
ILE82,-1.24808,-2.07975,-2.03278,-0.23115,-0.1913,-0.15443,0.50237,0.62066,0.48038,0.41622,0.71514,0.15526,0.45464,0.94634,1.20456,2.00874,1.26145,0.07193,-0.37255,-0.54996,-0.79344,-0.65481,-0.79516,-0.85048,-0.90917,-1.03868,-1.07721,-0.39697,-0.27513,-0.52968,-0.67265,-0.91005,-1.17725,-1.16448,-1.24032,-1.01934,-1.06253,-0.83405,-0.77578,-0.38728,0.28249,-0.22258,0.2664,0.66938,1.19244,0.66666,0.26227,1.21144,0.90346,-0.25893,-0.50616,-0.26987,-0.35216,-0.91344,-0.83485,-0.62056,-0.78051,-0.82295,-0.69625,-0.32612,-0.2716,-0.3528,-0.34095,-0.34841,-0.28395,0.42006,0.37546,0.44407,0.71781,0.77833,1.10567,1.28748,1.43547,1.32476,1.08825,1.21028,1.45727,0.93064,-0.0698,-0.03816,0.58533,0.0,0.53462,1.04238,0.67261,1.26005,1.56069,1.22504,1.05659,1.02313,-0.69102,-1.36924,-1.40431,-1.63965,-1.32887,-1.33898,-0.41654,0.15149,0.66445,0.88516,0.94167,0.82531,0.62953,1.0783,1.25234,0.54607,0.45591,0.61585,0.56068,0.43291,0.17424,0.25776,-0.13437,-0.56223,-0.67701,-0.23517,0.07238,-0.05308,0.0395,0.97512,0.92035,0.47324,0.13211,-0.01414,0.00938,0.24819,0.08969,-0.01771,-0.24221,-0.32725,-0.37275,-0.48795,-0.53274,-0.43368,-0.58646,-0.71904,-0.60689,-0.36652,-0.70512,-0.9819,-0.69614,-0.72483,-0.79945,-0.9597,-0.78592,-0.93628,-0.72397,-0.21667,-0.63502,-0.06893,-0.20551,-0.54559,-1.03759,-0.69964,-0.56491
HIS83,-0.86322,-1.37176,-1.42421,0.04955,-0.18266,-0.32903,0.16915,0.30706,0.27085,0.17993,0.55041,0.15843,0.50182,0.99948,1.15837,1.66319,1.23043,0.12828,-0.1631,-0.36648,-0.69733,-0.70103,-0.85394,-0.96209,-1.00415,-0.8637,-1.00674,-0.29315,-0.15993,-0.43554,-0.53952,-0.74592,-0.8995,-0.95365,-1.13459,-0.87036,-0.71339,-0.48571,-0.50236,-0.11645,0.31786,-0.24626,0.05995,0.33691,0.74644,0.36238,-0.05649,0.77713,0.59934,-0.48926,-0.81758,-0.66371,-0.69787,-0.98337,-0.93647,-0.8183,-0.83818,-0.77794,-0.56141,-0.3119,-0.28157,-0.34693,-0.40173,-0.48085,-0.62705,-0.04039,-0.10438,0.04343,0.37327,0.52786,0.77381,0.92497,1.1576,1.02934,0.79321,0.92919,1.17715,0.86249,0.15319,0.01572,1.03933,0.53462,0.0,0.42154,0.11125,1.27067,1.5871,1.299,1.04926,0.86645,-0.75227,-1.15556,-1.2454,-1.60458,-1.5424,-1.51201,-0.6683,0.21288,0.59116,0.72514,0.84953,0.68023,0.40184,0.95199,1.36308,0.3964,0.2616,0.72285,0.52984,0.20107,0.1215,0.28753,-0.34291,-0.82903,-0.89056,-0.63458,-0.52285,-0.60333,-0.47046,0.47445,0.55675,0.09643,-0.01836,-0.23174,-0.20833,-0.10094,-0.27552,-0.33164,-0.43328,-0.48274,-0.57248,-0.69119,-0.62576,-0.46758,-0.55081,-0.61295,-0.47237,-0.23431,-0.48373,-0.71415,-0.50888,-0.56906,-0.61601,-0.78565,-0.6977,-0.81852,-0.59358,-0.15958,-0.39574,0.21149,0.12087,-0.36334,-0.71275,-0.69802,-0.4198
ASN84,-0.77801,-1.66983,-2.23454,-0.81044,-0.40578,-0.29474,0.34848,0.53799,0.49743,0.42062,0.63763,0.20599,0.44618,0.94523,1.27963,1.89202,1.454,0.07737,-0.2615,-0.36258,-0.63463,-0.63895,-0.74456,-0.80625,-0.89168,-1.17175,-1.03252,-0.211,0.02589,-0.20399,-0.4693,-0.91243,-0.91689,-0.85396,-0.96111,-0.84235,-0.71541,-0.45433,-0.56308,-0.33238,0.17658,-0.38925,-0.13279,0.15257,0.75025,0.48603,-0.15008,0.77348,1.05969,-0.21589,-0.72683,-0.45024,-0.38452,-0.86808,-0.93971,-0.79597,-0.84579,-0.81836,-0.70555,-0.37942,-0.24626,-0.41796,-0.32543,-0.45096,-0.51194,0.08302,-0.01626,-0.03166,0.29241,0.39657,0.73328,0.87454,1.16375,1.21892,1.00824,1.06256,1.34518,1.0997,0.39364,0.14518,1.08252,1.04238,0.42154,0.0,-0.25342,0.46664,1.4916,1.36043,0.84096,0.89667,-0.23356,-0.65608,-0.75633,-1.08839,-0.9499,-1.00916,-0.17919,0.72436,0.84831,0.87398,0.93854,0.74245,0.65174,1.16153,1.20665,0.50484,0.53255,0.73932,0.46589,0.26955,0.12714,0.10596,0.11331,-0.51921,-0.64053,-0.40377,-0.2828,-0.60049,-0.51428,0.28148,0.21203,0.19556,0.11915,0.26185,0.26121,0.25011,-0.09049,-0.36669,-0.50636,-0.40165,-0.46396,-0.64531,-0.63388,-0.44006,-0.49655,-0.53737,-0.47801,-0.20538,-0.40002,-0.66459,-0.52183,-0.51707,-0.59332,-0.71391,-0.78554,-0.99096,-0.77762,-0.22215,-0.68177,-0.03905,-0.55286,-1.32638,-1.49279,-1.36634,-1.38768
TRP85,-0.56431,-1.53483,-2.53287,-1.7481,-0.9526,-0.73024,-0.01806,0.40914,0.83133,1.03217,0.9408,0.64722,0.64666,0.84415,1.39414,2.25538,1.91649,0.26766,-0.19205,-0.24365,-0.44891,-0.36142,-0.65539,-0.773,-1.01884,-1.33684,-1.2411,-0.45964,-0.22632,-0.38643,-0.68377,-1.10172,-1.13287,-0.9413,-0.81948,-0.77491,-0.77353,-0.43559,-0.48974,-0.3876,0.30135,0.06475,0.4405,0.64045,1.27524,1.03032,0.44565,1.2124,1.70115,0.46724,-0.29169,0.01275,0.0532,-0.57145,-0.7873,-0.57601,-0.61348,-0.67789,-0.73,-0.50865,-0.40628,-0.43994,-0.29523,-0.42533,-0.61875,-0.06619,-0.09355,-0.01711,0.44267,0.52909,0.93123,1.02818,1.19357,1.24438,1.29667,1.24478,1.38987,1.09942,0.73268,0.61172,0.86093,0.67261,0.11125,-0.25342,0.0,0.16142,0.97878,1.33118,1.07789,1.4558,0.12938,-0.81177,-1.08689,-1.11802,-0.71503,-0.4858,0.88214,1.59268,1.36954,1.35361,1.51641,1.04618,1.08288,1.53233,1.43339,0.68922,0.81248,0.932,0.54703,0.37079,0.03145,-0.15041,0.0804,-0.28565,-0.45682,-0.37926,-0.28946,-0.59094,-0.78057,0.10101,0.4733,0.40687,0.45039,0.54516,0.33718,0.41084,0.14922,-0.14525,-0.36429,-0.05054,0.06023,-0.27648,-0.37241,-0.10361,-0.30749,-0.4526,-0.36307,-0.15512,-0.32301,-0.5392,-0.40788,-0.38716,-0.47909,-0.66494,-0.67429,-0.93627,-0.78429,-0.29565,-1.17479,-0.5472,-1.30301,-2.28393,-2.24937,-2.15392,-2.11925
LYS86,-0.92697,-1.41902,-1.80428,-0.9977,-0.94678,-1.13164,-0.3322,0.16446,0.492,0.76331,1.03745,0.71583,0.93733,1.28382,1.54657,2.22919,1.90037,0.57918,0.13983,-0.04469,-0.43417,-0.4393,-0.74624,-1.00447,-1.25964,-1.30441,-1.4429,-0.73404,-0.51656,-0.74485,-0.97968,-1.22534,-1.25565,-1.08074,-0.96024,-0.80426,-0.78213,-0.44034,-0.35441,-0.00527,0.6382,0.3743,0.68268,0.73169,1.23787,0.91333,0.41826,1.11851,1.24749,0.01183,-0.59537,-0.34039,-0.3483,-0.91412,-1.01423,-0.81454,-0.78942,-0.91024,-0.87288,-0.57002,-0.33813,-0.42642,-0.56357,-0.6738,-0.83698,-0.21398,-0.23755,-0.05051,0.35099,0.75809,0.95419,1.07468,1.16839,1.10642,1.10529,1.2389,1.43139,1.16848,0.64647,0.66689,1.08303,1.26005,1.27067,0.46664,0.16142,0.0,0.89593,0.81158,1.05306,0.86106,-0.84897,-1.57617,-1.68808,-1.94861,-1.62987,-1.59297,-0.19988,0.73355,0.9845,1.15921,1.47287,1.13504,0.9199,1.30147,1.84821,0.86064,0.70373,1.25546,1.03325,0.53249,0.26882,0.24639,-0.36091,-0.53346,-0.64233,-0.47909,-0.39689,-0.61288,-0.65045,0.23722,0.86961,0.60326,0.63834,0.31921,-0.11924,0.27576,0.16161,-0.07005,-0.20816,-0.13095,-0.08482,-0.4146,-0.48132,-0.24348,-0.44861,-0.49319,-0.31828,-0.08046,-0.26885,-0.41652,-0.19516,-0.24094,-0.37056,-0.63185,-0.66907,-0.86175,-0.66797,-0.25738,-0.83384,-0.34677,-0.61456,-1.25725,-1.38441,-1.18981,-0.8452
LYS87,-0.656,-1.31942,-1.79541,-0.7921,-1.12447,-1.2219,-0.65896,-0.2445,0.1813,0.43047,0.84327,0.61293,0.93874,1.34051,1.63788,2.18497,1.93539,0.53312,0.14731,-0.09832,-0.5248,-0.56988,-0.79055,-1.01386,-1.31526,-1.40844,-1.41555,-0.68093,-0.45961,-0.62022,-0.99276,-1.37022,-1.27373,-1.10345,-1.0136,-0.77655,-0.68971,-0.39086,-0.30619,0.06334,0.58199,0.12864,0.30008,0.23055,0.68845,0.53012,-0.16565,0.50355,0.80836,-0.3086,-0.93338,-0.70976,-0.64022,-1.10485,-1.21376,-1.03778,-1.01159,-0.9702,-0.94875,-0.55226,-0.32171,-0.55244,-0.75039,-0.96428,-1.10515,-0.47908,-0.48645,-0.39946,-0.00818,0.31071,0.55698,0.69655,0.94763,0.92458,0.84339,1.05295,1.42918,1.15688,0.58787,0.64368,1.4496,1.56069,1.5871,1.4916,0.97878,0.89593,0.0,0.98996,1.11124,0.45532,-1.02331,-1.39277,-1.33133,-1.61828,-1.43261,-1.58792,-0.70121,0.3938,0.79116,0.85605,1.15908,0.97547,0.83275,1.32552,1.752,0.78437,0.63405,1.16567,0.96591,0.47603,0.32853,0.29904,-0.15169,-0.70866,-0.93065,-0.72112,-0.74066,-0.9805,-0.86417,-0.15738,0.29442,0.40952,0.4083,0.59033,0.37082,0.33658,0.06228,-0.44731,-0.57807,-0.429,-0.51348,-0.77617,-0.74604,-0.48726,-0.68423,-0.57166,-0.43635,-0.14203,-0.25223,-0.40108,-0.18712,-0.13825,-0.26929,-0.52405,-0.73335,-0.9073,-0.69422,-0.25744,-0.6618,-0.1729,-0.50658,-1.10231,-1.16745,-1.07391,-1.09207
ARG88,-0.17384,-0.96135,-1.94458,-1.2605,-1.29405,-1.1465,-0.68896,-0.37402,0.25557,0.6436,0.73888,0.79638,0.9118,1.21798,1.54895,2.11305,1.97857,0.4484,0.093,-0.11639,-0.47936,-0.55868,-0.69234,-0.86682,-1.18022,-1.41543,-1.27289,-0.5216,-0.27334,-0.4233,-0.90314,-1.4158,-1.2971,-1.13865,-0.92371,-0.77965,-0.67556,-0.38296,-0.40475,-0.16318,0.31738,-0.0133,0.16243,0.04567,0.46164,0.43341,-0.28695,0.14587,0.83072,-0.06052,-0.76028,-0.54528,-0.44592,-0.88311,-1.09162,-0.93616,-0.94488,-0.85196,-0.87,-0.57843,-0.47683,-0.63747,-0.75628,-0.97404,-1.19266,-0.71534,-0.66701,-0.61198,-0.19209,-0.08503,0.21454,0.31177,0.58108,0.65192,0.56193,0.69029,1.04907,0.88387,0.46367,0.57487,1.27634,1.22504,1.299,1.36043,1.33118,0.81158,0.98996,0.0,0.61896,0.83131,-0.76815,-1.22437,-1.14101,-1.19669,-0.7998,-0.82995,0.12235,1.04755,1.04265,0.92123,1.18329,0.85513,0.83983,1.38979,1.54441,0.60368,0.56614,0.94841,0.6338,0.33131,0.20739,0.06606,0.08461,-0.63856,-0.8963,-0.84451,-0.86775,-1.17029,-1.09889,-0.4697,-0.09336,0.24543,0.39104,0.73422,0.61823,0.34033,0.08598,-0.45935,-0.68486,-0.31446,-0.26497,-0.7146,-0.61953,-0.20136,-0.45215,-0.45703,-0.39169,-0.08243,-0.17961,-0.34928,-0.17988,-0.05507,-0.13881,-0.47797,-0.73483,-1.01821,-0.81122,-0.43555,-0.95191,-0.59557,-1.11152,-1.73238,-1.48263,-1.70678,-1.76051
GLY89,-0.09952,-0.76734,-1.63573,-1.31788,-1.51515,-1.25338,-0.91817,-0.41921,0.20161,0.74132,0.92489,1.08341,1.25238,1.5214,1.58768,2.07992,2.07765,0.65885,0.36106,0.1656,-0.2638,-0.38955,-0.63338,-0.9014,-1.17426,-1.40915,-1.43601,-0.77362,-0.52823,-0.62221,-1.11291,-1.4967,-1.51399,-1.27353,-0.93504,-0.75493,-0.71208,-0.38006,-0.37319,-0.1626,0.31138,0.1854,0.4798,0.3641,0.67516,0.65087,-0.00035,0.19452,0.83019,0.14042,-0.58922,-0.43071,-0.30145,-0.84739,-1.09338,-0.94604,-0.96628,-0.96209,-0.982,-0.65944,-0.58617,-0.78479,-0.96144,-1.12315,-1.29167,-0.80686,-0.76831,-0.59179,-0.16157,-0.02963,0.22141,0.29335,0.55192,0.58865,0.51795,0.61527,0.73428,0.64436,0.37679,0.4862,0.98698,1.05659,1.04926,0.84096,1.07789,1.05306,1.11124,0.61896,0.0,0.66627,-1.60405,-2.16169,-1.79264,-1.65972,-0.97754,-0.8209,0.45613,1.39443,1.21709,1.07171,1.41944,0.95353,1.05836,1.45391,1.84593,0.99785,0.89189,1.13858,0.87049,0.66349,0.42478,0.20026,-0.04421,-0.77535,-0.97765,-0.9543,-0.91983,-1.12984,-1.0404,-0.44804,-0.03783,0.22695,0.37997,0.54738,0.33882,0.15933,0.05493,-0.22484,-0.52717,-0.14194,-0.03089,-0.50671,-0.57306,-0.06188,-0.26142,-0.38814,-0.29267,0.04486,-0.15323,-0.30697,-0.12827,-0.02953,-0.14341,-0.4173,-0.72848,-1.02534,-0.83902,-0.40491,-0.867,-0.66897,-1.23485,-1.73257,-1.24434,-1.46482,-1.57168
TRP90,-0.09223,-0.8582,-1.84967,-1.56494,-1.40835,-1.03886,-0.75012,-0.31044,0.17566,0.74353,0.81013,1.08654,0.96675,1.25417,1.5405,1.81293,1.78622,0.50531,0.32934,0.16033,-0.06229,-0.2029,-0.30821,-0.66314,-0.84289,-1.07726,-1.01904,-0.61756,-0.41286,-0.46174,-0.77416,-1.13585,-1.13753,-1.00164,-0.71531,-0.4982,-0.4986,-0.32331,-0.38569,-0.21983,0.00194,-0.08471,0.16901,0.11487,0.27457,0.36124,-0.03579,-0.0365,0.69952,0.18336,-0.54444,-0.40994,-0.28466,-0.59189,-0.72502,-0.89397,-0.88329,-0.72523,-0.85201,-0.73326,-0.60204,-0.87934,-0.87086,-1.01572,-1.24036,-0.87634,-0.85057,-0.71524,-0.32221,-0.28601,-0.05577,-0.01648,0.13986,0.23896,0.20913,0.28692,0.48334,0.4806,0.29328,0.41036,0.94191,1.02313,0.86645,0.89667,1.4558,0.86106,0.45532,0.83131,0.66627,0.0,-2.00991,-2.43518,-1.70622,-1.19561,-0.38391,-0.07533,0.99685,2.05255,1.12863,0.91228,1.38801,0.81988,0.79216,1.09379,1.40812,0.76299,0.63761,0.81087,0.53189,0.36193,0.20161,-0.03309,-0.00964,-0.67928,-0.91888,-0.89006,-0.9351,-1.22409,-1.06685,-0.60596,-0.18567,-0.18592,0.023,0.38126,0.31489,0.12692,-0.08958,-0.27739,-0.5338,0.08586,0.15882,-0.32424,-0.31545,0.18624,0.05152,-0.05232,-0.11421,0.22763,0.05289,-0.17623,-0.09518,0.002,-0.05661,-0.35492,-0.55643,-0.93226,-0.84992,-0.63628,-1.19833,-0.92631,-1.57585,-2.2396,-1.70806,-1.91466,-2.06983
LYS91,1.20252,0.61831,-0.80557,-0.77038,-0.97935,-0.38102,-0.5624,-0.32555,-0.34446,-0.06782,-0.3648,0.37652,-0.31522,0.22046,-0.53339,-0.40115,-0.59676,-0.5146,-0.09116,-0.20537,0.12517,-0.026,0.29416,-0.1791,0.10869,-0.24237,-0.08893,-0.29806,-0.25626,-0.18447,-0.07453,-0.09643,0.01097,0.09753,0.07936,0.27611,0.07769,-0.09737,-0.58448,-0.40844,-0.88585,-1.21486,-1.44861,-1.48476,-1.88207,-1.84537,-1.61152,-1.965,-1.62301,-1.19616,-1.24574,-1.31726,-1.22739,-0.52425,-0.57067,-1.24166,-1.06411,-0.43298,-0.85722,-0.86175,-0.66982,-1.13257,-1.00818,-1.313,-1.36786,-1.31726,-1.22145,-1.07452,-1.03998,-1.16271,-1.27973,-1.59304,-1.64486,-1.43533,-1.56278,-1.61727,-1.32531,-1.23791,-1.24919,-0.89268,-0.50952,-0.69102,-0.75227,-0.23356,0.12938,-0.84897,-1.02331,-0.76815,-1.60405,-2.00991,0.0,0.45532,0.94173,1.31701,1.867,2.18934,1.91611,1.72335,-0.26591,-0.9219,-0.40472,-1.01027,-0.96066,-1.00385,-1.01166,-0.6816,-0.6742,-0.97116,-0.93385,-0.57933,-0.54715,-0.82816,-0.16545,-0.91634,-1.19252,-1.2722,-1.35972,-1.64778,-1.28415,-1.27546,-1.00526,-1.04734,-0.9744,-0.23216,0.12302,-0.12485,-0.24782,-0.06409,-0.26703,0.2009,0.49187,0.4498,0.23642,0.48005,0.80125,0.74995,0.23374,0.54621,0.76294,0.29571,0.08922,0.31507,0.33127,-0.03058,-0.12257,-0.65095,-1.12485,-1.48865,-1.56314,-1.42465,-1.88439,-1.97991,-1.33944,-1.89554,-2.05072
THR92,1.45859,0.73696,-0.26762,-0.60449,-0.94392,-0.4773,-0.66193,-0.64793,-0.67046,-0.46779,-0.50577,0.22891,-0.13408,0.26883,-0.51588,-1.39589,-0.9783,0.0664,0.61937,0.28948,0.79526,0.42697,0.77308,0.22696,0.56605,0.21032,0.31014,-0.10911,-0.06912,0.08538,0.2803,0.32325,0.5166,0.52587,0.55264,0.87551,0.8131,0.4298,-0.01708,0.01544,-0.63083,-0.86028,-1.2861,-1.58878,-2.21117,-1.75343,-1.30282,-2.274,-1.87296,-0.97399,-0.97266,-1.43484,-1.15153,-0.05449,-0.25372,-1.06306,-0.61092,0.0819,-0.5307,-0.76382,-0.36143,-0.90659,-0.76324,-1.18225,-1.26687,-1.45053,-1.37244,-1.27193,-1.28992,-1.53522,-1.74267,-2.09341,-2.05063,-1.74767,-2.00776,-2.09257,-1.68744,-1.58062,-1.40071,-1.17651,-1.0053,-1.36924,-1.15556,-0.65608,-0.81177,-1.57617,-1.39277,-1.22437,-2.16169,-2.43518,0.45532,0.0,2.32882,2.45344,1.67228,1.39096,0.31162,0.68273,-0.89164,-1.36492,-0.96514,-1.21908,-1.2796,-1.63025,-1.49847,-0.85654,-1.06914,-1.45279,-1.25788,-0.84578,-0.6712,-0.8468,-0.09734,-0.71886,-1.01071,-1.19231,-1.41358,-1.6107,-1.353,-1.47452,-1.46213,-1.63515,-1.5146,-0.72214,-0.28403,-0.48711,-0.64036,-0.48008,-0.57206,-0.45345,-0.06539,0.38787,0.20236,0.19746,0.83942,1.08846,0.42131,0.54873,1.07634,0.83736,0.36739,0.54907,0.64656,0.48523,0.48777,0.25726,-0.22786,-1.01446,-1.33954,-1.09145,-1.36807,-1.47076,-1.10879,-1.77434,-1.88756
ALA93,1.24205,0.62041,-0.11665,-0.386,-0.81563,-0.35834,-0.52621,-0.57921,-0.63212,-0.46968,-0.49569,0.11399,-0.18374,0.2409,-0.49579,-1.56364,-1.18889,0.1312,0.71662,0.33156,0.869,0.51761,0.99712,0.42805,0.78238,0.42771,0.59787,0.0318,0.07383,0.30447,0.52888,0.53992,0.63687,0.60718,0.54724,0.83076,0.82866,0.47792,0.01147,0.02002,-0.73143,-0.89578,-1.24328,-1.45889,-2.24153,-1.87461,-1.23604,-1.99737,-1.99739,-1.04244,-0.86101,-1.49455,-1.36049,-0.09318,-0.26434,-1.0991,-0.6132,0.1533,-0.51332,-0.74062,-0.29846,-0.83486,-0.72635,-1.11799,-1.15666,-1.39226,-1.2406,-1.17708,-1.21657,-1.44388,-1.75301,-2.14536,-2.12022,-1.79308,-1.97671,-2.09971,-1.75379,-1.68617,-1.43905,-1.09657,-1.07484,-1.40431,-1.2454,-0.75633,-1.08689,-1.68808,-1.33133,-1.14101,-1.79264,-1.70622,0.94173,2.32882,0.0,1.96793,1.73432,0.77215,-0.74112,-0.41257,-1.48813,-1.75354,-1.37852,-1.47504,-1.57483,-1.85913,-1.84959,-1.06131,-1.17933,-1.52739,-1.33402,-0.98857,-0.7113,-0.79393,-0.12651,-0.66915,-0.95257,-1.07222,-1.31326,-1.50859,-1.18955,-1.39287,-1.44049,-1.554,-1.43609,-0.61097,-0.16177,-0.26356,-0.36493,-0.25354,-0.36629,-0.43512,0.01311,0.52039,0.27242,0.17939,0.91251,1.1977,0.48147,0.60041,1.19728,0.97916,0.46818,0.68118,0.74817,0.50028,0.51769,0.33222,-0.12622,-0.93401,-1.25675,-0.98434,-1.18846,-1.17519,-0.92784,-1.47961,-1.68256
ASP94,0.99237,0.77301,-0.0434,-0.04089,-0.26199,0.25413,-0.07743,-0.0535,-0.36282,-0.29997,-0.64663,-0.09849,-0.70863,-0.17264,-0.9816,-1.50927,-1.81967,-0.61478,-0.05601,-0.18445,0.40124,0.22507,0.94728,0.60913,1.11195,0.77006,0.98682,0.2437,0.20867,0.41822,0.74953,0.86927,0.80936,0.63232,0.38747,0.48933,0.30106,-0.03932,-0.62172,-0.46879,-1.22533,-1.40494,-1.52653,-1.53709,-2.19594,-2.31112,-1.60197,-1.90634,-2.1366,-1.58914,-1.05018,-1.45494,-1.61691,-0.4218,-0.237,-0.9817,-0.73421,0.08955,-0.48733,-0.71098,-0.44662,-0.9085,-0.65048,-0.97828,-0.89265,-1.07586,-0.97003,-0.83359,-0.97453,-1.18062,-1.53961,-2.03216,-2.19112,-1.839,-1.90785,-2.07647,-1.93731,-1.90983,-1.61595,-1.18166,-1.17736,-1.63965,-1.60458,-1.08839,-1.11802,-1.94861,-1.61828,-1.19669,-1.65972,-1.19561,1.31701,2.45344,1.96793,0.0,2.00886,1.86952,-0.26276,-0.6864,-1.91188,-2.1626,-1.67514,-1.78758,-1.84076,-2.1664,-2.28424,-1.51123,-1.37122,-1.7113,-1.61085,-1.1659,-0.9336,-1.01149,-0.11637,-0.57726,-0.79593,-0.87774,-1.08298,-1.25732,-0.88017,-1.11329,-1.07984,-1.30157,-1.2811,-0.50872,0.11127,-0.08744,-0.13871,0.11121,0.06117,0.00493,0.37608,0.84762,0.62144,0.40267,1.03694,1.17279,0.3544,0.47321,1.067,0.71837,0.22859,0.58665,0.60886,0.20282,0.15313,-0.17764,-0.66698,-1.32191,-1.28855,-1.26961,-1.41919,-1.15099,-0.85775,-1.36528,-1.51965
LYS95,0.94591,0.82939,-0.24816,-0.02372,-0.2784,0.32282,-0.05252,0.04596,-0.29311,-0.26598,-0.70755,-0.20435,-0.9418,-0.38163,-1.38242,-1.33751,-2.01904,-1.03223,-0.44898,-0.40176,0.21216,0.10903,0.84533,0.54741,1.14082,0.7315,0.94666,0.22462,0.21082,0.42827,0.72074,0.85249,0.74274,0.51196,0.13497,0.17624,-0.14293,-0.41052,-1.13969,-0.88129,-1.54724,-1.70297,-1.74569,-1.52421,-1.96501,-2.19416,-1.76917,-1.87291,-2.02437,-1.60907,-1.23037,-1.424,-1.69559,-0.71933,-0.4871,-1.13769,-0.99408,-0.21661,-0.7787,-0.85819,-0.76699,-1.19087,-0.84096,-1.08775,-0.98072,-0.95994,-0.89058,-0.72462,-0.83761,-1.00983,-1.36565,-1.81133,-2.14566,-1.84375,-1.84678,-2.01726,-1.94569,-1.88845,-1.70275,-1.2454,-1.06028,-1.32887,-1.5424,-0.9499,-0.71503,-1.62987,-1.43261,-0.7998,-0.97754,-0.38391,1.867,1.67228,1.73432,2.00886,0.0,1.75126,0.10123,-1.08472,-2.21671,-2.40338,-1.80943,-1.97168,-1.93654,-2.11015,-2.34369,-1.61781,-1.42824,-1.64034,-1.52147,-1.08108,-0.8995,-1.03235,-0.19233,-0.65608,-0.84969,-0.87151,-1.04957,-1.20027,-0.74244,-0.99974,-0.78809,-0.98228,-1.03513,-0.28818,0.25933,0.0889,0.06136,0.3437,0.30029,0.38371,0.71989,1.00112,0.68358,0.57248,1.06303,1.06786,0.25065,0.50614,1.0358,0.52963,0.13756,0.58178,0.55264,-0.0248,-0.09575,-0.53803,-1.05409,-1.57172,-1.21915,-1.42201,-1.74422,-1.2571,-0.83081,-1.30477,-1.39557
LYS96,1.06516,1.02912,-0.2922,-0.05797,-0.04322,0.43635,0.05883,0.17334,-0.28158,-0.21542,-0.75317,-0.30954,-1.1545,-0.52453,-1.48422,-1.03858,-2.14805,-1.40639,-0.86428,-0.65177,-0.03187,0.02106,0.64406,0.44688,1.0697,0.82393,0.9222,0.29222,0.23699,0.32935,0.63635,0.75556,0.65274,0.37001,-0.0611,-0.10449,-0.4682,-0.79564,-1.48773,-1.2449,-1.83931,-1.83936,-1.78537,-1.56931,-1.74869,-1.87669,-1.56811,-1.74568,-1.93858,-1.48767,-1.12665,-1.25884,-1.4711,-0.71274,-0.37691,-0.95402,-0.93484,-0.23987,-0.70143,-0.76582,-0.91296,-1.27381,-0.7959,-0.91991,-0.80886,-0.74749,-0.68149,-0.55568,-0.70369,-0.8099,-1.12116,-1.46627,-1.79336,-1.62732,-1.60338,-1.8036,-1.82533,-1.7025,-1.52231,-1.21627,-1.12995,-1.33898,-1.51201,-1.00916,-0.4858,-1.59297,-1.58792,-0.82995,-0.8209,-0.07533,2.18934,1.39096,0.77215,1.86952,1.75126,0.0,0.39749,-1.34023,-2.63865,-2.38985,-1.70354,-1.83109,-1.73682,-1.88183,-2.10485,-1.53902,-1.27548,-1.63242,-1.4614,-0.90537,-0.83453,-1.04916,-0.10683,-0.49577,-0.6285,-0.66874,-0.77605,-0.96032,-0.49827,-0.73735,-0.49804,-0.66929,-0.8975,-0.39073,0.12451,-0.12269,-0.1567,0.17264,0.16941,0.37573,0.59161,0.8001,0.60412,0.47687,0.80241,0.7143,-0.02396,0.1864,0.61528,0.1545,-0.14022,0.30076,0.24644,-0.40085,-0.4403,-0.86355,-1.20975,-1.58686,-1.08114,-1.26303,-1.64434,-1.21669,-0.65797,-1.20999,-1.30834
PRO97,0.7685,0.7184,-1.01252,-0.75907,-0.36896,0.10674,-0.17021,0.0699,-0.13831,0.00559,-0.38571,-0.06516,-0.73754,-0.26668,-0.91441,0.53616,-0.42446,-0.95737,-0.77904,-0.45841,-0.20533,-0.06023,0.14059,0.0736,0.32079,0.18008,0.21124,0.17079,0.1022,-0.06513,-0.02539,-0.10186,-0.21699,-0.40989,-0.67848,-0.74779,-1.022,-1.16951,-1.65972,-1.37011,-1.53753,-1.4934,-1.12221,-0.951,-0.96472,-1.00783,-0.91794,-0.8541,-0.87081,-0.79046,-0.73963,-0.51667,-0.73566,-0.66366,-0.39794,-0.70996,-1.04556,-0.66837,-0.83321,-0.77218,-1.1694,-1.37607,-0.90915,-0.82264,-0.88952,-0.51338,-0.45924,-0.31627,-0.36426,-0.41627,-0.47209,-0.64081,-0.81216,-0.73122,-0.69691,-0.81221,-0.96005,-0.80244,-0.66038,-0.48909,-0.25478,-0.41654,-0.6683,-0.17919,0.88214,-0.19988,-0.70121,0.12235,0.45613,0.99685,1.91611,0.31162,-0.74112,-0.26276,0.10123,0.39749,0.0,-1.50735,-2.83928,-2.08075,-1.19114,-1.27844,-1.01504,-0.96378,-1.03121,-0.73231,-0.46723,-0.73355,-0.75784,-0.17402,-0.27589,-0.58356,-0.02522,-0.45833,-0.49221,-0.5582,-0.47306,-0.63229,-0.29432,-0.30277,0.03086,0.03791,-0.30622,-0.21546,-0.0618,-0.33108,-0.41216,-0.05586,-0.10701,0.26002,0.34303,0.3008,0.18973,0.26046,0.20231,-0.04246,-0.4459,-0.21528,-0.16081,-0.54662,-0.51447,-0.1623,-0.3543,-0.93303,-1.0815,-1.3748,-1.35601,-1.17296,-0.78846,-1.10808,-1.55547,-1.4741,-0.7739,-1.17684,-1.31214
VAL98,0.79962,-0.05354,-1.75774,-2.39829,-1.91931,-1.51772,-1.3709,-0.92251,-0.53534,-0.04701,0.12343,0.59469,0.36048,0.21442,0.21393,0.61617,1.51905,1.15865,1.46653,1.36924,1.47792,1.18427,0.83909,0.42531,0.06318,-0.41187,-0.53826,-0.03458,0.05406,-0.11204,-0.33687,-0.72924,-0.5473,-0.42545,-0.15079,-0.1621,-0.17503,-0.25485,-0.31469,-0.22864,-0.12326,0.0317,0.13578,-0.04553,-0.09409,0.25634,0.09269,-0.28948,0.40485,0.79148,0.1449,0.17884,0.49019,0.28674,0.10192,-0.34829,-0.27808,-0.13821,-0.40065,-0.69781,-0.87979,-1.16452,-0.97354,-1.09645,-1.4773,-1.2968,-1.15498,-1.0599,-0.74009,-0.84881,-0.56116,-0.5586,-0.35472,-0.32594,-0.46879,-0.37433,-0.17561,-0.15648,0.00165,0.1044,0.38665,0.15149,0.21288,0.72436,1.59268,0.73355,0.3938,1.04755,1.39443,2.05255,1.72335,0.68273,-0.41257,-0.6864,-1.08472,-1.34023,-1.50735,0.0,-1.49939,-1.21853,-0.48272,-0.47855,-0.10811,-0.09483,0.10744,0.27019,0.22634,-0.03816,-0.00122,0.37077,0.18873,-0.19378,0.20336,-0.39742,-0.52946,-0.83814,-0.81164,-1.08835,-1.03003,-0.76851,-0.63851,-0.50526,-0.54955,-0.54771,-0.58486,-0.865,-0.99529,-0.82324,-0.82696,-0.41317,-0.3272,-0.22729,-0.21181,0.08665,0.01109,-0.12289,-0.08033,-0.0323,-0.02089,-0.01136,0.15795,0.20316,0.15498,0.07155,-0.22346,-0.3236,-0.22263,-0.08453,-0.63351,-0.43891,-1.09277,-1.88369,-1.4285,-1.99341,-2.12539
LYS99,0.61521,-0.02002,-0.97567,-1.83551,-1.76926,-1.75909,-1.89624,-1.46271,-0.60573,-0.12794,0.2109,0.30566,0.34622,-0.23217,0.10477,1.13031,2.12645,1.21327,1.25812,1.29778,1.12702,0.80635,0.27072,0.09476,-0.65033,-0.97869,-1.04965,-0.14845,0.01653,-0.1936,-0.76798,-1.48858,-1.30526,-1.04813,-0.4613,-0.61549,-0.52352,-0.49008,-0.1767,-0.2753,0.31678,0.80627,1.10181,0.64827,1.00921,1.46227,0.73421,0.21522,0.97398,1.3434,0.6846,0.7339,1.17878,0.80793,0.15093,0.23743,0.391,0.17151,0.0351,-0.22126,-0.55644,-0.54727,-0.63064,-0.8876,-1.38213,-1.23239,-1.1172,-1.21385,-0.77477,-0.7638,-0.09854,0.16106,0.56186,0.27339,0.06293,0.30092,0.58464,0.40046,0.36164,0.39104,0.62416,0.66445,0.59116,0.84831,1.36954,0.9845,0.79116,1.04265,1.21709,1.12863,-0.26591,-0.89164,-1.48813,-1.91188,-2.21671,-2.63865,-2.83928,-1.49939,0.0,-0.23802,-0.02456,-0.02592,0.40814,0.78506,0.91483,0.83104,0.81408,0.75753,0.76457,0.81056,0.55969,0.34773,0.50288,-0.30579,-0.43856,-0.75714,-0.71547,-0.87573,-1.03437,-0.69627,-0.79738,-0.26939,-0.13816,-0.48067,-0.73225,-0.91803,-1.00285,-1.09786,-1.13894,-1.05707,-0.99623,-0.94689,-0.95783,-0.69324,-0.90746,-1.18531,-0.87459,-1.07032,-1.34938,-1.07183,-0.69144,-0.8333,-0.9041,-0.33602,-0.39036,-0.02889,0.35907,0.74618,-0.04315,0.24855,-0.34356,-1.17715,-0.63094,-0.96737,-1.22913
ASN100,0.28141,-0.36401,-1.30886,-2.29695,-2.29804,-2.14967,-2.11191,-1.56571,-0.13269,0.41282,0.98485,1.0083,1.34069,0.60873,0.96163,2.08312,3.47181,2.4082,2.23297,2.58644,1.97581,1.46331,0.41981,0.13226,-1.13451,-1.51693,-1.71142,-0.94275,-0.70231,-0.8391,-1.54849,-2.22131,-1.95609,-1.62663,-0.65438,-0.6703,-0.29333,-0.12562,0.41619,0.26763,1.15968,1.77884,2.23191,1.80537,2.34166,2.75426,1.67704,1.00201,1.67123,1.81033,1.08008,1.35164,2.05388,1.27285,0.49361,0.77258,0.84526,0.17109,-0.13607,-0.44033,-0.55566,-0.62523,-0.50503,-0.73029,-1.10709,-1.01374,-0.82425,-0.79009,-0.22335,-0.28627,0.58233,0.84135,1.29854,0.97775,0.75685,0.95482,1.15355,1.01736,0.90336,0.73352,0.79931,0.88516,0.72514,0.87398,1.35361,1.15921,0.85605,0.92123,1.07171,0.91228,-0.9219,-1.36492,-1.75354,-2.1626,-2.40338,-2.38985,-2.08075,-1.21853,-0.23802,0.0,0.87315,1.23499,1.3481,1.4968,1.60921,1.48948,1.44781,1.34953,1.43245,1.47117,1.01242,0.59294,0.65408,-0.11465,-0.19879,-0.51803,-0.33393,-0.5513,-0.82489,-0.20969,-0.37986,-0.092,-0.13596,-0.61064,-0.83543,-0.92224,-1.03157,-1.25019,-1.32498,-1.11916,-1.06101,-1.11655,-0.94638,-0.57317,-0.9135,-1.39848,-0.70481,-0.80893,-1.40531,-0.97263,-0.28111,-0.79931,-0.89628,-0.17341,-0.06361,0.46044,1.17753,1.89432,0.01304,0.65004,-0.10081,-1.45569,-1.05832,-1.55386,-1.8612
VAL101,0.11075,-0.54372,-1.32219,-1.73675,-2.11908,-2.0294,-1.87983,-1.35448,-0.20446,0.29525,0.62264,0.67484,0.95221,0.5022,0.82082,1.9859,2.71938,1.85138,1.54487,1.68003,1.37918,1.14672,0.33787,0.0703,-0.93935,-1.31825,-1.48613,-0.77131,-0.49939,-0.65212,-1.46928,-1.96985,-1.96155,-1.64403,-0.89392,-0.80094,-0.47021,-0.22354,0.13874,0.01337,0.67861,1.07055,1.49081,1.17969,1.82579,2.25722,1.24542,0.85051,1.40973,1.16789,0.55934,0.81064,1.44097,0.77103,0.1991,0.38913,0.37732,-0.20145,-0.50515,-0.70026,-0.64309,-0.89349,-0.72213,-1.11524,-1.24706,-0.94126,-0.81326,-0.66582,-0.18416,-0.23305,0.59906,0.75741,1.24305,1.01227,0.6618,0.85799,1.0996,0.94336,0.82698,0.70375,0.81108,0.94167,0.84953,0.93854,1.51641,1.47287,1.15908,1.18329,1.41944,1.38801,-0.40472,-0.96514,-1.37852,-1.67514,-1.80943,-1.70354,-1.19114,-0.48272,-0.02456,0.87315,0.0,0.3531,0.97012,1.16967,1.12745,1.02116,1.03257,0.94751,1.05582,1.02027,0.66078,0.33882,0.51521,-0.27072,-0.34957,-0.49952,-0.26083,-0.65993,-0.82544,-0.20686,-0.07204,-0.00623,-0.0061,-0.34207,-0.50905,-0.54113,-0.61523,-0.81639,-1.01529,-0.68971,-0.66654,-0.88189,-0.76892,-0.39353,-0.81884,-1.3284,-0.69721,-0.65855,-1.29053,-0.98408,-0.44668,-0.94026,-0.98596,-0.39172,-0.13789,0.18861,0.83963,1.57738,-0.22609,0.84243,0.05105,-1.20819,-0.95236,-1.47629,-1.6899
ASP102,-0.37917,-0.87639,-1.39936,-1.79266,-1.66762,-1.75576,-1.50767,-0.76675,0.23061,0.6652,1.06814,0.96543,1.46882,0.91865,1.5402,2.16595,3.09986,2.29913,2.04298,2.04317,1.76442,1.71217,0.91128,0.67186,-0.50505,-1.10259,-1.20099,-0.81493,-0.50711,-0.35331,-1.19204,-1.68056,-1.64343,-1.40943,-0.66329,-0.53785,-0.05036,0.23981,0.85112,0.63651,1.31441,1.6034,1.79995,1.52913,2.09426,2.83107,1.89696,1.44129,2.02468,1.56958,0.80919,1.04177,1.6212,0.78277,0.45147,0.71142,0.55927,-0.16095,-0.42455,-0.71339,-0.9304,-1.1281,-0.94133,-0.72193,-0.69579,-0.31027,-0.28227,-0.3187,0.09434,-0.07487,0.73453,0.91191,1.25805,1.0846,0.77051,0.80758,1.10647,0.97622,0.75261,0.55133,0.61244,0.82531,0.68023,0.74245,1.04618,1.13504,0.97547,0.85513,0.95353,0.81988,-1.01027,-1.21908,-1.47504,-1.78758,-1.97168,-1.83109,-1.27844,-0.47855,-0.02592,1.23499,0.3531,0.0,0.54697,0.74812,0.70007,0.73499,0.74162,0.55132,0.75475,0.72985,0.30119,-0.10005,0.14888,-0.33069,-0.21231,-0.06768,0.21539,-0.103,-0.3603,0.20628,0.19254,0.2153,0.0903,-0.18299,-0.23923,-0.22511,-0.39785,-0.56366,-0.74231,-0.5725,-0.4362,-0.52611,-0.46944,-0.17269,-0.56322,-0.98846,-0.27862,-0.39763,-1.10756,-0.49923,0.00551,-0.46422,-0.5479,0.13346,0.29366,0.9763,1.73597,2.57022,0.41722,0.95137,0.08397,-1.14604,-1.21968,-1.51446,-1.65466
LEU103,-0.34435,-0.8867,-1.40952,-1.7868,-1.40133,-1.49066,-1.39756,-0.87572,0.21924,0.59816,1.28298,1.1158,1.44308,0.74544,1.41365,2.25747,3.35822,2.25661,1.9212,2.07321,1.73507,1.5338,0.84159,0.74671,-0.66843,-1.43136,-1.42552,-1.00073,-0.6254,-0.47611,-1.38309,-1.9816,-1.86267,-1.35509,-0.4866,-0.42149,0.0048,0.25093,0.729,0.56775,1.49896,1.82524,2.00357,1.70742,2.36476,3.18946,2.34583,1.88776,2.66569,2.28209,1.19851,1.28028,2.01247,1.14181,0.67792,1.11397,1.06541,0.16771,-0.17071,-0.3861,-0.59124,-0.81479,-0.40652,-0.32153,-0.41256,-0.28682,-0.27455,-0.34471,0.15648,-0.04234,0.90509,1.04104,1.45911,1.36281,1.03079,0.96451,1.09751,1.21067,0.97575,0.53297,0.44914,0.62953,0.40184,0.65174,1.08288,0.9199,0.83275,0.83983,1.05836,0.79216,-0.96066,-1.2796,-1.57483,-1.84076,-1.93654,-1.73682,-1.01504,-0.10811,0.40814,1.3481,0.97012,0.54697,0.0,0.95118,1.24131,1.25406,1.29312,1.11833,1.31101,1.3556,0.96728,0.38399,0.49068,-0.09162,-0.0218,-0.14407,0.26614,-0.03061,-0.42219,0.17041,0.01858,0.15107,0.11259,-0.19809,-0.39842,-0.41355,-0.62775,-0.84884,-0.95905,-0.70618,-0.63045,-0.68731,-0.60136,-0.2417,-0.64743,-1.08773,-0.38855,-0.54809,-1.31624,-0.7256,-0.06701,-0.49613,-0.85521,-0.0994,-0.02052,0.45933,1.33302,2.35658,-0.00505,1.06475,-0.12475,-1.71427,-1.37067,-1.57612,-1.79532
TRP104,-0.38997,-0.82511,-1.25945,-1.28539,-1.1068,-1.26696,-1.26515,-1.08704,-0.25468,0.03229,0.66317,0.46392,0.82487,0.26519,0.93816,2.2488,2.81847,1.53217,1.16022,1.34019,0.96527,0.81477,0.22471,0.1727,-0.97082,-1.51406,-1.38519,-0.56458,-0.24356,-0.36962,-1.19584,-1.93984,-1.9228,-1.56414,-0.66296,-0.71304,-0.34164,-0.1036,0.3762,0.27391,1.15572,1.42062,1.5866,1.16696,1.87594,2.43053,1.58196,1.43822,2.38113,1.87352,0.91325,1.02012,1.43628,0.7838,0.26795,0.78567,0.776,0.09797,-0.14953,-0.23186,-0.36208,-0.41465,-0.21944,-0.44461,-0.54635,-0.29385,-0.37623,-0.42858,0.16821,0.11192,1.12805,1.36319,1.75302,1.60877,1.34669,1.39802,1.37093,1.38936,1.29709,0.94689,0.98305,1.0783,0.95199,1.16153,1.53233,1.30147,1.32552,1.38979,1.45391,1.09379,-1.00385,-1.63025,-1.85913,-2.1664,-2.11015,-1.88183,-0.96378,-0.09483,0.78506,1.4968,1.16967,0.74812,0.95118,0.0,0.77619,0.85242,1.23498,1.27068,1.28212,1.2443,0.99031,0.62486,0.54954,-0.14902,-0.16779,-0.32344,0.09257,-0.0791,-0.43667,0.16764,0.112,0.19922,0.22024,-0.10416,-0.3108,-0.40385,-0.58702,-0.88665,-1.04937,-0.77942,-0.79798,-0.95469,-0.83602,-0.4822,-0.85678,-1.25663,-0.75161,-0.83623,-1.54731,-1.06914,-0.52796,-0.95458,-1.15513,-0.55107,-0.43935,-0.01957,0.82064,1.92712,-0.18452,1.06066,0.02067,-1.65957,-1.15469,-1.35818,-1.41363
GLN105,-0.27202,-0.65051,-1.00997,-1.20202,-1.10866,-1.2618,-1.24428,-1.03781,-0.23602,0.12728,0.59646,0.38528,0.88609,0.26398,0.74182,1.79445,2.64228,1.51057,1.31754,1.42021,1.07124,0.91544,0.34714,0.11092,-1.04929,-1.68435,-1.7241,-0.93327,-0.47191,-0.52955,-1.36699,-1.86007,-1.80715,-1.39402,-0.54158,-0.466,-0.0522,0.20762,0.60282,0.60412,1.38131,1.55446,1.68918,1.06076,1.49458,2.04293,1.30432,1.0197,2.04844,1.91028,0.77161,0.86676,1.28621,0.51602,0.04753,0.45176,0.57818,-0.13933,-0.33534,-0.43023,-0.67082,-0.70067,-0.51958,-0.56744,-0.84267,-0.51823,-0.43321,-0.7522,-0.08924,-0.18354,0.7982,0.92631,1.34723,1.39003,1.04935,1.13674,1.39521,1.30423,0.98838,0.7733,0.93886,1.25234,1.36308,1.20665,1.43339,1.84821,1.752,1.54441,1.84593,1.40812,-1.01166,-1.49847,-1.84959,-2.28424,-2.34369,-2.10485,-1.03121,0.10744,0.91483,1.60921,1.12745,0.70007,1.24131,0.77619,0.0,0.68943,0.81805,1.08836,1.25757,0.9478,0.68693,0.4762,0.0821,-0.32999,-0.3356,-0.32678,-0.03278,-0.21179,-0.54591,-0.00558,0.02222,0.24892,0.3255,-0.06292,-0.37889,-0.39018,-0.60727,-0.86462,-1.0117,-0.69311,-0.61715,-0.80985,-0.65184,-0.24232,-0.57767,-0.92307,-0.42731,-0.44564,-1.05835,-0.64012,-0.15481,-0.52583,-0.7377,-0.19883,-0.27065,0.01796,0.868,1.81499,-0.21795,0.894,-0.12785,-1.72684,-1.24532,-1.42509,-1.34067
ARG106,-0.33203,-0.71054,-1.01219,-1.0817,-0.94947,-1.00812,-0.86623,-0.55715,0.06994,0.34096,0.73247,0.49323,0.92747,0.37049,0.73404,1.53797,2.35683,1.4552,1.23315,1.37333,1.15147,1.05178,0.53811,0.40439,-0.4853,-1.68174,-1.71664,-1.25364,-0.7152,-0.58467,-1.42481,-1.63438,-1.52129,-0.96323,-0.2851,-0.18171,0.20841,0.34625,0.58114,0.58217,1.40837,1.51825,1.6654,1.19041,1.35934,1.80478,1.26687,0.96311,1.82931,2.06463,1.17268,1.30892,1.83534,0.76716,0.19381,0.55501,0.74392,-0.08149,-0.38361,-0.45737,-0.61954,-0.77629,-0.56427,-0.48508,-0.52579,-0.25977,-0.0019,-0.225,0.06302,-0.26151,0.56245,0.56641,0.95549,1.14705,0.78078,0.67201,0.96885,1.05144,0.61072,0.23993,0.26966,0.54607,0.3964,0.50484,0.68922,0.86064,0.78437,0.60368,0.99785,0.76299,-0.6816,-0.85654,-1.06131,-1.51123,-1.61781,-1.53902,-0.73231,0.27019,0.83104,1.48948,1.02116,0.73499,1.25406,0.85242,0.68943,0.0,0.62993,0.4725,1.27604,1.10794,0.64672,0.19662,-0.07252,-0.36219,-0.29283,-0.35095,0.08806,-0.06312,-0.32328,0.02775,-0.04692,0.15638,-0.0386,-0.16712,-0.35554,-0.35833,-0.54174,-0.69711,-0.80038,-0.58555,-0.44968,-0.45247,-0.45185,-0.16184,-0.44027,-0.85107,-0.24419,-0.31248,-0.89187,-0.59074,-0.07429,-0.39069,-0.70631,-0.1502,-0.18856,-0.12282,0.59207,1.5339,-0.36346,0.87676,-0.24302,-1.59552,-1.19764,-1.51579,-1.53762
LEU107,-0.41545,-0.69956,-0.94436,-0.84407,-0.63701,-0.81066,-0.82995,-0.78794,-0.501,-0.39366,0.35481,0.22779,0.65635,0.20101,0.387,1.67779,2.22299,1.3117,1.04342,1.02316,0.56203,0.31637,-0.2391,-0.23038,-0.74508,-1.58777,-1.63045,-0.92757,-0.53194,-0.57587,-1.22848,-1.65249,-1.5696,-1.10183,-0.4811,-0.50035,-0.07226,0.07361,0.28483,0.35892,1.38434,1.52608,1.70642,1.25625,1.57274,1.73751,0.98189,0.67948,1.55765,1.66647,0.90676,1.19145,1.90856,0.86031,0.11924,0.5837,0.57863,-0.05684,-0.18674,-0.06598,-0.0226,-0.01327,0.07982,-0.09913,-0.32707,-0.29796,-0.3738,-0.29727,0.00657,-0.14811,0.68603,0.8048,1.20776,1.30585,0.9536,0.84979,0.90031,1.17755,0.82875,0.37882,0.35418,0.45591,0.2616,0.53255,0.81248,0.70373,0.63405,0.56614,0.89189,0.63761,-0.6742,-1.06914,-1.17933,-1.37122,-1.42824,-1.27548,-0.46723,0.22634,0.81408,1.44781,1.03257,0.74162,1.29312,1.23498,0.81805,0.62993,0.0,0.65524,1.3043,1.52069,1.22276,0.55795,0.11565,-0.35277,-0.32716,-0.72338,-0.09557,-0.12754,-0.44303,-0.05064,-0.04617,0.07609,-0.05844,-0.12041,-0.18895,-0.34959,-0.54488,-0.77867,-0.93534,-0.79915,-0.72771,-0.76922,-0.93193,-0.66075,-0.90193,-1.2153,-0.67243,-0.60871,-1.18912,-0.98412,-0.4506,-0.67188,-0.99934,-0.4322,-0.42711,-0.45471,0.16055,1.14698,-0.64129,0.93864,-0.31868,-1.74528,-0.90945,-1.3712,-1.59026
ASP108,-0.35153,-0.4649,-0.59026,-0.48296,-0.52774,-0.8023,-0.9879,-1.10457,-0.99598,-0.90151,-0.28751,-0.29312,0.14758,-0.06087,-0.12983,1.01512,1.60024,0.86705,0.72582,0.65454,-0.05571,-0.35567,-0.79703,-0.92724,-1.24717,-1.35394,-1.39757,-0.71522,-0.34082,-0.54352,-1.015,-1.48789,-1.37677,-1.0268,-0.53677,-0.63572,-0.16895,-0.07872,0.08834,0.31405,1.06383,1.28544,1.4255,0.8496,1.16421,1.31412,0.4451,0.07751,0.73143,0.82262,0.06353,0.28516,1.09972,0.51687,-0.16834,0.38075,0.37695,-0.15718,-0.09044,0.04958,0.18567,0.37876,0.30734,-0.00626,-0.59025,-0.71995,-1.06076,-1.10059,-0.55154,-0.27664,0.43735,0.66307,1.14731,1.05627,0.67612,0.77212,0.81856,1.02598,0.7403,0.47342,0.55889,0.61585,0.72285,0.73932,0.932,1.25546,1.16567,0.94841,1.13858,0.81087,-0.97116,-1.45279,-1.52739,-1.7113,-1.64034,-1.63242,-0.73355,-0.03816,0.75753,1.34953,0.94751,0.55132,1.11833,1.27068,1.08836,0.4725,0.65524,0.0,0.50459,0.57882,1.12003,0.8164,-0.1369,-0.48614,-0.46536,-0.84615,-0.43219,-0.3855,-0.66824,-0.34202,-0.08057,0.09015,0.25134,0.00869,-0.20233,-0.36943,-0.4888,-0.77369,-0.94631,-0.89074,-0.86856,-1.03305,-1.17712,-0.83297,-0.97799,-1.16135,-0.80176,-0.64754,-1.01286,-0.87521,-0.48225,-0.64947,-0.90469,-0.52075,-0.64831,-0.64988,-0.0592,0.69483,-0.54684,0.72698,-0.29296,-1.46193,-0.42334,-0.83575,-0.86044
ALA109,-0.53913,-0.75267,-0.80762,-0.56713,-0.59838,-0.815,-0.67949,-0.67879,-0.48684,-0.42535,-0.06641,-0.19589,0.18128,0.15139,0.15917,1.33088,1.77459,0.73129,0.45583,0.44763,0.03459,-0.11926,-0.48232,-0.51112,-0.93317,-1.31756,-1.38847,-0.90084,-0.66407,-0.75856,-1.28276,-1.40002,-1.4214,-0.87772,-0.42429,-0.38991,-0.06555,0.05169,0.04926,0.22681,1.03171,1.19535,1.46547,0.95771,1.18333,1.37138,0.68735,0.41394,0.82219,0.77286,0.19446,0.5352,1.28269,0.5163,0.03083,0.62151,0.58981,-0.08373,-0.11954,-0.05835,0.09197,0.1076,0.02679,-0.14191,-0.38937,-0.22088,-0.26698,-0.4682,-0.407,-0.09532,0.41191,0.55534,0.96268,1.09542,0.70979,0.66011,0.79243,1.02836,0.62981,0.29679,0.39187,0.56068,0.52984,0.46589,0.54703,1.03325,0.96591,0.6338,0.87049,0.53189,-0.93385,-1.25788,-1.33402,-1.61085,-1.52147,-1.4614,-0.75784,-0.00122,0.76457,1.43245,1.05582,0.75475,1.31101,1.28212,1.25757,1.27604,1.3043,0.50459,0.0,-0.13655,0.12757,0.29403,-0.59949,-0.66183,-0.58188,-0.73205,-0.31719,-0.3023,-0.4976,-0.26116,0.01516,0.28838,0.23144,0.1408,-0.15389,-0.19589,-0.2639,-0.4822,-0.58391,-0.5563,-0.55848,-0.65357,-0.8046,-0.51978,-0.71075,-0.99744,-0.61335,-0.44906,-0.90052,-0.81739,-0.42942,-0.54503,-0.92965,-0.60372,-0.69571,-0.74394,-0.12746,0.61601,-0.53929,0.68259,-0.16338,-1.12909,-0.63664,-0.83543,-0.88985
ALA110,-0.41995,-0.73254,-0.87843,-0.68623,-0.55998,-0.6748,-0.6132,-0.54933,-0.45419,-0.40941,0.08926,0.15051,0.58597,0.5507,0.34291,1.48501,2.21076,1.25592,0.91066,0.69968,0.13491,-0.11147,-0.66503,-0.5147,-0.82158,-1.43929,-1.33804,-0.65326,-0.53306,-0.66839,-1.21465,-1.47614,-1.43734,-0.84638,-0.47364,-0.38743,0.1231,0.23236,0.3091,0.48023,1.34293,1.49872,1.85626,1.47756,1.5866,1.58086,0.93764,0.59867,1.04844,0.86309,0.26814,0.5252,1.23399,0.39514,-0.11077,0.42807,0.32075,-0.11989,-0.12861,-0.14213,0.09748,0.15695,0.2943,0.11607,0.00075,-0.03725,-0.17223,0.04593,-0.0247,0.09558,0.49062,0.55357,0.96719,1.18651,0.94466,0.76496,0.73121,1.05289,0.67639,0.31576,0.41392,0.43291,0.20107,0.26955,0.37079,0.53249,0.47603,0.33131,0.66349,0.36193,-0.57933,-0.84578,-0.98857,-1.1659,-1.08108,-0.90537,-0.17402,0.37077,0.81056,1.47117,1.02027,0.72985,1.3556,1.2443,0.9478,1.10794,1.52069,0.57882,-0.13655,0.0,0.07226,-0.28926,-0.88949,-0.90125,-0.70433,-1.1667,-0.44535,-0.3882,-0.50143,-0.15552,-0.09279,0.04957,-0.20001,-0.07418,-0.21891,-0.32796,-0.44351,-0.60988,-0.7203,-0.6715,-0.69345,-0.70597,-0.99859,-0.71989,-0.90392,-1.15395,-0.64175,-0.44362,-0.93228,-0.88154,-0.28579,-0.42656,-0.79347,-0.4654,-0.44031,-0.58663,-0.12744,0.58451,-0.82757,0.7014,-0.42701,-1.76566,-0.88485,-1.3271,-1.36926
LEU111,-0.19146,-0.30129,-0.335,-0.23203,-0.1882,-0.48182,-0.81819,-0.9782,-1.05217,-1.02237,-0.33938,-0.05896,0.42848,0.43459,-0.06937,0.24789,1.45493,1.34528,1.26073,0.68527,-0.29686,-0.91797,-1.3405,-1.27736,-1.04019,-0.99188,-0.83713,-0.29894,-0.19847,-0.20057,-0.42204,-0.84032,-0.85316,-0.63101,-0.31292,-0.38516,0.35036,0.40351,0.56159,0.9037,1.46646,1.51116,1.70722,1.20198,1.24167,1.13248,0.41816,-0.11075,0.37256,0.4303,-0.37375,-0.36764,0.36506,-0.02036,-0.50799,0.06819,0.11234,-0.27608,-0.01039,-0.06825,0.42319,0.62794,0.81481,0.6912,0.04614,-0.39909,-1.05814,-0.86682,-0.69468,-0.37754,-0.07735,0.07894,0.52192,0.53551,0.23516,0.33368,0.26559,0.63615,0.32717,0.15619,0.26855,0.17424,0.1215,0.12714,0.03145,0.26882,0.32853,0.20739,0.42478,0.20161,-0.54715,-0.6712,-0.7113,-0.9336,-0.8995,-0.83453,-0.27589,0.18873,0.55969,1.01242,0.66078,0.30119,0.96728,0.99031,0.68693,0.64672,1.22276,1.12003,0.12757,0.07226,0.0,-0.23601,-1.93795,-1.51784,-0.9857,-1.57291,-0.77751,-0.66763,-0.78013,-0.54179,-0.44695,-0.38581,-0.20136,-0.18198,-0.30954,-0.52802,-0.66574,-0.86795,-0.85115,-0.92973,-0.98602,-0.95524,-1.35176,-1.09763,-1.07196,-1.10257,-0.76495,-0.48859,-0.72029,-0.63227,-0.13344,-0.11848,-0.39779,-0.22401,-0.41851,-0.51836,-0.09334,0.38769,-0.58825,0.37613,-0.63513,-1.83019,-0.55315,-1.03109,-1.03989
GLY112,-0.26277,-0.33841,-0.26914,0.17323,-0.05885,-0.39989,-0.63031,-0.89025,-1.0996,-1.00756,-0.59414,-0.54953,-0.23468,-0.00332,-0.41544,0.07594,0.50139,0.29651,-0.03666,-0.51095,-1.28468,-1.53467,-1.67115,-1.57832,-1.22729,-0.57138,-0.6886,-0.22225,-0.15867,-0.28792,-0.29843,-0.65558,-0.80038,-0.81412,-0.75634,-0.76528,-0.26629,-0.1854,-0.20239,0.17766,0.6372,0.58326,0.76672,0.29516,0.48974,0.34251,-0.36062,-0.44831,-0.15374,-0.30526,-0.85132,-0.68432,-0.31039,-0.40158,-0.44163,0.17917,0.28003,0.0419,0.47677,0.14789,0.58009,0.77953,0.87373,0.78986,0.06195,-0.20439,-0.72252,-0.92866,-0.88009,-0.21617,-0.28772,-0.13672,0.26018,0.09274,-0.14414,0.10746,0.1128,0.45258,0.13986,0.05583,0.27953,0.25776,0.28753,0.10596,-0.15041,0.24639,0.29904,0.06606,0.20026,-0.03309,-0.82816,-0.8468,-0.79393,-1.01149,-1.03235,-1.04916,-0.58356,-0.19378,0.34773,0.59294,0.33882,-0.10005,0.38399,0.62486,0.4762,0.19662,0.55795,0.8164,0.29403,-0.28926,-0.23601,0.0,-4.06647,-2.39458,-1.40232,-1.48659,-0.89153,-0.87423,-0.82362,-0.64051,-0.3322,-0.20459,0.07741,0.07276,-0.21274,-0.28657,-0.37203,-0.59392,-0.61274,-0.73105,-0.89108,-1.00579,-1.24289,-1.06885,-1.03109,-1.00592,-0.97334,-0.67297,-0.80715,-0.89277,-0.57853,-0.50414,-0.7525,-0.75396,-0.83372,-1.01125,-0.67221,-0.26474,-0.47869,0.48719,0.02806,-0.57245,0.24728,0.04345,0.17672
GLN113,-0.10789,-0.5937,-1.07822,-0.79013,-0.21677,-0.28762,-0.28287,-0.43551,-0.27628,-0.25135,-0.28009,-0.08586,-0.00156,0.04841,0.26224,0.72603,1.04621,0.27229,-0.06495,-0.25095,-0.69071,-0.75068,-0.949,-0.58965,-0.83518,-0.82544,-0.77867,-0.60272,-0.57164,-0.49775,-0.89673,-1.29662,-0.87677,-1.1216,0.41641,0.14239,0.42982,0.40276,0.19564,0.35086,0.88132,0.79827,0.93069,0.51368,0.91529,0.97135,0.21337,0.11578,0.89427,0.59952,0.01073,0.23493,0.51017,0.32939,0.41407,1.06482,1.16237,1.42935,1.72643,0.62105,0.97063,1.10713,1.55781,1.35288,1.17282,0.5684,0.10155,-0.55,-0.59282,-1.38298,-0.71737,-0.43073,-0.12824,-0.03631,-0.08177,-0.24181,0.03296,0.32341,-0.03294,-0.31351,-0.29745,-0.13437,-0.34291,0.11331,0.0804,-0.36091,-0.15169,0.08461,-0.04421,-0.00964,-0.16545,-0.09734,-0.12651,-0.11637,-0.19233,-0.10683,-0.02522,0.20336,0.50288,0.65408,0.51521,0.14888,0.49068,0.54954,0.0821,-0.07252,0.11565,-0.1369,-0.59949,-0.88949,-1.93795,-4.06647,0.0,-1.27639,-0.9431,-0.92586,-0.61561,-1.05061,-1.15729,-0.8238,-0.91901,-0.48515,0.49161,0.8506,0.7792,0.46001,-0.36911,-1.10625,-1.45954,-0.66477,-0.76687,-1.23217,-0.81828,-0.35838,-0.66719,-0.73711,-0.59656,-0.53963,-0.6865,-0.61841,-0.36176,-0.31313,-0.54465,-0.52515,-0.6136,-0.81486,-0.55679,-0.15768,-1.26815,-0.29168,-1.1644,-2.50903,-1.4229,-1.27721,-1.32026
HIS114,-1.00859,-1.16611,-1.32988,-0.8408,0.48293,0.16317,0.48947,0.20475,0.15825,0.03193,0.08704,0.14328,0.27374,0.32695,1.01504,0.59892,1.03438,0.41464,0.2164,0.03714,-0.0664,-0.07288,-0.38892,0.27873,-0.0012,0.10171,0.13592,-0.05494,-0.16617,0.01007,-0.22547,-0.30183,0.06356,0.08651,1.08153,0.97303,1.09064,1.0164,0.80044,0.91259,1.1654,0.90116,0.97277,1.10333,1.20768,0.9517,0.83297,1.1582,1.36622,0.65199,0.59545,0.70712,0.73581,0.45834,0.65084,1.33598,1.46733,1.50774,1.71695,0.99329,1.55368,2.23204,2.57679,2.60293,2.60766,1.96107,1.46954,0.85528,0.45931,0.2743,0.21709,0.40036,0.09413,0.22014,0.72781,0.2084,0.0814,0.51774,0.35682,-0.30325,-0.82206,-0.56223,-0.82903,-0.51921,-0.28565,-0.53346,-0.70866,-0.63856,-0.77535,-0.67928,-0.91634,-0.71886,-0.66915,-0.57726,-0.65608,-0.49577,-0.45833,-0.39742,-0.30579,-0.11465,-0.27072,-0.33069,-0.09162,-0.14902,-0.32999,-0.36219,-0.35277,-0.48614,-0.66183,-0.90125,-1.51784,-2.39458,-1.27639,0.0,1.13057,0.82804,0.14882,-0.14016,-0.29808,-0.05737,-0.14258,-0.15026,0.52137,0.54998,0.26649,0.42092,-0.09192,-0.49097,-0.53226,0.00385,-0.33499,-0.65805,-0.2734,-0.13871,-0.39653,-0.14991,0.03712,0.00297,-0.04405,-0.01698,0.10759,0.1837,0.07767,-0.08705,-0.33421,-0.50076,-0.24231,-0.21288,-1.46113,-1.30026,-1.54798,-2.28138,-2.56185,-1.62189,-1.19272
GLN115,-1.3068,-1.40069,-1.33186,-0.62995,0.95139,0.54109,0.9032,0.55225,0.31628,0.15525,0.30555,0.33916,0.48053,0.52511,1.19951,0.70888,1.10595,0.60523,0.47638,0.35792,0.31796,0.26625,-0.10295,0.70721,0.40687,0.51267,0.83554,0.51562,0.35808,0.51582,0.42387,0.2976,0.35237,0.34771,1.03156,1.13432,1.31299,1.29276,1.28975,1.47666,1.75912,1.29047,1.3498,1.76423,1.7563,1.24839,1.31039,1.88583,1.86769,0.79538,0.73295,0.86388,0.8078,0.25336,0.52402,1.10094,1.00742,0.77592,1.17229,0.83137,1.18911,2.18737,2.8666,3.0551,2.83075,2.2249,1.86288,1.36729,0.93274,1.00401,0.93446,1.08353,0.6978,0.79011,1.40476,0.86109,0.45858,0.95012,0.88651,0.01256,-0.83352,-0.67701,-0.89056,-0.64053,-0.45682,-0.64233,-0.93065,-0.8963,-0.97765,-0.91888,-1.19252,-1.01071,-0.95257,-0.79593,-0.84969,-0.6285,-0.49221,-0.52946,-0.43856,-0.19879,-0.34957,-0.21231,-0.0218,-0.16779,-0.3356,-0.29283,-0.32716,-0.46536,-0.58188,-0.70433,-0.9857,-1.40232,-0.9431,1.13057,0.0,0.24169,0.26111,-0.00162,-0.19074,0.13412,-0.0259,-0.26856,0.27738,0.09539,-0.26747,0.156,-0.192,-0.38021,-0.18637,0.23203,-0.15984,-0.33746,0.08632,0.09631,-0.10496,0.19128,0.40089,0.28499,0.21098,0.23928,0.30764,0.3872,0.30501,0.127,-0.10282,-0.23153,-0.01203,0.0595,-1.15719,-1.37525,-1.37933,-2.19202,-3.13889,-1.92958,-1.42449
ILE116,-1.65289,-1.61496,-1.39369,-0.48479,1.27473,1.12903,1.50571,1.16962,0.79435,0.5464,0.40362,0.19104,0.24809,0.33162,1.06849,0.76374,0.67828,0.00736,-0.3037,-0.28795,0.02671,0.44864,0.49427,1.43176,1.067,0.97758,1.21472,0.40669,0.2608,0.5817,0.6612,0.85649,0.76717,0.83248,0.94295,1.2283,0.97691,0.77052,0.80792,0.95408,1.2572,0.79317,0.74397,1.37888,1.5216,0.98643,1.14976,2.08112,1.75467,0.60944,0.96493,1.19757,0.88462,0.30488,0.78655,1.15734,0.83353,0.36998,0.49245,0.26067,0.70675,1.40845,1.96987,2.50606,2.83241,2.73463,2.73679,2.21903,1.52758,1.40588,1.17809,1.36032,0.938,1.21537,1.7839,1.10509,0.85606,1.25264,1.0252,0.06052,-0.66106,-0.23517,-0.63458,-0.40377,-0.37926,-0.47909,-0.72112,-0.84451,-0.9543,-0.89006,-1.2722,-1.19231,-1.07222,-0.87774,-0.87151,-0.66874,-0.5582,-0.83814,-0.75714,-0.51803,-0.49952,-0.06768,-0.14407,-0.32344,-0.32678,-0.35095,-0.72338,-0.84615,-0.73205,-1.1667,-1.57291,-1.48659,-0.92586,0.82804,0.24169,0.0,0.50998,0.11549,-0.10001,0.02148,0.08366,-0.28918,0.01004,-0.15107,-0.26247,0.27149,0.11184,0.13149,0.44449,0.74832,0.40417,0.33941,0.75383,0.55381,0.3155,0.41976,0.53096,0.2741,0.16914,0.14104,0.0606,0.08821,0.06527,-0.16269,-0.33013,-0.38771,-0.22863,-0.17191,-0.78897,-1.22828,-0.9681,-1.17493,-2.88265,-1.4676,-0.95178
LYS117,-2.08758,-2.08748,-1.54668,-0.28193,1.64827,1.53553,1.87586,1.50901,0.8962,0.55079,0.49835,0.21331,0.27232,0.3526,1.06292,1.04251,0.79233,0.0169,-0.34492,-0.40381,-0.19462,0.27789,0.345,1.38993,1.53018,1.14225,1.32582,0.56678,0.34506,0.53888,0.87899,1.02075,0.57482,0.70807,0.41437,0.52622,0.31594,0.33222,0.43991,0.62491,1.32421,0.95437,1.20338,1.82859,2.04551,1.34105,1.46453,2.61636,2.12488,0.59919,0.97441,1.47596,1.07053,0.13891,0.82944,1.13683,0.49643,-0.08891,0.09088,-0.05607,0.37935,0.89286,1.57211,2.44386,3.05234,3.15732,2.86141,2.53443,2.01088,1.93054,1.71764,1.89667,1.62969,1.95388,2.5424,1.8551,1.44363,1.89427,1.52037,0.39306,-0.32231,0.07238,-0.52285,-0.2828,-0.28946,-0.39689,-0.74066,-0.86775,-0.91983,-0.9351,-1.35972,-1.41358,-1.31326,-1.08298,-1.04957,-0.77605,-0.47306,-0.81164,-0.71547,-0.33393,-0.26083,0.21539,0.26614,0.09257,-0.03278,0.08806,-0.09557,-0.43219,-0.31719,-0.44535,-0.77751,-0.89153,-0.61561,0.14882,0.26111,0.50998,0.0,-0.3156,0.14397,0.07132,0.04742,-0.40631,-0.28306,-0.45973,-0.47816,0.12261,0.08506,0.2924,0.75342,0.89611,0.54912,0.66144,0.84446,0.53144,0.2738,0.18884,0.33595,0.0834,-0.17878,-0.19553,-0.19839,-0.19123,-0.19685,-0.34008,-0.38436,-0.43982,-0.30777,-0.14787,-0.71507,-0.83337,-0.56308,-0.76057,-2.74597,-1.5364,-1.08139
TRP118,-2.04247,-1.82705,-1.04879,-0.05088,1.46568,1.41009,1.81354,1.60738,0.86965,0.53861,0.44774,0.13658,0.18376,0.22071,0.79332,0.58211,0.28595,-0.16695,-0.39304,-0.35734,-0.21507,0.18892,0.48905,1.25515,1.54961,1.41186,1.50645,0.72914,0.52121,0.69301,1.11176,1.43692,0.87195,1.02903,0.44958,0.54478,0.24978,0.30497,0.39612,0.53752,0.86756,0.83372,0.99947,1.81398,1.72244,0.93033,1.29354,2.49055,1.47343,0.03284,0.6762,1.09383,0.56447,-0.19636,0.50812,0.68006,0.13622,-0.35027,-0.26084,-0.21831,-0.25726,0.55933,1.14905,1.90492,2.35245,2.56297,2.45732,2.43417,2.16382,2.3202,1.94298,1.91889,1.63827,2.07825,2.62685,2.12284,1.42044,1.83052,1.6403,0.69076,-0.13401,-0.05308,-0.60333,-0.60049,-0.59094,-0.61288,-0.9805,-1.17029,-1.12984,-1.22409,-1.64778,-1.6107,-1.50859,-1.25732,-1.20027,-0.96032,-0.63229,-1.08835,-0.87573,-0.5513,-0.65993,-0.103,-0.03061,-0.0791,-0.21179,-0.06312,-0.12754,-0.3855,-0.3023,-0.3882,-0.66763,-0.87423,-1.05061,-0.14016,-0.00162,0.11549,-0.3156,0.0,0.32935,-0.04295,-0.20456,-0.71479,-0.7465,-0.83082,-0.65736,-0.1346,0.14836,0.58098,1.06852,1.0573,0.78187,1.03245,1.01476,0.64349,0.39477,0.30392,0.39224,0.16026,-0.02861,-0.07554,-0.13459,-0.2043,-0.2149,-0.34387,-0.37713,-0.43287,-0.35354,-0.29915,-0.41611,-0.87529,-0.40827,0.12142,-1.9528,-0.86981,-0.39624
GLU119,-2.09812,-1.85969,-0.77307,0.41159,1.5528,1.60428,1.94568,1.79736,0.86889,0.44221,0.32251,-0.13558,-0.09523,0.0705,0.50072,0.44259,-0.09014,-0.50175,-0.69348,-0.69153,-0.4903,-0.11483,0.27216,1.1095,1.63974,1.52688,1.70742,1.12612,0.74923,0.63609,1.31772,1.6599,1.07516,1.19518,0.14924,0.31409,-0.1403,-0.24596,-0.26704,-0.05845,0.1035,-0.10066,0.1701,1.19689,1.1961,0.20689,0.72195,2.07102,0.84749,-0.67529,0.18659,0.63691,-0.02712,-0.61872,0.33892,0.28982,-0.28838,-0.54355,-0.52663,-0.41331,-0.51662,0.1161,0.55294,1.33413,1.91692,2.50928,2.43605,2.44041,1.90143,2.22392,1.75663,1.77963,1.18332,1.37271,2.22566,1.74879,0.79073,0.94018,0.96386,0.39933,-0.05299,0.0395,-0.47046,-0.51428,-0.78057,-0.65045,-0.86417,-1.09889,-1.0404,-1.06685,-1.28415,-1.353,-1.18955,-0.88017,-0.74244,-0.49827,-0.29432,-1.03003,-1.03437,-0.82489,-0.82544,-0.3603,-0.42219,-0.43667,-0.54591,-0.32328,-0.44303,-0.66824,-0.4976,-0.50143,-0.78013,-0.82362,-1.15729,-0.29808,-0.19074,-0.10001,0.14397,0.32935,0.0,-0.36088,-0.42856,-0.95429,-1.27502,-1.06125,-0.65192,-0.23202,0.16307,0.70373,1.21226,0.96285,0.66021,0.95425,0.7773,0.25501,0.07567,0.07752,0.07718,-0.09374,-0.2283,-0.37931,-0.41942,-0.44562,-0.48189,-0.61343,-0.66207,-0.71713,-0.68964,-0.60309,-0.19918,-0.73461,-0.18949,0.72572,-1.1384,-0.19935,-0.01623
TRP120,-2.26006,-2.10826,-1.22221,-0.15953,1.18965,1.24893,1.72315,1.65122,0.85685,0.45069,0.59487,0.04899,0.14078,0.24061,0.64911,0.57381,0.37192,-0.08036,-0.26015,-0.18714,-0.10195,0.10382,0.17711,0.90126,1.19296,0.95436,1.08976,1.15328,0.78431,0.48884,0.87171,0.8978,0.30866,0.62546,0.01106,0.25591,0.14753,0.36754,0.39913,0.70044,1.24307,0.94958,1.23808,2.18709,2.4731,1.49538,1.66101,2.82334,2.04966,0.27701,0.58952,0.88174,0.44729,-0.41788,0.28885,0.29813,-0.1679,-0.52625,-0.43923,-0.44797,-0.48739,-0.00221,0.50129,1.13336,1.65281,2.05428,1.95167,2.17255,2.07073,2.24445,1.95673,2.18397,1.68354,1.9573,2.92474,2.55461,1.5753,2.02746,1.90212,1.01276,0.57676,0.97512,0.47445,0.28148,0.10101,0.23722,-0.15738,-0.4697,-0.44804,-0.60596,-1.27546,-1.47452,-1.39287,-1.11329,-0.99974,-0.73735,-0.30277,-0.76851,-0.69627,-0.20969,-0.20686,0.20628,0.17041,0.16764,-0.00558,0.02775,-0.05064,-0.34202,-0.26116,-0.15552,-0.54179,-0.64051,-0.8238,-0.05737,0.13412,0.02148,0.07132,-0.04295,-0.36088,0.0,-0.64741,-1.34463,-1.6481,-1.2475,-0.77676,-0.16183,0.0946,0.39146,0.73047,0.76213,0.43433,0.49929,0.32671,0.07351,-0.09858,0.0644,0.23089,0.13223,-0.09437,-0.14333,-0.02433,-0.10533,-0.2035,-0.36771,-0.53586,-0.55161,-0.45184,-0.25799,-0.46728,-0.75775,-0.62077,-0.41812,-1.8989,-1.20703,-0.94077
VAL121,-2.44988,-2.10574,-1.33473,-0.12665,1.02513,1.0493,1.58927,1.48026,0.58301,0.22458,0.28451,-0.3619,-0.3031,-0.18869,0.4103,0.54017,0.17837,-0.50875,-0.72709,-0.7223,-0.71199,-0.50786,-0.43397,-0.01368,0.40737,0.55836,0.50835,0.63249,0.44478,0.14426,0.29669,0.40555,-0.29375,-0.04715,-0.83932,-0.68228,-0.91142,-0.70979,-0.67311,-0.5118,0.2146,0.02507,0.50154,1.37653,2.05382,1.01187,1.10519,2.41228,1.63389,-0.31871,0.04892,0.53137,-0.02404,-0.7664,0.07878,0.15164,-0.26699,-0.57069,-0.60309,-0.46671,-0.30866,-0.18019,-0.04927,0.41583,1.06802,1.78699,1.74516,2.17376,2.0197,2.17986,1.49218,1.46211,1.2406,1.40106,1.99296,1.65138,1.15452,1.48478,1.11345,0.56014,0.31908,0.92035,0.55675,0.21203,0.4733,0.86961,0.29442,-0.09336,-0.03783,-0.18567,-1.00526,-1.46213,-1.44049,-1.07984,-0.78809,-0.49804,0.03086,-0.63851,-0.79738,-0.37986,-0.07204,0.19254,0.01858,0.112,0.02222,-0.04692,-0.04617,-0.08057,0.01516,-0.09279,-0.44695,-0.3322,-0.91901,-0.14258,-0.0259,0.08366,0.04742,-0.20456,-0.42856,-0.64741,0.0,-1.72436,-1.82425,-1.20432,-0.73239,0.01317,0.4321,0.55716,0.87455,0.96612,0.51755,0.37001,-0.00845,-0.26252,-0.32237,-0.24112,-0.32167,-0.23913,-0.39108,-0.60048,-0.57113,-0.63647,-0.65776,-0.95371,-0.8729,-0.90455,-0.76342,-0.48075,-0.42776,-0.34143,-0.08978,0.03557,-1.27386,-0.72229,-0.45473
LYS122,-1.41033,-1.21952,-1.02303,-0.38462,0.12075,0.16485,0.61315,0.51387,0.18683,-0.04031,-0.17517,-0.63345,-0.67506,-0.58822,-0.04716,0.20908,-0.04107,-0.64955,-0.89051,-0.85534,-0.8808,-0.73237,-0.95182,-0.84343,-0.97145,-0.9963,-1.03025,-0.16037,-0.11293,-0.51498,-0.75111,-1.13763,-1.44758,-1.17119,-1.2109,-1.13489,-1.18778,-0.86199,-0.60753,-0.61502,-0.03555,-0.18784,-0.05822,0.18351,1.06297,0.67133,0.2709,1.1987,1.19359,-0.16218,-0.32429,0.10766,-0.18721,-0.89315,-0.56827,-0.2122,-0.39678,-0.68293,-0.63776,-0.31145,-0.07685,-0.13345,-0.22676,-0.28354,-0.13239,0.43221,0.48648,0.45552,0.4631,0.59452,0.14529,0.22774,0.11013,0.19259,0.63426,0.54561,0.30262,0.54072,0.14453,-0.08221,-0.06253,0.47324,0.09643,0.19556,0.40687,0.60326,0.40952,0.24543,0.22695,-0.18592,-1.04734,-1.63515,-1.554,-1.30157,-0.98228,-0.66929,0.03791,-0.50526,-0.26939,-0.092,-0.00623,0.2153,0.15107,0.19922,0.24892,0.15638,0.07609,0.09015,0.28838,0.04957,-0.38581,-0.20459,-0.48515,-0.15026,-0.26856,-0.28918,-0.40631,-0.71479,-0.95429,-1.34463,-1.72436,0.0,-1.42048,-0.77878,-1.32722,-0.60951,-0.37654,-0.30066,-0.20664,0.07349,-0.18834,-0.67766,-0.67026,-0.68245,-0.72571,-0.38019,-0.67134,-0.51888,-0.47457,-0.59026,-0.70829,-0.55593,-0.57129,-0.82822,-1.01594,-0.83098,-0.64784,-0.14835,0.06317,-0.1799,-0.13753,0.0854,-0.50006,0.10489,-0.04654
GLY123,-1.193,-1.25026,-1.30435,-0.74703,-0.14981,0.08258,0.45534,0.24911,0.01135,-0.23426,-0.41977,-0.57875,-0.77875,-0.73545,-0.27488,-0.34257,-0.25496,-0.65393,-0.86144,-0.87359,-0.86862,-0.80942,-0.90041,-0.6981,-0.86815,-0.76502,-0.79162,-0.14825,-0.01757,-0.15797,-0.55189,-1.33294,-1.46304,-1.44051,-0.93671,-1.00629,-0.97634,-0.69665,-0.55892,-0.71135,-0.48123,-0.30721,-0.23248,-0.24957,0.81895,0.8039,0.11964,0.95073,1.58255,0.36485,-0.23372,0.05666,-0.08567,-0.48513,-0.39309,0.19353,0.07642,-0.09779,-0.02442,0.24402,0.61026,0.50622,0.36126,0.11553,-0.03631,0.0014,-0.37629,-0.71202,-0.68233,-0.59865,-0.56756,-0.29865,-0.31683,-0.36896,-0.09174,0.09857,0.09259,0.29847,0.04537,-0.10491,-0.28809,0.13211,-0.01836,0.11915,0.45039,0.63834,0.4083,0.39104,0.37997,0.023,-0.9744,-1.5146,-1.43609,-1.2811,-1.03513,-0.8975,-0.30622,-0.54955,-0.13816,-0.13596,-0.0061,0.0903,0.11259,0.22024,0.3255,-0.0386,-0.05844,0.25134,0.23144,-0.20001,-0.20136,0.07741,0.49161,0.52137,0.27738,0.01004,-0.28306,-0.7465,-1.27502,-1.6481,-1.82425,-1.42048,0.0,-0.63858,-2.30412,-0.45153,-0.57221,-0.81017,-0.89756,-0.12472,-0.25784,-1.14103,-0.85495,-0.45694,-0.54621,-0.01149,-0.54114,-0.32722,-0.2586,-0.35278,-0.52672,-0.35537,-0.35925,-0.50591,-0.57365,-0.47752,-0.41795,-0.16386,-0.29632,-0.33875,-0.36996,-0.62886,-0.75022,-0.07599,-0.21458
HIS124,-1.12118,-1.47424,-1.54408,-0.73746,-0.47527,-0.26305,0.16272,0.04024,-0.08811,-0.32061,-0.52038,-0.77117,-1.00757,-0.89193,-0.31585,-0.32025,-0.43438,-0.90427,-1.05734,-1.09484,-1.05516,-0.84009,-0.88547,-0.78357,-0.92526,-1.01004,-1.04081,-0.06427,0.06003,-0.43345,-0.85339,-1.80353,-1.83606,-1.59222,-1.26292,-1.1824,-1.2304,-0.85146,-0.86919,-1.09376,-0.99915,-0.96274,-1.12723,-1.55165,-0.44668,-0.36685,-0.96687,-0.02917,0.7995,-0.38505,-0.69473,-0.30813,-0.40898,-0.73249,-0.73884,-0.39352,-0.31143,-0.13738,-0.24147,0.30329,0.62536,0.51674,0.13597,-0.42523,-0.54186,-0.41345,-0.6159,-1.02355,-1.05704,-1.04754,-1.05522,-0.75138,-0.70256,-0.6482,-0.49258,-0.49562,-0.32671,-0.00739,-0.32827,-0.42653,-0.33543,-0.01414,-0.23174,0.26185,0.54516,0.31921,0.59033,0.73422,0.54738,0.38126,-0.23216,-0.72214,-0.61097,-0.50872,-0.28818,-0.39073,-0.21546,-0.54771,-0.48067,-0.61064,-0.34207,-0.18299,-0.19809,-0.10416,-0.06292,-0.16712,-0.12041,0.00869,0.1408,-0.07418,-0.18198,0.07276,0.8506,0.54998,0.09539,-0.15107,-0.45973,-0.83082,-1.06125,-1.2475,-1.20432,-0.77878,-0.63858,0.0,-0.61395,0.77042,-0.01422,-0.73971,-1.04896,-0.20876,-0.27371,-1.38849,-1.32366,-0.90916,-1.20545,-0.69509,-1.05555,-0.70898,-0.65664,-0.79632,-1.01492,-0.70264,-0.60421,-0.57518,-0.3589,-0.37928,-0.41758,-0.35764,-0.33978,-0.2207,-0.3216,-0.40104,-0.38167,0.0347,-0.47125
ALA125,-1.30547,-1.44734,-1.08002,-0.40055,-0.3458,-0.05669,0.21022,0.28956,0.2082,0.02314,-0.11516,-0.4306,-0.66623,-0.54802,-0.10137,-0.14419,-0.42558,-0.82947,-0.99717,-0.96084,-0.98324,-0.89319,-0.63579,-0.51218,-0.48087,-0.61316,-0.66926,-0.29722,-0.3351,-0.74008,-0.76952,-0.83126,-0.95069,-0.89427,-0.93107,-1.05026,-1.31526,-1.0508,-1.23174,-1.25368,-1.03401,-0.98509,-0.98672,-1.06611,-0.52913,-0.74599,-1.05459,-0.17483,0.14802,-0.80195,-0.52367,-0.20921,-0.33567,-0.4884,-0.49428,-0.41598,-0.44212,-0.07983,-0.20635,0.01176,0.14816,0.05604,-0.20154,-0.66607,-0.55905,-0.34371,-0.45079,-0.50571,-0.57087,-0.7879,-0.79587,-0.63994,-0.58853,-0.46262,-0.38541,-0.40407,-0.29446,-0.09899,-0.29574,-0.21953,-0.08766,0.00938,-0.20833,0.26121,0.33718,-0.11924,0.37082,0.61823,0.33882,0.31489,0.12302,-0.28403,-0.16177,0.11127,0.25933,0.12451,-0.0618,-0.58486,-0.73225,-0.83543,-0.50905,-0.23923,-0.39842,-0.3108,-0.37889,-0.35554,-0.18895,-0.20233,-0.15389,-0.21891,-0.30954,-0.21274,0.7792,0.26649,-0.26747,-0.26247,-0.47816,-0.65736,-0.65192,-0.77676,-0.73239,-1.32722,-2.30412,-0.61395,0.0,0.20599,0.16448,-0.67248,-0.89612,-0.32869,-0.19246,-0.90694,-0.99398,-0.79594,-1.09174,-0.87379,-1.01888,-0.70257,-0.69999,-0.8778,-1.02313,-0.7486,-0.67834,-0.67211,-0.32395,-0.5021,-0.67363,-0.71623,-0.61483,-0.24904,-0.25516,-0.16867,-0.17346,-0.11034,-0.43414
GLY126,-1.70614,-1.92197,-1.56954,-0.79792,-0.53148,-0.08104,0.50738,0.66363,0.38863,0.20196,-0.01741,-0.43186,-0.60234,-0.49526,0.09778,0.01286,-0.34527,-0.81261,-1.07581,-0.96483,-0.8687,-0.68798,-0.38635,-0.16081,-0.07949,-0.33164,-0.20081,-0.09675,-0.12958,-0.23957,-0.31663,-0.56616,-1.01297,-0.77981,-1.15637,-0.96873,-1.32742,-1.02373,-1.26681,-1.27334,-1.10896,-1.06276,-1.01668,-0.77781,-0.12785,-0.50735,-0.70939,0.67855,0.82331,-0.48984,-0.16689,0.20175,-0.16316,-0.62897,-0.45106,-0.29704,-0.37138,-0.18703,-0.396,0.1041,0.26867,0.18945,0.0665,-0.339,-0.17799,0.07801,-0.09958,-0.15406,-0.34973,-0.49627,-0.57674,-0.38353,-0.43677,-0.34822,-0.19297,-0.20738,-0.16457,0.06273,-0.13477,-0.09814,-0.1034,0.24819,-0.10094,0.25011,0.41084,0.27576,0.33658,0.34033,0.15933,0.12692,-0.12485,-0.48711,-0.26356,-0.08744,0.0889,-0.12269,-0.33108,-0.865,-0.91803,-0.92224,-0.54113,-0.22511,-0.41355,-0.40385,-0.39018,-0.35833,-0.34959,-0.36943,-0.19589,-0.32796,-0.52802,-0.28657,0.46001,0.42092,0.156,0.27149,0.12261,-0.1346,-0.23202,-0.16183,0.01317,-0.60951,-0.45153,0.77042,0.20599,0.0,0.51273,-0.50417,-0.85189,0.10278,0.3725,-0.62546,-0.65669,-0.34344,-0.65736,-0.48787,-0.75643,-0.45907,-0.53119,-0.67968,-0.88786,-0.64531,-0.48466,-0.43673,0.09797,-0.13961,-0.38672,-0.63066,-0.91572,-0.33689,-0.23383,-0.28528,-0.65894,-0.36495,-0.46029
HIS127,-1.86875,-1.94844,-1.27595,-0.52482,-0.45009,-0.17557,0.60678,0.93007,0.36517,0.19208,0.12121,-0.40462,-0.47528,-0.41937,0.20092,0.09587,-0.34135,-0.75838,-1.08195,-1.00192,-0.90358,-0.66518,-0.30474,-0.08687,0.21896,-0.02211,0.01615,-0.15896,-0.26086,-0.2668,-0.04917,0.33827,-0.34389,-0.06299,-1.14356,-1.12551,-1.58376,-1.17676,-1.38119,-1.50272,-1.1871,-1.11479,-1.05129,-0.75098,-0.19564,-0.6833,-0.75661,0.70204,0.26598,-0.96905,-0.11381,0.16997,-0.36738,-0.71987,-0.50986,-0.43515,-0.51428,-0.37966,-0.6746,0.06781,-0.01015,-0.08125,-0.29238,-0.55594,-0.19236,0.15132,0.14655,0.39727,0.12629,0.09838,-0.30749,-0.23894,-0.35897,-0.33053,-0.20498,-0.22369,-0.28217,-0.13981,-0.30097,-0.13499,-0.13955,0.08969,-0.27552,-0.09049,0.14922,0.16161,0.06228,0.08598,0.05493,-0.08958,-0.24782,-0.64036,-0.36493,-0.13871,0.06136,-0.1567,-0.41216,-0.99529,-1.00285,-1.03157,-0.61523,-0.39785,-0.62775,-0.58702,-0.60727,-0.54174,-0.54488,-0.4888,-0.2639,-0.44351,-0.66574,-0.37203,-0.36911,-0.09192,-0.192,0.11184,0.08506,0.14836,0.16307,0.0946,0.4321,-0.37654,-0.57221,-0.01422,0.16448,0.51273,0.0,0.35903,0.17888,0.54755,0.67516,-0.11468,-0.47677,-0.42764,-0.67301,-0.55491,-0.76491,-0.50023,-0.62599,-0.79927,-0.92741,-0.74357,-0.59695,-0.43852,0.22829,-0.0298,-0.27157,-0.62039,-0.87586,-0.17612,0.088,0.34078,-0.29865,-0.08926,-0.06119
PRO128,-1.8439,-1.77738,-0.97815,-0.44167,-0.24453,-0.06879,0.63893,1.17022,0.41179,0.26509,0.24322,-0.28135,-0.39694,-0.3975,0.20435,0.03987,-0.50925,-0.84491,-1.1197,-1.02273,-0.91632,-0.57854,-0.06191,0.15784,0.68529,0.37431,0.46952,-0.02245,-0.0924,0.20609,0.75322,1.76145,0.66116,0.8309,-0.69607,-0.89265,-1.65365,-1.33376,-1.64987,-1.80513,-1.60077,-1.40625,-1.28195,-0.66779,-0.43534,-0.95074,-0.60936,0.91701,-0.09716,-1.21138,0.09914,0.28962,-0.41764,-0.7443,-0.11052,-0.40002,-0.63722,-0.57204,-0.83381,-0.20391,-0.36555,-0.57039,-0.75701,-0.50722,0.06887,0.49708,0.57907,0.95378,0.48668,0.40857,-0.11037,-0.15628,-0.32662,-0.2174,-0.13665,-0.17521,-0.30659,-0.21142,-0.27571,-0.0705,-0.05313,-0.01771,-0.33164,-0.36669,-0.14525,-0.07005,-0.44731,-0.45935,-0.22484,-0.27739,-0.06409,-0.48008,-0.25354,0.11121,0.3437,0.17264,-0.05586,-0.82324,-1.09786,-1.25019,-0.81639,-0.56366,-0.84884,-0.88665,-0.86462,-0.69711,-0.77867,-0.77369,-0.4822,-0.60988,-0.86795,-0.59392,-1.10625,-0.49097,-0.38021,0.13149,0.2924,0.58098,0.70373,0.39146,0.55716,-0.30066,-0.81017,-0.73971,-0.67248,-0.50417,0.35903,0.0,0.77043,0.44286,1.03915,0.73954,0.09076,-0.09384,-0.10064,-0.1886,-0.31189,-0.21499,-0.39679,-0.67386,-0.77651,-0.62097,-0.62891,-0.48879,-0.05924,-0.22325,-0.50075,-0.8635,-0.63252,-0.24738,0.17655,0.86786,-0.24684,0.03763,0.18737
GLU129,-1.9477,-1.73029,-0.85699,-0.31072,0.10187,0.18794,0.97581,1.5271,0.5821,0.47493,0.36045,-0.10338,-0.16551,-0.16917,0.42007,0.19536,-0.42853,-0.73074,-1.01974,-0.89692,-0.78061,-0.44549,0.18603,0.50389,1.10962,0.70332,0.77129,0.14717,0.01468,0.34041,1.03681,2.20203,1.25785,1.4934,-0.17931,-0.48014,-1.58005,-1.44391,-1.72018,-1.84144,-1.63116,-1.43964,-1.1823,-0.39176,-0.28389,-0.87244,-0.29066,1.21555,0.01803,-1.08798,0.55314,0.64427,-0.15915,-0.49082,0.49108,-0.06741,-0.4093,-0.48229,-0.75031,-0.2094,-0.47925,-0.52224,-0.81088,-0.13849,0.60856,1.08755,1.16217,1.48696,0.75308,0.78388,0.17058,0.07299,-0.2061,-0.08985,0.06856,-0.06091,-0.29854,-0.21258,-0.23546,-0.1521,-0.24868,-0.24221,-0.43328,-0.50636,-0.36429,-0.20816,-0.57807,-0.68486,-0.52717,-0.5338,-0.26703,-0.57206,-0.36629,0.06117,0.30029,0.16941,-0.10701,-0.82696,-1.13894,-1.32498,-1.01529,-0.74231,-0.95905,-1.04937,-1.0117,-0.80038,-0.93534,-0.94631,-0.58391,-0.7203,-0.85115,-0.61274,-1.45954,-0.53226,-0.18637,0.44449,0.75342,1.06852,1.21226,0.73047,0.87455,-0.20664,-0.89756,-1.04896,-0.89612,-0.85189,0.17888,0.77043,0.0,-0.69627,0.56783,1.09244,0.36283,-0.06696,0.1455,0.01853,-0.05548,-0.02582,-0.1903,-0.53144,-0.68203,-0.50834,-0.54483,-0.50456,-0.51527,-0.60214,-0.77776,-0.92618,-0.39457,-0.40439,0.13517,1.16125,-0.27106,0.16756,0.34709
ASN130,-1.47572,-1.48544,-1.25551,-0.95505,-0.26529,0.16311,0.86645,1.53521,0.95255,1.1243,0.61247,0.28305,0.03749,-0.0821,0.38789,0.18668,-0.29532,-0.6287,-0.68432,-0.4464,-0.30141,0.12415,0.72416,0.78874,1.00888,0.6304,0.50104,-0.06722,-0.28489,-0.11107,0.37646,1.01658,0.51681,1.1343,0.40347,0.17867,-1.10499,-0.85524,-1.25423,-1.38385,-1.67616,-1.31694,-1.05854,-0.28835,-0.15537,-0.46362,0.12033,1.13007,0.69933,-0.11775,0.99453,1.10475,0.23133,-0.08848,1.14415,0.45672,0.06178,0.10408,-0.11447,0.22862,-0.36256,-0.413,-0.30101,0.08273,0.76789,1.06053,1.29641,1.37859,0.78126,0.40368,-0.01106,-0.1557,-0.3774,-0.24556,-0.05841,-0.15132,-0.34718,-0.21921,-0.30806,-0.32946,-0.39523,-0.32725,-0.48274,-0.40165,-0.05054,-0.13095,-0.429,-0.31446,-0.14194,0.08586,0.2009,-0.45345,-0.43512,0.00493,0.38371,0.37573,0.26002,-0.41317,-1.05707,-1.11916,-0.68971,-0.5725,-0.70618,-0.77942,-0.69311,-0.58555,-0.79915,-0.89074,-0.5563,-0.6715,-0.92973,-0.73105,-0.66477,0.00385,0.23203,0.74832,0.89611,1.0573,0.96285,0.76213,0.96612,0.07349,-0.12472,-0.20876,-0.32869,0.10278,0.54755,0.44286,-0.69627,0.0,0.82701,0.13925,0.54388,0.62966,0.52013,0.48467,0.50825,0.54903,0.3137,-0.02796,-0.10635,-0.21267,-0.23981,-0.44219,-0.30149,-0.513,-0.66804,-0.84347,-0.71326,-0.63712,-0.4727,-0.02249,-0.85135,-0.63635,-0.57035
GLU131,-0.99655,-1.03944,-0.84756,-1.07946,-0.58092,-0.18071,0.23379,0.96998,0.70655,0.99414,0.41931,0.31399,0.02018,-0.25418,0.32512,0.03482,-0.24031,-0.48509,-0.4966,-0.19099,-0.04128,0.33085,0.92765,0.74135,0.91812,0.42458,0.38683,-0.2705,-0.33361,0.01697,0.40401,1.0262,0.61153,1.16259,0.70027,0.55507,-0.66101,-0.392,-1.02685,-1.3953,-1.59957,-1.06863,-0.85901,-0.08789,-0.17717,-0.31302,0.33015,1.04111,0.6832,0.35125,1.33771,1.23817,0.50282,0.19806,1.28001,0.41305,0.13144,0.15777,-0.2458,0.009,-0.63576,-0.77173,-0.7373,-0.26031,0.25602,0.50783,0.89086,1.06661,0.61563,0.1148,-0.20544,-0.36486,-0.57716,-0.37567,-0.3373,-0.29538,-0.3833,-0.29509,-0.38161,-0.28283,-0.32411,-0.37275,-0.57248,-0.46396,0.06023,-0.08482,-0.51348,-0.26497,-0.03089,0.15882,0.49187,-0.06539,0.01311,0.37608,0.71989,0.59161,0.34303,-0.3272,-0.99623,-1.06101,-0.66654,-0.4362,-0.63045,-0.79798,-0.61715,-0.44968,-0.72771,-0.86856,-0.55848,-0.69345,-0.98602,-0.89108,-0.76687,-0.33499,-0.15984,0.40417,0.54912,0.78187,0.66021,0.43433,0.51755,-0.18834,-0.25784,-0.27371,-0.19246,0.3725,0.67516,1.03915,0.56783,0.82701,0.0,-0.17435,0.37984,0.76413,0.63823,0.52397,0.61357,0.61029,0.39245,0.15131,0.04109,-0.0157,-0.10008,-0.11104,-0.01882,-0.13236,-0.39413,-0.74091,-0.79336,-0.79234,-0.71218,-0.29466,-1.09006,-0.88818,-0.65079
ARG132,-0.95615,-0.79113,-0.40095,-0.77698,-0.15554,0.01327,0.38797,1.11424,0.80846,0.99747,0.41234,0.28772,0.16426,-0.11178,0.4411,0.04834,-0.16816,-0.18316,-0.21158,0.02739,0.25663,0.62702,1.25593,1.24352,1.50133,0.72403,0.74544,-0.07563,-0.13215,0.36966,0.87214,1.73243,1.28982,1.76148,1.24745,1.29916,0.11788,-0.11149,-0.78116,-1.22922,-1.40193,-0.87829,-0.61514,0.37639,0.0236,-0.13403,0.71347,1.38531,0.71011,0.66981,1.78535,1.72066,0.99726,0.75328,1.98033,0.7365,0.34695,0.2891,-0.25132,-0.42894,-1.08104,-1.18434,-1.13256,-0.12592,0.54982,0.78811,1.19013,1.40037,0.89832,0.58969,0.15187,-0.12994,-0.36897,-0.21854,-0.21269,-0.18815,-0.32197,-0.29559,-0.26487,-0.1663,-0.29701,-0.48795,-0.69119,-0.64531,-0.27648,-0.4146,-0.77617,-0.7146,-0.50671,-0.32424,0.4498,0.38787,0.52039,0.84762,1.00112,0.8001,0.3008,-0.22729,-0.94689,-1.11655,-0.88189,-0.52611,-0.68731,-0.95469,-0.80985,-0.45247,-0.76922,-1.03305,-0.65357,-0.70597,-0.95524,-1.00579,-1.23217,-0.65805,-0.33746,0.33941,0.66144,1.03245,0.95425,0.49929,0.37001,-0.67766,-1.14103,-1.38849,-0.90694,-0.62546,-0.11468,0.73954,1.09244,0.13925,-0.17435,0.0,-0.01798,0.11236,0.67408,0.37835,0.57409,0.45763,0.32256,0.19589,0.07772,0.00286,-0.11242,-0.00249,-0.27433,-0.14665,-0.43266,-0.70831,-0.46217,-0.99337,-0.74436,0.10437,-1.1004,-0.79778,-0.48463
CYS133,-0.53084,-0.43163,-0.37528,-0.97003,-0.11737,0.28853,0.66302,1.42753,1.62763,1.95152,0.73801,0.58179,0.33523,0.03228,0.47423,0.00421,-0.02757,0.04013,0.1605,0.46686,0.82904,1.37579,1.91201,1.68981,1.48634,0.74517,0.55329,-0.2897,-0.43888,-0.0658,0.3745,1.06519,1.09175,1.52232,1.60241,1.72824,0.74731,0.45498,-0.31499,-0.6403,-1.11941,-0.60732,-0.36325,0.61244,0.25885,0.23667,1.17908,1.52658,1.15654,1.33866,2.25422,2.13043,1.52758,1.27965,2.33496,1.19003,0.88972,0.69188,0.26023,-0.4442,-1.28968,-1.22092,-0.6739,0.35184,0.97049,0.96803,1.36964,1.18919,0.74093,0.36284,0.18233,-0.11057,-0.34663,-0.27119,-0.30007,-0.28672,-0.38318,-0.38943,-0.2708,-0.24291,-0.4554,-0.53274,-0.62576,-0.63388,-0.37241,-0.48132,-0.74604,-0.61953,-0.57306,-0.31545,0.23642,0.20236,0.27242,0.62144,0.68358,0.60412,0.18973,-0.21181,-0.95783,-0.94638,-0.76892,-0.46944,-0.60136,-0.83602,-0.65184,-0.45185,-0.93193,-1.17712,-0.8046,-0.99859,-1.35176,-1.24289,-0.81828,-0.2734,0.08632,0.75383,0.84446,1.01476,0.7773,0.32671,-0.00845,-0.67026,-0.85495,-1.32366,-0.99398,-0.65669,-0.47677,0.09076,0.36283,0.54388,0.37984,-0.01798,0.0,0.7483,1.24526,0.90636,1.04074,0.81685,0.7656,0.72055,0.5736,0.43243,0.39701,0.15022,-0.19711,-0.08209,-0.27123,-0.55769,-0.62165,-1.28339,-1.10236,-0.56086,-1.40186,-1.14808,-0.79924
ASP134,0.09562,0.00823,-0.22755,-1.08622,-0.52293,-0.04944,0.11214,0.94881,1.47362,1.88896,0.74148,0.83705,0.42624,0.01027,0.3481,-0.04625,0.22167,0.32218,0.57157,0.96109,1.21944,1.60871,1.8917,1.37578,0.86403,0.23219,0.00228,-0.59309,-0.64933,-0.36848,-0.19161,0.23939,0.37099,0.7005,1.05028,1.21454,0.55319,0.83227,0.13324,-0.16925,-0.69693,-0.13559,0.10842,0.83866,0.43639,0.64969,1.4158,1.42537,1.40691,1.73629,2.14105,1.8874,1.39575,1.25507,2.06028,1.05072,0.79808,0.71708,0.3998,-0.18825,-0.99564,-0.94823,-0.34783,0.33404,0.5372,0.39247,0.82353,0.72615,0.49185,-0.08498,0.03192,-0.19168,-0.36226,-0.28844,-0.38678,-0.39763,-0.42659,-0.32183,-0.27377,-0.23733,-0.40297,-0.43368,-0.46758,-0.44006,-0.10361,-0.24348,-0.48726,-0.20136,-0.06188,0.18624,0.48005,0.19746,0.17939,0.40267,0.57248,0.47687,0.26046,0.08665,-0.69324,-0.57317,-0.39353,-0.17269,-0.2417,-0.4822,-0.24232,-0.16184,-0.66075,-0.83297,-0.51978,-0.71989,-1.09763,-1.06885,-0.35838,-0.13871,0.09631,0.55381,0.53144,0.64349,0.25501,0.07351,-0.26252,-0.68245,-0.45694,-0.90916,-0.79594,-0.34344,-0.42764,-0.09384,-0.06696,0.62966,0.76413,0.11236,0.7483,0.0,0.52622,0.27892,0.91102,0.83972,0.69757,0.68251,0.7097,0.58589,0.5613,0.3027,0.04422,0.03188,-0.08555,-0.31073,-0.79199,-1.18971,-1.26684,-1.21601,-1.5628,-1.51536,-1.2284
GLU135,0.21254,0.29807,0.25196,-0.80948,-0.31118,-0.01963,0.03262,0.63806,0.92783,1.24103,0.27158,0.50256,0.07141,-0.38372,-0.06024,-0.62724,-0.24456,0.17758,0.54164,0.92824,1.27984,1.55076,1.89705,1.42133,1.08406,0.4653,0.33217,-0.38533,-0.40529,-0.05447,0.20243,0.65559,0.69997,0.96508,1.15209,1.45037,0.90814,0.81918,0.12816,-0.27323,-0.99662,-0.47605,-0.38195,0.56566,-0.10266,0.09952,1.10298,0.9765,0.79558,1.33586,1.73333,1.22948,0.85968,1.11822,2.18557,1.03954,0.88131,0.92592,0.61645,-0.14961,-0.83404,-0.94783,-0.55055,0.31997,0.49916,0.13411,0.43599,0.37038,0.32122,-0.10978,-0.024,-0.31527,-0.50883,-0.44059,-0.59011,-0.50928,-0.61291,-0.58885,-0.40953,-0.27886,-0.40278,-0.58646,-0.55081,-0.49655,-0.30749,-0.44861,-0.68423,-0.45215,-0.26142,0.05152,0.80125,0.83942,0.91251,1.03694,1.06303,0.80241,0.20231,0.01109,-0.90746,-0.9135,-0.81884,-0.56322,-0.64743,-0.85678,-0.57767,-0.44027,-0.90193,-0.97799,-0.71075,-0.90392,-1.07196,-1.03109,-0.66719,-0.39653,-0.10496,0.3155,0.2738,0.39477,0.07567,-0.09858,-0.32237,-0.72571,-0.54621,-1.20545,-1.09174,-0.65736,-0.67301,-0.10064,0.1455,0.52013,0.63823,0.67408,1.24526,0.52622,0.0,0.13909,0.54646,0.59294,0.76642,0.78971,0.64764,0.56602,0.61593,0.30949,-0.07616,0.02162,-0.21788,-0.52704,-0.75966,-1.40527,-1.32387,-1.00253,-1.46234,-1.32449,-0.98222
LEU136,0.1838,0.25317,0.09093,-0.90472,-0.18763,0.12745,0.26122,0.56492,0.71842,0.87383,0.223,0.27993,-0.08029,-0.44237,-0.21196,-1.31991,-0.57263,0.07625,0.65686,1.12072,1.65077,1.93764,2.18024,1.67394,1.22756,0.70687,0.51349,-0.1949,-0.31314,0.05683,0.31452,0.65504,0.85563,1.11715,1.44941,1.88155,1.62569,1.26638,0.61373,0.2666,-0.82028,-0.56767,-0.83359,0.04054,-0.64508,-0.32838,0.78391,0.59568,0.51769,1.15121,1.48967,0.85996,0.59535,1.00304,1.51495,0.9072,1.17484,1.17177,0.87425,0.2348,-0.22164,-0.32439,0.00818,0.69858,0.69293,0.00324,0.10643,-0.17339,-0.0916,-0.23683,-0.32832,-0.58086,-0.82753,-0.81079,-0.83506,-0.73094,-0.85114,-0.85357,-0.58791,-0.4467,-0.61491,-0.71904,-0.61295,-0.53737,-0.4526,-0.49319,-0.57166,-0.45703,-0.38814,-0.05232,0.74995,1.08846,1.1977,1.17279,1.06786,0.7143,-0.04246,-0.12289,-1.18531,-1.39848,-1.3284,-0.98846,-1.08773,-1.25663,-0.92307,-0.85107,-1.2153,-1.16135,-0.99744,-1.15395,-1.10257,-1.00592,-0.73711,-0.14991,0.19128,0.41976,0.18884,0.30392,0.07752,0.0644,-0.24112,-0.38019,-0.01149,-0.69509,-0.87379,-0.48787,-0.55491,-0.1886,0.01853,0.48467,0.52397,0.37835,0.90636,0.27892,0.13909,0.0,-0.04285,0.41388,1.16331,1.20077,0.89065,0.94246,1.07472,0.62127,0.12526,0.34481,0.05376,-0.46059,-0.69565,-1.68162,-1.62108,-1.16202,-1.70547,-1.23034,-0.9223
ALA137,0.45418,0.42514,0.16007,-0.97963,-0.22124,0.0582,0.22464,0.61165,1.15272,1.55956,1.37338,1.2583,0.8095,0.24017,0.17974,-1.11606,-0.02921,0.69252,1.50371,2.30913,2.70023,2.85069,2.55684,1.81314,0.9969,0.37729,0.02794,-0.52593,-0.6455,-0.36565,-0.29465,0.04721,0.36204,0.7508,1.24713,1.65859,1.69809,1.88577,1.40867,1.25824,0.59404,0.97052,0.80198,1.56446,0.58003,0.92966,2.07663,1.42343,1.40042,2.01261,2.11415,1.42669,1.29974,1.21654,1.28423,0.96695,1.31999,0.8256,0.75343,0.12203,-0.32267,-0.13264,0.27365,0.95461,0.90454,0.18434,0.52431,0.27075,0.3979,0.10794,0.14333,-0.10999,-0.32968,-0.20392,-0.33209,-0.43461,-0.58564,-0.48854,-0.36196,-0.30835,-0.57011,-0.60689,-0.47237,-0.47801,-0.36307,-0.31828,-0.43635,-0.39169,-0.29267,-0.11421,0.23374,0.42131,0.48147,0.3544,0.25065,-0.02396,-0.4459,-0.08033,-0.87459,-0.70481,-0.69721,-0.27862,-0.38855,-0.75161,-0.42731,-0.24419,-0.67243,-0.80176,-0.61335,-0.64175,-0.76495,-0.97334,-0.59656,0.03712,0.40089,0.53096,0.33595,0.39224,0.07718,0.23089,-0.32167,-0.67134,-0.54114,-1.05555,-1.01888,-0.75643,-0.76491,-0.31189,-0.05548,0.50825,0.61357,0.57409,1.04074,0.91102,0.54646,-0.04285,0.0,0.44449,0.93356,1.18292,1.25492,1.21278,1.20523,0.87616,0.35927,0.49692,0.33606,-0.06476,-0.88776,-1.61484,-1.65184,-1.68754,-2.16653,-2.00429,-1.59481
ARG138,0.66511,0.60466,0.27111,-0.74659,-0.29727,-0.10463,0.06371,0.35055,0.70863,1.03577,1.13,1.12095,0.723,0.23525,0.05422,-1.18132,-0.19652,0.54742,1.41392,2.19951,2.37989,2.31939,1.98119,1.31982,0.66571,0.12613,-0.11283,-0.43408,-0.50919,-0.31728,-0.41581,-0.20551,-0.00443,0.28907,0.64749,1.03039,1.14212,1.58548,1.1427,1.13466,0.49393,0.72007,0.53923,1.12294,0.2141,0.52527,1.64231,0.92342,0.89863,1.38273,1.36066,0.78272,0.62024,0.54355,0.68396,0.4546,0.56024,0.3169,0.40325,0.30611,0.04931,0.25824,0.4968,0.96492,0.66867,-0.1413,0.15237,0.08221,0.19023,-0.10868,-0.07572,-0.34533,-0.45587,-0.23462,-0.37219,-0.47936,-0.59137,-0.46975,-0.44147,-0.34922,-0.40171,-0.36652,-0.23431,-0.20538,-0.15512,-0.08046,-0.14203,-0.08243,0.04486,0.22763,0.54621,0.54873,0.60041,0.47321,0.50614,0.1864,-0.21528,-0.0323,-1.07032,-0.80893,-0.65855,-0.39763,-0.54809,-0.83623,-0.44564,-0.31248,-0.60871,-0.64754,-0.44906,-0.44362,-0.48859,-0.67297,-0.53963,0.00297,0.28499,0.2741,0.0834,0.16026,-0.09374,0.13223,-0.23913,-0.51888,-0.32722,-0.70898,-0.70257,-0.45907,-0.50023,-0.21499,-0.02582,0.54903,0.61029,0.45763,0.81685,0.83972,0.59294,0.41388,0.44449,0.0,0.61569,0.77578,1.20783,1.14026,1.05702,0.61279,-0.00715,0.11253,0.01737,-0.31183,-0.98384,-1.66222,-1.63345,-1.5897,-1.92077,-1.84578,-1.61933
ALA139,1.02331,1.13526,0.63887,-0.56712,-0.27087,-0.09867,0.09416,0.18774,0.4117,0.55118,0.58768,0.75246,0.49335,0.0915,-0.09435,-1.6333,-0.67574,0.16237,1.08081,1.67045,2.17004,1.99268,1.81358,1.22016,0.71697,0.34046,0.09476,-0.31018,-0.38958,-0.15359,-0.22323,-0.05123,0.24032,0.52087,0.932,1.32754,1.48071,1.62361,1.12591,1.08566,0.2779,0.2416,-0.21695,0.32865,-0.75824,-0.44388,0.92097,0.0306,-0.0144,0.82558,0.94936,0.06991,0.09281,0.55797,0.54827,0.23369,0.54877,0.39252,0.38926,0.19734,0.13697,0.34917,0.58274,1.06221,0.65287,-0.42717,-0.28275,-0.45827,-0.19039,-0.34534,-0.53019,-0.77725,-0.99559,-0.76882,-0.74352,-0.73715,-0.88309,-0.79359,-0.58784,-0.40364,-0.59695,-0.70512,-0.48373,-0.40002,-0.32301,-0.26885,-0.25223,-0.17961,-0.15323,0.05289,0.76294,1.07634,1.19728,1.067,1.0358,0.61528,-0.16081,-0.02089,-1.34938,-1.40531,-1.29053,-1.10756,-1.31624,-1.54731,-1.05835,-0.89187,-1.18912,-1.01286,-0.90052,-0.93228,-0.72029,-0.80715,-0.6865,-0.04405,0.21098,0.16914,-0.17878,-0.02861,-0.2283,-0.09437,-0.39108,-0.47457,-0.2586,-0.65664,-0.69999,-0.53119,-0.62599,-0.39679,-0.1903,0.3137,0.39245,0.32256,0.7656,0.69757,0.76642,1.16331,0.93356,0.61569,0.0,0.63309,0.90533,1.11789,1.15545,0.61297,-0.00703,0.19758,0.08728,-0.37222,-0.85793,-1.90241,-1.81503,-1.41851,-1.67995,-1.54576,-1.34626
ALA140,1.3918,1.33854,0.71103,-0.89132,-0.31521,-0.13587,0.04408,0.16722,0.56994,0.72201,0.90197,1.00343,0.83005,0.33594,0.07408,-1.6267,-0.42099,0.48463,1.44479,1.99555,2.67582,2.28559,1.98931,1.39492,0.72591,0.39651,0.1402,-0.34605,-0.4113,-0.14719,-0.24774,-0.08001,0.29414,0.56811,1.15385,1.63207,2.0748,2.13628,1.79248,1.67831,0.97044,0.98498,0.51429,0.79455,-0.24742,0.43396,1.68127,0.35534,0.59047,1.57518,1.32,0.40904,0.65046,0.99137,0.57792,0.41487,0.91982,0.48467,0.41631,-0.01771,-0.05085,0.21235,0.4982,1.26774,0.85482,-0.41357,-0.29312,-0.56254,-0.12759,-0.41567,-0.46789,-0.71911,-0.94717,-0.79978,-0.6828,-0.69778,-0.84386,-0.79575,-0.4839,-0.43094,-0.803,-0.9819,-0.71415,-0.66459,-0.5392,-0.41652,-0.40108,-0.34928,-0.30697,-0.17623,0.29571,0.83736,0.97916,0.71837,0.52963,0.1545,-0.54662,-0.01136,-1.07183,-0.97263,-0.98408,-0.49923,-0.7256,-1.06914,-0.64012,-0.59074,-0.98412,-0.87521,-0.81739,-0.88154,-0.63227,-0.89277,-0.61841,-0.01698,0.23928,0.14104,-0.19553,-0.07554,-0.37931,-0.14333,-0.60048,-0.59026,-0.35278,-0.79632,-0.8778,-0.67968,-0.79927,-0.67386,-0.53144,-0.02796,0.15131,0.19589,0.72055,0.68251,0.78971,1.20077,1.18292,0.77578,0.63309,0.0,0.46679,1.10334,1.29043,0.80378,0.32482,0.72226,0.60898,0.14876,-0.65211,-1.98967,-1.98533,-1.86741,-2.00587,-1.7785,-1.57162
ALA141,1.72797,1.69723,0.87931,-0.89654,-0.25056,-0.06594,-0.06649,0.06425,0.73722,1.06354,1.50218,1.66294,1.55643,1.01476,0.42243,-1.27163,0.13473,1.06088,2.06299,2.75118,2.63939,1.98377,1.44395,1.01428,0.33822,0.07131,-0.14223,-0.37131,-0.38949,-0.22343,-0.48934,-0.48006,-0.09126,0.12549,0.67711,1.03647,1.58509,2.16337,1.88028,1.90757,1.45416,1.6181,1.36216,1.56845,0.77409,1.35448,2.34867,0.83864,1.20977,2.03636,1.30002,0.46923,0.8208,0.88637,0.44278,0.40836,0.79079,0.32496,0.42193,0.11564,0.16162,0.49139,0.8433,1.50051,0.99002,-0.3254,-0.06134,-0.26951,0.26314,-0.15047,-0.06703,-0.29945,-0.46003,-0.32849,-0.37822,-0.3931,-0.51327,-0.3942,-0.28089,-0.32224,-0.61711,-0.69614,-0.50888,-0.52183,-0.40788,-0.19516,-0.18712,-0.17988,-0.12827,-0.09518,0.08922,0.36739,0.46818,0.22859,0.13756,-0.14022,-0.51447,0.15795,-0.69144,-0.28111,-0.44668,0.00551,-0.06701,-0.52796,-0.15481,-0.07429,-0.4506,-0.48225,-0.42942,-0.28579,-0.13344,-0.57853,-0.36176,0.10759,0.30764,0.0606,-0.19839,-0.13459,-0.41942,-0.02433,-0.57113,-0.70829,-0.52672,-1.01492,-1.02313,-0.88786,-0.92741,-0.77651,-0.68203,-0.10635,0.04109,0.07772,0.5736,0.7097,0.64764,0.89065,1.25492,1.20783,0.90533,0.46679,0.0,0.91734,0.89213,0.51173,-0.14292,0.25398,0.34397,0.06715,-0.94244,-1.77291,-2.08966,-2.38029,-2.37587,-2.24926,-1.94935
MET142,1.60763,1.68963,0.89817,-0.70748,-0.17236,-0.0684,-0.01226,-0.04898,0.47059,0.87305,1.31974,1.58326,1.49346,1.02084,0.58802,-1.14013,0.22328,0.97851,1.71565,2.13156,2.00921,1.30501,0.85154,0.58991,0.14532,-0.06992,-0.13192,-0.20811,-0.16872,-0.00487,-0.36826,-0.46166,-0.12917,0.0665,0.51288,0.86596,1.36538,1.89077,1.56333,1.63908,1.25553,1.25135,0.94027,1.09711,0.25214,0.6849,1.81636,0.45764,0.76892,1.64502,0.94007,0.12206,0.47095,0.59552,0.1318,0.29417,0.59519,0.17996,0.2744,0.13068,0.39998,0.74258,1.23116,1.80673,1.1248,-0.23368,-0.13587,-0.39446,0.1039,-0.22371,-0.28431,-0.56948,-0.77234,-0.59412,-0.47722,-0.56819,-0.66078,-0.43369,-0.25967,-0.25369,-0.60483,-0.72483,-0.56906,-0.51707,-0.38716,-0.24094,-0.13825,-0.05507,-0.02953,0.002,0.31507,0.54907,0.68118,0.58665,0.58178,0.30076,-0.1623,0.20316,-0.8333,-0.79931,-0.94026,-0.46422,-0.49613,-0.95458,-0.52583,-0.39069,-0.67188,-0.64947,-0.54503,-0.42656,-0.11848,-0.50414,-0.31313,0.1837,0.3872,0.08821,-0.19123,-0.2043,-0.44562,-0.10533,-0.63647,-0.55593,-0.35537,-0.70264,-0.7486,-0.64531,-0.74357,-0.62097,-0.50834,-0.21267,-0.0157,0.00286,0.43243,0.58589,0.56602,0.94246,1.21278,1.14026,1.11789,1.10334,0.91734,0.0,0.71438,0.16572,-0.75746,-0.24661,-0.00423,-0.24384,-1.13604,-1.94721,-2.15251,-2.4162,-2.42276,-2.27528,-1.82889
ASN143,1.55056,1.62575,0.80048,-0.87777,-0.21029,-0.15087,0.07354,0.08245,0.55097,0.78878,1.21234,1.43095,1.35043,0.86998,0.61382,-1.07502,0.17839,0.8434,1.47946,1.48893,1.7451,1.18492,0.74616,0.49566,0.0483,-0.04679,-0.03022,-0.1511,-0.06124,0.17623,-0.1986,-0.26483,0.03743,0.22687,0.72553,1.09289,1.57798,1.88203,1.68673,1.78627,1.20345,1.00707,0.54471,0.57222,-0.17142,0.2658,1.29796,0.1272,0.46881,1.32033,0.81553,-0.0477,0.23816,0.45349,0.00037,0.06184,0.46342,0.00063,-0.04958,-0.19037,0.18515,0.52995,0.89703,1.4984,0.87698,-0.26938,-0.11114,-0.31207,0.19335,-0.17761,-0.43015,-0.71908,-1.06202,-0.81685,-0.57837,-0.69964,-0.83365,-0.57016,-0.2253,-0.13136,-0.62996,-0.79945,-0.61601,-0.59332,-0.47909,-0.37056,-0.26929,-0.13881,-0.14341,-0.05661,0.33127,0.64656,0.74817,0.60886,0.55264,0.24644,-0.3543,0.15498,-0.9041,-0.89628,-0.98596,-0.5479,-0.85521,-1.15513,-0.7377,-0.70631,-0.99934,-0.90469,-0.92965,-0.79347,-0.39779,-0.7525,-0.54465,0.07767,0.30501,0.06527,-0.19685,-0.2149,-0.48189,-0.2035,-0.65776,-0.57129,-0.35925,-0.60421,-0.67834,-0.48466,-0.59695,-0.62891,-0.54483,-0.23981,-0.10008,-0.11242,0.39701,0.5613,0.61593,1.07472,1.20523,1.05702,1.15545,1.29043,0.89213,0.71438,0.0,-0.48633,-0.58359,0.03872,0.176,-0.18235,-1.0353,-1.886,-1.9214,-2.07491,-2.38137,-2.1838,-1.83342
PRO144,1.64342,1.55697,0.95476,-0.59366,-0.28562,-0.11113,-0.01535,0.07828,0.61721,0.83764,1.34854,1.65407,1.6347,1.04834,0.69867,-0.81951,0.45401,1.21765,1.76317,1.56308,1.67538,1.1192,0.58684,0.35335,-0.05881,-0.30114,-0.26245,-0.1489,-0.00768,0.18862,-0.19935,-0.28173,0.04874,0.27664,0.80013,1.18026,1.71888,2.19353,2.08374,1.93434,1.44714,1.2849,0.83923,0.67421,0.12196,0.74471,1.39364,0.14968,0.85646,1.75713,0.96322,0.25006,0.62732,0.65988,0.03192,0.13374,0.54659,-0.02912,-0.22245,-0.21973,0.04814,0.36785,0.44565,1.05951,0.52695,-0.48522,-0.29352,-0.52026,0.13906,-0.2303,-0.26049,-0.43366,-0.75946,-0.52795,-0.38293,-0.49086,-0.58233,-0.48378,-0.05792,-0.08165,-0.63952,-0.9597,-0.78565,-0.71391,-0.66494,-0.63185,-0.52405,-0.47797,-0.4173,-0.35492,-0.03058,0.48523,0.50028,0.20282,-0.0248,-0.40085,-0.93303,0.07155,-0.33602,-0.17341,-0.39172,0.13346,-0.0994,-0.55107,-0.19883,-0.1502,-0.4322,-0.52075,-0.60372,-0.4654,-0.22401,-0.75396,-0.52515,-0.08705,0.127,-0.16269,-0.34008,-0.34387,-0.61343,-0.36771,-0.95371,-0.82822,-0.50591,-0.57518,-0.67211,-0.43673,-0.43852,-0.48879,-0.50456,-0.44219,-0.11104,-0.00249,0.15022,0.3027,0.30949,0.62127,0.87616,0.61279,0.61297,0.80378,0.51173,0.16572,-0.48633,0.0,-0.85389,0.39774,0.19799,-0.20986,-1.20057,-1.65337,-1.65332,-1.93568,-2.1259,-2.11649,-1.88304
THR145,1.33435,1.26711,0.91714,-0.00487,0.12222,0.18478,0.35885,0.36016,0.72596,0.78521,1.10387,1.19838,1.36363,0.77434,0.5879,-0.56385,0.26014,0.69435,1.25216,0.8607,0.9561,0.67395,0.26663,-0.08428,-0.32274,-0.25885,-0.20892,-0.29296,-0.1219,0.20794,-0.04104,-0.06903,0.15721,0.33802,0.67011,0.95617,1.35872,1.49839,1.50292,1.27675,0.93106,0.8807,0.51091,0.3543,-0.04477,0.47851,1.00967,0.06909,0.45199,1.15265,0.58655,0.03894,0.42985,0.44315,-0.04284,0.07209,0.43983,0.03549,-0.02934,0.01306,0.04971,-0.03893,0.19429,0.50249,0.42025,-0.2387,-0.01397,0.02293,0.51499,0.09941,0.07036,-0.08237,-0.36573,-0.3707,-0.29296,-0.41622,-0.42492,-0.40649,-0.02198,-0.05084,-0.55423,-0.78592,-0.6977,-0.78554,-0.67429,-0.66907,-0.73335,-0.73483,-0.72848,-0.55643,-0.12257,0.48777,0.51769,0.15313,-0.09575,-0.4403,-1.0815,-0.22346,-0.39036,-0.06361,-0.13789,0.29366,-0.02052,-0.43935,-0.27065,-0.18856,-0.42711,-0.64831,-0.69571,-0.44031,-0.41851,-0.83372,-0.6136,-0.33421,-0.10282,-0.33013,-0.38436,-0.37713,-0.66207,-0.53586,-0.8729,-1.01594,-0.57365,-0.3589,-0.32395,0.09797,0.22829,-0.05924,-0.51527,-0.30149,-0.01882,-0.27433,-0.19711,0.04422,-0.07616,0.12526,0.35927,-0.00715,-0.00703,0.32482,-0.14292,-0.75746,-0.58359,-0.85389,0.0,0.64705,0.47074,-0.47191,-1.47918,-1.30235,-1.05242,-1.38817,-1.635,-1.73858,-1.51036
LEU146,1.09683,1.10213,0.84099,-0.28122,-0.15641,0.12294,0.26801,0.31671,0.8255,0.93498,1.2189,1.16845,1.40874,0.69832,0.79739,-0.58996,0.46848,0.91246,1.4376,1.17746,1.2576,0.77473,0.30999,-0.07749,-0.49825,-0.45238,-0.32566,-0.40775,-0.12313,0.34194,0.11511,0.14689,0.40219,0.63172,1.03866,1.31809,1.7333,1.89701,2.30623,1.79519,1.38819,1.37713,0.81483,0.48734,0.21363,0.85904,1.21169,0.21493,0.73292,1.67644,1.08174,0.28898,0.67508,0.72596,0.04546,0.05025,0.50432,0.06423,-0.12469,-0.22662,-0.33512,-0.2799,-0.27762,0.29653,0.1834,-0.55224,-0.25742,-0.29815,0.27982,-0.09054,-0.0269,-0.11532,-0.2737,-0.36382,-0.35448,-0.50016,-0.37278,-0.52237,-0.11998,-0.22758,-0.79945,-0.93628,-0.81852,-0.99096,-0.93627,-0.86175,-0.9073,-1.01821,-1.02534,-0.93226,-0.65095,0.25726,0.33222,-0.17764,-0.53803,-0.86355,-1.3748,-0.3236,-0.02889,0.46044,0.18861,0.9763,0.45933,-0.01957,0.01796,-0.12282,-0.45471,-0.64988,-0.74394,-0.58663,-0.51836,-1.01125,-0.81486,-0.50076,-0.23153,-0.38771,-0.43982,-0.43287,-0.71713,-0.55161,-0.90455,-0.83098,-0.47752,-0.37928,-0.5021,-0.13961,-0.0298,-0.22325,-0.60214,-0.513,-0.13236,-0.14665,-0.08209,0.03188,0.02162,0.34481,0.49692,0.11253,0.19758,0.72226,0.25398,-0.24661,0.03872,0.39774,0.64705,0.0,1.0299,0.03637,-1.42981,-1.61414,-1.25654,-1.40535,-1.69461,-1.70784,-1.52356
GLU147,0.54298,0.73076,0.239,-0.86374,-0.28222,-0.12634,0.2978,0.29415,0.98296,1.16172,1.53023,1.24316,1.77052,1.00352,1.41213,0.04916,1.3007,1.55307,1.72882,1.25712,1.25986,0.70303,0.02375,-0.37761,-0.89615,-0.93311,-0.80871,-0.6463,-0.33892,0.14664,-0.1163,-0.1076,0.18329,0.39792,0.81949,1.05702,1.52168,1.62196,2.44878,2.08227,1.95766,1.86613,1.31731,0.864,0.72199,1.39634,1.40874,0.53594,1.22277,1.86386,1.20435,0.75505,1.21158,0.82498,0.10511,0.24316,0.61406,0.04094,-0.0284,-0.16427,-0.21047,-0.03628,-0.15009,0.45129,0.25816,-0.36946,-0.16942,-0.24253,0.43893,0.0944,0.41819,0.38239,0.41778,0.22524,0.06753,-0.07771,0.05951,-0.07546,0.16212,-0.08645,-0.68843,-0.72397,-0.59358,-0.77762,-0.78429,-0.66797,-0.69422,-0.81122,-0.83902,-0.84992,-1.12485,-0.22786,-0.12622,-0.66698,-1.05409,-1.20975,-1.35601,-0.22263,0.35907,1.17753,0.83963,1.73597,1.33302,0.82064,0.868,0.59207,0.16055,-0.0592,-0.12746,-0.12744,-0.09334,-0.67221,-0.55679,-0.24231,-0.01203,-0.22863,-0.30777,-0.35354,-0.68964,-0.45184,-0.76342,-0.64784,-0.41795,-0.41758,-0.67363,-0.38672,-0.27157,-0.50075,-0.77776,-0.66804,-0.39413,-0.43266,-0.27123,-0.08555,-0.21788,0.05376,0.33606,0.01737,0.08728,0.60898,0.34397,-0.00423,0.176,0.19799,0.47074,1.0299,0.0,0.14569,-2.06277,-2.15074,-1.46712,-1.72208,-1.96059,-1.91767,-1.77766
ASP148,-0.35267,-0.24592,-0.64765,-1.16707,-0.42665,-0.11159,0.2835,0.43418,1.23077,1.30952,1.8146,1.43916,1.79137,1.12143,1.58713,0.90897,1.92842,1.69889,1.50233,1.01469,0.79363,0.40452,-0.38369,-0.67252,-1.21285,-1.32605,-1.36251,-0.94371,-0.53032,-0.21997,-0.48608,-0.56936,-0.3231,-0.1479,0.31789,0.45804,0.93631,1.17231,2.04321,1.72265,2.03619,1.96271,1.52099,1.07806,1.18579,1.76987,1.42824,0.84053,1.63089,1.85433,1.03269,1.12946,1.69096,0.53928,-0.01597,0.35532,0.38066,-0.35708,-0.30213,-0.29454,-0.30253,0.07671,-0.14799,0.38552,0.23004,-0.0023,0.06789,-0.01992,0.68863,0.37037,1.03454,1.24667,1.52322,1.28189,0.8884,0.68116,0.91322,0.63023,0.51422,0.1015,-0.27587,-0.21667,-0.15958,-0.22215,-0.29565,-0.25738,-0.25744,-0.43555,-0.40491,-0.63628,-1.48865,-1.01446,-0.93401,-1.32191,-1.57172,-1.58686,-1.17296,-0.08453,0.74618,1.89432,1.57738,2.57022,2.35658,1.92712,1.81499,1.5339,1.14698,0.69483,0.61601,0.58451,0.38769,-0.26474,-0.15768,-0.21288,0.0595,-0.17191,-0.14787,-0.29915,-0.60309,-0.25799,-0.48075,-0.14835,-0.16386,-0.35764,-0.71623,-0.63066,-0.62039,-0.8635,-0.92618,-0.84347,-0.74091,-0.70831,-0.55769,-0.31073,-0.52704,-0.46059,-0.06476,-0.31183,-0.37222,0.14876,0.06715,-0.24384,-0.18235,-0.20986,-0.47191,0.03637,0.14569,0.0,-2.82587,-2.72514,-1.62824,-1.90041,-1.98175,-1.84137,-1.77106
THR149,-0.19684,0.53393,0.93761,1.24792,0.63487,0.6001,0.67592,0.48106,0.50267,0.3082,0.38913,-0.00338,0.05861,-0.01418,-0.04748,-0.22113,-0.27111,-0.28076,-0.27538,-0.57883,-0.65428,-0.72182,-0.98457,-1.10931,-1.06133,-0.76151,-0.83858,-0.62563,-0.36605,-0.24705,-0.00483,0.17518,0.11865,0.08112,-0.04178,-0.10515,-0.04756,-0.07772,0.52493,0.23392,0.13515,-0.07865,-0.37271,-0.59262,-0.50429,-0.2495,-0.47855,-0.63888,-0.68565,-0.72094,-0.9042,-0.87771,-1.22085,-1.36231,-1.02126,-1.2112,-1.4375,-1.10241,-0.88949,-0.48236,-0.50927,-0.01726,-1.04646,-0.65546,-0.44125,-0.12702,0.06539,0.00409,-0.23868,-0.12891,-0.14121,0.11879,0.1834,0.02037,-0.24549,-0.37452,-0.22329,-0.57545,-0.68358,-0.7734,-0.76732,-0.63502,-0.39574,-0.68177,-1.17479,-0.83384,-0.6618,-0.95191,-0.867,-1.19833,-1.56314,-1.33954,-1.25675,-1.28855,-1.21915,-1.08114,-0.78846,-0.63351,-0.04315,0.01304,-0.22609,0.41722,-0.00505,-0.18452,-0.21795,-0.36346,-0.64129,-0.54684,-0.53929,-0.82757,-0.58825,-0.47869,-1.26815,-1.46113,-1.15719,-0.78897,-0.71507,-0.41611,-0.19918,-0.46728,-0.42776,0.06317,-0.29632,-0.33978,-0.61483,-0.91572,-0.87586,-0.63252,-0.39457,-0.71326,-0.79336,-0.46217,-0.62165,-0.79199,-0.75966,-0.69565,-0.88776,-0.98384,-0.85793,-0.65211,-0.94244,-1.13604,-1.0353,-1.20057,-1.47918,-1.42981,-2.06277,-2.82587,0.0,-4.70654,-1.23757,-0.20694,-0.24669,0.03423,-0.07383
GLY150,-0.54156,-0.42975,0.12308,1.61685,0.23675,0.26864,0.1976,0.27165,0.28283,0.2929,0.19095,-0.14321,-0.14458,-0.00874,-0.20654,0.93741,0.2243,-0.30106,-0.5512,-0.88024,-1.20609,-1.11544,-1.45557,-1.60377,-1.555,-1.34424,-1.375,-1.03191,-0.81802,-0.81869,-0.85314,-0.83834,-0.89307,-0.89656,-0.99217,-1.02205,-0.9802,-0.8597,-0.54716,-0.76218,-0.45724,-0.41467,-0.32926,-0.64071,-0.28774,-0.13291,-0.70657,-0.62856,-0.47955,-0.6989,-1.05434,-0.71095,-0.68706,-1.40294,-1.45392,-1.14659,-1.59495,-1.56091,-1.11635,-0.44993,0.18488,-0.15557,-0.61211,-1.06141,-1.00383,-0.26814,-0.12098,0.28115,0.22046,0.33601,0.39151,0.49493,1.15151,1.06025,0.69968,0.59457,0.70378,0.36434,0.11942,-0.29587,-0.07249,-0.06893,0.21149,-0.03905,-0.5472,-0.34677,-0.1729,-0.59557,-0.66897,-0.92631,-1.42465,-1.09145,-0.98434,-1.26961,-1.42201,-1.26303,-1.10808,-0.43891,0.24855,0.65004,0.84243,0.95137,1.06475,1.06066,0.894,0.87676,0.93864,0.72698,0.68259,0.7014,0.37613,0.48719,-0.29168,-1.30026,-1.37525,-1.22828,-0.83337,-0.87529,-0.73461,-0.75775,-0.34143,-0.1799,-0.33875,-0.2207,-0.24904,-0.33689,-0.17612,-0.24738,-0.40439,-0.63712,-0.79234,-0.99337,-1.28339,-1.18971,-1.40527,-1.68162,-1.61484,-1.66222,-1.90241,-1.98967,-1.77291,-1.94721,-1.886,-1.65337,-1.30235,-1.61414,-2.15074,-2.72514,-4.70654,0.0,0.72421,-1.16006,-0.13373,-0.30382,-0.42336
TYR151,-1.13953,-1.06918,-0.04632,1.86048,0.33804,0.29551,0.53053,0.56709,0.32977,0.04587,-0.04303,-0.43738,-0.251,0.19662,0.18711,1.11103,-0.08888,-0.51115,-0.88469,-1.22323,-1.40111,-1.30665,-1.40001,-1.40198,-1.21873,-0.88229,-0.90503,-0.68199,-0.57863,-0.69773,-0.53055,-0.3209,-0.58604,-0.65355,-1.08005,-1.12306,-1.17745,-1.14341,-0.74477,-0.88744,-0.77514,-0.89571,-0.77397,-0.91063,-0.6397,-0.67288,-1.02888,-0.63992,-0.93518,-1.43429,-1.30724,-1.03042,-1.27853,-1.75825,-1.31099,-1.29098,-1.86593,-1.69885,-1.28424,-0.29771,0.55829,0.17571,-0.74705,-1.02942,-0.5709,0.31759,0.34671,0.93184,0.45385,0.84178,0.60741,0.66853,1.07644,0.85541,0.81308,0.74431,0.63235,0.17606,0.12957,-0.19912,-0.2397,-0.20551,0.12087,-0.55286,-1.30301,-0.61456,-0.50658,-1.11152,-1.23485,-1.57585,-1.88439,-1.36807,-1.18846,-1.41919,-1.74422,-1.64434,-1.55547,-1.09277,-0.34356,-0.10081,0.05105,0.08397,-0.12475,0.02067,-0.12785,-0.24302,-0.31868,-0.29296,-0.16338,-0.42701,-0.63513,0.02806,-1.1644,-1.54798,-1.37933,-0.9681,-0.56308,-0.40827,-0.18949,-0.62077,-0.08978,-0.13753,-0.36996,-0.3216,-0.25516,-0.23383,0.088,0.17655,0.13517,-0.4727,-0.71218,-0.74436,-1.10236,-1.26684,-1.32387,-1.62108,-1.65184,-1.63345,-1.81503,-1.98533,-2.08966,-2.15251,-1.9214,-1.65332,-1.05242,-1.25654,-1.46712,-1.62824,-1.23757,0.72421,0.0,-0.96476,-0.21239,-0.13865,-0.1979
GLN152,-1.71317,-0.91517,0.5799,2.38999,0.9207,0.50923,0.97221,0.90499,0.12047,-0.22626,-0.67061,-1.1184,-1.48642,-0.50159,-0.7064,0.26013,-1.69126,-1.64641,-1.84254,-1.97675,-1.7369,-1.42347,-1.19247,-1.03483,-0.43921,-0.0415,-0.17075,-0.1648,-0.19212,-0.41304,0.07137,0.62308,0.21957,0.09345,-0.80124,-0.88922,-1.22041,-1.35206,-1.1983,-1.3872,-1.65379,-1.87044,-1.90425,-1.79381,-1.66602,-1.91339,-1.81517,-1.23977,-2.2547,-2.52812,-1.69612,-1.59085,-2.27213,-2.07166,-1.45693,-1.83192,-2.34694,-1.73342,-1.51655,-0.42452,-0.11497,-0.2535,-1.69643,-1.52384,-0.52761,0.58264,0.65124,1.21479,0.19779,0.92773,-0.04946,-0.05513,-0.11514,-0.32789,-0.17035,-0.11145,-0.30757,-0.78992,-0.69754,-0.62207,-0.50177,-0.54559,-0.36334,-1.32638,-2.28393,-1.25725,-1.10231,-1.73238,-1.73257,-2.2396,-1.97991,-1.47076,-1.17519,-1.15099,-1.2571,-1.21669,-1.4741,-1.88369,-1.17715,-1.45569,-1.20819,-1.14604,-1.71427,-1.65957,-1.72684,-1.59552,-1.74528,-1.46193,-1.12909,-1.76566,-1.83019,-0.57245,-2.50903,-2.28138,-2.19202,-1.17493,-0.76057,0.12142,0.72572,-0.41812,0.03557,0.0854,-0.62886,-0.40104,-0.16867,-0.28528,0.34078,0.86786,1.16125,-0.02249,-0.29466,0.10437,-0.56086,-1.21601,-1.00253,-1.16202,-1.68754,-1.5897,-1.41851,-1.86741,-2.38029,-2.4162,-2.07491,-1.93568,-1.38817,-1.40535,-1.72208,-1.90041,-0.20694,-1.16006,-0.96476,0.0,-0.12841,1.2539,0.80277
VAL153,0.39062,0.63069,1.22146,1.93977,-0.40282,-0.79863,-1.41495,-1.33441,-1.12464,-1.02395,-1.37391,-1.44678,-1.83657,-1.27657,-2.43331,-0.76263,-2.21778,-1.52193,-1.59072,-1.65522,-1.79274,-1.55291,-1.45592,-1.5952,-1.16982,-0.67682,-0.97976,-0.84363,-0.89956,-1.24466,-0.97644,-0.57853,-0.44264,-0.54035,-0.93269,-1.15412,-1.27888,-1.36458,-1.28157,-1.42081,-1.76812,-1.79276,-1.84713,-2.16388,-2.07776,-2.12896,-2.29738,-2.32001,-2.78469,-2.27289,-1.73832,-1.77221,-2.07845,-1.47066,-1.60703,-1.94242,-2.4257,-1.77955,-1.49256,-0.80358,-0.74551,-1.06995,-2.12848,-2.88426,-2.47895,-1.76714,-1.47035,-1.09872,-1.47619,-1.22147,-1.9433,-1.93334,-1.89157,-2.21756,-2.31505,-1.87347,-1.69694,-2.14651,-1.93956,-1.46466,-0.98416,-1.03759,-0.71275,-1.49279,-2.24937,-1.38441,-1.16745,-1.48263,-1.24434,-1.70806,-1.33944,-1.10879,-0.92784,-0.85775,-0.83081,-0.65797,-0.7739,-1.4285,-0.63094,-1.05832,-0.95236,-1.21968,-1.37067,-1.15469,-1.24532,-1.19764,-0.90945,-0.42334,-0.63664,-0.88485,-0.55315,0.24728,-1.4229,-2.56185,-3.13889,-2.88265,-2.74597,-1.9528,-1.1384,-1.8989,-1.27386,-0.50006,-0.75022,-0.38167,-0.17346,-0.65894,-0.29865,-0.24684,-0.27106,-0.85135,-1.09006,-1.1004,-1.40186,-1.5628,-1.46234,-1.70547,-2.16653,-1.92077,-1.67995,-2.00587,-2.37587,-2.42276,-2.38137,-2.1259,-1.635,-1.69461,-1.96059,-1.98175,-0.24669,-0.13373,-0.21239,-0.12841,0.0,0.94329,0.81257
GLU154,0.0,-1.37241,0.33951,1.13245,-0.29401,-0.52203,-1.06108,-0.85234,-1.15343,-1.22288,-1.50681,-1.50328,-2.04927,-1.10797,-1.90127,-0.41177,-2.35634,-1.84643,-1.78409,-1.91613,-1.80335,-1.4495,-1.17135,-1.04316,-0.5988,-0.23575,-0.28917,-0.32038,-0.45121,-0.70731,-0.40702,-0.18488,-0.35853,-0.58864,-1.00566,-1.15164,-1.36709,-1.52156,-1.48613,-1.57095,-1.87098,-1.97612,-2.01605,-2.11478,-1.90776,-2.11086,-2.20435,-1.8113,-2.26682,-2.22799,-1.60127,-1.40757,-1.75322,-1.40397,-1.29948,-1.4445,-1.78376,-1.4156,-1.11681,-0.3987,-0.22749,-0.39385,-1.42866,-1.69101,-1.25521,-0.46809,-0.63989,-0.5008,-1.20807,-0.59491,-1.45317,-1.26726,-1.34815,-1.76915,-1.58001,-1.32902,-1.19819,-1.5732,-1.54206,-1.29982,-1.01163,-0.69964,-0.69802,-1.36634,-2.15392,-1.18981,-1.07391,-1.70678,-1.46482,-1.91466,-1.89554,-1.77434,-1.47961,-1.36528,-1.30477,-1.20999,-1.17684,-1.99341,-0.96737,-1.55386,-1.47629,-1.51446,-1.57612,-1.35818,-1.42509,-1.51579,-1.3712,-0.83575,-0.83543,-1.3271,-1.03109,0.04345,-1.27721,-1.62189,-1.92958,-1.4676,-1.5364,-0.86981,-0.19935,-1.20703,-0.72229,0.10489,-0.07599,0.0347,-0.11034,-0.36495,-0.08926,0.03763,0.16756,-0.63635,-0.88818,-0.79778,-1.14808,-1.51536,-1.32449,-1.23034,-2.00429,-1.84578,-1.54576,-1.7785,-2.24926,-2.27528,-2.1838,-2.11649,-1.73858,-1.70784,-1.91767,-1.84137,0.03423,-0.30382,-0.13865,1.2539,0.94329,0.0,1.13574
VAL155,0.0,0.0,0.98179,0.74298,-0.2992,-0.61492,-0.79221,-1.22581,-1.43151,-1.44449,-1.49991,-1.41563,-1.52354,-0.82714,-1.29116,-0.19902,-1.82856,-1.66153,-1.70248,-1.55085,-1.55764,-1.21398,-0.94402,-0.74903,-0.27844,0.18703,0.16979,-0.14442,-0.33494,-0.49425,-0.21531,0.0472,-0.16472,-0.56668,-1.00517,-1.14381,-1.32131,-1.4818,-1.47525,-1.46147,-1.64138,-1.71982,-1.758,-1.75841,-1.59591,-1.87128,-1.93956,-1.52948,-2.01338,-1.95413,-1.38119,-1.28051,-1.51357,-1.12746,-0.9659,-1.0634,-1.2242,-0.86851,-0.5164,-0.16875,-0.09147,-0.22839,-0.96648,-0.97761,-0.69181,-0.15739,-0.37824,-0.08467,-0.65376,-0.06893,-0.95081,-0.79851,-0.93127,-1.35017,-1.33211,-1.12324,-1.05702,-1.23137,-1.19495,-1.06509,-0.93479,-0.56491,-0.4198,-1.38768,-2.11925,-0.8452,-1.09207,-1.76051,-1.57168,-2.06983,-2.05072,-1.88756,-1.68256,-1.51965,-1.39557,-1.30834,-1.31214,-2.12539,-1.22913,-1.8612,-1.6899,-1.65466,-1.79532,-1.41363,-1.34067,-1.53762,-1.59026,-0.86044,-0.88985,-1.36926,-1.03989,0.17672,-1.32026,-1.19272,-1.42449,-0.95178,-1.08139,-0.39624,-0.01623,-0.94077,-0.45473,-0.04654,-0.21458,-0.47125,-0.43414,-0.46029,-0.06119,0.18737,0.34709,-0.57035,-0.65079,-0.48463,-0.79924,-1.2284,-0.98222,-0.9223,-1.59481,-1.61933,-1.34626,-1.57162,-1.94935,-1.82889,-1.83342,-1.88304,-1.51036,-1.52356,-1.77766,-1.77106,-0.07383,-0.42336,-0.1979,0.80277,0.81257,1.13574,0.0
