,MET1,LEU2,LYS3,GLN4,VAL5,GLU6,ILE7,PHE8,THR9,ASP10,GLY11,SER12,CYS13,LEU14,GLY15,ASN16,PRO17,GLY18,PRO19,GLY20,GLY21,TYR22,GLY23,ALA24,ILE25,LEU26,ARG27,TYR28,ARG29,GLY30,ARG31,GLU32,LYS33,THR34,PHE35,SER36,ALA37,GLY38,TYR39,THR40,ARG41,THR42,THR43,ASN44,ASN45,ARG46,MET47,GLU48,LEU49,MET50,ALA51,ALA52,ILE53,VAL54,ALA55,LEU56,GLU57,ALA58,LEU59,LYS60,GLU61,HIS62,CYS63,GLU64,VAL65,ILE66,LEU67,SER68,THR69,ASP70,SER71,GLN72,TYR73,VAL74,ARG75,GLN76,GLY77,ILE78,THR79,GLN80,TRP81,ILE82,HIS83,ASN84,TRP85,LYS86,LYS87,ARG88,GLY89,TRP90,LYS91,THR92,ALA93,ASP94,LYS95,LYS96,PRO97,VAL98,LYS99,ASN100,VAL101,ASP102,LEU103,TRP104,GLN105,ARG106,LEU107,ASP108,ALA109,ALA110,LEU111,GLY112,GLN113,HIS114,GLN115,ILE116,LYS117,TRP118,GLU119,TRP120,VAL121,LYS122,GLY123,HIS124,ALA125,GLY126,HIS127,PRO128,GLU129,ASN130,GLU131,ARG132,CYS133,ASP134,GLU135,LEU136,ALA137,ARG138,ALA139,ALA140,ALA141,MET142,ASN143,PRO144,THR145,LEU146,GLU147,ASP148,THR149,GLY150,TYR151,GLN152,VAL153,GLU154,VAL155
MET1,1.0,0.87614,0.50895,0.07539,-0.38393,-0.32669,-0.52539,-0.50095,-0.26555,-0.14983,-0.1919,-0.04665,-0.05772,-0.11438,-0.38093,-0.34555,-0.18886,0.03884,0.13299,0.10243,0.04748,-0.0401,-0.11988,-0.27355,-0.38478,-0.35146,-0.39869,-0.27118,-0.23484,-0.27104,-0.34326,-0.35952,-0.19017,-0.18102,-0.05155,-0.03902,0.04183,0.06983,0.10174,0.10668,0.02571,0.06122,0.01964,-0.13519,-0.21615,-0.11093,-0.16459,-0.44551,-0.32133,-0.00438,-0.13484,-0.22599,-0.17341,-0.03203,-0.23759,-0.26852,-0.18628,-0.14962,-0.19017,-0.22864,-0.26596,-0.29495,-0.30842,-0.41017,-0.50528,-0.57609,-0.47756,-0.47501,-0.3443,-0.38507,-0.33329,-0.32489,-0.26185,-0.31505,-0.3766,-0.31469,-0.26643,-0.33326,-0.29607,-0.19335,-0.13893,-0.19843,-0.15797,-0.14248,-0.10999,-0.14594,-0.10908,-0.03814,-0.01937,-0.00439,0.16738,0.19667,0.16881,0.15106,0.15114,0.16371,0.1398,0.16172,0.14466,0.09614,0.06729,-0.04014,-0.0379,-0.04357,-0.0143,-0.03332,-0.05382,-0.03361,-0.0883,-0.07014,-0.03025,-0.0685,-0.05046,-0.26589,-0.34328,-0.41128,-0.48738,-0.4578,-0.45475,-0.45967,-0.45277,-0.20245,-0.14357,-0.12752,-0.16785,-0.25252,-0.29324,-0.31761,-0.37484,-0.28661,-0.21587,-0.24165,-0.17243,-0.06321,-0.05467,-0.08242,-0.05521,-0.04412,-0.00655,0.02023,0.05628,0.04242,0.0439,0.07811,0.06991,0.0743,0.08058,0.04632,0.1106,0.11972,0.01254,-0.068,0.32976,0.09698,0.02529
LEU2,0.87614,1.0,0.74869,0.27668,-0.24479,-0.23601,-0.48509,-0.48663,-0.28568,-0.18048,-0.22486,-0.07419,-0.09959,-0.16102,-0.44882,-0.44198,-0.31205,-0.02935,0.0803,0.06633,0.01322,-0.08555,-0.1337,-0.27232,-0.34004,-0.25317,-0.30949,-0.28402,-0.25629,-0.26098,-0.30247,-0.23885,-0.08425,-0.08626,-0.00543,-0.02572,0.03731,0.04953,0.06905,0.07562,-0.0405,0.00095,-0.05083,-0.18561,-0.29211,-0.21431,-0.22514,-0.51008,-0.46043,-0.09463,-0.15728,-0.28424,-0.24034,-0.03742,-0.2224,-0.26117,-0.18597,-0.14539,-0.15717,-0.18749,-0.21505,-0.25731,-0.30032,-0.36355,-0.44999,-0.55079,-0.4624,-0.44599,-0.34215,-0.36035,-0.35405,-0.35606,-0.31923,-0.38265,-0.43423,-0.37207,-0.34593,-0.41573,-0.36758,-0.24936,-0.1923,-0.26263,-0.21148,-0.24851,-0.22862,-0.21073,-0.19331,-0.14649,-0.11183,-0.11207,0.0817,0.11056,0.10048,0.11909,0.13336,0.16042,0.12554,0.0408,0.04441,-0.01542,-0.05419,-0.13519,-0.15352,-0.15225,-0.10546,-0.1216,-0.12696,-0.06642,-0.13425,-0.13557,-0.04097,-0.06547,-0.14569,-0.28936,-0.35177,-0.4095,-0.501,-0.43554,-0.42228,-0.45678,-0.42862,-0.20593,-0.1702,-0.20163,-0.19842,-0.30624,-0.30518,-0.27409,-0.29303,-0.27157,-0.19114,-0.17198,-0.13274,-0.06804,-0.02359,-0.04677,-0.0343,-0.02853,0.0298,0.04381,0.06306,0.05079,0.045,0.04485,0.02429,0.03751,0.02708,-0.02567,0.15573,0.0707,0.01606,0.06406,0.4483,0.22121,0.19575
LYS3,0.50895,0.74869,1.0,0.65363,0.05298,-0.03107,-0.30719,-0.32444,-0.23694,-0.16737,-0.18705,-0.0821,-0.11272,-0.15866,-0.38226,-0.41584,-0.39514,-0.11851,-0.0332,-0.02222,-0.07642,-0.15398,-0.12682,-0.2085,-0.18297,-0.06524,-0.14363,-0.17869,-0.19565,-0.20998,-0.16379,-0.02435,0.05708,0.02894,-0.00319,-0.05119,-0.03327,-0.03411,-0.03363,-0.0448,-0.14728,-0.09727,-0.12327,-0.18539,-0.28733,-0.28478,-0.25649,-0.44181,-0.51809,-0.23695,-0.17955,-0.30428,-0.30259,-0.08447,-0.18403,-0.2466,-0.19745,-0.13038,-0.09437,-0.11824,-0.13722,-0.17145,-0.21282,-0.23931,-0.28264,-0.35841,-0.32016,-0.27948,-0.24683,-0.20372,-0.24315,-0.24084,-0.23013,-0.30572,-0.34435,-0.28585,-0.298,-0.35964,-0.30525,-0.22186,-0.19983,-0.26331,-0.20268,-0.3025,-0.3454,-0.25929,-0.2551,-0.26878,-0.22909,-0.24622,-0.10564,-0.02564,0.00638,0.02431,0.01086,0.01153,-0.06735,-0.14701,-0.07025,-0.14005,-0.17205,-0.21007,-0.24454,-0.23679,-0.19622,-0.19138,-0.1788,-0.09911,-0.15368,-0.1658,-0.03841,-0.03306,-0.24278,-0.31741,-0.32678,-0.35023,-0.39483,-0.28657,-0.22583,-0.2984,-0.30188,-0.21076,-0.22295,-0.22939,-0.12024,-0.22498,-0.16123,-0.09432,-0.08118,-0.19029,-0.12907,-0.05142,-0.08311,-0.09037,-0.02085,-0.06413,-0.06488,-0.06501,-0.02247,-0.0369,-0.02956,-0.04897,-0.07667,-0.05049,-0.05077,-0.03665,-0.08291,-0.1507,0.13373,0.10503,0.13639,0.34005,0.55469,0.38416,0.36615
GLN4,0.07539,0.27668,0.65363,1.0,0.4996,0.23015,0.00634,-0.08872,-0.17698,-0.21631,-0.23551,-0.23432,-0.26778,-0.17596,-0.32467,-0.15621,-0.39749,-0.30136,-0.28869,-0.28865,-0.32508,-0.31117,-0.2449,-0.21398,-0.09115,0.06003,0.01278,-0.04374,-0.09309,-0.14768,-0.06294,0.0577,0.02497,-0.04431,-0.19978,-0.25473,-0.28251,-0.28815,-0.29536,-0.28153,-0.33591,-0.35307,-0.3342,-0.33434,-0.33588,-0.41399,-0.40243,-0.35732,-0.51387,-0.46682,-0.31157,-0.30336,-0.33566,-0.19049,-0.16432,-0.15703,-0.19616,-0.13555,-0.05783,-0.02032,0.01341,-0.00438,-0.00284,0.01996,0.00249,0.03268,-0.04836,-0.0334,-0.1069,-0.03472,-0.1234,-0.12432,-0.12348,-0.15897,-0.17225,-0.15183,-0.1581,-0.19479,-0.18071,-0.13587,-0.08457,-0.10159,-0.07222,-0.14656,-0.25118,-0.17306,-0.14408,-0.19205,-0.19313,-0.22042,-0.11221,-0.08107,-0.03998,0.01562,0.02657,0.03102,-0.03919,-0.22196,-0.15557,-0.22938,-0.20129,-0.24896,-0.28065,-0.21908,-0.22396,-0.21328,-0.15144,-0.06591,-0.09322,-0.12277,-0.00363,0.08581,-0.16114,-0.18588,-0.15415,-0.13555,-0.10673,-0.0734,0.01492,-0.10375,-0.08551,-0.11162,-0.15522,-0.10921,0.00099,-0.062,0.00213,0.02605,0.05073,-0.10173,-0.1522,-0.1133,-0.17595,-0.23503,-0.2112,-0.24483,-0.27364,-0.24122,-0.23212,-0.29372,-0.28963,-0.28308,-0.29796,-0.27651,-0.18705,-0.22987,-0.28045,-0.27908,0.09379,0.22521,0.31944,0.55382,0.60723,0.53425,0.47304
VAL5,-0.38393,-0.24479,0.05298,0.4996,1.0,0.68897,0.52165,0.35775,0.1218,0.00622,-0.01556,-0.07383,-0.08901,-0.02724,0.00556,0.06732,-0.11356,-0.17488,-0.20152,-0.17516,-0.17655,-0.1245,-0.02351,0.12477,0.29665,0.42835,0.45756,0.23679,0.11263,0.10469,0.26081,0.35618,0.23603,0.14342,-0.00967,-0.08478,-0.1481,-0.20138,-0.22225,-0.20147,-0.19497,-0.21238,-0.17478,-0.09407,-0.06772,-0.16963,-0.13182,0.02512,-0.08874,-0.19939,-0.08007,-0.00378,-0.04879,-0.0195,0.13676,0.14882,0.07305,0.09834,0.19835,0.12859,0.14061,0.19735,0.34818,0.49288,0.56119,0.53578,0.37211,0.28085,0.15544,0.17355,0.10616,0.0914,0.03624,0.04931,0.08306,0.02882,-0.00707,0.01061,0.01377,-0.05347,-0.09775,-0.09994,-0.097,-0.114,-0.15956,-0.16665,-0.18729,-0.20122,-0.22206,-0.20405,-0.14869,-0.13375,-0.10687,-0.02496,-0.01336,0.02433,-0.00195,-0.16522,-0.15178,-0.20649,-0.20796,-0.1914,-0.18499,-0.15677,-0.18283,-0.16754,-0.10751,-0.0763,-0.09415,-0.0914,0.00404,0.03982,-0.00951,0.15182,0.24366,0.29014,0.34601,0.27603,0.2712,0.17554,0.13197,-0.03744,-0.0646,-0.10054,-0.03064,-0.02539,0.00981,0.06306,0.14806,0.0606,-0.02331,0.04772,0.03406,-0.07812,-0.06942,-0.08208,-0.11248,-0.1401,-0.14869,-0.1819,-0.18013,-0.17578,-0.20364,-0.21494,-0.1739,-0.20861,-0.23002,-0.21794,-0.02768,-0.03663,0.05298,0.20346,0.07531,0.16836,0.2055
GLU6,-0.32669,-0.23601,-0.03107,0.23015,0.68897,1.0,0.73334,0.52415,0.24998,0.13081,0.04619,-0.01847,-0.06727,-0.03751,-0.00903,0.01293,-0.12583,-0.16634,-0.18382,-0.12514,-0.10693,-0.04512,0.08486,0.25262,0.41777,0.57113,0.56609,0.2709,0.13043,0.14161,0.30421,0.40993,0.32435,0.22217,0.0873,0.00823,-0.0896,-0.15127,-0.18524,-0.18125,-0.19386,-0.18679,-0.14762,-0.06167,-0.04188,-0.1344,-0.09909,0.0311,-0.04415,-0.11746,-0.01187,0.04377,-0.02019,0.02248,0.17322,0.12245,0.03906,0.08756,0.14919,0.03746,0.00589,0.0458,0.20235,0.34623,0.50888,0.557,0.45174,0.34406,0.20522,0.17551,0.11404,0.10237,0.03451,0.04306,0.07814,0.0389,-0.00624,-0.00013,0.00184,-0.04807,-0.08555,-0.09621,-0.11351,-0.10761,-0.14378,-0.17593,-0.19567,-0.18977,-0.19659,-0.16593,-0.08003,-0.08719,-0.06105,0.02384,0.0459,0.07387,0.04154,-0.1237,-0.14781,-0.19422,-0.17692,-0.1642,-0.16607,-0.16302,-0.18501,-0.16221,-0.13654,-0.14683,-0.14454,-0.11285,-0.07148,-0.04986,-0.01758,0.08335,0.16612,0.28623,0.35097,0.29224,0.30638,0.20591,0.14657,-0.0392,-0.04485,-0.08727,-0.01631,0.02248,0.04631,0.08853,0.15707,0.16181,0.07898,0.10123,0.14381,0.04923,0.03202,0.02431,-0.03104,-0.0899,-0.10124,-0.12244,-0.1322,-0.14784,-0.1724,-0.1878,-0.14899,-0.17379,-0.20434,-0.20452,-0.0711,-0.07877,-0.02905,0.07604,-0.00871,0.05489,0.10531
ILE7,-0.52539,-0.48509,-0.30719,0.00634,0.52165,0.73334,1.0,0.78076,0.43882,0.25761,0.15909,0.02361,-0.01189,0.02921,0.14092,0.13349,-0.01451,-0.12341,-0.16578,-0.11736,-0.04631,0.07105,0.19923,0.40943,0.56342,0.5813,0.55853,0.32129,0.19065,0.20587,0.35256,0.42494,0.31638,0.27072,0.13593,0.081,-0.03905,-0.12814,-0.15986,-0.15247,-0.14243,-0.15395,-0.11372,0.0081,0.05709,-0.0432,0.01342,0.2188,0.12246,-0.04524,0.09961,0.18307,0.09942,0.06381,0.26595,0.21664,0.12589,0.13064,0.14441,0.08856,0.04312,0.09136,0.197,0.34741,0.55752,0.63251,0.60463,0.49075,0.31548,0.28647,0.21338,0.19378,0.12149,0.14759,0.18741,0.12205,0.07649,0.10436,0.08297,0.00873,-0.04067,-0.02223,-0.06421,-0.04674,-0.08142,-0.10725,-0.13271,-0.13945,-0.16414,-0.13931,-0.10977,-0.11394,-0.09319,-0.02617,-0.01363,0.01391,-0.00016,-0.12802,-0.16382,-0.18614,-0.16412,-0.11949,-0.12106,-0.1338,-0.15932,-0.11294,-0.12566,-0.17613,-0.11761,-0.0966,-0.14794,-0.10931,-0.02007,0.17738,0.26422,0.40325,0.46522,0.41582,0.41315,0.33242,0.27904,0.05653,0.0186,-0.02928,0.0075,0.09719,0.16048,0.2104,0.3042,0.30457,0.17767,0.20256,0.23742,0.10564,0.06757,0.09348,0.04508,-0.02989,-0.0514,-0.0733,-0.10894,-0.1215,-0.12268,-0.15109,-0.11271,-0.13732,-0.14873,-0.14601,-0.08682,-0.12866,-0.04223,0.05823,-0.18311,-0.0411,0.00859
PHE8,-0.50095,-0.48663,-0.32444,-0.08872,0.35775,0.52415,0.78076,1.0,0.68155,0.48119,0.2841,0.12659,0.06637,0.06815,0.17561,0.15564,0.0169,-0.09282,-0.12252,-0.06492,0.026,0.19123,0.34925,0.52132,0.61255,0.47637,0.43984,0.23503,0.13195,0.15114,0.28757,0.37491,0.28052,0.29701,0.1873,0.14256,-0.01335,-0.0864,-0.12511,-0.12913,-0.11573,-0.11235,-0.06003,0.07801,0.10864,0.02506,0.10135,0.30163,0.20437,0.04402,0.19559,0.26365,0.15313,0.04565,0.22901,0.16002,0.0749,0.05665,0.05838,0.00922,-0.05306,-0.0018,0.09722,0.24477,0.429,0.51711,0.53884,0.52807,0.37465,0.33506,0.27195,0.2376,0.16208,0.18457,0.21214,0.14944,0.09607,0.11599,0.08838,0.02159,-0.02116,0.00516,-0.04226,-0.02772,-0.04077,-0.06414,-0.0992,-0.10665,-0.111,-0.09591,-0.09098,-0.11985,-0.10395,-0.03528,-0.01085,0.01397,0.01526,-0.09197,-0.13856,-0.12879,-0.10386,-0.03993,-0.04993,-0.08367,-0.10126,-0.04699,-0.09868,-0.18199,-0.10708,-0.08665,-0.18331,-0.16557,-0.05968,0.1041,0.19313,0.32933,0.40406,0.40088,0.41205,0.34667,0.27922,0.04795,-0.01863,-0.064,-0.00463,0.09829,0.18224,0.27352,0.38934,0.41969,0.32708,0.37531,0.42847,0.29732,0.21945,0.18648,0.17016,0.07198,-0.00414,-0.03726,-0.06935,-0.10554,-0.10262,-0.12184,-0.09206,-0.11945,-0.13366,-0.12918,-0.1179,-0.14725,-0.07582,0.01001,-0.23928,-0.10734,-0.06143
THR9,-0.26555,-0.28568,-0.23694,-0.17698,0.1218,0.24998,0.43882,0.68155,1.0,0.82042,0.43057,0.28161,0.21681,0.14074,0.23294,0.16016,0.12863,0.0424,0.04327,0.11533,0.21528,0.40153,0.47054,0.51539,0.36559,0.19156,0.13054,0.00497,-0.04325,-0.0347,0.0063,0.09479,0.12779,0.19989,0.23377,0.2061,0.07847,0.05496,0.03114,0.01101,0.04195,0.0597,0.09635,0.19061,0.20003,0.18425,0.25866,0.3402,0.30747,0.23666,0.35921,0.38437,0.27494,0.14972,0.21032,0.16884,0.10287,0.02922,-0.00442,-0.05182,-0.13344,-0.06953,0.02155,0.13134,0.26235,0.30335,0.38812,0.36432,0.30572,0.23949,0.24374,0.21549,0.16679,0.18269,0.18379,0.13609,0.10486,0.11381,0.09612,0.04319,-0.01123,0.00955,-0.03318,-0.02274,0.00129,-0.0326,-0.06254,-0.05331,-0.05401,-0.04825,-0.09973,-0.13024,-0.11798,-0.07783,-0.06463,-0.05152,-0.02411,-0.05808,-0.05331,0.01406,0.01549,0.06832,0.07007,0.01843,0.01882,0.05728,-0.03781,-0.13658,-0.05529,-0.0569,-0.20626,-0.21214,-0.01534,0.09159,0.1325,0.25387,0.26251,0.24689,0.22388,0.19266,0.10552,-0.00407,-0.06003,-0.08824,-0.03058,0.01462,0.03853,0.07796,0.15553,0.27359,0.24861,0.29197,0.49055,0.43849,0.29293,0.23684,0.3178,0.19138,0.08505,0.07522,0.07312,0.01017,0.01115,0.00399,-0.00703,-0.0189,-0.013,-0.00234,-0.11936,-0.14611,-0.13856,-0.1397,-0.27316,-0.21594,-0.18534
ASP10,-0.14983,-0.18048,-0.16737,-0.21631,0.00622,0.13081,0.25761,0.48119,0.82042,1.0,0.59175,0.40481,0.30702,0.17965,0.23879,0.14395,0.16575,0.11093,0.1368,0.22805,0.33331,0.48493,0.51659,0.4536,0.24504,0.07621,-0.00287,-0.09667,-0.12002,-0.10166,-0.09948,-0.0185,0.05368,0.15944,0.23268,0.22194,0.12239,0.14191,0.11651,0.08339,0.11026,0.14784,0.18594,0.26901,0.24832,0.257,0.33773,0.33684,0.31572,0.28509,0.34522,0.33896,0.25006,0.12994,0.16988,0.12819,0.06769,-0.00269,-0.0309,-0.08753,-0.17487,-0.12046,-0.0185,0.08018,0.1759,0.19702,0.28602,0.26616,0.23927,0.1997,0.22463,0.2005,0.15192,0.15678,0.15654,0.12224,0.09395,0.09515,0.08566,0.04967,0.0019,0.0153,-0.02554,-0.01676,0.03209,-0.00544,-0.03866,-0.01878,-0.00873,-0.00446,-0.07393,-0.11358,-0.10739,-0.07883,-0.06614,-0.05512,-0.01586,-0.01296,-0.00871,0.071,0.06317,0.10767,0.10824,0.04921,0.06047,0.08831,-0.00907,-0.10328,-0.03262,-0.0394,-0.18383,-0.19565,-0.01064,0.06006,0.09083,0.19109,0.19276,0.17511,0.14181,0.12365,0.04518,-0.0352,-0.09629,-0.13136,-0.06528,-0.03182,-0.02358,0.01849,0.09066,0.2643,0.28197,0.30867,0.54045,0.54922,0.38795,0.28161,0.41884,0.29167,0.15693,0.15136,0.1777,0.09943,0.07244,0.06691,0.03748,0.03002,0.03396,0.03918,-0.13168,-0.14943,-0.17983,-0.22166,-0.30336,-0.28687,-0.25348
GLY11,-0.1919,-0.22486,-0.18705,-0.23551,-0.01556,0.04619,0.15909,0.2841,0.43057,0.59175,1.0,0.62611,0.4946,0.31281,0.30294,0.15292,0.269,0.26037,0.31023,0.42924,0.49414,0.46033,0.37788,0.3147,0.15046,0.02284,-0.02835,-0.0627,-0.07772,-0.05971,-0.07786,-0.04627,0.00286,0.09218,0.177,0.20942,0.22764,0.28128,0.25769,0.22577,0.25394,0.29736,0.34206,0.41971,0.38393,0.39507,0.48034,0.43744,0.40456,0.34418,0.3165,0.28259,0.25496,0.12389,0.12069,0.12016,0.08816,-0.00988,-0.02171,-0.03064,-0.07573,-0.02973,0.0364,0.11924,0.17168,0.1574,0.19798,0.19478,0.2203,0.20475,0.25863,0.2438,0.21623,0.22908,0.22346,0.18942,0.15029,0.18467,0.16095,0.09526,0.04832,0.06107,0.03098,0.02792,0.04025,0.03263,0.00247,-0.00827,0.00785,-0.00242,-0.10581,-0.12013,-0.11671,-0.12753,-0.12688,-0.12495,-0.07598,-0.00123,0.01856,0.12611,0.09661,0.15186,0.17315,0.1153,0.11215,0.12709,0.08998,0.00612,0.03323,0.06113,-0.02504,-0.08817,-0.02261,0.06974,0.12701,0.15411,0.17886,0.16691,0.12229,0.17934,0.08382,-0.04807,-0.12087,-0.15896,-0.08721,-0.07365,-0.04789,-0.01364,0.03758,0.11834,0.12287,0.16475,0.2551,0.27741,0.18615,0.16671,0.38631,0.32589,0.19157,0.23369,0.31807,0.2309,0.16513,0.18199,0.11869,0.12394,0.13554,0.1366,-0.10788,-0.14812,-0.19758,-0.28179,-0.39318,-0.37242,-0.32552
SER12,-0.04665,-0.07419,-0.0821,-0.23432,-0.07383,-0.01847,0.02361,0.12659,0.28161,0.40481,0.62611,1.0,0.76492,0.49035,0.33554,0.14743,0.29496,0.35763,0.43497,0.5178,0.51013,0.35581,0.23412,0.19263,0.05249,-0.05292,-0.08595,-0.09347,-0.09323,-0.06937,-0.11696,-0.09985,-0.02256,0.04672,0.15187,0.16147,0.22766,0.29766,0.28653,0.29,0.30649,0.35853,0.44816,0.56401,0.40939,0.37347,0.46893,0.37966,0.34066,0.33064,0.26899,0.20569,0.20923,0.11499,0.08656,0.08622,0.07562,-0.0078,0.00135,-0.04504,-0.07277,-0.03058,0.05035,0.12317,0.11351,0.057,0.07247,0.08269,0.13218,0.07714,0.17527,0.16529,0.16054,0.16194,0.1428,0.12226,0.09167,0.10518,0.09683,0.05704,0.00863,0.00608,-0.00435,-0.00926,0.02904,0.01559,-0.01089,-0.00217,0.02568,0.02315,-0.04221,-0.05152,-0.05475,-0.07212,-0.07718,-0.07996,-0.04189,0.04411,0.0214,0.11599,0.08855,0.13844,0.15733,0.08633,0.08512,0.10064,0.07154,0.01195,0.01924,0.06869,0.03413,-0.06815,0.02538,0.07809,0.12963,0.099,0.10562,0.08674,0.02057,0.05544,-0.05587,-0.13618,-0.14221,-0.2002,-0.1393,-0.15527,-0.15358,-0.12799,-0.08099,0.02208,0.05828,0.09646,0.19889,0.27555,0.22547,0.18803,0.3917,0.3334,0.2442,0.28445,0.40021,0.3354,0.25399,0.25067,0.1526,0.13125,0.12878,0.1194,-0.14921,-0.19293,-0.23622,-0.35173,-0.39224,-0.41252,-0.35938
CYS13,-0.05772,-0.09959,-0.11272,-0.26778,-0.08901,-0.06727,-0.01189,0.06637,0.21681,0.30702,0.4946,0.76492,1.0,0.7204,0.52178,0.2882,0.50688,0.58879,0.63018,0.59983,0.4914,0.32491,0.17215,0.12884,-0.00645,-0.09683,-0.12463,-0.09095,-0.07737,-0.05223,-0.12769,-0.14259,-0.06687,-0.01022,0.09804,0.13151,0.24324,0.30958,0.37181,0.44087,0.52106,0.54122,0.60429,0.66207,0.51038,0.44917,0.50079,0.4029,0.38166,0.36184,0.25622,0.20777,0.22659,0.10757,0.07279,0.0843,0.09136,-0.00575,0.02033,-0.0205,-0.03818,0.00838,0.08775,0.15578,0.12113,0.05187,0.06774,0.08409,0.15003,0.10778,0.20405,0.19487,0.21053,0.19468,0.17408,0.15644,0.13423,0.1525,0.1402,0.09445,0.04975,0.05501,0.04781,0.02947,0.04223,0.06292,0.04003,0.01975,0.04294,0.01419,-0.10955,-0.08907,-0.08925,-0.14153,-0.16679,-0.18533,-0.13041,0.00949,0.01368,0.14991,0.10914,0.18475,0.19674,0.12395,0.13108,0.14401,0.11884,0.06271,0.06908,0.13114,0.11413,0.00211,0.04425,0.10571,0.15831,0.108,0.11888,0.09809,0.02771,0.0899,-0.03061,-0.13285,-0.17101,-0.24223,-0.17651,-0.17691,-0.1646,-0.152,-0.10494,-0.05362,-0.03056,0.02815,0.106,0.16755,0.11748,0.09876,0.3069,0.27537,0.20186,0.26099,0.40799,0.36312,0.28565,0.2963,0.19443,0.19377,0.24835,0.23807,-0.12533,-0.17141,-0.21015,-0.38329,-0.45468,-0.47798,-0.41555
LEU14,-0.11438,-0.16102,-0.15866,-0.17596,-0.02724,-0.03751,0.02921,0.06815,0.14074,0.17965,0.31281,0.49035,0.7204,1.0,0.62651,0.40081,0.45807,0.54985,0.54659,0.42004,0.28313,0.1768,0.06005,0.03915,-0.03717,-0.08311,-0.08484,-0.0104,-0.00396,-0.01784,-0.08283,-0.13146,-0.09102,-0.09448,-0.04106,0.00262,0.09571,0.15667,0.22753,0.34982,0.42087,0.34069,0.37969,0.45516,0.34746,0.25015,0.28611,0.28497,0.24626,0.15533,0.09198,0.09598,0.0937,-0.01592,-0.00494,0.03159,0.01926,-0.0554,-0.01081,0.00302,0.02347,0.0617,0.11932,0.15874,0.12772,0.09575,0.09229,0.1015,0.13874,0.11947,0.17975,0.17322,0.17797,0.17948,0.17448,0.15759,0.14277,0.1617,0.13883,0.11034,0.10069,0.12831,0.12535,0.10119,0.07624,0.11669,0.11001,0.07063,0.08226,0.04312,-0.05936,-0.05426,-0.05466,-0.08824,-0.10703,-0.11995,-0.08428,-0.01821,-0.06206,0.04583,0.0458,0.10504,0.0971,0.05298,0.05958,0.07643,0.0651,0.03882,0.06313,0.11357,0.10947,0.04355,0.05369,0.11163,0.16187,0.12289,0.13283,0.10626,0.06923,0.11323,0.00724,-0.1003,-0.1477,-0.19813,-0.13504,-0.13791,-0.13684,-0.14789,-0.10498,-0.08834,-0.11029,-0.05698,0.00159,0.0408,0.00438,0.0114,0.16843,0.178,0.13814,0.16886,0.30096,0.28833,0.22669,0.22109,0.11766,0.06559,0.11447,0.1221,-0.12188,-0.13727,-0.11777,-0.25019,-0.35387,-0.35024,-0.30407
GLY15,-0.38093,-0.44882,-0.38226,-0.32467,0.00556,-0.00903,0.14092,0.17561,0.23294,0.23879,0.30294,0.33554,0.52178,0.62651,1.0,0.63812,0.7132,0.55437,0.35326,0.25337,0.2105,0.17612,0.09465,0.11828,0.04268,-0.02636,0.01533,0.06065,0.07624,0.08983,0.00698,-0.05073,-0.0667,-0.05243,-0.01498,0.02642,0.08059,0.1335,0.20182,0.25827,0.46257,0.38328,0.40739,0.48272,0.44333,0.3764,0.38931,0.48134,0.46194,0.24563,0.18965,0.23311,0.2285,0.05343,0.10663,0.14701,0.12224,0.03992,0.06454,0.05803,0.07613,0.14107,0.21603,0.29388,0.28089,0.26393,0.24255,0.24141,0.24471,0.23048,0.26943,0.27291,0.26017,0.26823,0.29175,0.26646,0.2424,0.27689,0.26315,0.20564,0.14395,0.16781,0.15577,0.16151,0.15523,0.15878,0.15806,0.13436,0.11116,0.08422,-0.1337,-0.13192,-0.12664,-0.16684,-0.19886,-0.22335,-0.16371,-0.02958,-0.03113,0.08206,0.07181,0.17468,0.16552,0.12045,0.11115,0.11352,0.07818,0.02916,0.06337,0.08421,0.03889,-0.01219,0.08696,0.22979,0.29061,0.28326,0.29684,0.23752,0.17476,0.21665,0.15644,0.04275,-0.02371,-0.04455,-0.00866,0.0156,0.01926,-0.00023,0.0278,0.01002,-0.00731,0.02481,0.06037,0.06514,0.02665,0.03898,0.13984,0.128,0.10401,0.13435,0.18699,0.20862,0.19741,0.1892,0.1227,0.12244,0.20382,0.22868,-0.10524,-0.16023,-0.10255,-0.25974,-0.55882,-0.44145,-0.3765
ASN16,-0.34555,-0.44198,-0.41584,-0.15621,0.06732,0.01293,0.13349,0.15564,0.16016,0.14395,0.15292,0.14743,0.2882,0.40081,0.63812,1.0,0.72048,0.32154,0.05432,-0.01496,-0.07013,-0.02679,-0.09462,-0.04436,-0.07363,-0.11165,-0.05565,0.04603,0.06203,0.0284,-0.068,-0.16346,-0.23814,-0.24657,-0.2519,-0.2382,-0.21399,-0.15486,-0.09136,-0.03065,0.27972,0.22106,0.31603,0.35171,0.42009,0.32301,0.24242,0.43316,0.39805,0.10407,0.05885,0.19429,0.18935,-0.0359,0.0378,0.13501,0.0636,-0.0178,0.03633,0.08532,0.09707,0.10373,0.16446,0.18666,0.18448,0.31231,0.26858,0.28623,0.27243,0.23854,0.3175,0.32154,0.34001,0.35672,0.35422,0.31594,0.31545,0.32835,0.27236,0.21375,0.22145,0.28224,0.22783,0.2508,0.28748,0.25576,0.23381,0.21359,0.19637,0.13585,-0.11487,-0.21901,-0.23518,-0.22258,-0.1995,-0.16742,-0.01022,0.00811,0.07473,0.20205,0.20572,0.23657,0.26374,0.26756,0.2242,0.20832,0.22182,0.14476,0.18783,0.21129,0.07375,0.05639,0.15119,0.142,0.17401,0.20122,0.27745,0.18247,0.15421,0.19265,0.1889,0.1052,-0.03136,-0.0348,-0.00235,0.01872,0.01516,-0.0171,-0.0022,-0.02235,-0.06287,-0.06239,-0.06008,-0.04386,-0.13112,-0.22607,-0.14316,-0.14115,-0.23884,-0.23996,-0.15809,-0.14052,-0.15124,-0.1228,-0.08707,-0.12899,-0.03291,0.10638,-0.1252,0.08631,0.10244,-0.0896,-0.26858,-0.23583,-0.2028
PRO17,-0.18886,-0.31205,-0.39514,-0.39749,-0.11356,-0.12583,-0.01451,0.0169,0.12863,0.16575,0.269,0.29496,0.50688,0.45807,0.7132,0.72048,1.0,0.73116,0.4742,0.34072,0.22407,0.14779,0.00645,0.00547,-0.11736,-0.18507,-0.16065,-0.04461,-0.00808,-0.0024,-0.13457,-0.24164,-0.22285,-0.19753,-0.08326,-0.05378,0.06001,0.16411,0.27657,0.31823,0.64266,0.64323,0.66522,0.58678,0.59281,0.59098,0.49392,0.48214,0.58691,0.44041,0.25403,0.29708,0.34886,0.13741,0.09361,0.16464,0.15366,0.04023,0.06382,0.0505,0.07302,0.10831,0.18386,0.21699,0.148,0.14084,0.1269,0.11893,0.18827,0.13639,0.23589,0.25387,0.27903,0.29439,0.28945,0.25986,0.26597,0.30756,0.26722,0.19275,0.151,0.20563,0.17906,0.20045,0.25397,0.24165,0.22039,0.20955,0.20945,0.16207,-0.12828,-0.17405,-0.19854,-0.26041,-0.27084,-0.27388,-0.11126,0.09347,0.17765,0.34124,0.27705,0.3402,0.38261,0.3334,0.31564,0.29234,0.29192,0.21292,0.22525,0.28341,0.20793,0.10165,0.17324,0.19532,0.22488,0.16844,0.20709,0.10844,0.02257,0.13742,0.0959,0.04081,-0.01296,-0.0544,-0.06055,-0.05178,-0.06618,-0.12599,-0.12284,-0.10967,-0.11411,-0.10477,-0.07749,-0.01783,-0.08357,-0.12013,0.03288,0.04209,-0.03678,0.0247,0.15544,0.16677,0.13584,0.17962,0.11839,0.13883,0.27502,0.35728,-0.12214,-0.03803,-0.1133,-0.45622,-0.52885,-0.51913,-0.46219
GLY18,0.03884,-0.02935,-0.11851,-0.30136,-0.17488,-0.16634,-0.12341,-0.09282,0.0424,0.11093,0.26037,0.35763,0.58879,0.54985,0.55437,0.32154,0.73116,1.0,0.74582,0.54491,0.38271,0.21539,0.06321,0.00952,-0.10813,-0.16355,-0.16315,-0.08061,-0.05294,-0.03531,-0.12547,-0.18951,-0.11741,-0.10563,0.02266,0.06379,0.22404,0.33444,0.46589,0.53909,0.71306,0.70793,0.66065,0.54095,0.43863,0.46078,0.42865,0.27641,0.35336,0.37705,0.20452,0.16329,0.22329,0.12477,0.04976,0.07674,0.1087,0.01539,0.01887,-0.01869,0.00217,0.03695,0.08455,0.1205,0.04506,-0.05037,-0.04021,-0.04566,0.05437,0.01519,0.09237,0.09304,0.11418,0.11416,0.10228,0.09259,0.09108,0.11459,0.10548,0.07741,0.02896,0.04062,0.03993,0.02618,0.0452,0.08075,0.06514,0.04138,0.05446,0.02571,-0.10666,-0.05559,-0.06029,-0.14175,-0.18281,-0.21284,-0.16462,0.0335,0.06121,0.20928,0.1568,0.22751,0.2384,0.15894,0.17101,0.1706,0.16571,0.12643,0.11321,0.17028,0.1894,0.07869,0.07644,0.09718,0.1339,0.04529,0.04795,0.01033,-0.06753,0.0249,-0.07179,-0.10667,-0.11533,-0.17829,-0.15351,-0.15514,-0.15333,-0.18686,-0.17766,-0.16803,-0.15123,-0.10183,-0.06177,-0.0079,-0.02639,-0.01933,0.13445,0.14857,0.11439,0.20279,0.34684,0.34484,0.30153,0.35367,0.23163,0.26412,0.37617,0.36011,-0.10142,-0.12794,-0.18196,-0.41623,-0.42247,-0.46303,-0.4099
PRO19,0.13299,0.0803,-0.0332,-0.28869,-0.20152,-0.18382,-0.16578,-0.12252,0.04327,0.1368,0.31023,0.43497,0.63018,0.54659,0.35326,0.05432,0.4742,0.74582,1.0,0.75757,0.55981,0.3539,0.16269,0.05635,-0.09187,-0.15312,-0.19028,-0.14297,-0.12406,-0.09437,-0.17179,-0.19481,-0.08644,-0.03497,0.13055,0.20897,0.38816,0.50679,0.6277,0.70025,0.67152,0.67075,0.57783,0.47787,0.33561,0.3897,0.41839,0.19333,0.27241,0.3773,0.20714,0.12632,0.19093,0.14487,0.03444,0.04324,0.0823,-0.01607,-0.0026,-0.05823,-0.04342,-0.00672,0.03361,0.07265,-0.00519,-0.12426,-0.09179,-0.10053,0.01246,-0.03533,0.02969,0.01728,0.03949,0.03972,0.02361,0.01811,0.01897,0.04451,0.05018,0.03354,-0.0143,-0.02011,0.00348,-0.01706,-0.00953,0.02847,0.02481,0.00833,0.03086,0.01574,-0.04399,0.02578,0.01568,-0.07948,-0.12535,-0.16626,-0.15346,0.05782,0.0426,0.16878,0.11236,0.17861,0.18297,0.10604,0.13265,0.13656,0.12028,0.09473,0.07625,0.13379,0.17079,0.03928,0.03836,0.07028,0.10462,0.00381,-0.0123,-0.02674,-0.09767,-0.01355,-0.12894,-0.16247,-0.15852,-0.21811,-0.20195,-0.21532,-0.22097,-0.24216,-0.22877,-0.16683,-0.13821,-0.09133,-0.02798,0.04794,0.03577,0.06674,0.26652,0.27961,0.25558,0.37275,0.52865,0.48918,0.45729,0.50141,0.36091,0.39245,0.4465,0.36506,-0.06177,-0.15757,-0.24096,-0.44252,-0.4054,-0.47473,-0.43751
GLY20,0.10243,0.06633,-0.02222,-0.28865,-0.17516,-0.12514,-0.11736,-0.06492,0.11533,0.22805,0.42924,0.5178,0.59983,0.42004,0.25337,-0.01496,0.34072,0.54491,0.75757,1.0,0.66685,0.44822,0.26196,0.14186,-0.03214,-0.1126,-0.15115,-0.13787,-0.12516,-0.09033,-0.15711,-0.16446,-0.04925,0.02735,0.18975,0.27425,0.4448,0.60285,0.62104,0.59688,0.54862,0.58631,0.51208,0.47402,0.35153,0.40761,0.46774,0.24969,0.30677,0.40519,0.25854,0.16559,0.21724,0.17123,0.06685,0.06837,0.09497,-0.00193,0.00447,-0.05224,-0.08295,-0.04906,0.00571,0.0612,0.01222,-0.10149,-0.06425,-0.06794,0.03731,-0.01352,0.06308,0.05627,0.06267,0.06321,0.03692,0.0364,0.01839,0.03963,0.04507,0.02486,-0.02064,-0.03411,-0.01913,-0.02805,-0.01445,0.01,-0.00269,-0.00935,0.0177,0.00669,-0.0471,0.00049,-0.00783,-0.08308,-0.11493,-0.14541,-0.12626,0.04991,0.04233,0.16406,0.11045,0.1683,0.18205,0.11449,0.13742,0.13949,0.11049,0.07276,0.06102,0.10601,0.10793,-0.01699,0.01601,0.04975,0.08586,0.01257,-0.01052,-0.01433,-0.08112,0.00619,-0.1168,-0.15944,-0.15846,-0.21562,-0.19353,-0.19371,-0.19678,-0.20649,-0.18739,-0.09135,-0.05176,-0.01992,0.05727,0.14405,0.12158,0.15099,0.38781,0.40585,0.33122,0.4391,0.63594,0.54281,0.43989,0.47606,0.30529,0.34525,0.3534,0.28696,-0.09035,-0.19102,-0.2971,-0.45243,-0.40586,-0.46869,-0.42823
GLY21,0.04748,0.01322,-0.07642,-0.32508,-0.17655,-0.10693,-0.04631,0.026,0.21528,0.33331,0.49414,0.51013,0.4914,0.28313,0.2105,-0.07013,0.22407,0.38271,0.55981,0.66685,1.0,0.65908,0.39823,0.26769,0.07615,-0.04743,-0.09568,-0.13399,-0.12788,-0.07577,-0.12619,-0.10076,0.02336,0.14072,0.30962,0.42995,0.56425,0.61042,0.58325,0.50298,0.41063,0.4389,0.3806,0.38131,0.25656,0.38041,0.5131,0.27124,0.31306,0.43034,0.32264,0.20865,0.23847,0.18242,0.10601,0.0785,0.10252,0.00807,-0.02462,-0.08744,-0.12148,-0.08295,-0.03128,0.04385,0.03382,-0.05996,-0.00315,-0.01767,0.05643,0.00383,0.05483,0.03196,0.01918,0.0462,0.03423,0.0122,-0.00356,0.02045,0.04234,0.01494,-0.0524,-0.07195,-0.05844,-0.06253,-0.04169,-0.04231,-0.05365,-0.05255,-0.02844,-0.01172,0.00246,0.07049,0.06821,0.0003,-0.03961,-0.07701,-0.10125,0.06456,0.02698,0.10455,0.05367,0.11935,0.13371,0.05594,0.08279,0.10498,0.04011,-0.02347,-0.00299,0.02313,-0.01562,-0.11813,-0.03605,0.03606,0.08108,0.0494,0.02381,0.01649,-0.03606,0.02629,-0.10147,-0.1522,-0.1626,-0.20159,-0.18832,-0.17005,-0.17812,-0.17531,-0.14732,-0.041,0.00574,0.05266,0.16106,0.2221,0.21255,0.27074,0.46528,0.40156,0.39995,0.53353,0.56827,0.48646,0.46302,0.48042,0.33981,0.39155,0.36252,0.25311,-0.08589,-0.22761,-0.30232,-0.40376,-0.4168,-0.43485,-0.39896
TYR22,-0.0401,-0.08555,-0.15398,-0.31117,-0.1245,-0.04512,0.07105,0.19123,0.40153,0.48493,0.46033,0.35581,0.32491,0.1768,0.17612,-0.02679,0.14779,0.21539,0.3539,0.44822,0.65908,1.0,0.69997,0.40859,0.19334,0.02879,-0.02825,-0.09602,-0.10637,-0.05978,-0.08217,-0.03118,0.07119,0.20335,0.37642,0.52328,0.49817,0.44779,0.4155,0.33265,0.25904,0.27398,0.23024,0.26171,0.18801,0.27775,0.40338,0.2678,0.29782,0.37905,0.33399,0.27414,0.25265,0.15875,0.13003,0.0938,0.09406,0.01422,-0.02936,-0.08428,-0.15499,-0.11223,-0.0523,0.0343,0.07238,0.02677,0.10045,0.08714,0.11368,0.07398,0.09665,0.07311,0.03817,0.06674,0.06958,0.03813,0.02062,0.03808,0.05277,0.01886,-0.05043,-0.04549,-0.05548,-0.0488,-0.01831,-0.04017,-0.06216,-0.05814,-0.0408,-0.02055,-0.00704,0.0388,0.03786,-0.00703,-0.03382,-0.06056,-0.07992,0.0362,-0.00162,0.05882,0.02847,0.08412,0.09502,0.0304,0.05027,0.08049,0.00416,-0.0723,-0.03136,-0.02083,-0.10444,-0.16669,-0.05685,0.02944,0.07219,0.09566,0.07705,0.07,0.03084,0.06106,-0.04766,-0.10565,-0.13626,-0.15582,-0.16311,-0.11608,-0.1182,-0.09535,-0.05718,0.07381,0.11443,0.16591,0.31371,0.33708,0.29466,0.3539,0.51845,0.3895,0.32632,0.42309,0.39427,0.30056,0.3204,0.3338,0.26272,0.2991,0.27103,0.18324,-0.07481,-0.18891,-0.24961,-0.3071,-0.36556,-0.35033,-0.31951
GLY23,-0.11988,-0.1337,-0.12682,-0.2449,-0.02351,0.08486,0.19923,0.34925,0.47054,0.51659,0.37788,0.23412,0.17215,0.06005,0.09465,-0.09462,0.00645,0.06321,0.16269,0.26196,0.39823,0.69997,1.0,0.65129,0.41836,0.21343,0.1431,-0.01513,-0.05938,-0.00347,0.06911,0.18621,0.27395,0.42843,0.53199,0.59992,0.42264,0.3052,0.2399,0.16593,0.07194,0.10461,0.07874,0.13488,0.08113,0.12782,0.23632,0.18315,0.18532,0.24466,0.31023,0.23058,0.17446,0.16596,0.18974,0.09764,0.08183,0.06012,-0.00667,-0.0817,-0.17162,-0.13678,-0.07507,0.0264,0.10921,0.07428,0.14057,0.127,0.12461,0.09014,0.08563,0.05821,0.00976,0.03357,0.03195,0.01288,-0.01164,-0.00369,0.01953,0.00824,-0.05413,-0.06948,-0.08246,-0.06324,-0.05152,-0.08059,-0.09568,-0.08006,-0.06805,-0.03016,0.04383,0.09612,0.10744,0.08835,0.06545,0.02867,-0.04746,0.0123,-0.05416,-0.03971,-0.04772,0.00686,0.00451,-0.04307,-0.02209,0.00732,-0.07166,-0.13025,-0.08781,-0.09913,-0.171,-0.19569,-0.09521,-0.01534,0.02625,0.09696,0.0841,0.10029,0.08002,0.07262,-0.02685,-0.12854,-0.14012,-0.15325,-0.10722,-0.04271,-0.02231,0.0355,0.09933,0.23626,0.2702,0.34185,0.47389,0.43405,0.40217,0.43253,0.48695,0.33895,0.28885,0.32566,0.25455,0.16644,0.18844,0.19991,0.15778,0.1836,0.13052,0.03487,-0.10792,-0.23358,-0.25249,-0.22463,-0.31403,-0.28633,-0.25244
ALA24,-0.27355,-0.27232,-0.2085,-0.21398,0.12477,0.25262,0.40943,0.52132,0.51539,0.4536,0.3147,0.19263,0.12884,0.03915,0.11828,-0.04436,0.00547,0.00952,0.05635,0.14186,0.26769,0.40859,0.65129,1.0,0.69438,0.3839,0.30981,0.09308,0.01766,0.08021,0.20203,0.34597,0.41546,0.51064,0.56323,0.50466,0.32958,0.18218,0.1125,0.05717,0.01111,0.03119,0.02786,0.11821,0.097,0.10471,0.20312,0.2382,0.2279,0.22934,0.35686,0.31551,0.24236,0.19362,0.26129,0.19709,0.14657,0.10266,0.05617,-0.02812,-0.10031,-0.06318,0.00639,0.12201,0.24151,0.23656,0.2678,0.22291,0.1659,0.14357,0.13288,0.1123,0.05845,0.07341,0.08462,0.05544,0.02483,0.03628,0.05528,0.01424,-0.06477,-0.07805,-0.09989,-0.0736,-0.06831,-0.10915,-0.12391,-0.10773,-0.11063,-0.07199,-0.01326,0.03513,0.05158,0.06073,0.04136,0.01889,-0.03796,-0.01625,-0.06402,-0.06786,-0.07416,-0.01611,-0.00824,-0.05666,-0.05507,-0.01567,-0.08015,-0.15277,-0.09573,-0.09178,-0.17516,-0.20006,-0.06466,0.05463,0.11045,0.18892,0.19425,0.18564,0.16859,0.15579,0.04532,-0.09379,-0.08231,-0.11615,-0.06986,0.00576,0.02843,0.09087,0.17965,0.2528,0.24057,0.3474,0.44851,0.34537,0.32434,0.3518,0.35213,0.22114,0.18184,0.20555,0.1362,0.08353,0.09483,0.10963,0.0647,0.08674,0.03413,-0.02577,-0.12282,-0.2377,-0.22199,-0.17091,-0.31275,-0.22583,-0.19865
ILE25,-0.38478,-0.34004,-0.18297,-0.09115,0.29665,0.41777,0.56342,0.61255,0.36559,0.24504,0.15046,0.05249,-0.00645,-0.03717,0.04268,-0.07363,-0.11736,-0.10813,-0.09187,-0.03214,0.07615,0.19334,0.41836,0.69438,1.0,0.68973,0.5825,0.27772,0.15902,0.24044,0.47237,0.63587,0.57445,0.57941,0.41462,0.33886,0.18533,0.04759,-0.03052,-0.0706,-0.12592,-0.12002,-0.10999,-0.00389,-0.02067,-0.061,0.03428,0.13652,0.06968,0.02065,0.15106,0.14871,0.06702,0.06092,0.23704,0.1266,0.08073,0.11532,0.10334,0.03208,-0.04005,-0.02812,0.03713,0.15662,0.29511,0.30254,0.29807,0.2718,0.16763,0.16833,0.12032,0.08557,0.02152,0.04695,0.06349,0.02748,-0.01254,0.00011,0.01851,-0.02049,-0.06523,-0.09568,-0.10499,-0.08706,-0.11307,-0.15504,-0.16046,-0.15083,-0.15632,-0.10208,0.03034,0.08425,0.10707,0.13987,0.12474,0.10274,0.00415,-0.03918,-0.13415,-0.19007,-0.17385,-0.13086,-0.14298,-0.16585,-0.1684,-0.11797,-0.1447,-0.19588,-0.15347,-0.13321,-0.15614,-0.16894,-0.10926,0.00664,0.07027,0.15173,0.19935,0.21159,0.22855,0.17778,0.09631,-0.09176,-0.09783,-0.1237,-0.05406,0.0268,0.09609,0.21186,0.32375,0.30831,0.28575,0.43123,0.40675,0.2455,0.27545,0.27914,0.19896,0.10082,0.0916,0.07981,-0.00471,-0.03266,-0.02493,-0.01674,-0.02601,-0.0187,-0.08228,-0.14744,-0.11305,-0.21967,-0.157,-0.01366,-0.20106,-0.09472,-0.06242
LEU26,-0.35146,-0.25317,-0.06524,0.06003,0.42835,0.57113,0.5813,0.47637,0.19156,0.07621,0.02284,-0.05292,-0.09683,-0.08311,-0.02636,-0.11165,-0.18507,-0.16355,-0.15312,-0.1126,-0.04743,0.02879,0.21343,0.3839,0.68973,1.0,0.74976,0.37198,0.21612,0.26487,0.51506,0.67417,0.59551,0.44124,0.27817,0.1937,0.07924,-0.03733,-0.08216,-0.11249,-0.17411,-0.17372,-0.17077,-0.08514,-0.09375,-0.15254,-0.08081,0.01765,-0.05999,-0.10685,0.00447,0.02672,-0.0347,0.03775,0.24767,0.17002,0.13325,0.21063,0.24523,0.12464,0.03996,0.03006,0.10676,0.20011,0.29856,0.28993,0.24943,0.21245,0.13,0.14346,0.08179,0.04493,-0.02178,-0.00968,0.01996,-0.00014,-0.0513,-0.05019,-0.01705,-0.05599,-0.09546,-0.12369,-0.08793,-0.13437,-0.16817,-0.16608,-0.18156,-0.17699,-0.18788,-0.14099,-0.01426,0.04381,0.06615,0.10547,0.09075,0.08659,-0.00181,-0.08147,-0.16087,-0.22914,-0.20891,-0.19,-0.22214,-0.22304,-0.23133,-0.22623,-0.23427,-0.21305,-0.20389,-0.21312,-0.15377,-0.09872,-0.11904,0.00522,0.0689,0.13992,0.16037,0.18681,0.20912,0.15208,0.10792,-0.07274,-0.06222,-0.12102,-0.06684,-0.02345,0.03962,0.13304,0.21614,0.20649,0.15944,0.23632,0.24153,0.10022,0.14748,0.18505,0.0808,0.00237,0.02958,0.02273,-0.05533,-0.08592,-0.06999,-0.0949,-0.05699,-0.05202,-0.1063,-0.17103,-0.04933,-0.17656,-0.07348,0.08975,-0.06507,0.00761,0.07724
ARG27,-0.39869,-0.30949,-0.14363,0.01278,0.45756,0.56609,0.55853,0.43984,0.13054,-0.00287,-0.02835,-0.08595,-0.12463,-0.08484,0.01533,-0.05565,-0.16065,-0.16315,-0.19028,-0.15115,-0.09568,-0.02825,0.1431,0.30981,0.5825,0.74976,1.0,0.63107,0.47467,0.56527,0.7307,0.74059,0.54842,0.39033,0.19511,0.13357,0.0376,-0.0786,-0.12127,-0.14355,-0.18945,-0.19685,-0.19283,-0.08813,-0.0846,-0.15848,-0.09998,0.04513,-0.03834,-0.13144,-0.02417,-0.0064,-0.06418,-0.01003,0.15977,0.08357,0.06231,0.14738,0.18386,0.11161,0.03374,0.03817,0.1209,0.23944,0.32853,0.31741,0.25382,0.21478,0.10589,0.12259,0.06293,0.03788,-0.02361,-0.0105,0.01919,0.0019,-0.05287,-0.04603,-0.00869,-0.05765,-0.10132,-0.14732,-0.11841,-0.11669,-0.14653,-0.18749,-0.18672,-0.1574,-0.18039,-0.12474,0.0152,0.06653,0.09519,0.13931,0.12835,0.11537,0.01282,-0.08622,-0.156,-0.24645,-0.22576,-0.19688,-0.22194,-0.21759,-0.24292,-0.23429,-0.22154,-0.2142,-0.21693,-0.20622,-0.14215,-0.11716,-0.12411,0.00032,0.09488,0.15396,0.18243,0.20216,0.21813,0.16164,0.10232,-0.06694,-0.04809,-0.10169,-0.06532,0.00828,0.04788,0.14945,0.22747,0.16809,0.1469,0.24119,0.19285,0.05515,0.12465,0.15933,0.02233,-0.03352,-0.00471,-0.01428,-0.09303,-0.09729,-0.07802,-0.1119,-0.07643,-0.07043,-0.12351,-0.19281,-0.07039,-0.18269,-0.07797,0.08114,-0.10691,0.01881,0.09821
TYR28,-0.27118,-0.28402,-0.17869,-0.04374,0.23679,0.2709,0.32129,0.23503,0.00497,-0.09667,-0.0627,-0.09347,-0.09095,-0.0104,0.06065,0.04603,-0.04461,-0.08061,-0.14297,-0.13787,-0.13399,-0.09602,-0.01513,0.09308,0.27772,0.37198,0.63107,1.0,0.88625,0.67852,0.6717,0.39036,0.23158,0.10572,-0.02318,-0.02171,-0.06145,-0.11366,-0.13153,-0.13324,-0.12438,-0.15311,-0.13668,-0.06785,-0.0539,-0.12811,-0.11848,0.02602,-0.02617,-0.16063,-0.10928,-0.07316,-0.12756,-0.13023,-0.01672,-0.04581,-0.03989,0.04865,0.06863,0.08755,-0.01417,0.07196,0.06128,0.09575,0.13044,0.15713,0.11679,0.09551,0.02749,0.08637,0.06281,0.07296,0.02704,0.01148,0.0492,0.06365,0.01649,0.02439,0.05911,0.03636,0.00937,-0.03922,-0.01116,0.01305,-0.01909,-0.05764,-0.04867,-0.02076,-0.06842,-0.04527,-0.00806,0.01201,0.02583,0.04824,0.03957,0.04358,0.01837,-0.01677,-0.04041,-0.1435,-0.13665,-0.15219,-0.17635,-0.13678,-0.17306,-0.19838,-0.16188,-0.13785,-0.1618,-0.1344,-0.08795,-0.06967,-0.10679,-0.03546,0.04747,0.04248,0.07546,0.1096,0.15852,0.1594,0.11197,0.02772,0.03015,0.03951,0.00473,0.02827,0.01591,0.03997,0.07744,0.02802,-0.01519,0.03375,-0.02253,-0.09906,-0.04209,-0.00417,-0.09619,-0.0884,-0.07956,-0.10423,-0.12631,-0.10719,-0.10125,-0.10163,-0.11783,-0.11625,-0.13495,-0.15059,-0.04436,-0.11031,-0.03204,0.0882,-0.06508,0.0313,0.05013
ARG29,-0.23484,-0.25629,-0.19565,-0.09309,0.11263,0.13043,0.19065,0.13195,-0.04325,-0.12002,-0.07772,-0.09323,-0.07737,-0.00396,0.07624,0.06203,-0.00808,-0.05294,-0.12406,-0.12516,-0.12788,-0.10637,-0.05938,0.01766,0.15902,0.21612,0.47467,0.88625,1.0,0.81238,0.65777,0.28672,0.12565,0.02304,-0.07509,-0.0499,-0.06863,-0.10748,-0.11144,-0.11485,-0.09167,-0.1207,-0.11005,-0.05093,-0.03578,-0.09569,-0.09433,0.03596,-0.00517,-0.13269,-0.10412,-0.07795,-0.11671,-0.13956,-0.05613,-0.06717,-0.05478,0.00194,0.00706,0.06052,-0.01174,0.04696,0.00838,0.0362,0.04073,0.07566,0.05481,0.04397,-0.00117,0.05506,0.04332,0.05655,0.02755,0.00898,0.03828,0.06187,0.02969,0.0314,0.06274,0.05427,0.03062,-0.01591,0.00614,0.04424,0.01052,-0.02878,-0.00953,0.02559,-0.02199,-0.00412,0.01438,0.029,0.04092,0.05169,0.04388,0.04119,0.01897,0.0033,-0.01062,-0.1055,-0.09169,-0.10579,-0.13142,-0.09871,-0.12762,-0.15157,-0.13006,-0.10804,-0.13317,-0.12301,-0.08334,-0.07199,-0.11086,-0.05409,0.01513,0.01583,0.03495,0.06994,0.11206,0.11929,0.0843,0.031,0.04365,0.05307,0.00689,0.02873,0.00145,0.02803,0.04758,-0.01908,-0.03534,0.01768,-0.05513,-0.11416,-0.05124,-0.02398,-0.1143,-0.09208,-0.07774,-0.10315,-0.11403,-0.08194,-0.07563,-0.07164,-0.09626,-0.08483,-0.10247,-0.11161,-0.0347,-0.08312,-0.01673,0.07445,-0.07674,0.0202,0.02825
GLY30,-0.27104,-0.26098,-0.20998,-0.14768,0.10469,0.14161,0.20587,0.15114,-0.0347,-0.10166,-0.05971,-0.06937,-0.05223,-0.01784,0.08983,0.0284,-0.0024,-0.03531,-0.09437,-0.09033,-0.07577,-0.05978,-0.00347,0.08021,0.24044,0.26487,0.56527,0.67852,0.81238,1.0,0.75824,0.4114,0.20605,0.11396,0.01012,0.02753,0.00927,-0.04819,-0.05697,-0.07164,-0.06328,-0.07988,-0.08131,-0.01283,-0.00711,-0.05068,-0.0336,0.0829,0.03775,-0.06892,-0.03958,-0.04387,-0.06437,-0.07541,0.00747,-0.03286,-0.01852,0.03126,0.03005,0.04389,0.00608,0.01196,0.0065,0.06941,0.08562,0.08272,0.0578,0.04714,-0.00456,0.03623,0.02084,0.02337,0.00761,-0.00796,0.00069,0.01623,-0.00755,-0.00933,0.0185,0.00668,-0.02793,-0.06784,-0.04839,-0.00229,-0.02736,-0.07515,-0.04644,-0.00316,-0.03797,-0.00964,0.03658,0.07078,0.08946,0.09535,0.0838,0.05959,0.00165,-0.00878,-0.02867,-0.11363,-0.0996,-0.07462,-0.10217,-0.10338,-0.12804,-0.13877,-0.13783,-0.13116,-0.14637,-0.13357,-0.08793,-0.09338,-0.11058,-0.04229,0.02824,0.04252,0.05036,0.07746,0.08385,0.08028,0.04585,-0.01742,0.02611,-0.00275,-0.035,0.01839,0.00909,0.07778,0.10689,0.02179,0.04835,0.13194,0.03344,-0.0379,0.0374,0.06643,-0.03715,-0.03408,-0.00466,-0.01964,-0.05932,-0.0272,-0.00639,-0.02194,-0.02713,-0.00397,-0.03241,-0.07865,-0.05461,-0.12551,-0.05888,0.01746,-0.15436,-0.03358,0.01084
ARG31,-0.34326,-0.30247,-0.16379,-0.06294,0.26081,0.30421,0.35256,0.28757,0.0063,-0.09948,-0.07786,-0.11696,-0.12769,-0.08283,0.00698,-0.068,-0.13457,-0.12547,-0.17179,-0.15711,-0.12619,-0.08217,0.06911,0.20203,0.47237,0.51506,0.7307,0.6717,0.65777,0.75824,1.0,0.75494,0.51291,0.34767,0.14407,0.11272,0.03596,-0.07186,-0.10595,-0.12587,-0.16529,-0.17064,-0.1741,-0.08938,-0.08881,-0.15483,-0.11747,0.02723,-0.04702,-0.14781,-0.07544,-0.06488,-0.11584,-0.08173,0.07043,-0.02403,-0.01637,0.08004,0.08887,0.07434,0.00316,0.00853,0.02491,0.10594,0.1638,0.16223,0.10908,0.09494,0.01605,0.06496,0.02574,0.02539,-0.02457,-0.02952,-0.00795,-0.00356,-0.04517,-0.03929,-0.00025,-0.02081,-0.06515,-0.10884,-0.06996,-0.05522,-0.09411,-0.13038,-0.1161,-0.09465,-0.12406,-0.06565,0.06224,0.11942,0.144,0.16149,0.14315,0.11423,0.01256,-0.03391,-0.09374,-0.20358,-0.18949,-0.16306,-0.19496,-0.18623,-0.2127,-0.21983,-0.20245,-0.18111,-0.20114,-0.18823,-0.11104,-0.09826,-0.16173,-0.07959,0.00648,0.04579,0.07894,0.12149,0.1538,0.1124,0.05682,-0.0569,-0.02133,-0.04943,-0.04024,0.01161,0.04133,0.15508,0.21358,0.11345,0.12744,0.23939,0.13309,0.00355,0.10178,0.1314,-0.02306,-0.04974,-0.01109,-0.0278,-0.10165,-0.09311,-0.07094,-0.08865,-0.07129,-0.04629,-0.09515,-0.15536,-0.03557,-0.17657,-0.0677,0.09606,-0.09886,0.02773,0.07686
GLU32,-0.35952,-0.23885,-0.02435,0.0577,0.35618,0.40993,0.42494,0.37491,0.09479,-0.0185,-0.04627,-0.09985,-0.14259,-0.13146,-0.05073,-0.16346,-0.24164,-0.18951,-0.19481,-0.16446,-0.10076,-0.03118,0.18621,0.34597,0.63587,0.67417,0.74059,0.39036,0.28672,0.4114,0.75494,1.0,0.78083,0.57496,0.31147,0.22731,0.0999,-0.04235,-0.09503,-0.12352,-0.21265,-0.20707,-0.2227,-0.12829,-0.15433,-0.21238,-0.12938,-0.01622,-0.12504,-0.1596,-0.02954,-0.03756,-0.1017,-0.02755,0.15062,0.02934,0.02194,0.1125,0.11882,0.04557,-0.02687,-0.04452,0.0005,0.11779,0.22072,0.21404,0.16916,0.17055,0.07433,0.09923,0.02497,-0.00859,-0.07001,-0.05207,-0.03646,-0.04994,-0.09263,-0.08851,-0.04506,-0.06336,-0.10994,-0.15935,-0.12564,-0.15,-0.18327,-0.19776,-0.1982,-0.18599,-0.19578,-0.12808,0.05783,0.13609,0.16569,0.20019,0.17815,0.14866,0.00628,-0.08076,-0.18462,-0.28199,-0.25798,-0.21493,-0.25584,-0.26002,-0.26381,-0.24201,-0.24318,-0.22811,-0.21905,-0.21945,-0.15388,-0.1324,-0.20355,-0.09495,-0.02005,0.05747,0.0892,0.14728,0.18955,0.10249,0.05592,-0.11823,-0.12367,-0.154,-0.04703,-0.01755,0.0837,0.25938,0.36243,0.21027,0.23182,0.39992,0.28252,0.10095,0.2048,0.21252,0.0633,-0.00037,0.04173,0.02391,-0.08491,-0.09501,-0.06898,-0.0897,-0.06011,-0.0309,-0.09227,-0.18529,-0.02686,-0.20247,-0.06948,0.16375,-0.03487,0.06457,0.12648
LYS33,-0.19017,-0.08425,0.05708,0.02497,0.23603,0.32435,0.31638,0.28052,0.12779,0.05368,0.00286,-0.02256,-0.06687,-0.09102,-0.0667,-0.23814,-0.22285,-0.11741,-0.08644,-0.04925,0.02336,0.07119,0.27395,0.41546,0.57445,0.59551,0.54842,0.23158,0.12565,0.20605,0.51291,0.78083,1.0,0.7491,0.49237,0.35823,0.22281,0.07194,-0.00026,-0.0359,-0.13785,-0.12292,-0.15243,-0.09267,-0.14695,-0.1697,-0.08499,-0.061,-0.12195,-0.06113,0.04546,0.01039,-0.03497,0.07187,0.1714,0.05976,0.09278,0.15634,0.12787,0.01937,-0.07418,-0.07873,-0.01739,0.07163,0.15577,0.11165,0.09631,0.07769,0.00838,0.03052,-0.02613,-0.05679,-0.1085,-0.09796,-0.09366,-0.10161,-0.14201,-0.14185,-0.0827,-0.08508,-0.13222,-0.19544,-0.15708,-0.16482,-0.19732,-0.21444,-0.20702,-0.1855,-0.20221,-0.13458,0.07296,0.16952,0.19431,0.21371,0.1793,0.14582,-0.00504,-0.05885,-0.15712,-0.2458,-0.24835,-0.21584,-0.23685,-0.24893,-0.24452,-0.22424,-0.23491,-0.21491,-0.22154,-0.22273,-0.16047,-0.15021,-0.15262,-0.06007,-0.02151,0.0334,0.02427,0.07124,0.10297,0.02177,-0.0431,-0.1686,-0.15794,-0.1814,-0.0636,-0.06677,0.00724,0.11924,0.19873,0.12124,0.14406,0.27985,0.2685,0.12744,0.2105,0.25232,0.14083,0.05014,0.11316,0.12838,0.02117,0.00134,0.02461,0.00416,0.00939,0.0431,-0.02308,-0.13675,-0.0484,-0.23444,-0.15195,0.03928,-0.05006,0.00945,0.06873
THR34,-0.18102,-0.08626,0.02894,-0.04431,0.14342,0.22217,0.27072,0.29701,0.19989,0.15944,0.09218,0.04672,-0.01022,-0.09448,-0.05243,-0.24657,-0.19753,-0.10563,-0.03497,0.02735,0.14072,0.20335,0.42843,0.51064,0.57941,0.44124,0.39033,0.10572,0.02304,0.11396,0.34767,0.57496,0.7491,1.0,0.70745,0.52194,0.34301,0.16865,0.08209,0.02608,-0.09919,-0.07255,-0.11124,-0.04336,-0.10829,-0.11271,-0.00324,-0.01095,-0.06478,0.01695,0.12899,0.0618,0.03636,0.15944,0.21481,0.08506,0.1219,0.16006,0.08377,-0.00248,-0.06909,-0.07818,-0.05231,0.03374,0.13288,0.0897,0.10518,0.10917,0.0486,0.06827,-0.00241,-0.04083,-0.09646,-0.08209,-0.07878,-0.08724,-0.12717,-0.12755,-0.06565,-0.06325,-0.11295,-0.17302,-0.15312,-0.14725,-0.17042,-0.18613,-0.18362,-0.18117,-0.18141,-0.11757,0.07584,0.16323,0.18602,0.19347,0.16071,0.11777,-0.02616,-0.03798,-0.13209,-0.19973,-0.20497,-0.17683,-0.17861,-0.20091,-0.18679,-0.1459,-0.17525,-0.17541,-0.16374,-0.16466,-0.14327,-0.15678,-0.17969,-0.06454,-0.0301,0.03239,0.02667,0.07781,0.11026,0.04788,-0.02241,-0.15032,-0.16775,-0.17371,-0.07333,-0.04549,0.03643,0.13831,0.21084,0.18385,0.21367,0.33204,0.32221,0.18825,0.26016,0.30974,0.22742,0.12298,0.18398,0.19662,0.08607,0.05972,0.08887,0.08194,0.07164,0.11652,0.04217,-0.09425,-0.05331,-0.2504,-0.1879,-0.01588,-0.11363,-0.07936,-0.03248
PHE35,-0.05155,-0.00543,-0.00319,-0.19978,-0.00967,0.0873,0.13593,0.1873,0.23377,0.23268,0.177,0.15187,0.09804,-0.04106,-0.01498,-0.2519,-0.08326,0.02266,0.13055,0.18975,0.30962,0.37642,0.53199,0.56323,0.41462,0.27817,0.19511,-0.02318,-0.07509,0.01012,0.14407,0.31147,0.49237,0.70745,1.0,0.77765,0.54484,0.32959,0.25367,0.17232,0.04182,0.08993,0.03552,0.05763,-0.01581,0.03726,0.13367,0.02689,0.06257,0.21964,0.25948,0.15572,0.19467,0.32149,0.25625,0.16858,0.23703,0.22939,0.13501,0.01713,-0.05879,-0.05828,-0.0309,0.02738,0.07207,-0.01789,0.02427,-0.01515,-0.00029,-0.03402,-0.03163,-0.05149,-0.09118,-0.08614,-0.08848,-0.0987,-0.11809,-0.11204,-0.05801,-0.0662,-0.13892,-0.18598,-0.16814,-0.15454,-0.13981,-0.17476,-0.17172,-0.14723,-0.1422,-0.08447,0.06101,0.15338,0.16698,0.14599,0.10113,0.05857,-0.05533,0.01578,-0.04365,-0.07451,-0.10259,-0.07662,-0.0573,-0.08926,-0.07781,-0.05647,-0.08956,-0.10925,-0.10937,-0.1223,-0.11189,-0.15562,-0.04029,0.02249,0.02188,0.0327,-0.01455,-0.00275,-0.02589,-0.03269,-0.13154,-0.1669,-0.12167,-0.14623,-0.09302,-0.10341,-0.08405,-0.03234,0.0256,0.09087,0.13158,0.22581,0.30604,0.23621,0.28088,0.36835,0.34065,0.20288,0.28029,0.34524,0.22438,0.18325,0.2208,0.22979,0.17624,0.23507,0.15891,0.02464,-0.07145,-0.27488,-0.28691,-0.2166,-0.22137,-0.20726,-0.16292
SER36,-0.03902,-0.02572,-0.05119,-0.25473,-0.08478,0.00823,0.081,0.14256,0.2061,0.22194,0.20942,0.16147,0.13151,0.00262,0.02642,-0.2382,-0.05378,0.06379,0.20897,0.27425,0.42995,0.52328,0.59992,0.50466,0.33886,0.1937,0.13357,-0.02171,-0.0499,0.02753,0.11272,0.22731,0.35823,0.52194,0.77765,1.0,0.78287,0.4377,0.34118,0.26705,0.11229,0.1312,0.05318,0.07054,-0.00928,0.06902,0.18054,0.06104,0.098,0.24848,0.27455,0.16611,0.18965,0.28298,0.21701,0.12658,0.17617,0.1492,0.05653,-0.04268,-0.11663,-0.1006,-0.06529,0.01246,0.04352,-0.03989,0.00334,-0.02927,0.00216,-0.01983,-0.01657,-0.0374,-0.08121,-0.06227,-0.05372,-0.06536,-0.08868,-0.08281,-0.02408,-0.0308,-0.112,-0.15242,-0.12843,-0.1205,-0.1193,-0.13653,-0.13266,-0.1215,-0.11306,-0.0586,0.0877,0.19254,0.20077,0.15683,0.10751,0.05668,-0.06382,0.02992,-0.05943,-0.07668,-0.09594,-0.05538,-0.04498,-0.08663,-0.06384,-0.03448,-0.08177,-0.10763,-0.0921,-0.10533,-0.11323,-0.15664,-0.06705,0.0124,0.02733,0.03987,-0.01126,9e-05,-0.01818,-0.01331,-0.1164,-0.16774,-0.1415,-0.15169,-0.12046,-0.09761,-0.09986,-0.05745,-0.00889,0.06554,0.10756,0.20371,0.29462,0.24263,0.3091,0.4305,0.41508,0.2891,0.36443,0.45158,0.31534,0.27246,0.32877,0.33193,0.26816,0.33154,0.23936,0.0773,-0.06802,-0.28209,-0.3019,-0.24894,-0.28517,-0.26521,-0.23506
ALA37,0.04183,0.03731,-0.03327,-0.28251,-0.1481,-0.0896,-0.03905,-0.01335,0.07847,0.12239,0.22764,0.22766,0.24324,0.09571,0.08059,-0.21399,0.06001,0.22404,0.38816,0.4448,0.56425,0.49817,0.42264,0.32958,0.18533,0.07924,0.0376,-0.06145,-0.06863,0.00927,0.03596,0.0999,0.22281,0.34301,0.54484,0.78287,1.0,0.64356,0.52765,0.4462,0.30024,0.30089,0.19618,0.16524,0.06749,0.1761,0.27699,0.08457,0.15421,0.34022,0.27289,0.15025,0.21238,0.27029,0.16464,0.11081,0.1625,0.10745,0.04092,-0.04761,-0.09706,-0.07276,-0.03865,0.02183,0.00536,-0.10901,-0.07699,-0.11194,-0.04409,-0.07044,-0.04707,-0.06225,-0.0826,-0.05691,-0.05527,-0.06828,-0.071,-0.06633,-0.00395,-0.01835,-0.0978,-0.14369,-0.10596,-0.10432,-0.10928,-0.12067,-0.11181,-0.10951,-0.107,-0.06115,0.05162,0.18095,0.1848,0.11052,0.04599,-0.00991,-0.11366,0.03827,-0.02975,-0.00729,-0.04505,0.01381,0.01656,-0.03453,-0.00103,0.02322,-0.02131,-0.04282,-0.041,-0.03218,-0.02446,-0.10104,-0.03842,0.02639,0.04459,0.01288,-0.04356,-0.04043,-0.07681,-0.03713,-0.1509,-0.17742,-0.14832,-0.16933,-0.16792,-0.15404,-0.17268,-0.16047,-0.13031,-0.07676,-0.02814,0.05944,0.13725,0.12645,0.19255,0.34104,0.39287,0.2997,0.39621,0.54194,0.44008,0.39914,0.45377,0.48581,0.37555,0.4592,0.38034,0.2112,-0.03684,-0.25967,-0.31548,-0.322,-0.32647,-0.32656,-0.29919
GLY38,0.06983,0.04953,-0.03411,-0.28815,-0.20138,-0.15127,-0.12814,-0.0864,0.05496,0.14191,0.28128,0.29766,0.30958,0.15667,0.1335,-0.15486,0.16411,0.33444,0.50679,0.60285,0.61042,0.44779,0.3052,0.18218,0.04759,-0.03733,-0.0786,-0.11366,-0.10748,-0.04819,-0.07186,-0.04235,0.07194,0.16865,0.32959,0.4377,0.64356,1.0,0.7233,0.55306,0.42876,0.41073,0.28945,0.24071,0.13684,0.2421,0.33251,0.12791,0.19567,0.33058,0.2198,0.10756,0.14916,0.14645,0.06675,0.03643,0.08713,0.01725,-0.01395,-0.07088,-0.0999,-0.0688,-0.04349,0.01576,-0.02257,-0.13108,-0.10275,-0.11565,-0.02705,-0.06494,-0.03006,-0.04431,-0.05005,-0.02847,-0.03417,-0.03965,-0.05217,-0.03823,-0.00138,-0.00849,-0.06717,-0.0964,-0.06297,-0.06662,-0.06078,-0.05495,-0.04662,-0.04562,-0.04178,-0.02355,0.02008,0.11901,0.12274,0.04141,-0.01072,-0.06844,-0.13768,0.02877,-0.01788,0.03594,0.004,0.06715,0.05787,0.00219,0.03735,0.05058,0.00582,-0.02208,-0.01689,-0.00618,0.00057,-0.08319,-0.03244,0.0196,0.04631,-0.00677,-0.04628,-0.04456,-0.09272,-0.0198,-0.13471,-0.14508,-0.11813,-0.13302,-0.14703,-0.1323,-0.13579,-0.14217,-0.1364,-0.05349,0.00069,0.03317,0.09654,0.14748,0.16452,0.25111,0.38842,0.36978,0.40727,0.55215,0.56298,0.51487,0.53077,0.61051,0.4305,0.50712,0.43183,0.2966,-0.02534,-0.22019,-0.29542,-0.35301,-0.35176,-0.37476,-0.34885
TYR39,0.10174,0.06905,-0.03363,-0.29536,-0.22225,-0.18524,-0.15986,-0.12511,0.03114,0.11651,0.25769,0.28653,0.37181,0.22753,0.20182,-0.09136,0.27657,0.46589,0.6277,0.62104,0.58325,0.4155,0.2399,0.1125,-0.03052,-0.08216,-0.12127,-0.13153,-0.11144,-0.05697,-0.10595,-0.09503,-0.00026,0.08209,0.25367,0.34118,0.52765,0.7233,1.0,0.79203,0.61466,0.57662,0.42356,0.31559,0.21822,0.34351,0.38017,0.14103,0.23471,0.36179,0.21854,0.1216,0.17898,0.16098,0.06505,0.05392,0.09265,-0.00074,-0.01518,-0.06654,-0.08977,-0.05489,-0.05809,0.01436,-0.02982,-0.13504,-0.09811,-0.1216,-0.02668,-0.06609,-0.0345,-0.03899,-0.03083,-0.01514,-0.02975,-0.03847,-0.03106,-0.02474,0.01061,-0.00888,-0.07478,-0.08691,-0.0545,-0.0738,-0.072,-0.04815,-0.03308,-0.04925,-0.04351,-0.04308,-0.07961,0.03634,0.03895,-0.06822,-0.14037,-0.19425,-0.21992,0.01806,0.04327,0.14364,0.07959,0.17793,0.14446,0.07619,0.09585,0.08623,0.04262,0.00772,-0.00668,0.01336,0.03229,-0.0702,-0.04142,0.00833,0.04664,-0.00147,-0.03806,-0.04041,-0.09687,-0.02467,-0.13662,-0.12308,-0.10936,-0.13896,-0.1796,-0.17385,-0.17598,-0.19311,-0.18933,-0.11463,-0.07168,-0.04159,0.01047,0.06113,0.06268,0.13511,0.27437,0.25305,0.27551,0.44499,0.49125,0.42044,0.46495,0.58216,0.43466,0.63317,0.64197,0.53538,0.14145,-0.13484,-0.19424,-0.30744,-0.33786,-0.37685,-0.36554
THR40,0.10668,0.07562,-0.0448,-0.28153,-0.20147,-0.18125,-0.15247,-0.12913,0.01101,0.08339,0.22577,0.29,0.44087,0.34982,0.25827,-0.03065,0.31823,0.53909,0.70025,0.59688,0.50298,0.33265,0.16593,0.05717,-0.0706,-0.11249,-0.14355,-0.13324,-0.11485,-0.07164,-0.12587,-0.12352,-0.0359,0.02608,0.17232,0.26705,0.4462,0.55306,0.79203,1.0,0.7546,0.61067,0.4472,0.33216,0.22768,0.3265,0.35514,0.13583,0.21745,0.32406,0.17794,0.10357,0.16241,0.14951,0.04589,0.03962,0.08432,-0.00908,-0.0176,-0.07407,-0.08362,-0.04261,-0.01925,0.04957,-0.01183,-0.11593,-0.09141,-0.11173,-0.00945,-0.04091,-0.00266,-0.01144,0.00195,0.00181,-0.01361,-0.01934,-0.00581,-0.00023,0.03019,0.02648,-0.02166,-0.03122,-0.00402,-0.03302,-0.04925,0.00157,0.01684,-0.00977,-0.00343,-0.01042,-0.04829,0.04917,0.04385,-0.05297,-0.11329,-0.15775,-0.17421,0.03096,0.02524,0.12576,0.07184,0.16176,0.13207,0.07254,0.10951,0.09311,0.05715,0.04641,0.0256,0.04521,0.08323,-0.01258,-0.00558,0.03716,0.07767,0.01343,-0.0195,-0.02882,-0.08213,-0.0084,-0.12076,-0.1301,-0.13489,-0.1724,-0.18538,-0.1847,-0.20314,-0.22778,-0.21632,-0.14828,-0.13082,-0.09313,-0.02628,0.02673,0.01639,0.07935,0.22736,0.22958,0.24266,0.38882,0.4707,0.43388,0.4734,0.52553,0.37656,0.50908,0.57698,0.4645,0.0906,-0.16704,-0.21421,-0.33927,-0.35617,-0.40004,-0.37176
ARG41,0.02571,-0.0405,-0.14728,-0.33591,-0.19497,-0.19386,-0.14243,-0.11573,0.04195,0.11026,0.25394,0.30649,0.52106,0.42087,0.46257,0.27972,0.64266,0.71306,0.67152,0.54862,0.41063,0.25904,0.07194,0.01111,-0.12592,-0.17411,-0.18945,-0.12438,-0.09167,-0.06328,-0.16529,-0.21265,-0.13785,-0.09919,0.04182,0.11229,0.30024,0.42876,0.61466,0.7546,1.0,0.82221,0.6761,0.52754,0.46847,0.54179,0.49346,0.31607,0.41949,0.44238,0.24829,0.20835,0.27701,0.16798,0.06065,0.09567,0.1246,0.00897,0.01125,-0.03959,-0.05416,0.0048,0.04909,0.11301,0.03841,-0.04544,-0.03479,-0.04266,0.06501,0.02532,0.10793,0.10631,0.13615,0.13803,0.11941,0.10313,0.11752,0.1281,0.1243,0.07988,0.02498,0.05274,0.05375,0.03282,0.04704,0.09429,0.09074,0.05636,0.06761,0.02771,-0.15413,-0.09926,-0.11115,-0.2083,-0.25937,-0.27966,-0.2061,0.03823,0.12658,0.28668,0.20206,0.30372,0.30415,0.22723,0.24755,0.22712,0.19946,0.14939,0.13936,0.16968,0.16394,0.05191,0.06965,0.08956,0.12995,0.05517,0.05004,0.00441,-0.06991,0.03731,-0.05283,-0.07053,-0.11509,-0.16765,-0.16535,-0.16791,-0.17414,-0.21531,-0.20652,-0.1963,-0.17461,-0.13158,-0.08149,-0.03244,-0.06558,-0.04383,0.11879,0.11797,0.08952,0.22167,0.34284,0.32504,0.33026,0.39284,0.28006,0.40495,0.55045,0.56542,0.0765,-0.07931,-0.17014,-0.39297,-0.42527,-0.45477,-0.41518
THR42,0.06122,0.00095,-0.09727,-0.35307,-0.21238,-0.18679,-0.15395,-0.11235,0.0597,0.14784,0.29736,0.35853,0.54122,0.34069,0.38328,0.22106,0.64323,0.70793,0.67075,0.58631,0.4389,0.27398,0.10461,0.03119,-0.12002,-0.17372,-0.19685,-0.15311,-0.1207,-0.07988,-0.17064,-0.20707,-0.12292,-0.07255,0.08993,0.1312,0.30089,0.41073,0.57662,0.61067,0.82221,1.0,0.8638,0.67404,0.58915,0.67275,0.60368,0.37954,0.4875,0.54942,0.34451,0.27504,0.3546,0.24913,0.11922,0.13366,0.17391,0.05829,0.05149,-0.02214,-0.05596,-0.01057,0.03886,0.09073,0.02278,-0.07239,-0.05305,-0.05769,0.04999,0.00826,0.11352,0.11339,0.15211,0.13979,0.10631,0.0946,0.10875,0.11736,0.11065,0.05646,-0.01914,-0.00528,-0.00797,-0.03146,0.01876,0.05626,0.02299,0.00035,0.03583,0.00303,-0.20256,-0.14862,-0.15999,-0.25572,-0.305,-0.31528,-0.21959,0.05314,0.1966,0.38288,0.27044,0.37374,0.39477,0.29121,0.29176,0.26919,0.24433,0.18635,0.1666,0.19985,0.1914,0.05761,0.07084,0.07197,0.10417,0.02407,0.02412,0.00153,-0.091,0.01018,-0.07446,-0.08963,-0.09918,-0.16914,-0.16605,-0.16874,-0.16861,-0.20098,-0.19531,-0.16812,-0.12269,-0.08658,-0.0404,0.02279,-0.00844,-0.01772,0.15329,0.13397,0.08185,0.20511,0.33966,0.30124,0.26954,0.34964,0.25828,0.3892,0.52672,0.55173,0.03485,-0.05788,-0.18709,-0.43265,-0.42539,-0.47223,-0.42166
THR43,0.01964,-0.05083,-0.12327,-0.3342,-0.17478,-0.14762,-0.11372,-0.06003,0.09635,0.18594,0.34206,0.44816,0.60429,0.37969,0.40739,0.31603,0.66522,0.66065,0.57783,0.51208,0.3806,0.23024,0.07874,0.02786,-0.10999,-0.17077,-0.19283,-0.13668,-0.11005,-0.08131,-0.1741,-0.2227,-0.15243,-0.11124,0.03552,0.05318,0.19618,0.28945,0.42356,0.4472,0.6761,0.8638,1.0,0.84408,0.73277,0.74025,0.65389,0.49417,0.55224,0.56149,0.36217,0.31346,0.38148,0.23436,0.12858,0.15449,0.17736,0.06092,0.06228,0.00251,-0.03121,0.008,0.07833,0.11873,0.05144,-0.01853,-0.01025,0.00212,0.10122,0.07528,0.20784,0.21132,0.25656,0.2309,0.1885,0.17472,0.17293,0.18475,0.15972,0.0932,0.02393,0.04736,0.0271,0.00506,0.06853,0.09644,0.04688,0.02772,0.07522,0.03328,-0.21934,-0.21604,-0.23126,-0.30455,-0.32886,-0.32169,-0.17802,0.06333,0.22992,0.43949,0.33239,0.40334,0.44803,0.35224,0.33555,0.30971,0.29893,0.22962,0.21022,0.25309,0.22686,0.0953,0.09944,0.09135,0.1244,0.04034,0.06903,0.02874,-0.06411,0.04092,-0.03223,-0.08211,-0.09371,-0.18569,-0.17183,-0.16965,-0.16739,-0.18879,-0.17355,-0.14799,-0.11217,-0.06774,-0.02372,0.04173,-0.00332,-0.04728,0.13508,0.10582,0.02112,0.12088,0.26677,0.21617,0.1563,0.23204,0.16553,0.24263,0.37456,0.43878,-0.04294,-0.02802,-0.1457,-0.43502,-0.42707,-0.47747,-0.42298
ASN44,-0.13519,-0.18561,-0.18539,-0.33434,-0.09407,-0.06167,0.0081,0.07801,0.19061,0.26901,0.41971,0.56401,0.66207,0.45516,0.48272,0.35171,0.58678,0.54095,0.47787,0.47402,0.38131,0.26171,0.13488,0.11821,-0.00389,-0.08514,-0.08813,-0.06785,-0.05093,-0.01283,-0.08938,-0.12829,-0.09267,-0.04336,0.05763,0.07054,0.16524,0.24071,0.31559,0.33216,0.52754,0.67404,0.84408,1.0,0.83442,0.72788,0.7183,0.66321,0.61659,0.54254,0.40189,0.34507,0.37962,0.20941,0.16737,0.18257,0.18041,0.06974,0.07786,0.0189,-0.01583,0.02812,0.11425,0.18997,0.16036,0.10524,0.10281,0.13049,0.19464,0.1916,0.33679,0.32686,0.35821,0.331,0.29253,0.27301,0.23927,0.25177,0.21702,0.14778,0.08403,0.09666,0.05572,0.03771,0.09384,0.10362,0.0396,0.01474,0.05594,0.01981,-0.22401,-0.24219,-0.24874,-0.29466,-0.30402,-0.291,-0.15275,0.02804,0.15232,0.34615,0.26022,0.33911,0.38648,0.29272,0.25852,0.25321,0.2435,0.16352,0.16122,0.21182,0.16747,0.04396,0.06263,0.12022,0.18436,0.1278,0.16702,0.13596,0.04898,0.1354,0.05457,-0.06234,-0.09967,-0.21434,-0.17924,-0.14838,-0.1394,-0.12219,-0.08132,-0.06405,-0.02747,0.03878,0.08099,0.12297,0.0942,0.04146,0.21321,0.17089,0.08264,0.14294,0.27176,0.22344,0.14912,0.18286,0.12371,0.15993,0.25431,0.31602,-0.09971,-0.11118,-0.17388,-0.39496,-0.49885,-0.49121,-0.41737
ASN45,-0.21615,-0.29211,-0.28733,-0.33588,-0.06772,-0.04188,0.05709,0.10864,0.20003,0.24832,0.38393,0.40939,0.51038,0.34746,0.44333,0.42009,0.59281,0.43863,0.33561,0.35153,0.25656,0.18801,0.08113,0.097,-0.02067,-0.09375,-0.0846,-0.0539,-0.03578,-0.00711,-0.08881,-0.15433,-0.14695,-0.10829,-0.01581,-0.00928,0.06749,0.13684,0.21822,0.22768,0.46847,0.58915,0.73277,0.83442,1.0,0.84124,0.71834,0.73465,0.7218,0.5801,0.42532,0.40085,0.42961,0.22453,0.1836,0.21743,0.20505,0.0921,0.09849,0.05784,0.02915,0.07721,0.15445,0.207,0.18074,0.16436,0.14688,0.16274,0.22323,0.22529,0.39328,0.40561,0.45204,0.4251,0.38156,0.35673,0.32305,0.33375,0.28216,0.18325,0.12314,0.16063,0.10588,0.10471,0.16638,0.16244,0.09841,0.06865,0.09427,0.04341,-0.28342,-0.33703,-0.34862,-0.38822,-0.387,-0.35547,-0.16123,0.02075,0.2299,0.44639,0.34952,0.41604,0.4856,0.41718,0.35354,0.31173,0.31633,0.2286,0.21626,0.25318,0.18055,0.07427,0.12428,0.15222,0.19883,0.15585,0.2057,0.15462,0.06824,0.17984,0.12221,0.02367,-0.00218,-0.11775,-0.12083,-0.08026,-0.08303,-0.10348,-0.07694,-0.05279,-0.05043,-0.01362,0.02442,0.05966,0.00809,-0.04473,0.09864,0.06652,-0.03898,0.01923,0.14047,0.08336,0.01607,0.06709,0.03539,0.09229,0.21574,0.33075,-0.07113,-0.02204,-0.11093,-0.36339,-0.46435,-0.43589,-0.36686
ARG46,-0.11093,-0.21431,-0.28478,-0.41399,-0.16963,-0.1344,-0.0432,0.02506,0.18425,0.257,0.39507,0.37347,0.44917,0.25015,0.3764,0.32301,0.59098,0.46078,0.3897,0.40761,0.38041,0.27775,0.12782,0.10471,-0.061,-0.15254,-0.15848,-0.12811,-0.09569,-0.05068,-0.15483,-0.21238,-0.1697,-0.11271,0.03726,0.06902,0.1761,0.2421,0.34351,0.3265,0.54179,0.67275,0.74025,0.72788,0.84124,1.0,0.82656,0.66824,0.77105,0.72735,0.51375,0.46769,0.52857,0.31946,0.2268,0.25953,0.2505,0.11324,0.08887,0.02068,-0.01167,0.02369,0.09368,0.13513,0.10327,0.06566,0.07138,0.06189,0.14784,0.12015,0.28749,0.29657,0.34953,0.34475,0.29477,0.26886,0.26697,0.2808,0.23479,0.13504,0.06673,0.10412,0.06257,0.07471,0.1379,0.1249,0.08118,0.06768,0.09244,0.05461,-0.25323,-0.26388,-0.28467,-0.35996,-0.38788,-0.36794,-0.18567,0.10088,0.33586,0.56388,0.43173,0.5156,0.60264,0.49713,0.44761,0.41113,0.37913,0.27363,0.26213,0.27908,0.18677,0.06134,0.13729,0.129,0.15748,0.10615,0.13463,0.07538,-0.02239,0.10104,0.03001,-0.01454,-0.00186,-0.11444,-0.14522,-0.11884,-0.13886,-0.16779,-0.15323,-0.09812,-0.07182,-0.04515,0.01283,0.07217,0.01884,-0.01946,0.13597,0.09284,-0.00495,0.09403,0.19555,0.12973,0.08532,0.16583,0.13204,0.22077,0.3565,0.46499,-0.0102,0.01973,-0.12016,-0.43525,-0.47953,-0.47244,-0.42692
MET47,-0.16459,-0.22514,-0.25649,-0.40243,-0.13182,-0.09909,0.01342,0.10135,0.25866,0.33773,0.48034,0.46893,0.50079,0.28611,0.38931,0.24242,0.49392,0.42865,0.41839,0.46774,0.5131,0.40338,0.23632,0.20312,0.03428,-0.08081,-0.09998,-0.11848,-0.09433,-0.0336,-0.11747,-0.12938,-0.08499,-0.00324,0.13367,0.18054,0.27699,0.33251,0.38017,0.35514,0.49346,0.60368,0.65389,0.7183,0.71834,0.82656,1.0,0.7785,0.73361,0.71044,0.57499,0.48454,0.50873,0.32789,0.26494,0.27637,0.26112,0.1191,0.07716,-0.0013,-0.04163,0.00332,0.0767,0.15375,0.14909,0.09652,0.11965,0.12355,0.19688,0.18819,0.32298,0.30541,0.31843,0.31639,0.28014,0.24707,0.21712,0.23075,0.20817,0.13129,0.04249,0.05594,0.0152,0.00202,0.06988,0.06536,0.00124,-0.01264,0.01541,0.00612,-0.19463,-0.17731,-0.18532,-0.24225,-0.2716,-0.2694,-0.16106,0.06657,0.20345,0.37935,0.27511,0.36917,0.43544,0.32876,0.2997,0.30621,0.25836,0.14879,0.17016,0.19193,0.09534,-0.03156,0.04421,0.11918,0.17546,0.14475,0.16371,0.12905,0.05103,0.14745,0.05827,-0.04596,-0.0691,-0.17637,-0.17954,-0.14186,-0.14164,-0.13106,-0.09369,-0.04023,-0.00456,0.0521,0.11569,0.15924,0.12756,0.10177,0.27406,0.21775,0.13478,0.22589,0.30764,0.24639,0.20356,0.24673,0.20914,0.26562,0.33352,0.36362,-0.06982,-0.11878,-0.19949,-0.41119,-0.53303,-0.49844,-0.43058
GLU48,-0.44551,-0.51008,-0.44181,-0.35732,0.02512,0.0311,0.2188,0.30163,0.3402,0.33684,0.43744,0.37966,0.4029,0.28497,0.48134,0.43316,0.48214,0.27641,0.19333,0.24969,0.27124,0.2678,0.18315,0.2382,0.13652,0.01765,0.04513,0.02602,0.03596,0.0829,0.02723,-0.01622,-0.061,-0.01095,0.02689,0.06104,0.08457,0.12791,0.14103,0.13583,0.31607,0.37954,0.49417,0.66321,0.73465,0.66824,0.7785,1.0,0.80922,0.54051,0.49257,0.47519,0.44237,0.19367,0.22611,0.26816,0.22098,0.09214,0.0821,0.06722,0.0455,0.09043,0.16228,0.26463,0.29572,0.32533,0.30141,0.31867,0.32475,0.36221,0.50502,0.48306,0.47619,0.48022,0.46343,0.41036,0.35939,0.37898,0.3236,0.21992,0.14518,0.18837,0.12024,0.11726,0.16299,0.15042,0.07547,0.03695,0.04264,0.01105,-0.23642,-0.27833,-0.27449,-0.2871,-0.2844,-0.26777,-0.13429,-0.02545,0.09465,0.26093,0.212,0.3126,0.36757,0.2855,0.23296,0.23988,0.19919,0.09047,0.14324,0.15552,0.02226,-0.04159,0.03811,0.16948,0.25696,0.27529,0.33408,0.28723,0.22042,0.29659,0.23519,0.06852,0.02374,-0.08382,-0.09831,-0.01547,-0.01234,0.0114,0.06145,0.0658,0.06458,0.1198,0.15027,0.14586,0.10469,0.06557,0.17925,0.13331,0.0328,0.07482,0.13436,0.09667,0.06047,0.06527,0.05716,0.07923,0.14251,0.21697,-0.09816,-0.1055,-0.10295,-0.25108,-0.53981,-0.40925,-0.32913
LEU49,-0.32133,-0.46043,-0.51809,-0.51387,-0.08874,-0.04415,0.12246,0.20437,0.30747,0.31572,0.40456,0.34066,0.38166,0.24626,0.46194,0.39805,0.58691,0.35336,0.27241,0.30677,0.31306,0.29782,0.18532,0.2279,0.06968,-0.05999,-0.03834,-0.02617,-0.00517,0.03775,-0.04702,-0.12504,-0.12195,-0.06478,0.06257,0.098,0.15421,0.19567,0.23471,0.21745,0.41949,0.4875,0.55224,0.61659,0.7218,0.77105,0.73361,0.80922,1.0,0.77491,0.58624,0.59342,0.59962,0.32157,0.27776,0.31951,0.2907,0.15061,0.12021,0.06652,0.05197,0.08983,0.18567,0.24702,0.23649,0.22778,0.20724,0.18153,0.22943,0.21151,0.37245,0.37897,0.4083,0.43789,0.40403,0.35604,0.34797,0.38251,0.32547,0.20015,0.12483,0.16823,0.10719,0.15554,0.23132,0.16714,0.1133,0.11425,0.11538,0.10063,-0.18013,-0.22485,-0.24338,-0.29398,-0.30502,-0.29462,-0.12514,0.10396,0.24719,0.42836,0.34845,0.44974,0.54693,0.45324,0.38631,0.3709,0.34411,0.20866,0.22871,0.25632,0.11819,0.0153,0.17058,0.22095,0.26354,0.2398,0.28096,0.18653,0.08942,0.21791,0.1576,0.09285,0.11059,0.00824,-0.0663,5e-05,-0.05453,-0.08568,-0.0708,0.007,0.01563,0.0269,0.09284,0.13582,0.06872,0.04773,0.1639,0.11566,0.01886,0.09705,0.16539,0.12679,0.09791,0.14074,0.10168,0.15217,0.24398,0.34199,-0.09607,-0.06257,-0.17843,-0.48654,-0.62908,-0.52625,-0.46071
MET50,-0.00438,-0.09463,-0.23695,-0.46682,-0.19939,-0.11746,-0.04524,0.04402,0.23666,0.28509,0.34418,0.33064,0.36184,0.15533,0.24563,0.10407,0.44041,0.37705,0.3773,0.40519,0.43034,0.37905,0.24466,0.22934,0.02065,-0.10685,-0.13144,-0.16063,-0.13269,-0.06892,-0.14781,-0.1596,-0.06113,0.01695,0.21964,0.24848,0.34022,0.33058,0.36179,0.32406,0.44238,0.54942,0.56149,0.54254,0.5801,0.72735,0.71044,0.54051,0.77491,1.0,0.73328,0.58723,0.66534,0.51026,0.34665,0.33377,0.34117,0.19045,0.11066,-0.00885,-0.05586,-0.0287,0.05978,0.10354,0.07676,-0.00748,0.03388,-0.0124,0.0779,0.02072,0.17051,0.17284,0.20946,0.22101,0.16906,0.14098,0.1519,0.16879,0.14342,0.05917,-0.01604,-0.0054,-0.04004,-0.00093,0.08154,0.02361,-0.0167,0.00928,0.03243,0.04124,-0.11704,-0.10192,-0.12044,-0.1918,-0.22016,-0.22353,-0.11599,0.14588,0.28157,0.42766,0.313,0.38277,0.50186,0.39532,0.37148,0.38898,0.34315,0.21525,0.21621,0.23631,0.14615,0.00629,0.13721,0.13229,0.13748,0.09673,0.08859,0.00998,-0.09086,0.02074,-0.06042,-0.05229,-0.00394,-0.10507,-0.15597,-0.12939,-0.17658,-0.19438,-0.1766,-0.08322,-0.02972,0.01413,0.09844,0.16117,0.12724,0.11228,0.23334,0.16174,0.10681,0.21286,0.26297,0.21152,0.18669,0.24165,0.17334,0.24914,0.31404,0.34722,-0.08648,-0.09879,-0.27585,-0.55733,-0.49086,-0.49287,-0.44659
ALA51,-0.13484,-0.15728,-0.17955,-0.31157,-0.08007,-0.01187,0.09961,0.19559,0.35921,0.34522,0.3165,0.26899,0.25622,0.09198,0.18965,0.05885,0.25403,0.20452,0.20714,0.25854,0.32264,0.33399,0.31023,0.35686,0.15106,0.00447,-0.02417,-0.10928,-0.10412,-0.03958,-0.07544,-0.02954,0.04546,0.12899,0.25948,0.27455,0.27289,0.2198,0.21854,0.17794,0.24829,0.34451,0.36217,0.40189,0.42532,0.51375,0.57499,0.49257,0.58624,0.73328,1.0,0.73551,0.62926,0.55201,0.41059,0.38742,0.34095,0.20648,0.10042,0.00355,-0.05089,-0.01185,0.03841,0.10221,0.15347,0.09401,0.13087,0.11227,0.12323,0.08609,0.16504,0.15874,0.162,0.16936,0.14111,0.10149,0.09567,0.1086,0.09937,0.04012,-0.04923,-0.04921,-0.0965,-0.07557,-0.01098,-0.05117,-0.09262,-0.07007,-0.05401,-0.04873,-0.12255,-0.09138,-0.08831,-0.12141,-0.14648,-0.15266,-0.10994,0.02953,0.12846,0.23174,0.15771,0.23079,0.30311,0.2247,0.18443,0.24339,0.1977,0.07005,0.10513,0.12425,0.00669,-0.08227,0.05845,0.13655,0.14508,0.16227,0.14511,0.09867,0.0299,0.07242,-0.00672,-0.06108,-0.06065,-0.1277,-0.12027,-0.09085,-0.0922,-0.07131,-0.02734,0.0145,0.04988,0.12156,0.19199,0.18977,0.16082,0.14581,0.23023,0.15239,0.10879,0.16672,0.17928,0.13717,0.1236,0.1479,0.11105,0.16553,0.19229,0.19507,-0.10372,-0.14721,-0.22356,-0.33434,-0.36947,-0.33132,-0.28568
ALA52,-0.22599,-0.28424,-0.30428,-0.30336,-0.00378,0.04377,0.18307,0.26365,0.38437,0.33896,0.28259,0.20569,0.20777,0.09598,0.23311,0.19429,0.29708,0.16329,0.12632,0.16559,0.20865,0.27414,0.23058,0.31551,0.14871,0.02672,-0.0064,-0.07316,-0.07795,-0.04387,-0.06488,-0.03756,0.01039,0.0618,0.15572,0.16611,0.15025,0.10756,0.1216,0.10357,0.20835,0.27504,0.31346,0.34507,0.40085,0.46769,0.48454,0.47519,0.59342,0.58723,0.73551,1.0,0.77407,0.54701,0.47254,0.47537,0.41782,0.25413,0.13968,0.04705,-0.01861,0.01758,0.08134,0.1432,0.21269,0.20649,0.21183,0.1889,0.16691,0.12578,0.19823,0.20454,0.20142,0.21272,0.19642,0.14314,0.12852,0.16556,0.14791,0.06284,-0.02912,-0.01047,-0.07563,-0.0366,0.03503,-0.01744,-0.06546,-0.0449,-0.03113,-0.03255,-0.14033,-0.14422,-0.1513,-0.15988,-0.1684,-0.15007,-0.06731,0.02952,0.12117,0.23721,0.18075,0.26181,0.33876,0.26482,0.21529,0.28726,0.24665,0.09501,0.15041,0.16311,0.00841,-0.05097,0.11133,0.17342,0.17999,0.21851,0.237,0.16095,0.09352,0.11994,0.06492,0.00035,-0.01631,-0.06934,-0.07099,-0.04075,-0.05631,-0.05229,-0.01759,0.02487,0.03686,0.08489,0.15796,0.15081,0.08602,0.05788,0.13821,0.06714,-0.00787,0.04277,0.06364,0.03551,0.02382,0.06367,0.0475,0.07785,0.12957,0.18327,-0.07835,-0.07213,-0.14286,-0.28174,-0.35134,-0.2908,-0.25512
ILE53,-0.17341,-0.24034,-0.30259,-0.33566,-0.04879,-0.02019,0.09942,0.15313,0.27494,0.25006,0.25496,0.20923,0.22659,0.0937,0.2285,0.18935,0.34886,0.22329,0.19093,0.21724,0.23847,0.25265,0.17446,0.24236,0.06702,-0.0347,-0.06418,-0.12756,-0.11671,-0.06437,-0.11584,-0.1017,-0.03497,0.03636,0.19467,0.18965,0.21238,0.14916,0.17898,0.16241,0.27701,0.3546,0.38148,0.37962,0.42961,0.52857,0.50873,0.44237,0.59962,0.66534,0.62926,0.77407,1.0,0.73992,0.55292,0.57424,0.5336,0.31561,0.18172,0.057,0.01474,0.02989,0.10022,0.14835,0.19124,0.14185,0.14539,0.10737,0.11037,0.06712,0.16278,0.17972,0.19089,0.20727,0.18773,0.1355,0.13314,0.1841,0.15491,0.05595,-0.04031,-0.02536,-0.08479,-0.02881,0.0455,-0.01896,-0.05721,-0.03251,-0.01491,-0.01388,-0.1304,-0.12068,-0.1357,-0.16535,-0.18888,-0.17433,-0.08397,0.07358,0.18136,0.32653,0.25177,0.33414,0.47128,0.37451,0.32194,0.4114,0.40203,0.23072,0.25981,0.26947,0.13504,0.01884,0.17079,0.2006,0.19004,0.18335,0.19843,0.10372,0.01233,0.06871,0.00262,-0.02785,-0.02292,-0.07103,-0.07256,-0.06562,-0.10314,-0.11656,-0.09668,-0.05829,-0.03211,0.01475,0.06724,0.08046,0.03544,0.01384,0.10972,0.04085,-0.01736,0.06421,0.09308,0.06385,0.04968,0.10128,0.08272,0.1166,0.18078,0.23259,-0.09978,-0.05106,-0.16492,-0.36907,-0.38175,-0.3471,-0.31601
VAL54,-0.03203,-0.03742,-0.08447,-0.19049,-0.0195,0.02248,0.06381,0.04565,0.14972,0.12994,0.12389,0.11499,0.10757,-0.01592,0.05343,-0.0359,0.13741,0.12477,0.14487,0.17123,0.18242,0.15875,0.16596,0.19362,0.06092,0.03775,-0.01003,-0.13023,-0.13956,-0.07541,-0.08173,-0.02755,0.07187,0.15944,0.32149,0.28298,0.27029,0.14645,0.16098,0.14951,0.16798,0.24913,0.23436,0.20941,0.22453,0.31946,0.32789,0.19367,0.32157,0.51026,0.55201,0.54701,0.73992,1.0,0.68241,0.54996,0.56737,0.4577,0.25186,0.08399,0.02915,0.04166,0.08473,0.08945,0.12195,0.01776,0.04265,-0.00555,-0.00556,-0.04231,0.02346,0.04025,0.04927,0.03568,0.014,-0.00937,-0.01294,0.01617,0.02558,-0.02306,-0.1103,-0.12902,-0.14202,-0.11434,-0.06016,-0.11225,-0.1321,-0.08942,-0.08265,-0.05063,-0.04218,0.01001,0.00475,-0.02811,-0.06229,-0.07044,-0.07282,0.0452,0.11804,0.19564,0.12694,0.14446,0.24342,0.20615,0.16359,0.21052,0.21398,0.13568,0.12941,0.11318,0.05576,0.00064,0.13541,0.16117,0.11462,0.10702,0.06266,-0.00178,-0.0693,-0.03948,-0.09012,-0.10996,-0.06631,-0.10079,-0.08036,-0.10684,-0.13064,-0.14445,-0.12407,-0.08969,-0.06157,-0.0084,0.04067,0.04232,0.05118,0.05154,0.08454,0.02059,0.03333,0.0927,0.0935,0.06555,0.06173,0.10115,0.08014,0.11411,0.13288,0.10577,-0.10349,-0.12171,-0.20437,-0.29457,-0.22306,-0.24341,-0.20731
ALA55,-0.23759,-0.2224,-0.18403,-0.16432,0.13676,0.17322,0.26595,0.22901,0.21032,0.16988,0.12069,0.08656,0.07279,-0.00494,0.10663,0.0378,0.09361,0.04976,0.03444,0.06685,0.10601,0.13003,0.18974,0.26129,0.23704,0.24767,0.15977,-0.01672,-0.05613,0.00747,0.07043,0.15062,0.1714,0.21481,0.25625,0.21701,0.16464,0.06675,0.06505,0.04589,0.06065,0.11922,0.12858,0.16737,0.1836,0.2268,0.26494,0.22611,0.27776,0.34665,0.41059,0.47254,0.55292,0.68241,1.0,0.71383,0.54988,0.53482,0.36664,0.14973,0.08507,0.09282,0.14357,0.19494,0.27792,0.2024,0.18984,0.14344,0.09508,0.07005,0.08299,0.08088,0.05505,0.04687,0.04502,0.01518,-0.00199,0.01366,0.0231,-0.03456,-0.11368,-0.1197,-0.13337,-0.13395,-0.10032,-0.13442,-0.16111,-0.13012,-0.11731,-0.06736,-0.04802,-0.01022,-0.01511,-0.0123,-0.0356,-0.02297,-0.0325,0.02343,0.02804,0.07406,0.0326,0.07722,0.12737,0.07805,0.04727,0.08974,0.07145,0.00571,0.04265,0.02051,-0.03602,-0.01602,0.14363,0.19398,0.17336,0.20965,0.19362,0.12242,0.08282,0.06341,0.02637,-0.06419,-0.04519,-0.09906,-0.07211,-0.07598,-0.09292,-0.05947,-0.00904,0.04357,0.04567,0.11407,0.14133,0.1123,0.12741,0.09303,0.0831,0.02392,0.02114,0.03574,0.02551,-0.00019,-0.00717,0.01065,0.01539,0.03451,0.0483,0.04153,-0.06833,-0.11357,-0.11064,-0.16125,-0.21862,-0.19187,-0.15355
LEU56,-0.26852,-0.26117,-0.2466,-0.15703,0.14882,0.12245,0.21664,0.16002,0.16884,0.12819,0.12016,0.08622,0.0843,0.03159,0.14701,0.13501,0.16464,0.07674,0.04324,0.06837,0.0785,0.0938,0.09764,0.19709,0.1266,0.17002,0.08357,-0.04581,-0.06717,-0.03286,-0.02403,0.02934,0.05976,0.08506,0.16858,0.12658,0.11081,0.03643,0.05392,0.03962,0.09567,0.13366,0.15449,0.18257,0.21743,0.25953,0.27637,0.26816,0.31951,0.33377,0.38742,0.47537,0.57424,0.54996,0.71383,1.0,0.7576,0.54118,0.46098,0.26163,0.19075,0.17308,0.23492,0.26588,0.31282,0.23714,0.20071,0.13267,0.08585,0.05832,0.0988,0.10021,0.07789,0.08884,0.09728,0.05719,0.03686,0.08151,0.08237,0.00906,-0.09259,-0.08415,-0.11651,-0.10688,-0.06673,-0.10504,-0.13837,-0.11584,-0.10835,-0.09086,-0.13189,-0.10856,-0.1101,-0.10099,-0.11905,-0.08911,-0.06121,-0.02652,0.04047,0.10658,0.05944,0.11039,0.1803,0.14493,0.11284,0.15678,0.1791,0.12758,0.16564,0.11868,0.05159,0.0775,0.24065,0.30525,0.27598,0.29094,0.27208,0.16895,0.08709,0.07637,0.04335,-0.01221,0.0355,-0.04524,-0.05738,-0.04837,-0.07411,-0.08008,-0.05443,-0.01281,-0.03139,-0.00809,0.03619,0.01976,0.01863,0.01051,0.03523,-0.01003,-0.02733,0.00542,0.01527,0.0073,-0.00888,0.00913,0.01552,0.02675,0.05719,0.07482,-0.0883,-0.08231,-0.09564,-0.17338,-0.23073,-0.19205,-0.14886
GLU57,-0.18628,-0.18597,-0.19745,-0.19616,0.07305,0.03906,0.12589,0.0749,0.10287,0.06769,0.08816,0.07562,0.09136,0.01926,0.12224,0.0636,0.15366,0.1087,0.0823,0.09497,0.10252,0.09406,0.08183,0.14657,0.08073,0.13325,0.06231,-0.03989,-0.05478,-0.01852,-0.01637,0.02194,0.09278,0.1219,0.23703,0.17617,0.1625,0.08713,0.09265,0.08432,0.1246,0.17391,0.17736,0.18041,0.20505,0.2505,0.26112,0.22098,0.2907,0.34117,0.34095,0.41782,0.5336,0.56737,0.54988,0.7576,1.0,0.74007,0.54472,0.34523,0.22299,0.20227,0.23707,0.21014,0.21714,0.11326,0.09767,0.03845,0.0138,-0.01425,0.03944,0.036,0.02342,0.03486,0.03833,0.00623,-0.00149,0.05167,0.06061,-0.01549,-0.11297,-0.11585,-0.12717,-0.12181,-0.07246,-0.10618,-0.13926,-0.12279,-0.12075,-0.09897,-0.11343,-0.05311,-0.05325,-0.06699,-0.10247,-0.095,-0.0996,-0.01162,0.06257,0.11688,0.05664,0.08325,0.16414,0.12772,0.11111,0.16812,0.16188,0.13172,0.17245,0.10474,0.05825,0.08838,0.23993,0.30923,0.24765,0.22726,0.16824,0.09374,0.00907,0.01301,-0.01294,-0.03684,0.02606,-0.03058,-0.05154,-0.05162,-0.07452,-0.09785,-0.08117,-0.03934,-0.04846,-0.03817,0.00707,-0.00244,0.00372,0.03105,0.04825,-0.00768,0.00054,0.05077,0.04973,0.03782,0.02803,0.05131,0.04653,0.06789,0.09556,0.07297,-0.1152,-0.12998,-0.16257,-0.21187,-0.24489,-0.20802,-0.15603
ALA58,-0.14962,-0.14539,-0.13038,-0.13555,0.09834,0.08756,0.13064,0.05665,0.02922,-0.00269,-0.00988,-0.0078,-0.00575,-0.0554,0.03992,-0.0178,0.04023,0.01539,-0.01607,-0.00193,0.00807,0.01422,0.06012,0.10266,0.11532,0.21063,0.14738,0.04865,0.00194,0.03126,0.08004,0.1125,0.15634,0.16006,0.22939,0.1492,0.10745,0.01725,-0.00074,-0.00908,0.00897,0.05829,0.06092,0.06974,0.0921,0.11324,0.1191,0.09214,0.15061,0.19045,0.20648,0.25413,0.31561,0.4577,0.53482,0.54118,0.74007,1.0,0.69946,0.42691,0.27113,0.26039,0.2583,0.17361,0.16778,0.04911,0.03169,-0.01288,-0.04291,-0.06658,-0.03215,-0.02705,-0.04699,-0.04773,-0.03931,-0.05704,-0.06674,-0.03698,-0.01004,-0.05411,-0.11121,-0.12853,-0.11536,-0.12325,-0.08942,-0.12842,-0.13959,-0.11154,-0.12568,-0.08144,-0.03163,0.03856,0.04233,0.03316,-0.00584,-0.01219,-0.06342,0.00439,0.04,0.03607,-0.01471,-0.01136,0.02846,0.01724,-0.01469,0.00355,0.01659,0.0031,0.02613,0.02012,-0.0161,0.04477,0.28796,0.29698,0.19143,0.1359,0.0592,0.01105,-0.02741,-0.0302,-0.05218,-0.07867,0.00688,-0.00229,-0.00027,-0.0185,-0.05269,-0.08148,-0.07965,-0.02117,-0.02813,-0.03118,-0.0028,-0.01001,0.01016,0.03122,-0.001,-0.04347,-0.02537,-0.00665,-0.01694,-0.02227,-0.03395,-0.0323,-0.01215,0.00064,0.01175,-0.02297,-0.09721,-0.12828,-0.14127,-0.14778,-0.14942,-0.12324,-0.07703
LEU59,-0.19017,-0.15717,-0.09437,-0.05783,0.19835,0.14919,0.14441,0.05838,-0.00442,-0.0309,-0.02171,0.00135,0.02033,-0.01081,0.06454,0.03633,0.06382,0.01887,-0.0026,0.00447,-0.02462,-0.02936,-0.00667,0.05617,0.10334,0.24523,0.18386,0.06863,0.00706,0.03005,0.08887,0.11882,0.12787,0.08377,0.13501,0.05653,0.04092,-0.01395,-0.01518,-0.0176,0.01125,0.05149,0.06228,0.07786,0.09849,0.08887,0.07716,0.0821,0.12021,0.11066,0.10042,0.13968,0.18172,0.25186,0.36664,0.46098,0.54472,0.69946,1.0,0.65805,0.42708,0.35606,0.36588,0.26601,0.21524,0.09196,0.02224,-0.01992,-0.04245,-0.04994,-0.0104,-0.00559,-0.01918,-0.02948,-0.02338,-0.03809,-0.04757,-0.01946,-0.00586,-0.05511,-0.09558,-0.10829,-0.07974,-0.10152,-0.10578,-0.12704,-0.13568,-0.12107,-0.13412,-0.10721,-0.10297,-0.04624,-0.04038,-0.03768,-0.0736,-0.06311,-0.08321,-0.03169,0.02425,0.00468,-0.04542,-0.04276,-0.0126,-0.01593,-0.04855,-0.0527,-0.01361,0.01023,0.01122,0.01585,0.04362,0.13633,0.36717,0.33791,0.24157,0.14313,0.08697,0.02787,-0.02169,-0.00882,-0.04288,-0.06304,0.0254,-0.01413,-0.01143,-0.04165,-0.08165,-0.11132,-0.10294,-0.03642,-0.06206,-0.07591,-0.03434,-0.03275,-0.01996,0.00507,-0.00838,-0.03976,-0.03685,-0.02286,-0.0137,-0.02269,-0.04932,-0.06088,-0.03232,-0.03204,-0.01068,-0.02982,-0.08794,-0.09881,-0.09896,-0.12147,-0.12091,-0.07647,-0.01494
LYS60,-0.22864,-0.18749,-0.11824,-0.02032,0.12859,0.03746,0.08856,0.00922,-0.05182,-0.08753,-0.03064,-0.04504,-0.0205,0.00302,0.05803,0.08532,0.0505,-0.01869,-0.05823,-0.05224,-0.08744,-0.08428,-0.0817,-0.02812,0.03208,0.12464,0.11161,0.08755,0.06052,0.04389,0.07434,0.04557,0.01937,-0.00248,0.01713,-0.04268,-0.04761,-0.07088,-0.06654,-0.07407,-0.03959,-0.02214,0.00251,0.0189,0.05784,0.02068,-0.0013,0.06722,0.06652,-0.00885,0.00355,0.04705,0.057,0.08399,0.14973,0.26163,0.34523,0.42691,0.65805,1.0,0.64914,0.52972,0.37422,0.20454,0.11904,0.0441,-0.001,-0.02331,-0.05485,-0.03446,-0.01247,0.00716,-0.0078,-0.00944,0.0062,-0.00015,-0.03148,0.0008,0.00791,-0.02901,-0.04809,-0.0458,-0.03902,-0.04579,-0.06389,-0.07416,-0.06519,-0.06586,-0.08215,-0.09093,-0.10885,-0.08774,-0.07763,-0.06659,-0.084,-0.07201,-0.07147,-0.06701,-0.01043,-0.03024,-0.0601,-0.07052,-0.03792,-0.02032,-0.05521,-0.06708,-0.00328,0.02492,0.0163,0.00635,0.02968,0.0776,0.16554,0.22686,0.18412,0.09097,0.04967,0.03277,9e-05,-0.00709,-0.01372,0.00527,0.07967,0.07718,0.0229,0.02973,0.01905,-0.02068,-0.03071,0.01492,-0.02191,-0.08346,-0.09844,-0.0835,-0.08908,-0.05771,-0.06906,-0.05073,-0.05865,-0.07407,-0.05458,-0.04639,-0.07559,-0.06938,-0.03245,-0.05649,-0.03695,-0.0432,-0.05166,-0.0343,-0.00487,-0.00783,-0.04402,0.00113,0.02789
GLU61,-0.26596,-0.21505,-0.13722,0.01341,0.14061,0.00589,0.04312,-0.05306,-0.13344,-0.17487,-0.07573,-0.07277,-0.03818,0.02347,0.07613,0.09707,0.07302,0.00217,-0.04342,-0.08295,-0.12148,-0.15499,-0.17162,-0.10031,-0.04005,0.03996,0.03374,-0.01417,-0.01174,0.00608,0.00316,-0.02687,-0.07418,-0.06909,-0.05879,-0.11663,-0.09706,-0.0999,-0.08977,-0.08362,-0.05416,-0.05596,-0.03121,-0.01583,0.02915,-0.01167,-0.04163,0.0455,0.05197,-0.05586,-0.05089,-0.01861,0.01474,0.02915,0.08507,0.19075,0.22299,0.27113,0.42708,0.64914,1.0,0.77883,0.54513,0.29158,0.17209,0.09147,0.0054,-0.02812,-0.09077,-0.04637,-0.04428,-0.02234,-0.02289,-0.01918,0.00158,-0.01432,-0.01843,0.00315,-0.00891,-0.04698,-0.0601,-0.04147,-0.03806,-0.02719,-0.0508,-0.0313,-0.02507,-0.05064,-0.06732,-0.07154,-0.07992,-0.02493,-0.01185,-0.03367,-0.07402,-0.09084,-0.12164,-0.08419,-0.05008,-0.05006,-0.05348,-0.08652,-0.0558,-0.0349,-0.07578,-0.0817,-0.00106,0.03587,0.03183,0.04579,0.12834,0.17827,0.2542,0.35437,0.26433,0.16248,0.11057,0.0154,-0.01952,-0.01341,0.01878,0.05576,0.15743,0.14139,0.05267,0.06046,0.01458,-0.03766,-0.05635,-0.05049,-0.08915,-0.15001,-0.18405,-0.16285,-0.15428,-0.09647,-0.11286,-0.07623,-0.06674,-0.08143,-0.05767,-0.02458,-0.04028,-0.04845,-0.03762,-0.07448,-0.05451,-0.05412,-0.06944,0.02919,0.08875,0.0161,-0.04186,0.01856,0.0354
HIS62,-0.29495,-0.25731,-0.17145,-0.00438,0.19735,0.0458,0.09136,-0.0018,-0.06953,-0.12046,-0.02973,-0.03058,0.00838,0.0617,0.14107,0.10373,0.10831,0.03695,-0.00672,-0.04906,-0.08295,-0.11223,-0.13678,-0.06318,-0.02812,0.03006,0.03817,0.07196,0.04696,0.01196,0.00853,-0.04452,-0.07873,-0.07818,-0.05828,-0.1006,-0.07276,-0.0688,-0.05489,-0.04261,0.0048,-0.01057,0.008,0.02812,0.07721,0.02369,0.00332,0.09043,0.08983,-0.0287,-0.01185,0.01758,0.02989,0.04166,0.09282,0.17308,0.20227,0.26039,0.35606,0.52972,0.77883,1.0,0.73767,0.49045,0.30524,0.15975,0.05556,0.01352,-0.0424,0.008,0.0051,0.03365,0.01653,0.01465,0.05574,0.03071,0.00067,0.03309,0.04162,-0.01183,-0.06903,-0.06108,-0.05456,-0.06176,-0.0621,-0.05455,-0.07226,-0.08749,-0.11004,-0.12259,-0.1696,-0.12103,-0.10434,-0.11133,-0.14496,-0.14124,-0.14868,-0.12104,-0.0449,-0.05832,-0.0901,-0.10906,-0.07325,-0.03452,-0.07747,-0.08911,0.00313,0.05988,0.02373,0.04243,0.14618,0.20523,0.29907,0.52496,0.48268,0.30631,0.1948,0.14031,0.07901,0.07065,0.04257,0.0513,0.15968,0.14199,0.04925,0.05919,0.0093,-0.0597,-0.05816,-0.04777,-0.10331,-0.15519,-0.16645,-0.14414,-0.15727,-0.09842,-0.08734,-0.0554,-0.04668,-0.05961,-0.03167,-0.00455,-0.01087,-0.01977,-0.05836,-0.07647,-0.03841,-0.01933,-0.0187,-0.02622,0.02808,-0.01032,-0.09349,-0.00458,0.01846
CYS63,-0.30842,-0.30032,-0.21282,-0.00284,0.34818,0.20235,0.197,0.09722,0.02155,-0.0185,0.0364,0.05035,0.08775,0.11932,0.21603,0.16446,0.18386,0.08455,0.03361,0.00571,-0.03128,-0.0523,-0.07507,0.00639,0.03713,0.10676,0.1209,0.06128,0.00838,0.0065,0.02491,0.0005,-0.01739,-0.05231,-0.0309,-0.06529,-0.03865,-0.04349,-0.05809,-0.01925,0.04909,0.03886,0.07833,0.11425,0.15445,0.09368,0.0767,0.16228,0.18567,0.05978,0.03841,0.08134,0.10022,0.08473,0.14357,0.23492,0.23707,0.2583,0.36588,0.37422,0.54513,0.73767,1.0,0.78795,0.53626,0.3158,0.14824,0.08201,0.03855,0.04974,0.06487,0.08747,0.06089,0.06279,0.11686,0.0679,0.04198,0.09141,0.08541,-0.00279,-0.07542,-0.0643,-0.06969,-0.05082,-0.04044,-0.08438,-0.11499,-0.11122,-0.15153,-0.12665,-0.14689,-0.10134,-0.08973,-0.07341,-0.10032,-0.0859,-0.09287,-0.0984,-0.05539,-0.03991,-0.06992,-0.09577,-0.02636,-0.00489,-0.04716,-0.06032,0.01906,0.04799,0.00644,0.05277,0.14968,0.19269,0.37317,0.63591,0.66117,0.43864,0.33764,0.23929,0.13925,0.14464,0.0624,0.03408,0.14314,0.09369,0.02341,0.05094,-0.01695,-0.08952,-0.09158,-0.02921,-0.08977,-0.14989,-0.09374,-0.06384,-0.09767,-0.0456,-0.03287,-0.0228,-0.0233,-0.03199,0.00012,0.03622,0.00958,-0.01976,-0.03925,-0.08553,-0.06117,-0.05189,-0.15691,-0.09256,-0.09849,-0.19875,-0.23916,-0.13465,-0.06528
GLU64,-0.41017,-0.36355,-0.23931,0.01996,0.49288,0.34623,0.34741,0.24477,0.13134,0.08018,0.11924,0.12317,0.15578,0.15874,0.29388,0.18666,0.21699,0.1205,0.07265,0.0612,0.04385,0.0343,0.0264,0.12201,0.15662,0.20011,0.23944,0.09575,0.0362,0.06941,0.10594,0.11779,0.07163,0.03374,0.02738,0.01246,0.02183,0.01576,0.01436,0.04957,0.11301,0.09073,0.11873,0.18997,0.207,0.13513,0.15375,0.26463,0.24702,0.10354,0.10221,0.1432,0.14835,0.08945,0.19494,0.26588,0.21014,0.17361,0.26601,0.20454,0.29158,0.49045,0.78795,1.0,0.75552,0.52364,0.33677,0.22964,0.16119,0.16432,0.16564,0.17012,0.12796,0.14145,0.19363,0.13213,0.08746,0.14186,0.13118,0.02444,-0.07722,-0.06997,-0.08891,-0.07835,-0.06818,-0.1062,-0.15659,-0.15671,-0.18133,-0.16227,-0.21194,-0.17971,-0.1669,-0.13347,-0.14675,-0.11319,-0.0899,-0.11771,-0.08767,-0.06764,-0.112,-0.06989,-0.02232,-0.03073,-0.04485,-0.04301,-0.00185,0.00818,-0.01487,0.01999,0.11452,0.14562,0.28336,0.59869,0.74554,0.58378,0.53461,0.40133,0.27143,0.23514,0.13007,0.02134,0.09644,-0.00287,-0.04925,0.00072,-0.04979,-0.0509,0.00093,0.0269,-0.02389,-0.01058,0.04174,0.02761,0.01463,0.0483,0.06494,0.0429,0.03517,0.04446,0.06679,0.09133,0.06074,0.02444,-0.01377,-0.02777,-0.00256,0.00196,-0.11316,-0.15874,-0.14437,-0.19341,-0.34267,-0.18577,-0.08289
VAL65,-0.50528,-0.44999,-0.28264,0.00249,0.56119,0.50888,0.55752,0.429,0.26235,0.1759,0.17168,0.11351,0.12113,0.12772,0.28089,0.18448,0.148,0.04506,-0.00519,0.01222,0.03382,0.07238,0.10921,0.24151,0.29511,0.29856,0.32853,0.13044,0.04073,0.08562,0.1638,0.22072,0.15577,0.13288,0.07207,0.04352,0.00536,-0.02257,-0.02982,-0.01183,0.03841,0.02278,0.05144,0.16036,0.18074,0.10327,0.14909,0.29572,0.23649,0.07676,0.15347,0.21269,0.19124,0.12195,0.27792,0.31282,0.21714,0.16778,0.21524,0.11904,0.17209,0.30524,0.53626,0.75552,1.0,0.79134,0.59391,0.4446,0.27944,0.24706,0.20665,0.20179,0.14446,0.17327,0.22943,0.14384,0.10298,0.15785,0.12976,0.00688,-0.09352,-0.05983,-0.11847,-0.09438,-0.10788,-0.1397,-0.18113,-0.19775,-0.21596,-0.20373,-0.23188,-0.20304,-0.17488,-0.12525,-0.1339,-0.09998,-0.10824,-0.1878,-0.1556,-0.11508,-0.13119,-0.06245,-0.03286,-0.04896,-0.07635,-0.04007,-0.02396,-0.06359,-0.04022,0.0051,0.00937,0.01662,0.20806,0.52082,0.64785,0.6945,0.70104,0.5161,0.40363,0.32677,0.22434,0.03667,0.06468,-0.02333,-0.02771,0.03774,0.02493,0.05133,0.12543,0.13346,0.04987,0.08213,0.13144,0.06567,0.04749,0.05846,0.07237,0.03154,0.00869,0.01391,0.01699,0.02976,0.00331,-0.02841,-0.03402,-0.04743,-0.03208,-0.02774,-0.09549,-0.15521,-0.09866,-0.08206,-0.31011,-0.1453,-0.06382
ILE66,-0.57609,-0.55079,-0.35841,0.03268,0.53578,0.557,0.63251,0.51711,0.30335,0.19702,0.1574,0.057,0.05187,0.09575,0.26393,0.31231,0.14084,-0.05037,-0.12426,-0.10149,-0.05996,0.02677,0.07428,0.23656,0.30254,0.28993,0.31741,0.15713,0.07566,0.08272,0.16223,0.21404,0.11165,0.0897,-0.01789,-0.03989,-0.10901,-0.13108,-0.13504,-0.11593,-0.04544,-0.07239,-0.01853,0.10524,0.16436,0.06566,0.09652,0.32533,0.22778,-0.00748,0.09401,0.20649,0.14185,0.01776,0.2024,0.23714,0.11326,0.04911,0.09196,0.0441,0.09147,0.15975,0.3158,0.52364,0.79134,1.0,0.79075,0.60241,0.38561,0.3532,0.29456,0.29043,0.22293,0.25483,0.31152,0.22376,0.18565,0.22655,0.17909,0.06331,0.00472,0.05101,-0.01884,0.00512,-0.01596,-0.03665,-0.07752,-0.11342,-0.12822,-0.13849,-0.21843,-0.24822,-0.22723,-0.15965,-0.13769,-0.0934,-0.05042,-0.17465,-0.15117,-0.10674,-0.09437,-0.016,-0.01413,-0.01865,-0.04563,-0.00954,-0.01391,-0.07131,-0.01715,0.00427,-0.05085,-0.02867,0.09542,0.33657,0.44839,0.6271,0.76896,0.596,0.54786,0.42992,0.35007,0.11931,0.05947,-0.00144,0.01277,0.09056,0.09643,0.13874,0.21619,0.19685,0.09543,0.12041,0.13686,0.05657,0.01363,-0.01222,-0.0013,-0.04985,-0.09645,-0.1082,-0.1071,-0.10405,-0.10763,-0.12564,-0.09867,-0.12295,-0.10575,-0.06132,-0.06838,-0.07508,0.00431,0.04264,-0.23597,-0.06441,-0.01228
LEU67,-0.47756,-0.4624,-0.32016,-0.04836,0.37211,0.45174,0.60463,0.53884,0.38812,0.28602,0.19798,0.07247,0.06774,0.09229,0.24255,0.26858,0.1269,-0.04021,-0.09179,-0.06425,-0.00315,0.10045,0.14057,0.2678,0.29807,0.24943,0.25382,0.11679,0.05481,0.0578,0.10908,0.16916,0.09631,0.10518,0.02427,0.00334,-0.07699,-0.10275,-0.09811,-0.09141,-0.03479,-0.05305,-0.01025,0.10281,0.14688,0.07138,0.11965,0.30141,0.20724,0.03388,0.13087,0.21183,0.14539,0.04265,0.18984,0.20071,0.09767,0.03169,0.02224,-0.001,0.0054,0.05556,0.14824,0.33677,0.59391,0.79075,1.0,0.76113,0.5479,0.42848,0.33615,0.28591,0.2169,0.26617,0.29921,0.20252,0.16973,0.20251,0.14203,0.04326,-0.00502,0.04395,-0.03527,-0.01478,-0.02561,-0.04611,-0.0846,-0.11017,-0.12262,-0.1361,-0.20286,-0.22897,-0.20672,-0.14578,-0.12471,-0.08623,-0.04335,-0.15803,-0.14536,-0.09014,-0.08016,-0.01207,-0.01161,-0.02469,-0.03533,0.01557,-0.02261,-0.10149,-0.01672,-0.01104,-0.12472,-0.09611,0.01779,0.23562,0.32056,0.54526,0.65446,0.60853,0.56875,0.43495,0.37075,0.12423,-0.01426,-0.04571,-0.00799,0.05725,0.10328,0.17267,0.24855,0.25,0.17004,0.1952,0.19751,0.11795,0.0622,0.01006,0.05051,-0.00506,-0.06638,-0.0808,-0.06959,-0.08767,-0.09193,-0.11001,-0.08103,-0.10039,-0.08794,-0.05961,-0.05372,-0.0677,-0.00261,0.04459,-0.20883,-0.096,-0.05343
SER68,-0.47501,-0.44599,-0.27948,-0.0334,0.28085,0.34406,0.49075,0.52807,0.36432,0.26616,0.19478,0.08269,0.08409,0.1015,0.24141,0.28623,0.11893,-0.04566,-0.10053,-0.06794,-0.01767,0.08714,0.127,0.22291,0.2718,0.21245,0.21478,0.09551,0.04397,0.04714,0.09494,0.17055,0.07769,0.10917,-0.01515,-0.02927,-0.11194,-0.11565,-0.1216,-0.11173,-0.04266,-0.05769,0.00212,0.13049,0.16274,0.06189,0.12355,0.31867,0.18153,-0.0124,0.11227,0.1889,0.10737,-0.00555,0.14344,0.13267,0.03845,-0.01288,-0.01992,-0.02331,-0.02812,0.01352,0.08201,0.22964,0.4446,0.60241,0.76113,1.0,0.74636,0.57844,0.44244,0.34417,0.26828,0.30891,0.33928,0.23574,0.16858,0.19341,0.14391,0.05982,0.01713,0.06106,-0.01158,-0.0233,-0.01492,-0.01812,-0.0746,-0.10669,-0.0971,-0.1134,-0.17646,-0.21228,-0.19164,-0.12626,-0.09844,-0.06157,-0.01872,-0.14765,-0.1679,-0.09202,-0.06645,-0.01457,-0.01987,-0.03055,-0.06911,-0.01041,-0.01944,-0.10591,-0.03345,0.02098,-0.09836,-0.10836,-0.07197,0.13224,0.21971,0.37863,0.50696,0.56227,0.60465,0.51219,0.47992,0.12393,-0.0839,-0.12119,-0.02693,0.04403,0.14778,0.25314,0.33448,0.28427,0.2128,0.25056,0.19507,0.1122,0.05865,-0.01673,0.03127,-0.00271,-0.07682,-0.09907,-0.07804,-0.1061,-0.10574,-0.1324,-0.07883,-0.10793,-0.09902,-0.07427,-0.06634,-0.0295,0.05214,0.0997,-0.16667,-0.09007,-0.02707
THR69,-0.3443,-0.34215,-0.24683,-0.1069,0.15544,0.20522,0.31548,0.37465,0.30572,0.23927,0.2203,0.13218,0.15003,0.13874,0.24471,0.27243,0.18827,0.05437,0.01246,0.03731,0.05643,0.11368,0.12461,0.1659,0.16763,0.13,0.10589,0.02749,-0.00117,-0.00456,0.01605,0.07433,0.00838,0.0486,-0.00029,0.00216,-0.04409,-0.02705,-0.02668,-0.00945,0.06501,0.04999,0.10122,0.19464,0.22323,0.14784,0.19688,0.32475,0.22943,0.0779,0.12323,0.16691,0.11037,-0.00556,0.09508,0.08585,0.0138,-0.04291,-0.04245,-0.05485,-0.09077,-0.0424,0.03855,0.16119,0.27944,0.38561,0.5479,0.74636,1.0,0.72288,0.60699,0.43614,0.37083,0.41483,0.41227,0.30584,0.24271,0.25461,0.19739,0.12032,0.07462,0.12202,0.04864,0.03006,0.05473,0.04703,-0.01075,-0.03811,-0.02743,-0.05026,-0.16981,-0.21527,-0.20195,-0.15293,-0.12706,-0.0944,-0.02547,-0.09706,-0.09814,-0.00177,0.00679,0.04723,0.04846,0.04419,0.01118,0.0272,0.01732,-0.04958,-0.02642,0.01747,-0.06826,-0.10003,-0.06593,0.06926,0.144,0.24465,0.34469,0.43683,0.44732,0.51992,0.47938,0.13356,-0.09384,-0.14381,-0.0464,-0.00036,0.09318,0.16406,0.21588,0.2087,0.15832,0.18557,0.14635,0.0931,0.05851,-0.00181,0.05727,0.02088,-0.03553,-0.03796,-0.00259,-0.03442,-0.04167,-0.05948,-0.03,-0.05351,-0.03816,-0.01357,-0.09427,-0.04352,-0.01012,-0.03141,-0.21747,-0.17987,-0.10881
ASP70,-0.38507,-0.36035,-0.20372,-0.03472,0.17355,0.17551,0.28647,0.33506,0.23949,0.1997,0.20475,0.07714,0.10778,0.11947,0.23048,0.23854,0.13639,0.01519,-0.03533,-0.01352,0.00383,0.07398,0.09014,0.14357,0.16833,0.14346,0.12259,0.08637,0.05506,0.03623,0.06496,0.09923,0.03052,0.06827,-0.03402,-0.01983,-0.07044,-0.06494,-0.06609,-0.04091,0.02532,0.00826,0.07528,0.1916,0.22529,0.12015,0.18819,0.36221,0.21151,0.02072,0.08609,0.12578,0.06712,-0.04231,0.07005,0.05832,-0.01425,-0.06658,-0.04994,-0.03446,-0.04637,0.008,0.04974,0.16432,0.24706,0.3532,0.42848,0.57844,0.72288,1.0,0.77554,0.60767,0.45924,0.43526,0.48078,0.39313,0.25827,0.2572,0.2346,0.16817,0.10846,0.14291,0.08789,0.05273,0.06965,0.10662,0.04025,-0.02413,-0.00953,-0.04932,-0.19629,-0.25584,-0.24302,-0.19525,-0.15967,-0.12158,-0.03895,-0.11684,-0.10144,-0.01332,-0.0034,0.02461,0.02679,0.04255,0.00026,-0.01,0.00226,-0.01659,0.00449,0.03118,-0.02304,-0.0106,-0.16325,0.04363,0.14548,0.21584,0.30734,0.39512,0.4482,0.52133,0.54494,0.17347,-0.08141,-0.16373,-0.09708,-0.03408,0.07599,0.14267,0.21821,0.15102,0.08992,0.15403,0.0989,0.01582,0.00512,-0.01547,0.0243,-0.00835,-0.04826,-0.06265,-0.04065,-0.05948,-0.0673,-0.08811,-0.06355,-0.08989,-0.07178,-0.04465,-0.08859,-0.04172,0.02202,0.04308,-0.19296,-0.1136,-0.04235
SER71,-0.33329,-0.35405,-0.24315,-0.1234,0.10616,0.11404,0.21338,0.27195,0.24374,0.22463,0.25863,0.17527,0.20405,0.17975,0.26943,0.3175,0.23589,0.09237,0.02969,0.06308,0.05483,0.09665,0.08563,0.13288,0.12032,0.08179,0.06293,0.06281,0.04332,0.02084,0.02574,0.02497,-0.02613,-0.00241,-0.03163,-0.01657,-0.04707,-0.03006,-0.0345,-0.00266,0.10793,0.11352,0.20784,0.33679,0.39328,0.28749,0.32298,0.50502,0.37245,0.17051,0.16504,0.19823,0.16278,0.02346,0.08299,0.0988,0.03944,-0.03215,-0.0104,-0.01247,-0.04428,0.0051,0.06487,0.16564,0.20665,0.29456,0.33615,0.44244,0.60699,0.77554,1.0,0.81991,0.70244,0.65312,0.63705,0.55941,0.43039,0.40505,0.3497,0.26451,0.19661,0.21918,0.14212,0.1248,0.14646,0.14074,0.07354,0.02407,0.0292,-0.01413,-0.22419,-0.29704,-0.29368,-0.26027,-0.22976,-0.18095,-0.0548,-0.0669,0.02463,0.14737,0.1404,0.15888,0.18442,0.20182,0.13356,0.09343,0.1065,0.07143,0.06584,0.07394,0.01136,-0.01273,-0.071,0.03791,0.12703,0.16984,0.26318,0.30927,0.30324,0.39764,0.359,0.07862,-0.07598,-0.17385,-0.11557,-0.06041,-0.00289,0.04042,0.10095,0.07338,0.03794,0.09653,0.08678,0.04535,0.02546,-0.02683,0.03493,0.00027,-0.06294,-0.06408,-0.02068,-0.05638,-0.0836,-0.07698,-0.05516,-0.0765,-0.03957,0.02087,-0.09308,-0.04084,-0.01691,-0.07199,-0.27921,-0.21933,-0.15555
GLN72,-0.32489,-0.35606,-0.24084,-0.12432,0.0914,0.10237,0.19378,0.2376,0.21549,0.2005,0.2438,0.16529,0.19487,0.17322,0.27291,0.32154,0.25387,0.09304,0.01728,0.05627,0.03196,0.07311,0.05821,0.1123,0.08557,0.04493,0.03788,0.07296,0.05655,0.02337,0.02539,-0.00859,-0.05679,-0.04083,-0.05149,-0.0374,-0.06225,-0.04431,-0.03899,-0.01144,0.10631,0.11339,0.21132,0.32686,0.40561,0.29657,0.30541,0.48306,0.37897,0.17284,0.15874,0.20454,0.17972,0.04025,0.08088,0.10021,0.036,-0.02705,-0.00559,0.00716,-0.02234,0.03365,0.08747,0.17012,0.20179,0.29043,0.28591,0.34417,0.43614,0.60767,0.81991,1.0,0.82534,0.66724,0.71273,0.68318,0.51364,0.47592,0.44197,0.36095,0.26108,0.27443,0.18682,0.15966,0.17778,0.17161,0.09765,0.0332,0.03733,-0.0122,-0.28458,-0.36738,-0.36701,-0.34217,-0.30924,-0.24853,-0.08915,-0.0719,0.07241,0.20185,0.17972,0.19472,0.21029,0.25912,0.17165,0.10282,0.1237,0.10368,0.08537,0.0828,0.02515,0.00456,-0.02915,0.0637,0.14684,0.18084,0.27038,0.29374,0.28386,0.37291,0.30403,0.08616,-0.02313,-0.11543,-0.08977,-0.03665,-0.00175,0.02209,0.07166,0.04375,0.00892,0.05195,0.04975,0.02504,-0.01084,-0.06254,0.00509,-0.02986,-0.09154,-0.08742,-0.04234,-0.08117,-0.10747,-0.08401,-0.05618,-0.07551,-0.03453,0.04237,-0.06938,-0.03285,-0.01541,-0.07749,-0.27072,-0.20332,-0.14481
TYR73,-0.26185,-0.31923,-0.23013,-0.12348,0.03624,0.03451,0.12149,0.16208,0.16679,0.15192,0.21623,0.16054,0.21053,0.17797,0.26017,0.34001,0.27903,0.11418,0.03949,0.06267,0.01918,0.03817,0.00976,0.05845,0.02152,-0.02178,-0.02361,0.02704,0.02755,0.00761,-0.02457,-0.07001,-0.1085,-0.09646,-0.09118,-0.08121,-0.0826,-0.05005,-0.03083,0.00195,0.13615,0.15211,0.25656,0.35821,0.45204,0.34953,0.31843,0.47619,0.4083,0.20946,0.162,0.20142,0.19089,0.04927,0.05505,0.07789,0.02342,-0.04699,-0.01918,-0.0078,-0.02289,0.01653,0.06089,0.12796,0.14446,0.22293,0.2169,0.26828,0.37083,0.45924,0.70244,0.82534,1.0,0.8138,0.68599,0.701,0.62274,0.52948,0.44586,0.3836,0.34689,0.33788,0.2506,0.22958,0.2152,0.20297,0.14934,0.07834,0.07271,0.0115,-0.29562,-0.36508,-0.37209,-0.37495,-0.36189,-0.306,-0.12651,-0.03447,0.14959,0.29184,0.27759,0.27226,0.28973,0.32971,0.25652,0.17601,0.18788,0.16648,0.14052,0.13402,0.07901,0.04663,0.00553,0.03111,0.09954,0.12854,0.21487,0.23423,0.18205,0.26891,0.21911,0.04819,-0.03135,-0.1157,-0.08048,-0.04864,-0.03195,-0.01697,0.01386,-0.00507,-0.03014,0.00817,0.01173,0.0049,-0.02732,-0.09375,-0.02285,-0.04548,-0.11607,-0.11377,-0.05386,-0.10339,-0.14046,-0.11222,-0.07608,-0.07853,-0.01708,0.08244,-0.0628,0.03239,0.02219,-0.08733,-0.24542,-0.20899,-0.16561
VAL74,-0.31505,-0.38265,-0.30572,-0.15897,0.04931,0.04306,0.14759,0.18457,0.18269,0.15678,0.22908,0.16194,0.19468,0.17948,0.26823,0.35672,0.29439,0.11416,0.03972,0.06321,0.0462,0.06674,0.03357,0.07341,0.04695,-0.00968,-0.0105,0.01148,0.00898,-0.00796,-0.02952,-0.05207,-0.09796,-0.08209,-0.08614,-0.06227,-0.05691,-0.02847,-0.01514,0.00181,0.13803,0.13979,0.2309,0.331,0.4251,0.34475,0.31639,0.48022,0.43789,0.22101,0.16936,0.21272,0.20727,0.03568,0.04687,0.08884,0.03486,-0.04773,-0.02948,-0.00944,-0.01918,0.01465,0.06279,0.14145,0.17327,0.25483,0.26617,0.30891,0.41483,0.43526,0.65312,0.66724,0.8138,1.0,0.82294,0.72181,0.69151,0.64846,0.52765,0.40278,0.35597,0.36282,0.25827,0.26185,0.24402,0.20003,0.15917,0.09749,0.07961,0.02122,-0.25363,-0.31351,-0.31977,-0.32261,-0.3146,-0.27184,-0.11459,-0.03581,0.08557,0.2318,0.23662,0.24771,0.29162,0.31572,0.26883,0.22388,0.22841,0.16779,0.16,0.16804,0.08302,0.02763,0.01149,0.04546,0.11103,0.16191,0.25625,0.27154,0.19707,0.29957,0.22496,0.04824,-0.04248,-0.10285,-0.06071,-0.02889,-0.02713,-0.00485,0.02415,0.00734,-0.00478,0.03273,0.02599,0.02253,-0.00906,-0.07717,0.00718,-0.00782,-0.09125,-0.09011,-0.03281,-0.07123,-0.10913,-0.07617,-0.06653,-0.07585,-0.02025,0.07764,-0.07165,0.02394,0.00321,-0.11075,-0.28026,-0.23422,-0.2092
ARG75,-0.3766,-0.43423,-0.34435,-0.17225,0.08306,0.07814,0.18741,0.21214,0.18379,0.15654,0.22346,0.1428,0.17408,0.17448,0.29175,0.35422,0.28945,0.10228,0.02361,0.03692,0.03423,0.06958,0.03195,0.08462,0.06349,0.01996,0.01919,0.0492,0.03828,0.00069,-0.00795,-0.03646,-0.09366,-0.07878,-0.08848,-0.05372,-0.05527,-0.03417,-0.02975,-0.01361,0.11941,0.10631,0.1885,0.29253,0.38156,0.29477,0.28014,0.46343,0.40403,0.16906,0.14111,0.19642,0.18773,0.014,0.04502,0.09728,0.03833,-0.03931,-0.02338,0.0062,0.00158,0.05574,0.11686,0.19363,0.22943,0.31152,0.29921,0.33928,0.41227,0.48078,0.63705,0.71273,0.68599,0.82294,1.0,0.84094,0.68696,0.68581,0.65257,0.49561,0.37488,0.36914,0.25156,0.25413,0.27612,0.21911,0.15424,0.09401,0.07401,0.01613,-0.27519,-0.34997,-0.35337,-0.33996,-0.32398,-0.27285,-0.11021,-0.06729,0.03673,0.17797,0.16934,0.18998,0.23757,0.28864,0.21859,0.16664,0.19233,0.13424,0.12184,0.14117,0.05107,0.00273,0.00674,0.10205,0.18123,0.22514,0.32182,0.34086,0.29017,0.41424,0.30499,0.10566,0.00188,-0.06587,-0.04615,0.00109,0.00185,0.01213,0.04988,0.0296,-0.00782,0.02299,0.01844,0.00493,-0.03348,-0.07937,0.00186,-0.02006,-0.08825,-0.07867,-0.03422,-0.05227,-0.06919,-0.05311,-0.04788,-0.06463,-0.02545,0.05721,-0.08977,-0.002,-0.00051,-0.09787,-0.29886,-0.22176,-0.19426
GLN76,-0.31469,-0.37207,-0.28585,-0.15183,0.02882,0.0389,0.12205,0.14944,0.13609,0.12224,0.18942,0.12226,0.15644,0.15759,0.26646,0.31594,0.25986,0.09259,0.01811,0.0364,0.0122,0.03813,0.01288,0.05544,0.02748,-0.00014,0.0019,0.06365,0.06187,0.01623,-0.00356,-0.04994,-0.10161,-0.08724,-0.0987,-0.06536,-0.06828,-0.03965,-0.03847,-0.01934,0.10313,0.0946,0.17472,0.27301,0.35673,0.26886,0.24707,0.41036,0.35604,0.14098,0.10149,0.14314,0.1355,-0.00937,0.01518,0.05719,0.00623,-0.05704,-0.03809,-0.00015,-0.01432,0.03071,0.0679,0.13213,0.14384,0.22376,0.20252,0.23574,0.30584,0.39313,0.55941,0.68318,0.701,0.72181,0.84094,1.0,0.76478,0.64368,0.68212,0.651,0.52584,0.44694,0.33311,0.30794,0.3005,0.26552,0.20974,0.12758,0.1036,0.0335,-0.28933,-0.36235,-0.36545,-0.37074,-0.35921,-0.31638,-0.13539,-0.05418,0.07142,0.20311,0.19729,0.19816,0.2274,0.30681,0.24984,0.15307,0.17822,0.16274,0.13184,0.12916,0.06486,0.03536,-0.00881,0.04148,0.11785,0.14688,0.23331,0.27127,0.23047,0.33173,0.23606,0.08522,0.02232,-0.06396,-0.04912,-0.00773,-0.00595,0.00824,0.02747,0.00779,-0.01155,0.01682,0.01038,0.00133,-0.01739,-0.05962,-0.008,-0.02246,-0.07912,-0.08102,-0.03631,-0.0594,-0.08138,-0.05785,-0.05741,-0.07282,-0.0321,0.04626,-0.0903,0.0023,0.00258,-0.09196,-0.26571,-0.20552,-0.17984
GLY77,-0.26643,-0.34593,-0.298,-0.1581,-0.00707,-0.00624,0.07649,0.09607,0.10486,0.09395,0.15029,0.09167,0.13423,0.14277,0.2424,0.31545,0.26597,0.09108,0.01897,0.01839,-0.00356,0.02062,-0.01164,0.02483,-0.01254,-0.0513,-0.05287,0.01649,0.02969,-0.00755,-0.04517,-0.09263,-0.14201,-0.12717,-0.11809,-0.08868,-0.071,-0.05217,-0.03106,-0.00581,0.11752,0.10875,0.17293,0.23927,0.32305,0.26697,0.21712,0.35939,0.34797,0.1519,0.09567,0.12852,0.13314,-0.01294,-0.00199,0.03686,-0.00149,-0.06674,-0.04757,-0.03148,-0.01843,0.00067,0.04198,0.08746,0.10298,0.18565,0.16973,0.16858,0.24271,0.25827,0.43039,0.51364,0.62274,0.69151,0.68696,0.76478,1.0,0.75735,0.5845,0.56611,0.59918,0.57463,0.4392,0.42736,0.37645,0.33708,0.30043,0.20904,0.13524,0.0799,-0.24915,-0.30107,-0.30662,-0.33812,-0.34797,-0.32544,-0.16794,-0.02479,0.11241,0.22507,0.23012,0.24478,0.25547,0.3058,0.30628,0.2188,0.19271,0.17298,0.16605,0.14247,0.06293,0.03727,0.0262,0.02937,0.07142,0.11725,0.18568,0.1834,0.11074,0.20866,0.15484,0.04733,0.01643,-0.04384,-0.03117,-0.0038,-0.02387,-0.02495,-0.01823,-0.0305,-0.03661,-0.01616,-0.0154,-0.01345,-0.0364,-0.07968,-0.03265,-0.03594,-0.08911,-0.09639,-0.05186,-0.07545,-0.0946,-0.06603,-0.04931,-0.0518,-0.00544,0.08435,-0.05943,0.03564,0.00644,-0.10528,-0.24879,-0.19916,-0.17977
ILE78,-0.33326,-0.41573,-0.35964,-0.19479,0.01061,-0.00013,0.10436,0.11599,0.11381,0.09515,0.18467,0.10518,0.1525,0.1617,0.27689,0.32835,0.30756,0.11459,0.04451,0.03963,0.02045,0.03808,-0.00369,0.03628,0.00011,-0.05019,-0.04603,0.02439,0.0314,-0.00933,-0.03929,-0.08851,-0.14185,-0.12755,-0.11204,-0.08281,-0.06633,-0.03823,-0.02474,-0.00023,0.1281,0.11736,0.18475,0.25177,0.33375,0.2808,0.23075,0.37898,0.38251,0.16879,0.1086,0.16556,0.1841,0.01617,0.01366,0.08151,0.05167,-0.03698,-0.01946,0.0008,0.00315,0.03309,0.09141,0.14186,0.15785,0.22655,0.20251,0.19341,0.25461,0.2572,0.40505,0.47592,0.52948,0.64846,0.68581,0.64368,0.75735,1.0,0.78455,0.55728,0.48601,0.55234,0.43192,0.4211,0.37167,0.33011,0.28327,0.20036,0.13657,0.09108,-0.22934,-0.29391,-0.30085,-0.33229,-0.32989,-0.30565,-0.14549,-0.02653,0.07529,0.18758,0.18719,0.2071,0.2647,0.31317,0.29293,0.24146,0.25738,0.21453,0.20817,0.20852,0.12826,0.08773,0.06358,0.08581,0.13201,0.16648,0.2403,0.23002,0.12826,0.25977,0.19728,0.07729,0.04675,0.00124,-0.00842,0.02707,0.00089,-0.0086,-0.0034,-0.0012,-0.01995,-0.01982,-0.02788,-0.00526,-0.0411,-0.07859,-0.01361,-0.01113,-0.07198,-0.07469,-0.02362,-0.03928,-0.0622,-0.04821,-0.04302,-0.06193,-0.01342,0.06327,-0.09059,0.00924,-0.026,-0.14945,-0.29383,-0.23655,-0.20243
THR79,-0.29607,-0.36758,-0.30525,-0.18071,0.01377,0.00184,0.08297,0.08838,0.09612,0.08566,0.16095,0.09683,0.1402,0.13883,0.26315,0.27236,0.26722,0.10548,0.05018,0.04507,0.04234,0.05277,0.01953,0.05528,0.01851,-0.01705,-0.00869,0.05911,0.06274,0.0185,-0.00025,-0.04506,-0.0827,-0.06565,-0.05801,-0.02408,-0.00395,-0.00138,0.01061,0.03019,0.1243,0.11065,0.15972,0.21702,0.28216,0.23479,0.20817,0.3236,0.32547,0.14342,0.09937,0.14791,0.15491,0.02558,0.0231,0.08237,0.06061,-0.01004,-0.00586,0.00791,-0.00891,0.04162,0.08541,0.13118,0.12976,0.17909,0.14203,0.14391,0.19739,0.2346,0.3497,0.44197,0.44586,0.52765,0.65257,0.68212,0.5845,0.78455,1.0,0.78081,0.51503,0.41463,0.35963,0.31943,0.33532,0.26905,0.20858,0.14738,0.10731,0.0737,-0.21006,-0.25859,-0.26909,-0.28911,-0.29822,-0.26827,-0.12427,-0.00403,0.06464,0.16266,0.15451,0.15282,0.20702,0.28121,0.2339,0.15915,0.19947,0.17656,0.14574,0.14913,0.09018,0.05404,0.02333,0.06775,0.13116,0.14088,0.19853,0.2102,0.1307,0.23871,0.14963,0.02879,0.0147,-0.04094,-0.04254,-0.01398,-0.03223,-0.02483,-0.01379,-0.02528,-0.03606,-0.01383,-0.01507,-0.00779,-0.01975,-0.04094,0.00759,-0.00504,-0.03305,-0.01678,0.01031,-0.00185,-0.00635,0.01271,0.01301,-0.00552,0.02673,0.0627,-0.0949,-0.00893,-0.01819,-0.12803,-0.27546,-0.23185,-0.19914
GLN80,-0.19335,-0.24936,-0.22186,-0.13587,-0.05347,-0.04807,0.00873,0.02159,0.04319,0.04967,0.09526,0.05704,0.09445,0.11034,0.20564,0.21375,0.19275,0.07741,0.03354,0.02486,0.01494,0.01886,0.00824,0.01424,-0.02049,-0.05599,-0.05765,0.03636,0.05427,0.00668,-0.02081,-0.06336,-0.08508,-0.06325,-0.0662,-0.0308,-0.01835,-0.00849,-0.00888,0.02648,0.07988,0.05646,0.0932,0.14778,0.18325,0.13504,0.13129,0.21992,0.20015,0.05917,0.04012,0.06284,0.05595,-0.02306,-0.03456,0.00906,-0.01549,-0.05411,-0.05511,-0.02901,-0.04698,-0.01183,-0.00279,0.02444,0.00688,0.06331,0.04326,0.05982,0.12032,0.16817,0.26451,0.36095,0.3836,0.40278,0.49561,0.651,0.56611,0.55728,0.78081,1.0,0.7469,0.54133,0.43276,0.35764,0.37175,0.31994,0.26842,0.20586,0.1518,0.11347,-0.13867,-0.1974,-0.20395,-0.22396,-0.22713,-0.21819,-0.09436,0.00884,0.06448,0.13008,0.12798,0.10663,0.11323,0.20163,0.18111,0.08595,0.11442,0.13247,0.09459,0.09121,0.06188,0.04593,-0.01376,-0.01252,0.02475,0.02959,0.06619,0.09922,0.06312,0.1363,0.08462,0.00554,-0.00257,-0.04492,-0.02573,-0.01253,-0.01402,0.00534,-0.00144,-0.03407,-0.0195,0.01016,-0.00938,-0.00867,-0.00868,-0.02589,0.00669,0.00982,0.00185,-0.00393,0.01203,0.0148,0.01892,0.01635,0.01374,-0.01425,-0.00114,0.01888,-0.10352,-0.04823,-0.04637,-0.10603,-0.21763,-0.20534,-0.18295
TRP81,-0.13893,-0.1923,-0.19983,-0.08457,-0.09775,-0.08555,-0.04067,-0.02116,-0.01123,0.0019,0.04832,0.00863,0.04975,0.10069,0.14395,0.22145,0.151,0.02896,-0.0143,-0.02064,-0.0524,-0.05043,-0.05413,-0.06477,-0.06523,-0.09546,-0.10132,0.00937,0.03062,-0.02793,-0.06515,-0.10994,-0.13222,-0.11295,-0.13892,-0.112,-0.0978,-0.06717,-0.07478,-0.02166,0.02498,-0.01914,0.02393,0.08403,0.12314,0.06673,0.04249,0.14518,0.12483,-0.01604,-0.04923,-0.02912,-0.04031,-0.1103,-0.11368,-0.09259,-0.11297,-0.11121,-0.09558,-0.04809,-0.0601,-0.06903,-0.07542,-0.07722,-0.09352,0.00472,-0.00502,0.01713,0.07462,0.10846,0.19661,0.26108,0.34689,0.35597,0.37488,0.52584,0.59918,0.48601,0.51503,0.7469,1.0,0.80291,0.69325,0.65893,0.53506,0.48484,0.50288,0.41176,0.29212,0.24113,-0.05534,-0.15884,-0.1797,-0.21846,-0.20268,-0.20783,-0.06001,0.05304,0.0993,0.1363,0.14373,0.11212,0.08887,0.19434,0.20013,0.08486,0.10853,0.14916,0.1171,0.11624,0.08302,0.08257,-0.01168,-0.08981,-0.08284,-0.05938,-0.01748,0.00392,0.01019,0.08415,0.0568,0.01313,-0.01927,-0.03155,-0.0021,-0.00948,-0.01882,-0.00128,-0.0237,-0.04745,-0.03292,-0.02275,-0.0519,-0.04179,-0.04033,-0.06704,-0.04628,-0.00922,-0.03361,-0.07091,-0.03849,-0.03834,-0.04732,-0.06332,-0.05833,-0.09573,-0.07534,-0.02592,-0.09366,-0.01304,-0.04146,-0.08194,-0.14834,-0.16472,-0.16533
ILE82,-0.19843,-0.26263,-0.26331,-0.10159,-0.09994,-0.09621,-0.02223,0.00516,0.00955,0.0153,0.06107,0.00608,0.05501,0.12831,0.16781,0.28224,0.20563,0.04062,-0.02011,-0.03411,-0.07195,-0.04549,-0.06948,-0.07805,-0.09568,-0.12369,-0.14732,-0.03922,-0.01591,-0.06784,-0.10884,-0.15935,-0.19544,-0.17302,-0.18598,-0.15242,-0.14369,-0.0964,-0.08691,-0.03122,0.05274,-0.00528,0.04736,0.09666,0.16063,0.10412,0.05594,0.18837,0.16823,-0.0054,-0.04921,-0.01047,-0.02536,-0.12902,-0.1197,-0.08415,-0.11585,-0.12853,-0.10829,-0.0458,-0.04147,-0.06108,-0.0643,-0.06997,-0.05983,0.05101,0.04395,0.06106,0.12202,0.14291,0.21918,0.27443,0.33788,0.36282,0.36914,0.44694,0.57463,0.55234,0.41463,0.54133,0.80291,1.0,0.79857,0.69368,0.57203,0.63399,0.59944,0.45039,0.36197,0.29969,-0.07897,-0.21311,-0.23029,-0.27803,-0.24568,-0.25154,-0.08851,0.00683,0.09979,0.14473,0.16135,0.14624,0.11509,0.19817,0.24288,0.12686,0.12045,0.16026,0.1495,0.12483,0.07194,0.08114,0.01315,-0.05486,-0.06812,-0.00349,0.03223,0.01562,0.02442,0.13326,0.12487,0.07447,0.03548,0.01375,0.0118,0.04033,0.01754,-0.00032,-0.0307,-0.03651,-0.04319,-0.06827,-0.07678,-0.04724,-0.07894,-0.10086,-0.06564,-0.01265,-0.06091,-0.10109,-0.05144,-0.05849,-0.07302,-0.10176,-0.08701,-0.11871,-0.08469,-0.0128,-0.07292,-0.0032,-0.03021,-0.07829,-0.1449,-0.11509,-0.11254
HIS83,-0.15797,-0.21148,-0.20268,-0.07222,-0.097,-0.11351,-0.06421,-0.04226,-0.03318,-0.02554,0.03098,-0.00435,0.04781,0.12535,0.15577,0.22783,0.17906,0.03993,0.00348,-0.01913,-0.05844,-0.05548,-0.08246,-0.09989,-0.10499,-0.08793,-0.11841,-0.01116,0.00614,-0.04839,-0.06996,-0.12564,-0.15708,-0.15312,-0.16814,-0.12843,-0.10596,-0.06297,-0.0545,-0.00402,0.05375,-0.00797,0.0271,0.05572,0.10588,0.06257,0.0152,0.12024,0.10719,-0.04004,-0.0965,-0.07563,-0.08479,-0.14202,-0.13337,-0.11651,-0.12717,-0.11536,-0.07974,-0.03902,-0.03806,-0.05456,-0.06969,-0.08891,-0.11847,-0.01884,-0.03527,-0.01158,0.04864,0.08789,0.14212,0.18682,0.2506,0.25827,0.25156,0.33311,0.4392,0.43192,0.35963,0.43276,0.69325,0.79857,1.0,0.78891,0.56239,0.69882,0.71506,0.53665,0.40931,0.31889,-0.07192,-0.17003,-0.19039,-0.26615,-0.2611,-0.27858,-0.13396,0.01676,0.07916,0.11001,0.13853,0.11535,0.07172,0.17111,0.24764,0.08862,0.07379,0.17147,0.14326,0.08013,0.06612,0.09288,-0.02316,-0.10336,-0.1084,-0.06177,-0.04164,-0.05217,-0.0357,0.07581,0.08318,0.02722,0.01812,-0.0063,-0.00966,-0.00207,-0.02584,-0.04142,-0.06342,-0.06812,-0.0765,-0.10346,-0.09801,-0.06184,-0.07238,-0.08431,-0.05365,-0.00094,-0.03201,-0.06245,-0.01817,-0.02828,-0.03828,-0.07056,-0.0585,-0.09229,-0.06455,-0.00216,-0.03654,0.03785,0.02139,-0.05059,-0.09842,-0.105,-0.08239
ASN84,-0.14248,-0.24851,-0.3025,-0.14656,-0.114,-0.10761,-0.04674,-0.02772,-0.02274,-0.01676,0.02792,-0.00926,0.02947,0.10119,0.16151,0.2508,0.20045,0.02618,-0.01706,-0.02805,-0.06253,-0.0488,-0.06324,-0.0736,-0.08706,-0.13437,-0.11669,0.01305,0.04424,-0.00229,-0.05522,-0.15,-0.16482,-0.14725,-0.15454,-0.1205,-0.10432,-0.06662,-0.0738,-0.03302,0.03282,-0.03146,0.00506,0.03771,0.10471,0.07471,0.00202,0.11726,0.15554,-0.00093,-0.07557,-0.0366,-0.02881,-0.11434,-0.13395,-0.10688,-0.12181,-0.12325,-0.10152,-0.04579,-0.02719,-0.06176,-0.05082,-0.07835,-0.09438,0.00512,-0.01478,-0.0233,0.03006,0.05273,0.1248,0.15966,0.22958,0.26185,0.25413,0.30794,0.42736,0.4211,0.31943,0.35764,0.65893,0.69368,0.78891,1.0,0.73119,0.6125,0.74566,0.65887,0.42675,0.37365,0.06967,-0.05179,-0.09177,-0.16157,-0.14892,-0.16827,-0.03913,0.11019,0.12303,0.12569,0.14593,0.11989,0.11034,0.2054,0.21535,0.09855,0.11316,0.16291,0.12236,0.0918,0.06587,0.06319,0.06068,-0.05377,-0.07174,-0.02902,-0.00917,-0.05194,-0.04105,0.05676,0.04481,0.03994,0.02991,0.05024,0.0503,0.04559,-0.00076,-0.03736,-0.06586,-0.05862,-0.0652,-0.08837,-0.09261,-0.05794,-0.06848,-0.0695,-0.05699,-0.00255,-0.02972,-0.06189,-0.02968,-0.0196,-0.03271,-0.05646,-0.07054,-0.10692,-0.08567,-0.00585,-0.07852,0.01075,-0.06217,-0.16607,-0.19639,-0.1771,-0.18605
TRP85,-0.10999,-0.22862,-0.3454,-0.25118,-0.15956,-0.14378,-0.08142,-0.04077,0.00129,0.03209,0.04025,0.02904,0.04223,0.07624,0.15523,0.28748,0.25397,0.0452,-0.00953,-0.01445,-0.04169,-0.01831,-0.05152,-0.06831,-0.11307,-0.16817,-0.14653,-0.01909,0.01052,-0.02736,-0.09411,-0.18327,-0.19732,-0.17042,-0.13981,-0.1193,-0.10928,-0.06078,-0.072,-0.04925,0.04704,0.01876,0.06853,0.09384,0.16638,0.1379,0.06988,0.16299,0.23132,0.08154,-0.01098,0.03503,0.0455,-0.06016,-0.10032,-0.06673,-0.07246,-0.08942,-0.10578,-0.06389,-0.0508,-0.0621,-0.04044,-0.06818,-0.10788,-0.01596,-0.02561,-0.01492,0.05473,0.06965,0.14646,0.17778,0.2152,0.24402,0.27612,0.3005,0.37645,0.37167,0.33532,0.37175,0.53506,0.57203,0.56239,0.73119,1.0,0.76666,0.68471,0.71165,0.58884,0.57427,0.19431,-0.06134,-0.14196,-0.16267,-0.09306,-0.06581,0.16098,0.2792,0.2233,0.20754,0.23138,0.16404,0.17914,0.26526,0.25324,0.12546,0.15199,0.18515,0.12704,0.10418,0.04474,0.01233,0.05837,-0.01306,-0.04293,-0.02792,-0.01038,-0.05525,-0.07582,0.0358,0.08035,0.06782,0.07044,0.0804,0.05887,0.06748,0.03343,-0.00764,-0.03705,-0.00208,0.01151,-0.03603,-0.04388,0.00774,-0.02933,-0.05841,-0.03208,0.00839,-0.02507,-0.05389,-0.01948,-0.00674,-0.01295,-0.04575,-0.0491,-0.09741,-0.0728,-0.00767,-0.1564,-0.05884,-0.15683,-0.2887,-0.28563,-0.28174,-0.26774
LYS86,-0.14594,-0.21073,-0.25929,-0.17306,-0.16665,-0.17593,-0.10725,-0.06414,-0.0326,-0.00544,0.03263,0.01559,0.06292,0.11669,0.15878,0.25576,0.24165,0.08075,0.02847,0.01,-0.04231,-0.04017,-0.08059,-0.10915,-0.15504,-0.16608,-0.18749,-0.05764,-0.02878,-0.07515,-0.13038,-0.19776,-0.21444,-0.18613,-0.17476,-0.13653,-0.12067,-0.05495,-0.04815,0.00157,0.09429,0.05626,0.09644,0.10362,0.16244,0.1249,0.06536,0.15042,0.16714,0.02361,-0.05117,-0.01744,-0.01896,-0.11225,-0.13442,-0.10504,-0.10618,-0.12842,-0.12704,-0.07416,-0.0313,-0.05455,-0.08438,-0.1062,-0.1397,-0.03665,-0.04611,-0.01812,0.04703,0.10662,0.14074,0.17161,0.20297,0.20003,0.21911,0.26552,0.33708,0.33011,0.26905,0.31994,0.48484,0.63399,0.69882,0.6125,0.76666,1.0,0.82947,0.66113,0.65269,0.53509,0.02128,-0.20432,-0.25988,-0.32232,-0.26301,-0.25417,-0.01461,0.13512,0.16993,0.18643,0.22749,0.16864,0.14279,0.21719,0.32083,0.15245,0.12798,0.22895,0.20339,0.12433,0.08469,0.08723,-0.02828,-0.05738,-0.07899,-0.0468,-0.03088,-0.06312,-0.06415,0.05916,0.1318,0.09633,0.09517,0.05474,0.00166,0.05183,0.03886,0.00701,-0.01555,-0.00757,-0.00688,-0.06059,-0.0679,-0.02286,-0.05755,-0.0694,-0.02763,0.02858,-0.01464,-0.04296,0.00586,0.0081,-0.00391,-0.03973,-0.04651,-0.08391,-0.04959,0.01419,-0.09477,-0.02555,-0.06869,-0.15076,-0.17099,-0.14838,-0.11279
LYS87,-0.10908,-0.19331,-0.2551,-0.14408,-0.18729,-0.19567,-0.13271,-0.0992,-0.06254,-0.03866,0.00247,-0.01089,0.04003,0.11001,0.15806,0.23381,0.22039,0.06514,0.02481,-0.00269,-0.05365,-0.06216,-0.09568,-0.12391,-0.16046,-0.18156,-0.18672,-0.04867,-0.00953,-0.04644,-0.1161,-0.1982,-0.20702,-0.18362,-0.17172,-0.13266,-0.11181,-0.04662,-0.03308,0.01684,0.09074,0.02299,0.04688,0.0396,0.09841,0.08118,0.00124,0.07547,0.1133,-0.0167,-0.09262,-0.06546,-0.05721,-0.1321,-0.16111,-0.13837,-0.13926,-0.13959,-0.13568,-0.06519,-0.02507,-0.07226,-0.11499,-0.15659,-0.18113,-0.07752,-0.0846,-0.0746,-0.01075,0.04025,0.07354,0.09765,0.14934,0.15917,0.15424,0.20974,0.30043,0.28327,0.20858,0.26842,0.50288,0.59944,0.71506,0.74566,0.68471,0.82947,1.0,0.83751,0.70339,0.52596,0.068,-0.10919,-0.1471,-0.24407,-0.21432,-0.25478,-0.09052,0.0917,0.14514,0.14686,0.18641,0.1443,0.1189,0.21106,0.2956,0.13367,0.11258,0.20823,0.17865,0.10297,0.08628,0.09047,0.00853,-0.09536,-0.13227,-0.09355,-0.09222,-0.12877,-0.1041,0.00959,0.06675,0.07433,0.07236,0.0895,0.06092,0.05568,0.02737,-0.03105,-0.05421,-0.04332,-0.0559,-0.10362,-0.11092,-0.06882,-0.09472,-0.08084,-0.05714,0.01277,-0.00829,-0.04141,0.00094,0.01574,0.00342,-0.03006,-0.05752,-0.08991,-0.0528,0.02358,-0.05258,0.0122,-0.0508,-0.14001,-0.13885,-0.13036,-0.13572
ARG88,-0.03814,-0.14649,-0.26878,-0.19205,-0.20122,-0.18977,-0.13945,-0.10665,-0.05331,-0.01878,-0.00827,-0.00217,0.01975,0.07063,0.13436,0.21359,0.20955,0.04138,0.00833,-0.00935,-0.05255,-0.05814,-0.08006,-0.10773,-0.15083,-0.17699,-0.1574,-0.02076,0.02559,-0.00316,-0.09465,-0.18599,-0.1855,-0.18117,-0.14723,-0.1215,-0.10951,-0.04562,-0.04925,-0.00977,0.05636,0.00035,0.02772,0.01474,0.06865,0.06768,-0.01264,0.03695,0.11425,0.00928,-0.07007,-0.0449,-0.03251,-0.08942,-0.13012,-0.11584,-0.12279,-0.11154,-0.12107,-0.06586,-0.05064,-0.08749,-0.11122,-0.15671,-0.19775,-0.11342,-0.11017,-0.10669,-0.03811,-0.02413,0.02407,0.0332,0.07834,0.09749,0.09401,0.12758,0.20904,0.20036,0.14738,0.20586,0.41176,0.45039,0.53665,0.65887,0.71165,0.66113,0.83751,1.0,0.80579,0.66392,0.26657,0.01817,-0.04879,-0.11563,-0.05863,-0.08818,0.08048,0.2304,0.20789,0.16779,0.20565,0.13312,0.12162,0.21055,0.2479,0.09574,0.09528,0.1679,0.11583,0.06841,0.05456,0.03732,0.04949,-0.08771,-0.13155,-0.11603,-0.12065,-0.16681,-0.14862,-0.03977,0.01916,0.06025,0.07203,0.11243,0.0928,0.05727,0.02598,-0.03242,-0.05833,-0.02244,-0.02269,-0.08131,-0.0817,-0.02821,-0.06336,-0.05767,-0.04678,0.01923,0.00416,-0.02912,0.00338,0.02621,0.01564,-0.03106,-0.06597,-0.10746,-0.0724,-0.00478,-0.10019,-0.04164,-0.13971,-0.24452,-0.19562,-0.21036,-0.22021
GLY89,-0.01937,-0.11183,-0.22909,-0.19313,-0.22206,-0.19659,-0.16414,-0.111,-0.05401,-0.00873,0.00785,0.02568,0.04294,0.08226,0.11116,0.19637,0.20945,0.05446,0.03086,0.0177,-0.02844,-0.0408,-0.06805,-0.11063,-0.15632,-0.18788,-0.18039,-0.06842,-0.02199,-0.03797,-0.12406,-0.19578,-0.20221,-0.18141,-0.1422,-0.11306,-0.107,-0.04178,-0.04351,-0.00343,0.06761,0.03583,0.07522,0.05594,0.09427,0.09244,0.01541,0.04264,0.11538,0.03243,-0.05401,-0.03113,-0.01491,-0.08265,-0.11731,-0.10835,-0.12075,-0.12568,-0.13412,-0.08215,-0.06732,-0.11004,-0.15153,-0.18133,-0.21596,-0.12822,-0.12262,-0.0971,-0.02743,-0.00953,0.0292,0.03733,0.07271,0.07961,0.07401,0.1036,0.13524,0.13657,0.10731,0.1518,0.29212,0.36197,0.40931,0.42675,0.58884,0.65269,0.70339,0.80579,1.0,0.80983,0.32054,-0.02888,-0.12269,-0.17325,-0.06441,-0.06341,0.18101,0.32984,0.26151,0.21309,0.25452,0.16437,0.16875,0.22432,0.28559,0.15591,0.1459,0.19599,0.15419,0.12099,0.08464,0.05328,0.01674,-0.11486,-0.15474,-0.14274,-0.13023,-0.16909,-0.14426,-0.03946,0.03065,0.06706,0.0781,0.09155,0.06381,0.03858,0.0231,-0.01086,-0.04019,0.00401,0.01173,-0.05308,-0.06343,-0.00367,-0.03733,-0.0534,-0.03088,0.03583,0.00395,-0.02503,0.01832,0.03382,0.00931,-0.03272,-0.07244,-0.11547,-0.07604,0.00162,-0.08488,-0.04977,-0.14718,-0.24022,-0.16739,-0.19302,-0.19245
TRP90,-0.00439,-0.11207,-0.24622,-0.22042,-0.20405,-0.16593,-0.13931,-0.09591,-0.04825,-0.00446,-0.00242,0.02315,0.01419,0.04312,0.08422,0.13585,0.16207,0.02571,0.01574,0.00669,-0.01172,-0.02055,-0.03016,-0.07199,-0.10208,-0.14099,-0.12474,-0.04527,-0.00412,-0.00964,-0.06565,-0.12808,-0.13458,-0.11757,-0.08447,-0.0586,-0.06115,-0.02355,-0.04308,-0.01042,0.02771,0.00303,0.03328,0.01981,0.04341,0.05461,0.00612,0.01105,0.10063,0.04124,-0.04873,-0.03255,-0.01388,-0.05063,-0.06736,-0.09086,-0.09897,-0.08144,-0.10721,-0.09093,-0.07154,-0.12259,-0.12665,-0.16227,-0.20373,-0.13849,-0.1361,-0.1134,-0.05026,-0.04932,-0.01413,-0.0122,0.0115,0.02122,0.01613,0.0335,0.0799,0.09108,0.0737,0.11347,0.24113,0.29969,0.31889,0.37365,0.57427,0.53509,0.52596,0.66392,0.80983,1.0,0.58099,0.20335,0.06769,0.02529,0.13287,0.14646,0.34844,0.51515,0.27773,0.20558,0.26973,0.15014,0.13538,0.17496,0.21666,0.10743,0.09528,0.1318,0.08925,0.0647,0.04074,0.0051,0.01545,-0.10172,-0.14229,-0.13742,-0.13904,-0.1876,-0.15745,-0.06883,0.00455,0.00651,0.03656,0.07827,0.06251,0.03776,0.00917,-0.01668,-0.04747,0.03007,0.03854,-0.02362,-0.02904,0.0325,0.0122,-0.00558,-0.01078,0.05395,0.03735,-0.00101,0.02351,0.04628,0.02834,-0.03117,-0.05688,-0.10611,-0.08558,-0.0405,-0.14294,-0.09589,-0.2114,-0.31306,-0.23626,-0.27333,-0.28149
LYS91,0.16738,0.0817,-0.10564,-0.11221,-0.14869,-0.08003,-0.10977,-0.09098,-0.09973,-0.07393,-0.10581,-0.04221,-0.10955,-0.05936,-0.1337,-0.11487,-0.12828,-0.10666,-0.04399,-0.0471,0.00246,-0.00704,0.04383,-0.01326,0.03034,-0.01426,0.0152,-0.00806,0.01438,0.03658,0.06224,0.05783,0.07296,0.07584,0.06101,0.0877,0.05162,0.02008,-0.07961,-0.04829,-0.15413,-0.20256,-0.21934,-0.22401,-0.28342,-0.25323,-0.19463,-0.23642,-0.18013,-0.11704,-0.12255,-0.14033,-0.1304,-0.04218,-0.04802,-0.13189,-0.11343,-0.03163,-0.10297,-0.10885,-0.07992,-0.1696,-0.14689,-0.21194,-0.23188,-0.21843,-0.20286,-0.17646,-0.16981,-0.19629,-0.22419,-0.28458,-0.29562,-0.25363,-0.27519,-0.28933,-0.24915,-0.22934,-0.21006,-0.13867,-0.05534,-0.07897,-0.07192,0.06967,0.19431,0.02128,0.068,0.26657,0.32054,0.58099,1.0,0.79179,0.67948,0.70865,0.78444,0.75028,0.61192,0.51304,0.02988,-0.12423,-0.03611,-0.15973,-0.15983,-0.18729,-0.19416,-0.13284,-0.12901,-0.1755,-0.17187,-0.10624,-0.09528,-0.13816,-0.01789,-0.14795,-0.19747,-0.20982,-0.23026,-0.27652,-0.19892,-0.19601,-0.13816,-0.13998,-0.12208,-0.00159,0.04402,0.00759,-0.00832,0.01218,-0.01544,0.0396,0.0766,0.07195,0.04394,0.07097,0.1102,0.10993,0.03786,0.09196,0.14123,0.08331,0.05627,0.11753,0.11696,0.03361,0.01329,-0.07329,-0.13792,-0.19441,-0.20299,-0.18417,-0.27376,-0.28341,-0.16445,-0.2666,-0.29483
THR92,0.19667,0.11056,-0.02564,-0.08107,-0.13375,-0.08719,-0.11394,-0.11985,-0.13024,-0.11358,-0.12013,-0.05152,-0.08907,-0.05426,-0.13192,-0.21901,-0.17405,-0.05559,0.02578,0.00049,0.07049,0.0388,0.09612,0.03513,0.08425,0.04381,0.06653,0.01201,0.029,0.07078,0.11942,0.13609,0.16952,0.16323,0.15338,0.19254,0.18095,0.11901,0.03634,0.04917,-0.09926,-0.14862,-0.21604,-0.24219,-0.33703,-0.26388,-0.17731,-0.27833,-0.22485,-0.10192,-0.09138,-0.14422,-0.12068,0.01001,-0.01022,-0.10856,-0.05311,0.03856,-0.04624,-0.08774,-0.02493,-0.12103,-0.10134,-0.17971,-0.20304,-0.24822,-0.22897,-0.21228,-0.21527,-0.25584,-0.29704,-0.36738,-0.36508,-0.31351,-0.34997,-0.36235,-0.30107,-0.29391,-0.25859,-0.1974,-0.15884,-0.21311,-0.17003,-0.05179,-0.06134,-0.20432,-0.10919,0.01817,-0.02888,0.20335,0.79179,1.0,0.952,0.89263,0.78397,0.66644,0.29975,0.32364,-0.07943,-0.20015,-0.1327,-0.18556,-0.20796,-0.27639,-0.27615,-0.16696,-0.19766,-0.2571,-0.22376,-0.15654,-0.1224,-0.14801,-0.0112,-0.11403,-0.16496,-0.19743,-0.23684,-0.27988,-0.21965,-0.23482,-0.23051,-0.24753,-0.21835,-0.08094,-0.00935,-0.0369,-0.05679,-0.03688,-0.04783,-0.03775,0.00804,0.06468,0.04354,0.03924,0.11615,0.14649,0.06394,0.08569,0.17444,0.15336,0.09687,0.1555,0.19351,0.15001,0.13856,0.08599,0.00018,-0.11969,-0.169,-0.1203,-0.17386,-0.19697,-0.12815,-0.23625,-0.26531
ALA93,0.16881,0.10048,0.00638,-0.03998,-0.10687,-0.06105,-0.09319,-0.10395,-0.11798,-0.10739,-0.11671,-0.05475,-0.08925,-0.05466,-0.12664,-0.23518,-0.19854,-0.06029,0.01568,-0.00783,0.06821,0.03786,0.10744,0.05158,0.10707,0.06615,0.09519,0.02583,0.04092,0.08946,0.144,0.16569,0.19431,0.18602,0.16698,0.20077,0.1848,0.12274,0.03895,0.04385,-0.11115,-0.15999,-0.23126,-0.24874,-0.34862,-0.28467,-0.18532,-0.27449,-0.24338,-0.12044,-0.08831,-0.1513,-0.1357,0.00475,-0.01511,-0.1101,-0.05325,0.04233,-0.04038,-0.07763,-0.01185,-0.10434,-0.08973,-0.1669,-0.17488,-0.22723,-0.20672,-0.19164,-0.20195,-0.24302,-0.29368,-0.36701,-0.37209,-0.31977,-0.35337,-0.36545,-0.30662,-0.30085,-0.26909,-0.20395,-0.1797,-0.23029,-0.19039,-0.09177,-0.14196,-0.25988,-0.1471,-0.04879,-0.12269,0.06769,0.67948,0.952,1.0,0.92114,0.79124,0.59313,0.13795,0.12599,-0.18374,-0.27471,-0.203,-0.23266,-0.25084,-0.31174,-0.31458,-0.19761,-0.22355,-0.2743,-0.23756,-0.17843,-0.13313,-0.14399,-0.02126,-0.11054,-0.15463,-0.17604,-0.21999,-0.25499,-0.19663,-0.22734,-0.2284,-0.24749,-0.21297,-0.06679,0.01044,-0.00629,-0.0207,-0.00848,-0.02289,-0.03165,0.0181,0.07747,0.05145,0.0409,0.12541,0.16119,0.0698,0.089,0.18417,0.15932,0.09317,0.15625,0.19846,0.15998,0.15698,0.10706,0.0126,-0.12245,-0.15971,-0.10848,-0.1373,-0.13872,-0.09617,-0.19424,-0.22109
ASP94,0.15106,0.11909,0.02431,0.01562,-0.02496,0.02384,-0.02617,-0.03528,-0.07783,-0.07883,-0.12753,-0.07212,-0.14153,-0.08824,-0.16684,-0.22258,-0.26041,-0.14175,-0.07948,-0.08308,0.0003,-0.00703,0.08835,0.06073,0.13987,0.10547,0.13931,0.04824,0.05169,0.09535,0.16149,0.20019,0.21371,0.19347,0.14599,0.15683,0.11052,0.04141,-0.06822,-0.05297,-0.2083,-0.25572,-0.30455,-0.29466,-0.38822,-0.35996,-0.24225,-0.2871,-0.29398,-0.1918,-0.12141,-0.15988,-0.16535,-0.02811,-0.0123,-0.10099,-0.06699,0.03316,-0.03768,-0.06659,-0.03367,-0.11133,-0.07341,-0.13347,-0.12525,-0.15965,-0.14578,-0.12626,-0.15293,-0.19525,-0.26027,-0.34217,-0.37495,-0.32261,-0.33996,-0.37074,-0.33812,-0.33229,-0.28911,-0.22396,-0.21846,-0.27803,-0.26615,-0.16157,-0.16267,-0.32232,-0.24407,-0.11563,-0.17325,0.02529,0.70865,0.89263,0.92114,1.0,0.92464,0.8103,0.37372,0.15151,-0.23375,-0.34139,-0.25695,-0.28862,-0.30435,-0.3594,-0.38786,-0.25567,-0.25329,-0.31682,-0.28826,-0.2099,-0.16918,-0.18538,-0.02479,-0.10058,-0.13256,-0.14163,-0.17798,-0.20956,-0.13489,-0.18155,-0.16696,-0.20221,-0.19705,-0.05194,0.05435,0.02256,0.01238,0.04245,0.03083,0.02276,0.06419,0.118,0.08944,0.06638,0.13937,0.15678,0.05517,0.06876,0.15429,0.11145,0.04255,0.11249,0.14257,0.08078,0.08042,0.00772,-0.09525,-0.21624,-0.18402,-0.16184,-0.18257,-0.13073,-0.08088,-0.17738,-0.20138
LYS95,0.15114,0.13336,0.01086,0.02657,-0.01336,0.0459,-0.01363,-0.01085,-0.06463,-0.06614,-0.12688,-0.07718,-0.16679,-0.10703,-0.19886,-0.1995,-0.27084,-0.18281,-0.12535,-0.11493,-0.03961,-0.03382,0.06545,0.04136,0.12474,0.09075,0.12835,0.03957,0.04388,0.0838,0.14315,0.17815,0.1793,0.16071,0.10113,0.10751,0.04599,-0.01072,-0.14037,-0.11329,-0.25937,-0.305,-0.32886,-0.30402,-0.387,-0.38788,-0.2716,-0.2844,-0.30502,-0.22016,-0.14648,-0.1684,-0.18888,-0.06229,-0.0356,-0.11905,-0.10247,-0.00584,-0.0736,-0.084,-0.07402,-0.14496,-0.10032,-0.14675,-0.1339,-0.13769,-0.12471,-0.09844,-0.12706,-0.15967,-0.22976,-0.30924,-0.36189,-0.3146,-0.32398,-0.35921,-0.34797,-0.32989,-0.29822,-0.22713,-0.20268,-0.24568,-0.2611,-0.14892,-0.09306,-0.26301,-0.21432,-0.05863,-0.06441,0.13287,0.78444,0.78397,0.79124,0.92464,1.0,0.90261,0.56098,0.19945,-0.22781,-0.35168,-0.25884,-0.32414,-0.31979,-0.35716,-0.39194,-0.26852,-0.24123,-0.30164,-0.28354,-0.19965,-0.16607,-0.1858,-0.04281,-0.11974,-0.14852,-0.14569,-0.17148,-0.19912,-0.11351,-0.15775,-0.11727,-0.14814,-0.15197,-0.01353,0.08141,0.0506,0.04683,0.08452,0.06753,0.07111,0.11067,0.13803,0.09836,0.08364,0.14206,0.14292,0.04566,0.07425,0.13984,0.0791,0.02325,0.0975,0.10694,0.02265,0.01636,-0.07799,-0.18041,-0.27843,-0.19658,-0.20719,-0.24024,-0.15495,-0.07461,-0.16233,-0.18301
LYS96,0.16371,0.16042,0.01153,0.03102,0.02433,0.07387,0.01391,0.01397,-0.05152,-0.05512,-0.12495,-0.07996,-0.18533,-0.11995,-0.22335,-0.16742,-0.27388,-0.21284,-0.16626,-0.14541,-0.07701,-0.06056,0.02867,0.01889,0.10274,0.08659,0.11537,0.04358,0.04119,0.05959,0.11423,0.14866,0.14582,0.11777,0.05857,0.05668,-0.00991,-0.06844,-0.19425,-0.15775,-0.27966,-0.31528,-0.32169,-0.291,-0.35547,-0.36794,-0.2694,-0.26777,-0.29462,-0.22353,-0.15266,-0.15007,-0.17433,-0.07044,-0.02297,-0.08911,-0.095,-0.01219,-0.06311,-0.07201,-0.09084,-0.14124,-0.0859,-0.11319,-0.09998,-0.0934,-0.08623,-0.06157,-0.0944,-0.12158,-0.18095,-0.24853,-0.306,-0.27184,-0.27285,-0.31638,-0.32544,-0.30565,-0.26827,-0.21819,-0.20783,-0.25154,-0.27858,-0.16827,-0.06581,-0.25417,-0.25478,-0.08818,-0.06341,0.14646,0.75028,0.66644,0.59313,0.8103,0.90261,1.0,0.78685,0.35774,-0.13,-0.27073,-0.18376,-0.2639,-0.27093,-0.30834,-0.35612,-0.24427,-0.20722,-0.27677,-0.26949,-0.17552,-0.15842,-0.1907,-0.03002,-0.09562,-0.11489,-0.11667,-0.12911,-0.15597,-0.07261,-0.11256,-0.06186,-0.09378,-0.13178,-0.03046,0.06275,0.01508,0.0094,0.06498,0.05846,0.07753,0.09708,0.12053,0.09113,0.07361,0.11089,0.10209,0.01756,0.03791,0.08797,0.02849,-0.01463,0.04804,0.04533,-0.04851,-0.05598,-0.14932,-0.23195,-0.29477,-0.1791,-0.20498,-0.2458,-0.15309,-0.05288,-0.14108,-0.16298
PRO97,0.1398,0.12554,-0.06735,-0.03919,-0.00195,0.04154,-0.00016,0.01526,-0.02411,-0.01586,-0.07598,-0.04189,-0.13041,-0.08428,-0.16371,-0.01022,-0.11126,-0.16462,-0.15346,-0.12626,-0.10125,-0.07992,-0.04746,-0.03796,0.00415,-0.00181,0.01282,0.01837,0.01897,0.00165,0.01256,0.00628,-0.00504,-0.02616,-0.05533,-0.06382,-0.11366,-0.13768,-0.21992,-0.17421,-0.2061,-0.21959,-0.17802,-0.15275,-0.16123,-0.18567,-0.16106,-0.13429,-0.12514,-0.11599,-0.10994,-0.06731,-0.08397,-0.07282,-0.0325,-0.06121,-0.0996,-0.06342,-0.08321,-0.07147,-0.12164,-0.14868,-0.09287,-0.0899,-0.10824,-0.05042,-0.04335,-0.01872,-0.02547,-0.03895,-0.0548,-0.08915,-0.12651,-0.11459,-0.11021,-0.13539,-0.16794,-0.14549,-0.12427,-0.09436,-0.06001,-0.08851,-0.13396,-0.03913,0.16098,-0.01461,-0.09052,0.08048,0.18101,0.34844,0.61192,0.29975,0.13795,0.37372,0.56098,0.78685,1.0,0.62397,0.14638,-0.01172,0.0264,-0.08176,-0.07317,-0.09578,-0.1303,-0.08706,-0.04758,-0.11018,-0.12452,-0.0382,-0.06517,-0.11644,-0.02224,-0.08919,-0.095,-0.10252,-0.08224,-0.10414,-0.04028,-0.03738,0.03075,0.04056,-0.02201,-0.00022,0.03156,-0.02146,-0.03518,0.02632,0.01937,0.07201,0.0732,0.06075,0.04548,0.05053,0.04075,0.01076,-0.03088,-0.00441,-0.00393,-0.0581,-0.05603,-0.01772,-0.05143,-0.13818,-0.15949,-0.23282,-0.25558,-0.22351,-0.12339,-0.18456,-0.26094,-0.21624,-0.07995,-0.14128,-0.15899
VAL98,0.16172,0.0408,-0.14701,-0.22196,-0.16522,-0.1237,-0.12802,-0.09197,-0.05808,-0.01296,-0.00123,0.04411,0.00949,-0.01821,-0.02958,0.00811,0.09347,0.0335,0.05782,0.04991,0.06456,0.0362,0.0123,-0.01625,-0.03918,-0.08147,-0.08622,-0.01677,0.0033,-0.00878,-0.03391,-0.08076,-0.05885,-0.03798,0.01578,0.02992,0.03827,0.02877,0.01806,0.03096,0.03823,0.05314,0.06333,0.02804,0.02075,0.10088,0.06657,-0.02545,0.10396,0.14588,0.02953,0.02952,0.07358,0.0452,0.02343,-0.02652,-0.01162,0.00439,-0.03169,-0.06701,-0.08419,-0.12104,-0.0984,-0.11771,-0.1878,-0.17465,-0.15803,-0.14765,-0.09706,-0.11684,-0.0669,-0.0719,-0.03447,-0.03581,-0.06729,-0.05418,-0.02479,-0.02653,-0.00403,0.00884,0.05304,0.00683,0.01676,0.11019,0.2792,0.13512,0.0917,0.2304,0.32984,0.51515,0.51304,0.32364,0.12599,0.15151,0.19945,0.35774,0.62397,1.0,0.62465,0.3749,0.32708,0.20303,0.19904,0.14191,0.14692,0.14209,0.10086,0.03116,0.02096,0.07196,0.02697,-0.05077,0.01517,-0.08347,-0.10116,-0.15521,-0.14711,-0.19051,-0.17324,-0.12265,-0.09788,-0.06926,-0.07171,-0.06975,-0.07148,-0.11989,-0.14423,-0.10656,-0.10301,-0.03055,-0.01581,-0.00244,-0.00327,0.03281,0.02107,0.00182,0.00627,0.01653,0.01791,0.01408,0.03047,0.03464,0.02668,0.01323,-0.02778,-0.03592,-0.01479,0.01878,-0.09987,-0.04836,-0.18146,-0.32376,-0.20832,-0.28141,-0.30289
LYS99,0.14466,0.04441,-0.07025,-0.15557,-0.15178,-0.14781,-0.16382,-0.13856,-0.05331,-0.00871,0.01856,0.0214,0.01368,-0.06206,-0.03113,0.07473,0.17765,0.06121,0.0426,0.04233,0.02698,-0.00162,-0.05416,-0.06402,-0.13415,-0.16087,-0.156,-0.04041,-0.01062,-0.02867,-0.09374,-0.18462,-0.15712,-0.13209,-0.04365,-0.05943,-0.02975,-0.01788,0.04327,0.02524,0.12658,0.1966,0.22992,0.15232,0.2299,0.33586,0.20345,0.09465,0.24719,0.28157,0.12846,0.12117,0.18136,0.11804,0.02804,0.04047,0.06257,0.04,0.02425,-0.01043,-0.05008,-0.0449,-0.05539,-0.08767,-0.1556,-0.15117,-0.14536,-0.1679,-0.09814,-0.10144,0.02463,0.07241,0.14959,0.08557,0.03673,0.07142,0.11241,0.07529,0.06464,0.06448,0.0993,0.09979,0.07916,0.12303,0.2233,0.16993,0.14514,0.20789,0.26151,0.27773,0.02988,-0.07943,-0.18374,-0.23375,-0.22781,-0.13,0.14638,0.62465,1.0,0.73251,0.54324,0.42393,0.42282,0.41334,0.37789,0.31087,0.25593,0.20499,0.17847,0.16633,0.10485,0.05553,0.07136,-0.06999,-0.09024,-0.13948,-0.13386,-0.15838,-0.18101,-0.11525,-0.12767,-0.03136,-0.00078,-0.05854,-0.10623,-0.13574,-0.14588,-0.16318,-0.16137,-0.14161,-0.12564,-0.10848,-0.09933,-0.0634,-0.08943,-0.12028,-0.08817,-0.11106,-0.13442,-0.10276,-0.06787,-0.09414,-0.10525,-0.04203,-0.05691,0.00249,0.07538,0.16855,0.02771,0.10229,-0.02789,-0.19854,-0.084,-0.12824,-0.15515
ASN100,0.09614,-0.01542,-0.14005,-0.22938,-0.20649,-0.19422,-0.18614,-0.12879,0.01406,0.071,0.12611,0.11599,0.14991,0.04583,0.08206,0.20205,0.34124,0.20928,0.16878,0.16406,0.10455,0.05882,-0.03971,-0.06786,-0.19007,-0.22914,-0.24645,-0.1435,-0.1055,-0.11363,-0.20358,-0.28199,-0.2458,-0.19973,-0.07451,-0.07668,-0.00729,0.03594,0.14364,0.12576,0.28668,0.38288,0.43949,0.34615,0.44639,0.56388,0.37935,0.26093,0.42836,0.42766,0.23174,0.23721,0.32653,0.19564,0.07406,0.10658,0.11688,0.03607,0.00468,-0.03024,-0.05006,-0.05832,-0.03991,-0.06764,-0.11508,-0.10674,-0.09014,-0.09202,-0.00177,-0.01332,0.14737,0.20185,0.29184,0.2318,0.17797,0.20311,0.22507,0.18758,0.16266,0.13008,0.1363,0.14473,0.11001,0.12569,0.20754,0.18643,0.14686,0.16779,0.21309,0.20558,-0.12423,-0.20015,-0.27471,-0.34139,-0.35168,-0.27073,-0.01172,0.3749,0.73251,1.0,0.82752,0.72083,0.71524,0.69268,0.61108,0.5122,0.45061,0.368,0.33729,0.30814,0.20248,0.11064,0.11057,-0.0369,-0.05209,-0.10332,-0.06825,-0.10528,-0.14944,-0.03589,-0.06028,-0.00513,-0.00731,-0.08892,-0.12634,-0.14379,-0.15765,-0.19252,-0.20516,-0.15794,-0.14227,-0.14526,-0.1084,-0.04831,-0.0909,-0.1498,-0.06351,-0.08031,-0.15076,-0.09124,-0.01197,-0.08087,-0.10206,-0.01294,-0.00391,0.07228,0.19018,0.32569,0.02981,0.17729,0.02222,-0.26661,-0.17448,-0.26064,-0.28346
VAL101,0.06729,-0.05419,-0.17205,-0.20129,-0.20796,-0.17692,-0.16412,-0.10386,0.01549,0.06317,0.09661,0.08855,0.10914,0.0458,0.07181,0.20572,0.27705,0.1568,0.11236,0.11045,0.05367,0.02847,-0.04772,-0.07416,-0.17385,-0.20891,-0.22576,-0.13665,-0.09169,-0.0996,-0.18949,-0.25798,-0.24835,-0.20497,-0.10259,-0.09594,-0.04505,0.004,0.07959,0.07184,0.20206,0.27044,0.33239,0.26022,0.34952,0.43173,0.27511,0.212,0.34845,0.313,0.15771,0.18075,0.25177,0.12694,0.0326,0.05944,0.05664,-0.01471,-0.04542,-0.0601,-0.05348,-0.0901,-0.06992,-0.112,-0.13119,-0.09437,-0.08016,-0.06645,0.00679,-0.0034,0.1404,0.17972,0.27759,0.23662,0.16934,0.19729,0.23012,0.18719,0.15451,0.12798,0.14373,0.16135,0.13853,0.14593,0.23138,0.22749,0.18641,0.20565,0.25452,0.26973,-0.03611,-0.1327,-0.203,-0.25695,-0.25884,-0.18376,0.0264,0.32708,0.54324,0.82752,1.0,0.78305,0.68349,0.67741,0.60112,0.46999,0.40541,0.33726,0.30653,0.25649,0.15942,0.08185,0.09711,-0.05558,-0.07808,-0.10239,-0.06101,-0.12312,-0.153,-0.04071,-0.01167,0.00463,0.00979,-0.04446,-0.06997,-0.0701,-0.0831,-0.11614,-0.14823,-0.08775,-0.07935,-0.11223,-0.08857,-0.02573,-0.0809,-0.14272,-0.06358,-0.05805,-0.13796,-0.10084,-0.03096,-0.08765,-0.10336,-0.03863,-0.00845,0.03138,0.12986,0.25239,-0.02002,0.18677,0.04803,-0.23159,-0.15857,-0.25911,-0.28667
ASP102,-0.04014,-0.13519,-0.21007,-0.24896,-0.1914,-0.1642,-0.11949,-0.03993,0.06832,0.10767,0.15186,0.13844,0.18475,0.10504,0.17468,0.23657,0.3402,0.22751,0.17861,0.1683,0.11935,0.08412,0.00686,-0.01611,-0.13086,-0.19,-0.19688,-0.15219,-0.10579,-0.07462,-0.16306,-0.21493,-0.21584,-0.17683,-0.07662,-0.05538,0.01381,0.06715,0.17793,0.16176,0.30372,0.37374,0.40334,0.33911,0.41604,0.5156,0.36917,0.3126,0.44974,0.38277,0.23079,0.26181,0.33414,0.14446,0.07722,0.11039,0.08325,-0.01136,-0.04276,-0.07052,-0.08652,-0.10906,-0.09577,-0.06989,-0.06245,-0.016,-0.01207,-0.01457,0.04723,0.02461,0.15888,0.19472,0.27226,0.24771,0.18998,0.19816,0.24478,0.2071,0.15282,0.10663,0.11212,0.14624,0.11535,0.11989,0.16404,0.16864,0.1443,0.13312,0.16437,0.15014,-0.15973,-0.18556,-0.23266,-0.28862,-0.32414,-0.2639,-0.08176,0.20303,0.42393,0.72083,0.78305,1.0,0.79963,0.65219,0.57785,0.50384,0.40292,0.29293,0.29358,0.2383,0.11553,0.0198,0.04784,-0.05016,-0.04508,-0.02866,0.01718,-0.03504,-0.07269,0.02657,0.02955,0.03889,0.0214,-0.02094,-0.02593,-0.017,-0.04272,-0.0729,-0.10185,-0.06474,-0.04089,-0.05496,-0.04305,0.00866,-0.0511,-0.10339,-0.01161,-0.02674,-0.1111,-0.04323,0.01644,-0.03298,-0.0426,0.03153,0.04754,0.13232,0.2479,0.39264,0.0719,0.17195,0.04324,-0.21028,-0.23422,-0.27923,-0.29522
LEU103,-0.0379,-0.15352,-0.24454,-0.28065,-0.18499,-0.16607,-0.12106,-0.04993,0.07007,0.10824,0.17315,0.15733,0.19674,0.0971,0.16552,0.26374,0.38261,0.2384,0.18297,0.18205,0.13371,0.09502,0.00451,-0.00824,-0.14298,-0.22214,-0.22194,-0.17635,-0.13142,-0.10217,-0.19496,-0.25584,-0.23685,-0.17861,-0.0573,-0.04498,0.01656,0.05787,0.14446,0.13207,0.30415,0.39477,0.44803,0.38648,0.4856,0.60264,0.43544,0.36757,0.54693,0.50186,0.30311,0.33876,0.47128,0.24342,0.12737,0.1803,0.16414,0.02846,-0.0126,-0.03792,-0.0558,-0.07325,-0.02636,-0.02232,-0.03286,-0.01413,-0.01161,-0.01987,0.04846,0.02679,0.18442,0.21029,0.28973,0.29162,0.23757,0.2274,0.25547,0.2647,0.20702,0.11323,0.08887,0.11509,0.07172,0.11034,0.17914,0.14279,0.1189,0.12162,0.16875,0.13538,-0.15983,-0.20796,-0.25084,-0.30435,-0.31979,-0.27093,-0.07317,0.19904,0.42282,0.71524,0.68349,0.79963,1.0,0.83419,0.72172,0.6953,0.64219,0.4933,0.47049,0.42972,0.28799,0.13176,0.12821,0.00477,0.00362,-0.03282,0.02986,-0.02396,-0.08755,0.01664,-0.0061,0.02226,0.02082,-0.0287,-0.05836,-0.05734,-0.09211,-0.12891,-0.15106,-0.09488,-0.07566,-0.0873,-0.06803,-0.00485,-0.06876,-0.12954,-0.02383,-0.04527,-0.13969,-0.06597,0.00851,-0.04301,-0.07779,0.00889,0.01298,0.06836,0.17739,0.33474,0.0016,0.17264,-0.0035,-0.29706,-0.25875,-0.31592,-0.33952
TRP104,-0.04357,-0.15225,-0.23679,-0.21908,-0.15677,-0.16302,-0.1338,-0.08367,0.01843,0.04921,0.1153,0.08633,0.12395,0.05298,0.12045,0.26756,0.3334,0.15894,0.10604,0.11449,0.05594,0.0304,-0.04307,-0.05666,-0.16585,-0.22304,-0.21759,-0.13678,-0.09871,-0.10338,-0.18623,-0.26002,-0.24893,-0.20091,-0.08926,-0.08663,-0.03453,0.00219,0.07619,0.07254,0.22723,0.29121,0.35224,0.29272,0.41718,0.49713,0.32876,0.2855,0.45324,0.39532,0.2247,0.26482,0.37451,0.20615,0.07805,0.14493,0.12772,0.01724,-0.01593,-0.02032,-0.0349,-0.03452,-0.00489,-0.03073,-0.04896,-0.01865,-0.02469,-0.03055,0.04419,0.04255,0.20182,0.25912,0.32971,0.31572,0.28864,0.30681,0.3058,0.31317,0.28121,0.20163,0.19434,0.19817,0.17111,0.2054,0.26526,0.21719,0.21106,0.21055,0.22432,0.17496,-0.18729,-0.27639,-0.31174,-0.3594,-0.35716,-0.30834,-0.09578,0.14191,0.41334,0.69268,0.67741,0.65219,0.83419,1.0,0.81923,0.66689,0.69126,0.63663,0.5326,0.4549,0.34695,0.21633,0.16422,0.01081,-0.00886,-0.04889,0.00969,-0.03067,-0.09188,0.00948,0.00681,0.02534,0.03443,-0.01732,-0.04828,-0.0593,-0.0886,-0.14041,-0.16723,-0.11555,-0.11259,-0.1368,-0.11479,-0.04734,-0.10802,-0.1681,-0.07927,-0.0832,-0.17006,-0.10931,-0.04262,-0.09774,-0.12111,-0.04293,-0.03014,0.01309,0.11379,0.25245,-0.02083,0.16342,0.0102,-0.25373,-0.19117,-0.25605,-0.27867
GLN105,-0.0143,-0.10546,-0.19622,-0.22396,-0.18283,-0.18501,-0.15932,-0.10126,0.01882,0.06047,0.11215,0.08512,0.13108,0.05958,0.11115,0.2242,0.31564,0.17101,0.13265,0.13742,0.08279,0.05027,-0.02209,-0.05507,-0.1684,-0.23133,-0.24292,-0.17306,-0.12762,-0.12804,-0.2127,-0.26381,-0.24452,-0.18679,-0.07781,-0.06384,-0.00103,0.03735,0.09585,0.10951,0.24755,0.29176,0.33555,0.25852,0.35354,0.44761,0.2997,0.23296,0.38631,0.37148,0.18443,0.21529,0.32194,0.16359,0.04727,0.11284,0.11111,-0.01469,-0.04855,-0.05521,-0.07578,-0.07747,-0.04716,-0.04485,-0.07635,-0.04563,-0.03533,-0.06911,0.01118,0.00026,0.13356,0.17165,0.25652,0.26883,0.21859,0.24984,0.30628,0.29293,0.2339,0.18111,0.20013,0.24288,0.24764,0.21535,0.25324,0.32083,0.2956,0.2479,0.28559,0.21666,-0.19416,-0.27615,-0.31458,-0.38786,-0.39194,-0.35612,-0.1303,0.14692,0.37789,0.61108,0.60112,0.57785,0.72172,0.81923,1.0,0.81181,0.66205,0.66017,0.63338,0.45239,0.32462,0.23047,0.10272,-0.0082,-0.02343,-0.03734,0.00171,-0.04499,-0.11251,-0.01978,-0.01444,0.02985,0.04732,-0.01539,-0.06567,-0.06207,-0.09464,-0.13863,-0.16374,-0.09914,-0.08348,-0.11488,-0.0797,-0.00506,-0.06392,-0.11913,-0.03286,-0.03352,-0.11266,-0.05676,0.00312,-0.04237,-0.07178,-0.00777,-0.01079,0.02237,0.12005,0.23879,-0.01857,0.13008,-0.01705,-0.26168,-0.1862,-0.24234,-0.25228
ARG106,-0.03332,-0.1216,-0.19138,-0.21328,-0.16754,-0.16221,-0.11294,-0.04699,0.05728,0.08831,0.12709,0.10064,0.14401,0.07643,0.11352,0.20832,0.29234,0.1706,0.13656,0.13949,0.10498,0.08049,0.00732,-0.01567,-0.11797,-0.22623,-0.23429,-0.19838,-0.15157,-0.13877,-0.21983,-0.24201,-0.22424,-0.1459,-0.05647,-0.03448,0.02322,0.05058,0.08623,0.09311,0.22712,0.26919,0.30971,0.25321,0.31173,0.41113,0.30621,0.23988,0.3709,0.38898,0.24339,0.28726,0.4114,0.21052,0.08974,0.15678,0.16812,0.00355,-0.0527,-0.06708,-0.0817,-0.08911,-0.06032,-0.04301,-0.04007,-0.00954,0.01557,-0.01041,0.0272,-0.01,0.09343,0.10282,0.17601,0.22388,0.16664,0.15307,0.2188,0.24146,0.15915,0.08595,0.08486,0.12686,0.08862,0.09855,0.12546,0.15245,0.13367,0.09574,0.15591,0.10743,-0.13284,-0.16696,-0.19761,-0.25567,-0.26852,-0.24427,-0.08706,0.14209,0.31087,0.5122,0.46999,0.50384,0.6953,0.66689,0.81181,1.0,0.80672,0.61333,0.69996,0.59629,0.38015,0.21003,0.10615,0.00973,-0.00091,-0.02624,0.03695,-0.00357,-0.06502,-0.01193,-0.02669,0.00763,-0.01854,-0.03842,-0.06687,-0.06205,-0.0884,-0.11025,-0.12705,-0.08424,-0.05262,-0.05092,-0.04582,0.01269,-0.04164,-0.11139,-0.00527,-0.01413,-0.10025,-0.05064,0.01391,-0.02589,-0.06369,-0.00145,-0.00656,0.00615,0.08829,0.20029,-0.03508,0.11974,-0.02902,-0.2399,-0.17934,-0.23029,-0.26363
LEU107,-0.05382,-0.12696,-0.1788,-0.15144,-0.10751,-0.13654,-0.12566,-0.09868,-0.03781,-0.00907,0.08998,0.07154,0.11884,0.0651,0.07818,0.22182,0.29192,0.16571,0.12028,0.11049,0.04011,0.00416,-0.07166,-0.08015,-0.1447,-0.23427,-0.22154,-0.16188,-0.13006,-0.13783,-0.20245,-0.24318,-0.23491,-0.17525,-0.08956,-0.08177,-0.02131,0.00582,0.04262,0.05715,0.19946,0.24433,0.29893,0.2435,0.31633,0.37913,0.25836,0.19919,0.34411,0.34315,0.1977,0.24665,0.40203,0.21398,0.07145,0.1791,0.16188,0.01659,-0.01361,-0.00328,-0.00106,0.00313,0.01906,-0.00185,-0.02396,-0.01391,-0.02261,-0.01944,0.01732,0.00226,0.1065,0.1237,0.18788,0.22841,0.19233,0.17822,0.19271,0.25738,0.19947,0.11442,0.10853,0.12045,0.07379,0.11316,0.15199,0.12798,0.11258,0.09528,0.1459,0.09528,-0.12901,-0.19766,-0.22355,-0.25329,-0.24123,-0.20722,-0.04758,0.10086,0.25593,0.45061,0.40541,0.40292,0.64219,0.69126,0.66205,0.80672,1.0,0.80889,0.73061,0.75183,0.62475,0.35885,0.1911,0.04266,0.01706,-0.08531,0.02062,-0.00166,-0.06971,-0.01604,-0.02489,-0.00612,-0.02771,-0.03231,-0.04222,-0.06582,-0.09488,-0.12957,-0.15163,-0.12683,-0.11076,-0.11369,-0.1457,-0.08612,-0.12685,-0.18489,-0.08037,-0.06641,-0.15709,-0.11405,-0.03206,-0.06073,-0.10073,-0.03131,-0.0346,-0.0381,0.03863,0.152,-0.06183,0.12862,-0.03129,-0.23922,-0.13573,-0.20635,-0.24243
ASP108,-0.03361,-0.06642,-0.09911,-0.06591,-0.0763,-0.14683,-0.17613,-0.18199,-0.13658,-0.10328,0.00612,0.01195,0.06271,0.03882,0.02916,0.14476,0.21292,0.12643,0.09473,0.07276,-0.02347,-0.0723,-0.13025,-0.15277,-0.19588,-0.21305,-0.2142,-0.13785,-0.10804,-0.13116,-0.18111,-0.22811,-0.21491,-0.17541,-0.10925,-0.10763,-0.04282,-0.02208,0.00772,0.04641,0.14939,0.18635,0.22962,0.16352,0.2286,0.27363,0.14879,0.09047,0.20866,0.21525,0.07005,0.09501,0.23072,0.13568,0.00571,0.12758,0.13172,0.0031,0.01023,0.02492,0.03587,0.05988,0.04799,0.00818,-0.06359,-0.07131,-0.10149,-0.10591,-0.04958,-0.01659,0.07143,0.10368,0.16648,0.16779,0.13424,0.16274,0.17298,0.21453,0.17656,0.13247,0.14916,0.16026,0.17147,0.16291,0.18515,0.22895,0.20823,0.1679,0.19599,0.1318,-0.1755,-0.2571,-0.2743,-0.31682,-0.30164,-0.27677,-0.11018,0.03116,0.20499,0.368,0.33726,0.29293,0.4933,0.63663,0.66017,0.61333,0.80889,1.0,0.79601,0.62832,0.66688,0.52402,0.19213,0.05045,0.01715,-0.09157,-0.02823,-0.03258,-0.09848,-0.05213,-0.02141,-0.00099,0.02319,-0.01666,-0.0461,-0.07363,-0.09031,-0.13514,-0.15869,-0.14389,-0.13934,-0.16772,-0.19165,-0.12614,-0.14731,-0.17577,-0.10846,-0.07605,-0.13419,-0.1059,-0.03899,-0.05843,-0.0898,-0.04188,-0.05684,-0.06127,0.00878,0.09986,-0.04248,0.10306,-0.02621,-0.17573,-0.05425,-0.12454,-0.12688
ALA109,-0.0883,-0.13425,-0.15368,-0.09322,-0.09415,-0.14454,-0.11761,-0.10708,-0.05529,-0.03262,0.03323,0.01924,0.06908,0.06313,0.06337,0.18783,0.22525,0.11321,0.07625,0.06102,-0.00299,-0.03136,-0.08781,-0.09573,-0.15347,-0.20389,-0.21693,-0.1618,-0.13317,-0.14637,-0.20114,-0.21905,-0.22154,-0.16374,-0.10937,-0.0921,-0.041,-0.01689,-0.00668,0.0256,0.13936,0.1666,0.21022,0.16122,0.21626,0.26213,0.17016,0.14324,0.22871,0.21621,0.10513,0.15041,0.25981,0.12941,0.04265,0.16564,0.17245,0.02613,0.01122,0.0163,0.03183,0.02373,0.00644,-0.01487,-0.04022,-0.01715,-0.01672,-0.03345,-0.02642,0.00449,0.06584,0.08537,0.14052,0.16,0.12184,0.13184,0.16605,0.20817,0.14574,0.09459,0.1171,0.1495,0.14326,0.12236,0.12704,0.20339,0.17865,0.11583,0.15419,0.08925,-0.17187,-0.22376,-0.23756,-0.28826,-0.28354,-0.26949,-0.12452,0.02096,0.17847,0.33729,0.30653,0.29358,0.47049,0.5326,0.63338,0.69996,0.73061,0.79601,1.0,0.74118,0.56469,0.49176,0.17306,0.06618,0.02807,-0.04328,0.01915,-0.00277,-0.05316,-0.02558,0.01005,0.04487,0.02378,0.0047,-0.04341,-0.04501,-0.05526,-0.08915,-0.10174,-0.09093,-0.08617,-0.10059,-0.1251,-0.06602,-0.10198,-0.15106,-0.07244,-0.04327,-0.11997,-0.10141,-0.0332,-0.04838,-0.09559,-0.05222,-0.06339,-0.06814,0.00127,0.0888,-0.04158,0.09868,-0.00424,-0.13133,-0.07146,-0.11191,-0.13275
ALA110,-0.07014,-0.13557,-0.1658,-0.12277,-0.0914,-0.11285,-0.0966,-0.08665,-0.0569,-0.0394,0.06113,0.06869,0.13114,0.11357,0.08421,0.21129,0.28341,0.17028,0.13379,0.10601,0.02313,-0.02083,-0.09913,-0.09178,-0.13321,-0.21312,-0.20622,-0.1344,-0.12301,-0.13357,-0.18823,-0.21945,-0.22273,-0.16466,-0.1223,-0.10533,-0.03218,-0.00618,0.01336,0.04521,0.16968,0.19985,0.25309,0.21182,0.25318,0.27908,0.19193,0.15552,0.25632,0.23631,0.12425,0.16311,0.26947,0.11318,0.02051,0.11868,0.10474,0.02012,0.01585,0.00635,0.04579,0.04243,0.05277,0.01999,0.0051,0.00427,-0.01104,0.02098,0.01747,0.03118,0.07394,0.0828,0.13402,0.16804,0.14117,0.12916,0.14247,0.20852,0.14913,0.09121,0.11624,0.12483,0.08013,0.0918,0.10418,0.12433,0.10297,0.06841,0.12099,0.0647,-0.10624,-0.15654,-0.17843,-0.2099,-0.19965,-0.17552,-0.0382,0.07196,0.16633,0.30814,0.25649,0.2383,0.42972,0.4549,0.45239,0.59629,0.75183,0.62832,0.74118,1.0,0.75904,0.50592,0.24084,0.09826,0.05599,-0.10862,0.02168,0.00428,-0.0418,0.00962,0.00457,0.01604,-0.04287,-0.0298,-0.05546,-0.07205,-0.08669,-0.11548,-0.13104,-0.11716,-0.11476,-0.11179,-0.16277,-0.1093,-0.13943,-0.18959,-0.08245,-0.04044,-0.13258,-0.11668,-0.01225,-0.03274,-0.08553,-0.03402,-0.03181,-0.04998,0.0047,0.0865,-0.08229,0.10062,-0.02872,-0.19732,-0.10062,-0.1587,-0.18661
LEU111,-0.03025,-0.04097,-0.03841,-0.00363,0.00404,-0.07148,-0.14794,-0.18331,-0.20626,-0.18383,-0.02504,0.03413,0.11413,0.10947,0.03889,0.07375,0.20793,0.1894,0.17079,0.10793,-0.01562,-0.10444,-0.171,-0.17516,-0.15614,-0.15377,-0.14215,-0.08795,-0.08334,-0.08793,-0.11104,-0.15388,-0.16047,-0.14327,-0.11189,-0.11323,-0.02446,0.00057,0.03229,0.08323,0.16394,0.1914,0.22686,0.16747,0.18055,0.18677,0.09534,0.02226,0.11819,0.14615,0.00669,0.00841,0.13504,0.05576,-0.03602,0.05159,0.05825,-0.0161,0.04362,0.02968,0.12834,0.14618,0.14968,0.11452,0.00937,-0.05085,-0.12472,-0.09836,-0.06826,-0.02304,0.01136,0.02515,0.07901,0.08302,0.05107,0.06486,0.06293,0.12826,0.09018,0.06188,0.08302,0.07194,0.06612,0.06587,0.04474,0.08469,0.08628,0.05456,0.08464,0.04074,-0.09528,-0.1224,-0.13313,-0.16918,-0.16607,-0.15842,-0.06517,0.02697,0.10485,0.20248,0.15942,0.11553,0.28799,0.34695,0.32462,0.38015,0.62475,0.66688,0.56469,0.75904,1.0,0.73268,0.27346,0.10763,0.07733,-0.15242,-0.01765,-0.02868,-0.07775,-0.04971,-0.04386,-0.04791,-0.02764,-0.03963,-0.07106,-0.10715,-0.12762,-0.15813,-0.15747,-0.16788,-0.17251,-0.16024,-0.22397,-0.18062,-0.17498,-0.1774,-0.11269,-0.05291,-0.0926,-0.07713,0.01322,0.01582,-0.02805,-0.00037,-0.0278,-0.04155,0.01067,0.06556,-0.05389,0.06037,-0.05256,-0.18984,-0.05121,-0.11901,-0.12241
GLY112,-0.0685,-0.06547,-0.03306,0.08581,0.03982,-0.04986,-0.10931,-0.16557,-0.21214,-0.19565,-0.08817,-0.06815,0.00211,0.04355,-0.01219,0.05639,0.10165,0.07869,0.03928,-0.01699,-0.11813,-0.16669,-0.19569,-0.20006,-0.16894,-0.09872,-0.11716,-0.06967,-0.07199,-0.09338,-0.09826,-0.1324,-0.15021,-0.15678,-0.15562,-0.15664,-0.10104,-0.08319,-0.0702,-0.01258,0.05191,0.05761,0.0953,0.04396,0.07427,0.06134,-0.03156,-0.04159,0.0153,0.00629,-0.08227,-0.05097,0.01884,0.00064,-0.01602,0.0775,0.08838,0.04477,0.13633,0.0776,0.17827,0.20523,0.19269,0.14562,0.01662,-0.02867,-0.09611,-0.10836,-0.10003,-0.0106,-0.01273,0.00456,0.04663,0.02763,0.00273,0.03536,0.03727,0.08773,0.05404,0.04593,0.08257,0.08114,0.09288,0.06319,0.01233,0.08723,0.09047,0.03732,0.05328,0.0051,-0.13816,-0.14801,-0.14399,-0.18538,-0.1858,-0.1907,-0.11644,-0.05077,0.05553,0.11064,0.08185,0.0198,0.13176,0.21633,0.23047,0.21003,0.35885,0.52402,0.49176,0.50592,0.73268,1.0,0.40514,0.20908,0.13212,-0.04683,0.01107,-0.04026,-0.06402,-0.04853,-0.00863,0.00062,0.03504,0.02008,-0.04516,-0.06704,-0.08107,-0.1158,-0.11517,-0.13657,-0.16108,-0.17599,-0.21022,-0.17483,-0.16863,-0.16266,-0.1527,-0.09451,-0.11436,-0.12513,-0.0672,-0.05115,-0.09052,-0.08613,-0.09155,-0.10642,-0.06077,-0.0104,-0.0368,0.07485,0.01912,-0.04538,0.0487,0.02069,0.03283
GLN113,-0.05046,-0.14569,-0.24278,-0.16114,-0.00951,-0.01758,-0.02007,-0.05968,-0.01534,-0.01064,-0.02261,0.02538,0.04425,0.05369,0.08696,0.15119,0.17324,0.07644,0.03836,0.01601,-0.03605,-0.05685,-0.09521,-0.06466,-0.10926,-0.11904,-0.12411,-0.10679,-0.11086,-0.11058,-0.16173,-0.20355,-0.15262,-0.17969,-0.04029,-0.06705,-0.03842,-0.03244,-0.04142,-0.00558,0.06965,0.07084,0.09944,0.06263,0.12428,0.13729,0.04421,0.03811,0.17058,0.13721,0.05845,0.11133,0.17079,0.13541,0.14363,0.24065,0.23993,0.28796,0.36717,0.16554,0.2542,0.29907,0.37317,0.28336,0.20806,0.09542,0.01779,-0.07197,-0.06593,-0.16325,-0.071,-0.02915,0.00553,0.01149,0.00674,-0.00881,0.0262,0.06358,0.02333,-0.01376,-0.01168,0.01315,-0.02316,0.06068,0.05837,-0.02828,0.00853,0.04949,0.01674,0.01545,-0.01789,-0.0112,-0.02126,-0.02479,-0.04281,-0.03002,-0.02224,0.01517,0.07136,0.11057,0.09711,0.04784,0.12821,0.16422,0.10272,0.10615,0.1911,0.19213,0.17306,0.24084,0.27346,0.40514,1.0,0.64372,0.41373,0.23313,0.16906,-0.0271,-0.10642,-0.06406,-0.10682,-0.03861,0.12838,0.1735,0.14306,0.0757,-0.08151,-0.20386,-0.25821,-0.12393,-0.1428,-0.22109,-0.14299,-0.05655,-0.10505,-0.11565,-0.08629,-0.06981,-0.09718,-0.07795,-0.025,-0.01814,-0.05818,-0.05239,-0.06324,-0.08873,-0.04614,0.00349,-0.13378,-0.01471,-0.12286,-0.28157,-0.14285,-0.12634,-0.14365
HIS114,-0.26589,-0.28936,-0.31741,-0.18588,0.15182,0.08335,0.17738,0.1041,0.09159,0.06006,0.06974,0.07809,0.10571,0.11163,0.22979,0.142,0.19532,0.09718,0.07028,0.04975,0.03606,0.02944,-0.01534,0.05463,0.00664,0.00522,0.00032,-0.03546,-0.05409,-0.04229,-0.07959,-0.09495,-0.06007,-0.06454,0.02249,0.0124,0.02639,0.0196,0.00833,0.03716,0.08956,0.07197,0.09135,0.12022,0.15222,0.129,0.11918,0.16948,0.22095,0.13229,0.13655,0.17342,0.2006,0.16117,0.19398,0.30525,0.30923,0.29698,0.33791,0.22686,0.35437,0.52496,0.63591,0.59869,0.52082,0.33657,0.23562,0.13224,0.06926,0.04363,0.03791,0.0637,0.03111,0.04546,0.10205,0.04148,0.02937,0.08581,0.06775,-0.01252,-0.08981,-0.05486,-0.10336,-0.05377,-0.01306,-0.05738,-0.09536,-0.08771,-0.11486,-0.10172,-0.14795,-0.11403,-0.11054,-0.10058,-0.11974,-0.09562,-0.08919,-0.08347,-0.06999,-0.0369,-0.05558,-0.05016,0.00477,0.01081,-0.0082,0.00973,0.04266,0.05045,0.06618,0.09826,0.10763,0.20908,0.64372,1.0,0.84953,0.66346,0.46098,0.28691,0.15346,0.15066,0.09028,0.05409,0.1587,0.13909,0.0689,0.08069,-0.02345,-0.10287,-0.10786,-0.01746,-0.06843,-0.12386,-0.05242,-0.0234,-0.06317,-0.01519,0.02388,0.02555,0.0249,0.03516,0.0621,0.07784,0.05409,0.02127,-0.02037,-0.04484,-0.00311,-0.00053,-0.1593,-0.13773,-0.16313,-0.25657,-0.28783,-0.16565,-0.11664
GLN115,-0.34328,-0.35177,-0.32678,-0.15415,0.24366,0.16612,0.26422,0.19313,0.1325,0.09083,0.12701,0.12963,0.15831,0.16187,0.29061,0.17401,0.22488,0.1339,0.10462,0.08586,0.08108,0.07219,0.02625,0.11045,0.07027,0.0689,0.09488,0.04747,0.01513,0.02824,0.00648,-0.02005,-0.02151,-0.0301,0.02188,0.02733,0.04459,0.04631,0.04664,0.07767,0.12995,0.10417,0.1244,0.18436,0.19883,0.15748,0.17546,0.25696,0.26354,0.13748,0.14508,0.17999,0.19004,0.11462,0.17336,0.27598,0.24765,0.19143,0.24157,0.18412,0.26433,0.48268,0.66117,0.74554,0.64785,0.44839,0.32056,0.21971,0.144,0.14548,0.12703,0.14684,0.09954,0.11103,0.18123,0.11785,0.07142,0.13201,0.13116,0.02475,-0.08284,-0.06812,-0.1084,-0.07174,-0.04293,-0.07899,-0.13227,-0.13155,-0.15474,-0.14229,-0.19747,-0.16496,-0.15463,-0.13256,-0.14852,-0.11489,-0.095,-0.10116,-0.09024,-0.05209,-0.07808,-0.04508,0.00362,-0.00886,-0.02343,-0.00091,0.01706,0.01715,0.02807,0.05599,0.07733,0.13212,0.41373,0.84953,1.0,0.77353,0.58352,0.42908,0.27438,0.25716,0.15802,0.06173,0.14359,0.07519,-0.01092,0.04912,-0.02601,-0.07525,-0.04947,0.01996,-0.04439,-0.06884,0.00569,0.01263,-0.01746,0.03895,0.08049,0.06855,0.06435,0.07905,0.09933,0.11604,0.10072,0.06321,0.01853,-0.00315,0.03486,0.04202,-0.12577,-0.14857,-0.14745,-0.23922,-0.35922,-0.2129,-0.14303
ILE116,-0.41128,-0.4095,-0.35023,-0.13555,0.29014,0.28623,0.40325,0.32933,0.25387,0.19109,0.15411,0.099,0.108,0.12289,0.28326,0.20122,0.16844,0.04529,0.00381,0.01257,0.0494,0.09566,0.09696,0.18892,0.15173,0.13992,0.15396,0.04248,0.01583,0.04252,0.04579,0.05747,0.0334,0.03239,0.0327,0.03987,0.01288,-0.00677,-0.00147,0.01343,0.05517,0.02407,0.04034,0.1278,0.15585,0.10615,0.14475,0.27529,0.2398,0.09673,0.16227,0.21851,0.18335,0.10702,0.20965,0.29094,0.22726,0.1359,0.14313,0.09097,0.16248,0.30631,0.43864,0.58378,0.6945,0.6271,0.54526,0.37863,0.24465,0.21584,0.16984,0.18084,0.12854,0.16191,0.22514,0.14688,0.11725,0.16648,0.14088,0.02959,-0.05938,-0.00349,-0.06177,-0.02902,-0.02792,-0.0468,-0.09355,-0.11603,-0.14274,-0.13742,-0.20982,-0.19743,-0.17604,-0.14163,-0.14569,-0.11667,-0.10252,-0.15521,-0.13948,-0.10332,-0.10239,-0.02866,-0.03282,-0.04889,-0.03734,-0.02624,-0.08531,-0.09157,-0.04328,-0.10862,-0.15242,-0.04683,0.23313,0.66346,0.77353,1.0,0.79647,0.56299,0.40822,0.32698,0.24505,0.09648,0.12486,0.05392,0.00504,0.08798,0.04121,0.0303,0.07292,0.11439,0.04875,0.03774,0.11484,0.08706,0.05119,0.07487,0.09796,0.05847,0.04767,0.0513,0.0449,0.05596,0.05394,0.01253,-0.02128,-0.03093,-0.00266,0.00879,-0.08486,-0.1352,-0.09772,-0.12232,-0.32081,-0.15916,-0.09701
LYS117,-0.48738,-0.501,-0.39483,-0.10673,0.34601,0.35097,0.46522,0.40406,0.26251,0.19276,0.17886,0.10562,0.11888,0.13283,0.29684,0.27745,0.20709,0.04795,-0.0123,-0.01052,0.02381,0.07705,0.0841,0.19425,0.19935,0.16037,0.18243,0.07546,0.03495,0.05036,0.07894,0.0892,0.02427,0.02667,-0.01455,-0.01126,-0.04356,-0.04628,-0.03806,-0.0195,0.05004,0.02412,0.06903,0.16702,0.2057,0.13463,0.16371,0.33408,0.28096,0.08859,0.14511,0.237,0.19843,0.06266,0.19362,0.27208,0.16824,0.0592,0.08697,0.04967,0.11057,0.1948,0.33764,0.53461,0.70104,0.76896,0.65446,0.50696,0.34469,0.30734,0.26318,0.27038,0.21487,0.25625,0.32182,0.23331,0.18568,0.2403,0.19853,0.06619,-0.01748,0.03223,-0.04164,-0.00917,-0.01038,-0.03088,-0.09222,-0.12065,-0.13023,-0.13904,-0.23026,-0.23684,-0.21999,-0.17798,-0.17148,-0.12911,-0.08224,-0.14711,-0.13386,-0.06825,-0.06101,0.01718,0.02986,0.00969,0.00171,0.03695,0.02062,-0.02823,0.01915,0.02168,-0.01765,0.01107,0.16906,0.46098,0.58352,0.79647,1.0,0.72587,0.567,0.44455,0.33341,0.12749,0.09791,0.01842,-0.01454,0.08053,0.05377,0.07354,0.13858,0.15405,0.07947,0.09178,0.12083,0.07741,0.03832,0.0289,0.06012,0.02021,-0.02021,-0.01805,-0.01202,-0.00323,-0.00039,-0.02426,-0.02926,-0.04156,-0.01705,0.01089,-0.07979,-0.0915,-0.04698,-0.07181,-0.31549,-0.16176,-0.11292
TRP118,-0.4578,-0.43554,-0.28657,-0.0734,0.27603,0.29224,0.41582,0.40088,0.24689,0.17511,0.16691,0.08674,0.09809,0.10626,0.23752,0.18247,0.10844,0.01033,-0.02674,-0.01433,0.01649,0.07,0.10029,0.18564,0.21159,0.18681,0.20216,0.1096,0.06994,0.07746,0.12149,0.14728,0.07124,0.07781,-0.00275,9e-05,-0.04043,-0.04456,-0.04041,-0.02882,0.00441,0.00153,0.02874,0.13596,0.15462,0.07538,0.12905,0.28723,0.18653,0.00998,0.09867,0.16095,0.10372,-0.00178,0.12242,0.16895,0.09374,0.01105,0.02787,0.03277,0.0154,0.14031,0.23929,0.40133,0.5161,0.596,0.60853,0.56227,0.43683,0.39512,0.30927,0.29374,0.23423,0.27154,0.34086,0.27127,0.1834,0.23002,0.2102,0.09922,0.00392,0.01562,-0.05217,-0.05194,-0.05525,-0.06312,-0.12877,-0.16681,-0.16909,-0.1876,-0.27652,-0.27988,-0.25499,-0.20956,-0.19912,-0.15597,-0.10414,-0.19051,-0.15838,-0.10528,-0.12312,-0.03504,-0.02396,-0.03067,-0.04499,-0.00357,-0.00166,-0.03258,-0.00277,0.00428,-0.02868,-0.04026,-0.0271,0.28691,0.42908,0.56299,0.72587,1.0,0.78102,0.54065,0.38606,0.14448,0.04587,-0.03011,-0.02635,0.05736,0.08558,0.14478,0.21252,0.19148,0.13353,0.16421,0.15087,0.08777,0.0544,0.04357,0.06469,0.02921,0.00075,-0.00227,-0.00707,-0.01312,-0.00775,-0.02945,-0.0314,-0.03841,-0.02561,-0.01556,-0.0341,-0.10591,-0.02793,0.04381,-0.22071,-0.0848,-0.02706
GLU119,-0.45475,-0.42228,-0.22583,0.01492,0.2712,0.30638,0.41315,0.41205,0.22388,0.14181,0.12229,0.02057,0.02771,0.06923,0.17476,0.15421,0.02257,-0.06753,-0.09767,-0.08112,-0.03606,0.03084,0.08002,0.16859,0.22855,0.20912,0.21813,0.15852,0.11206,0.08385,0.1538,0.18955,0.10297,0.11026,-0.02589,-0.01818,-0.07681,-0.09272,-0.09687,-0.08213,-0.06991,-0.091,-0.06411,0.04898,0.06824,-0.02239,0.05103,0.22042,0.08942,-0.09086,0.0299,0.09352,0.01233,-0.0693,0.08282,0.08709,0.00907,-0.02741,-0.02169,9e-05,-0.01952,0.07901,0.13925,0.27143,0.40363,0.54786,0.56875,0.60465,0.44732,0.4482,0.30324,0.28386,0.18205,0.19707,0.29017,0.23047,0.11074,0.12826,0.1307,0.06312,0.01019,0.02442,-0.0357,-0.04105,-0.07582,-0.06415,-0.1041,-0.14862,-0.14426,-0.15745,-0.19892,-0.21965,-0.19663,-0.13489,-0.11351,-0.07261,-0.04028,-0.17324,-0.18101,-0.14944,-0.153,-0.07269,-0.08755,-0.09188,-0.11251,-0.06502,-0.06971,-0.09848,-0.05316,-0.0418,-0.07775,-0.06402,-0.10642,0.15346,0.27438,0.40822,0.567,0.78102,1.0,0.722,0.48628,0.2271,0.00561,-0.02965,0.0117,0.07001,0.11967,0.19444,0.26063,0.1936,0.12235,0.1645,0.11947,0.02381,-0.00565,0.00101,0.0041,-0.02081,-0.03917,-0.06018,-0.06201,-0.06312,-0.0649,-0.08392,-0.09236,-0.09699,-0.08683,-0.07174,0.0018,-0.08752,0.00592,0.14165,-0.12328,-0.00171,0.02015
TRP120,-0.45967,-0.45678,-0.2984,-0.10375,0.17554,0.20591,0.33242,0.34667,0.19266,0.12365,0.17934,0.05544,0.0899,0.11323,0.21665,0.19265,0.13742,0.0249,-0.01355,0.00619,0.02629,0.06106,0.07262,0.15579,0.17778,0.15208,0.16164,0.1594,0.11929,0.08028,0.1124,0.10249,0.02177,0.04788,-0.03269,-0.01331,-0.03713,-0.0198,-0.02467,-0.0084,0.03731,0.01018,0.04092,0.1354,0.17984,0.10104,0.14745,0.29659,0.21791,0.02074,0.07242,0.11994,0.06871,-0.03948,0.06341,0.07637,0.01301,-0.0302,-0.00882,-0.00709,-0.01341,0.07065,0.14464,0.23514,0.32677,0.42992,0.43495,0.51219,0.51992,0.52133,0.39764,0.37291,0.26891,0.29957,0.41424,0.33173,0.20866,0.25977,0.23871,0.1363,0.08415,0.13326,0.07581,0.05676,0.0358,0.05916,0.00959,-0.03977,-0.03946,-0.06883,-0.19601,-0.23482,-0.22734,-0.18155,-0.15775,-0.11256,-0.03738,-0.12265,-0.11525,-0.03589,-0.04071,0.02657,0.01664,0.00948,-0.01978,-0.01193,-0.01604,-0.05213,-0.02558,0.00962,-0.04971,-0.04853,-0.06406,0.15066,0.25716,0.32698,0.44455,0.54065,0.722,1.0,0.6975,0.35712,0.08001,0.01243,0.03861,0.12625,0.14402,0.16747,0.19968,0.17802,0.09896,0.09433,0.05176,-0.00391,-0.03533,-0.0075,0.02682,0.01368,-0.02092,-0.02422,0.00149,-0.00745,-0.01949,-0.0436,-0.06909,-0.07052,-0.04582,-0.00544,-0.04663,-0.09518,-0.06843,-0.03136,-0.25085,-0.13238,-0.09431
VAL121,-0.45277,-0.42862,-0.30188,-0.08551,0.13197,0.14657,0.27904,0.27922,0.10552,0.04518,0.08382,-0.05587,-0.03061,0.00724,0.15644,0.1889,0.0959,-0.07179,-0.12894,-0.1168,-0.10147,-0.04766,-0.02685,0.04532,0.09631,0.10792,0.10232,0.11197,0.0843,0.04585,0.05682,0.05592,-0.0431,-0.02241,-0.13154,-0.1164,-0.1509,-0.13471,-0.13662,-0.12076,-0.05283,-0.07446,-0.03223,0.05457,0.12221,0.03001,0.05827,0.23519,0.1576,-0.06042,-0.00672,0.06492,0.00262,-0.09012,0.02637,0.04335,-0.01294,-0.05218,-0.04288,-0.01372,0.01878,0.04257,0.0624,0.13007,0.22434,0.35007,0.37075,0.47992,0.47938,0.54494,0.359,0.30403,0.21911,0.22496,0.30499,0.23606,0.15484,0.19728,0.14963,0.08462,0.0568,0.12487,0.08318,0.04481,0.08035,0.1318,0.06675,0.01916,0.03065,0.00455,-0.13816,-0.23051,-0.2284,-0.16696,-0.11727,-0.06186,0.03075,-0.09788,-0.12767,-0.06028,-0.01167,0.02955,-0.0061,0.00681,-0.01444,-0.02669,-0.02489,-0.02141,0.01005,0.00457,-0.04386,-0.00863,-0.10682,0.09028,0.15802,0.24505,0.33341,0.38606,0.48628,0.6975,1.0,0.60541,0.28949,0.1741,0.14011,0.22814,0.26506,0.24882,0.26859,0.24588,0.13314,0.08744,0.00594,-0.0541,-0.07332,-0.05917,-0.07101,-0.05229,-0.0774,-0.10996,-0.0995,-0.10486,-0.10341,-0.15468,-0.13784,-0.13955,-0.11239,-0.05139,-0.03745,-0.02337,0.0208,0.04165,-0.17091,-0.07489,-0.03261
LYS122,-0.20245,-0.20593,-0.21076,-0.11162,-0.03744,-0.0392,0.05653,0.04795,-0.00407,-0.0352,-0.04807,-0.13618,-0.13285,-0.1003,0.04275,0.1052,0.04081,-0.10667,-0.16247,-0.15944,-0.1522,-0.10565,-0.12854,-0.09379,-0.09176,-0.07274,-0.06694,0.02772,0.031,-0.01742,-0.0569,-0.11823,-0.1686,-0.15032,-0.1669,-0.16774,-0.17742,-0.14508,-0.12308,-0.1301,-0.07053,-0.08963,-0.08211,-0.06234,0.02367,-0.01454,-0.04596,0.06852,0.09285,-0.05229,-0.06108,0.00035,-0.02785,-0.10996,-0.06419,-0.01221,-0.03684,-0.07867,-0.06304,0.00527,0.05576,0.0513,0.03408,0.02134,0.03667,0.11931,0.12423,0.12393,0.13356,0.17347,0.07862,0.08616,0.04819,0.04824,0.10566,0.08522,0.04733,0.07729,0.02879,0.00554,0.01313,0.07447,0.02722,0.03994,0.06782,0.09633,0.07433,0.06025,0.06706,0.00651,-0.13998,-0.24753,-0.24749,-0.20221,-0.14814,-0.09378,0.04056,-0.06926,-0.03136,-0.00513,0.00463,0.03889,0.02226,0.02534,0.02985,0.00763,-0.00612,-0.00099,0.04487,0.01604,-0.04791,0.00062,-0.03861,0.05409,0.06173,0.09648,0.12749,0.14448,0.2271,0.35712,0.60541,1.0,0.6314,0.4369,0.14804,0.17057,0.13463,0.0938,0.07577,0.10092,0.01957,-0.0862,-0.09884,-0.11139,-0.13732,-0.08345,-0.13113,-0.10346,-0.09192,-0.11206,-0.12893,-0.09682,-0.09354,-0.13302,-0.1659,-0.13002,-0.09049,0.0092,0.05353,0.00929,0.01431,0.05121,-0.04818,0.05393,0.02617
GLY123,-0.14357,-0.1702,-0.22295,-0.15522,-0.0646,-0.04485,0.0186,-0.01863,-0.06003,-0.09629,-0.12087,-0.14221,-0.17101,-0.1477,-0.02371,-0.03136,-0.01296,-0.11533,-0.15852,-0.15846,-0.1626,-0.13626,-0.14012,-0.08231,-0.09783,-0.06222,-0.04809,0.03015,0.04365,0.02611,-0.02133,-0.12367,-0.15794,-0.16775,-0.12167,-0.1415,-0.14832,-0.11813,-0.10936,-0.13489,-0.11509,-0.09918,-0.09371,-0.09967,-0.00218,-0.00186,-0.0691,0.02374,0.11059,-0.00394,-0.06065,-0.01631,-0.02292,-0.06631,-0.04519,0.0355,0.02606,0.00688,0.0254,0.07967,0.15743,0.15968,0.14314,0.09644,0.06468,0.05947,-0.01426,-0.0839,-0.09384,-0.08141,-0.07598,-0.02313,-0.03135,-0.04248,0.00188,0.02232,0.01643,0.04675,0.0147,-0.00257,-0.01927,0.03548,0.01812,0.02991,0.07044,0.09517,0.07236,0.07203,0.0781,0.03656,-0.12208,-0.21835,-0.21297,-0.19705,-0.15197,-0.13178,-0.02201,-0.07171,-0.00078,-0.00731,0.00979,0.0214,0.02082,0.03443,0.04732,-0.01854,-0.02771,0.02319,0.02378,-0.04287,-0.02764,0.03504,0.12838,0.1587,0.14359,0.12486,0.09791,0.04587,0.00561,0.08001,0.28949,0.6314,1.0,0.69826,0.22183,0.33369,0.17982,0.03059,-0.04571,0.09432,0.03157,-0.16718,-0.11874,-0.06064,-0.08768,-0.009,-0.11167,-0.07357,-0.06064,-0.07142,-0.101,-0.06684,-0.06221,-0.08218,-0.0888,-0.06887,-0.05297,0.002,-0.02006,-0.024,-0.02655,-0.0765,-0.09388,0.02294,0.00183
HIS124,-0.12752,-0.20163,-0.22939,-0.10921,-0.10054,-0.08727,-0.02928,-0.064,-0.08824,-0.13136,-0.15896,-0.2002,-0.24223,-0.19813,-0.04455,-0.0348,-0.0544,-0.17829,-0.21811,-0.21562,-0.20159,-0.15582,-0.15325,-0.11615,-0.1237,-0.12102,-0.10169,0.03951,0.05307,-0.00275,-0.04943,-0.154,-0.1814,-0.17371,-0.14623,-0.15169,-0.16933,-0.13302,-0.13896,-0.1724,-0.16765,-0.16914,-0.18569,-0.21434,-0.11775,-0.11444,-0.17637,-0.08382,0.00824,-0.10507,-0.1277,-0.06934,-0.07103,-0.10079,-0.09906,-0.04524,-0.03058,-0.00229,-0.01413,0.07718,0.14139,0.14199,0.09369,-0.00287,-0.02333,-0.00144,-0.04571,-0.12119,-0.14381,-0.16373,-0.17385,-0.11543,-0.1157,-0.10285,-0.06587,-0.06396,-0.04384,0.00124,-0.04094,-0.04492,-0.03155,0.01375,-0.0063,0.05024,0.0804,0.05474,0.0895,0.11243,0.09155,0.07827,-0.00159,-0.08094,-0.06679,-0.05194,-0.01353,-0.03046,-0.00022,-0.06975,-0.05854,-0.08892,-0.04446,-0.02094,-0.0287,-0.01732,-0.01539,-0.03842,-0.03231,-0.01666,0.0047,-0.0298,-0.03963,0.02008,0.1735,0.13909,0.07519,0.05392,0.01842,-0.03011,-0.02965,0.01243,0.1741,0.4369,0.69826,1.0,0.70036,0.65533,0.42641,0.1383,-0.0267,0.11528,0.06057,-0.20508,-0.20298,-0.12868,-0.19468,-0.11359,-0.19658,-0.14109,-0.12867,-0.1491,-0.18287,-0.13162,-0.11062,-0.10021,-0.05664,-0.05504,-0.05807,-0.04172,-0.03162,-0.00511,-0.02069,-0.03241,-0.03081,0.04241,-0.04335
ALA125,-0.16785,-0.19842,-0.12024,0.00099,-0.03064,-0.01631,0.0075,-0.00463,-0.03058,-0.06528,-0.08721,-0.1393,-0.17651,-0.13504,-0.00866,-0.00235,-0.06055,-0.15351,-0.20195,-0.19353,-0.18832,-0.16311,-0.10722,-0.06986,-0.05406,-0.06684,-0.06532,0.00473,0.00689,-0.035,-0.04024,-0.04703,-0.0636,-0.07333,-0.09302,-0.12046,-0.16792,-0.14703,-0.1796,-0.18538,-0.16535,-0.16605,-0.17183,-0.17924,-0.12083,-0.14522,-0.17954,-0.09831,-0.0663,-0.15597,-0.12027,-0.07099,-0.07256,-0.08036,-0.07211,-0.05738,-0.05154,-0.00027,-0.01143,0.0229,0.05267,0.04925,0.02341,-0.04925,-0.02771,0.01277,-0.00799,-0.02693,-0.0464,-0.09708,-0.11557,-0.08977,-0.08048,-0.06071,-0.04615,-0.04912,-0.03117,-0.00842,-0.04254,-0.02573,-0.0021,0.0118,-0.00966,0.0503,0.05887,0.00166,0.06092,0.0928,0.06381,0.06251,0.04402,-0.00935,0.01044,0.05435,0.08141,0.06275,0.03156,-0.07148,-0.10623,-0.12634,-0.06997,-0.02593,-0.05836,-0.04828,-0.06567,-0.06687,-0.04222,-0.0461,-0.04341,-0.05546,-0.07106,-0.04516,0.14306,0.0689,-0.01092,0.00504,-0.01454,-0.02635,0.0117,0.03861,0.14011,0.14804,0.22183,0.70036,1.0,0.77047,0.5699,0.28685,0.09953,0.14612,0.11909,-0.0829,-0.12251,-0.09953,-0.16219,-0.13529,-0.16996,-0.13316,-0.13952,-0.16565,-0.18641,-0.13804,-0.12739,-0.12256,-0.056,-0.08152,-0.10617,-0.11189,-0.0897,-0.01428,-0.01192,0.00881,0.0105,0.01934,-0.03899
GLY126,-0.25252,-0.30624,-0.22498,-0.062,-0.02539,0.02248,0.09719,0.09829,0.01462,-0.03182,-0.07365,-0.15527,-0.17691,-0.13791,0.0156,0.01872,-0.05178,-0.15514,-0.21532,-0.19371,-0.17005,-0.11608,-0.04271,0.00576,0.0268,-0.02345,0.00828,0.02827,0.02873,0.01839,0.01161,-0.01755,-0.06677,-0.04549,-0.10341,-0.09761,-0.15404,-0.1323,-0.17385,-0.1847,-0.16791,-0.16874,-0.16965,-0.14838,-0.08026,-0.11884,-0.14186,-0.01547,5e-05,-0.12939,-0.09085,-0.04075,-0.06562,-0.10684,-0.07598,-0.04837,-0.05162,-0.0185,-0.04165,0.02973,0.06046,0.05919,0.05094,0.00072,0.03774,0.09056,0.05725,0.04403,-0.00036,-0.03408,-0.06041,-0.03665,-0.04864,-0.02889,0.00109,-0.00773,-0.0038,0.02707,-0.01398,-0.01253,-0.00948,0.04033,-0.00207,0.04559,0.06748,0.05183,0.05568,0.05727,0.03858,0.03776,0.00759,-0.0369,-0.00629,0.02256,0.0506,0.01508,-0.02146,-0.11989,-0.13574,-0.14379,-0.0701,-0.017,-0.05734,-0.0593,-0.06207,-0.06205,-0.06582,-0.07363,-0.04501,-0.07205,-0.10715,-0.06704,0.0757,0.08069,0.04912,0.08798,0.08053,0.05736,0.07001,0.12625,0.22814,0.17057,0.33369,0.65533,0.77047,1.0,0.7967,0.47562,0.24881,0.34713,0.31435,0.01788,-0.0262,0.01365,-0.07237,-0.05137,-0.11427,-0.07251,-0.10237,-0.13596,-0.16734,-0.12426,-0.09362,-0.08534,0.01292,-0.02356,-0.06147,-0.0987,-0.14784,-0.03785,-0.01137,-0.01787,-0.08577,-0.0256,-0.04534
HIS127,-0.29324,-0.30518,-0.16123,0.00213,0.00981,0.04631,0.16048,0.18224,0.03853,-0.02358,-0.04789,-0.15358,-0.1646,-0.13684,0.01926,0.01516,-0.06618,-0.15333,-0.22097,-0.19678,-0.17812,-0.1182,-0.02231,0.02843,0.09609,0.03962,0.04788,0.01591,0.00145,0.00909,0.04133,0.0837,0.00724,0.03643,-0.08405,-0.09986,-0.17268,-0.13579,-0.17598,-0.20314,-0.17414,-0.16861,-0.16739,-0.1394,-0.08303,-0.13886,-0.14164,-0.01234,-0.05453,-0.17658,-0.0922,-0.05631,-0.10314,-0.13064,-0.09292,-0.07411,-0.07452,-0.05269,-0.08165,0.01905,0.01458,0.0093,-0.01695,-0.04979,0.02493,0.09643,0.10328,0.14778,0.09318,0.07599,-0.00289,-0.00175,-0.03195,-0.02713,0.00185,-0.00595,-0.02387,0.00089,-0.03223,-0.01402,-0.01882,0.01754,-0.02584,-0.00076,0.03343,0.03886,0.02737,0.02598,0.0231,0.00917,-0.00832,-0.05679,-0.0207,0.01238,0.04683,0.0094,-0.03518,-0.14423,-0.14588,-0.15765,-0.0831,-0.04272,-0.09211,-0.0886,-0.09464,-0.0884,-0.09488,-0.09031,-0.05526,-0.08669,-0.12762,-0.08107,-0.08151,-0.02345,-0.02601,0.04121,0.05377,0.08558,0.11967,0.14402,0.26506,0.13463,0.17982,0.42641,0.5699,0.7967,1.0,0.78356,0.57193,0.54551,0.48901,0.19746,0.05264,0.02569,-0.05533,-0.05229,-0.10221,-0.0684,-0.10156,-0.15053,-0.17939,-0.1432,-0.1163,-0.08585,0.0304,-0.00956,-0.04678,-0.10207,-0.1413,-0.01455,0.04141,0.09845,-0.02052,0.02413,0.03167
PRO128,-0.31761,-0.27409,-0.09432,0.02605,0.06306,0.08853,0.2104,0.27352,0.07796,0.01849,-0.01364,-0.12799,-0.152,-0.14789,-0.00023,-0.0171,-0.12599,-0.18686,-0.24216,-0.20649,-0.17531,-0.09535,0.0355,0.09087,0.21186,0.13304,0.14945,0.03997,0.02803,0.07778,0.15508,0.25938,0.11924,0.13831,-0.03234,-0.05745,-0.16047,-0.14217,-0.19311,-0.22778,-0.21531,-0.20098,-0.18879,-0.12219,-0.10348,-0.16779,-0.13106,0.0114,-0.08568,-0.19438,-0.07131,-0.05229,-0.11656,-0.14445,-0.05947,-0.08008,-0.09785,-0.08148,-0.11132,-0.02068,-0.03766,-0.0597,-0.08952,-0.0509,0.05133,0.13874,0.17267,0.25314,0.16406,0.14267,0.04042,0.02209,-0.01697,-0.00485,0.01213,0.00824,-0.02495,-0.0086,-0.02483,0.00534,-0.00128,-0.00032,-0.04142,-0.03736,-0.00764,0.00701,-0.03105,-0.03242,-0.01086,-0.01668,0.01218,-0.03688,-0.00848,0.04245,0.08452,0.06498,0.02632,-0.10656,-0.16318,-0.19252,-0.11614,-0.0729,-0.12891,-0.14041,-0.13863,-0.11025,-0.12957,-0.13514,-0.08915,-0.11548,-0.15813,-0.1158,-0.20386,-0.10287,-0.07525,0.0303,0.07354,0.14478,0.19444,0.16747,0.24882,0.0938,0.03059,0.1383,0.28685,0.47562,0.78356,1.0,0.81874,0.60915,0.64974,0.50497,0.24676,0.14214,0.09978,0.04606,-0.00465,-0.00129,-0.04987,-0.1099,-0.14644,-0.12566,-0.12403,-0.09851,-0.02201,-0.04819,-0.09241,-0.15095,-0.10417,-0.03212,0.049,0.18689,-0.01386,0.04596,0.07749
GLU129,-0.37484,-0.29303,-0.08118,0.05073,0.14806,0.15707,0.3042,0.38934,0.15553,0.09066,0.03758,-0.08099,-0.10494,-0.10498,0.0278,-0.0022,-0.12284,-0.17766,-0.22877,-0.18739,-0.14732,-0.05718,0.09933,0.17965,0.32375,0.21614,0.22747,0.07744,0.04758,0.10689,0.21358,0.36243,0.19873,0.21084,0.0256,-0.00889,-0.13031,-0.1364,-0.18933,-0.21632,-0.20652,-0.19531,-0.17355,-0.08132,-0.07694,-0.15323,-0.09369,0.06145,-0.0708,-0.1766,-0.02734,-0.01759,-0.09668,-0.12407,-0.00904,-0.05443,-0.08117,-0.07965,-0.10294,-0.03071,-0.05635,-0.05816,-0.09158,0.00093,0.12543,0.21619,0.24855,0.33448,0.21588,0.21821,0.10095,0.07166,0.01386,0.02415,0.04988,0.02747,-0.01823,-0.0034,-0.01379,-0.00144,-0.0237,-0.0307,-0.06342,-0.06586,-0.03705,-0.01555,-0.05421,-0.05833,-0.04019,-0.04747,-0.01544,-0.04783,-0.02289,0.03083,0.06753,0.05846,0.01937,-0.10301,-0.16137,-0.20516,-0.14823,-0.10185,-0.15106,-0.16723,-0.16374,-0.12705,-0.15163,-0.15869,-0.10174,-0.13104,-0.15747,-0.11517,-0.25821,-0.10786,-0.04947,0.07292,0.13858,0.21252,0.26063,0.19968,0.26859,0.07577,-0.04571,-0.0267,0.09953,0.24881,0.57193,0.81874,1.0,0.69332,0.62677,0.66104,0.41159,0.20891,0.19808,0.12678,0.07392,0.05143,0.00324,-0.07398,-0.11132,-0.09827,-0.11232,-0.10323,-0.10286,-0.11339,-0.1447,-0.16726,-0.06843,-0.06454,0.03433,0.22646,-0.02557,0.06534,0.10713
ASN130,-0.28661,-0.27157,-0.19029,-0.10173,0.0606,0.16181,0.30457,0.41969,0.27359,0.2643,0.11834,0.02208,-0.05362,-0.08834,0.01002,-0.02235,-0.10967,-0.16803,-0.16683,-0.09135,-0.041,0.07381,0.23626,0.2528,0.30831,0.20649,0.16809,0.02802,-0.01908,0.02179,0.11345,0.21027,0.12124,0.18385,0.09087,0.06554,-0.07676,-0.05349,-0.11463,-0.14828,-0.1963,-0.16812,-0.14799,-0.06405,-0.05279,-0.09812,-0.04023,0.0658,0.007,-0.08322,0.0145,0.02487,-0.05829,-0.08969,0.04357,-0.01281,-0.03934,-0.02117,-0.03642,0.01492,-0.05049,-0.04777,-0.02921,0.0269,0.13346,0.19685,0.25,0.28427,0.2087,0.15102,0.07338,0.04375,-0.00507,0.00734,0.0296,0.00779,-0.0305,-0.0012,-0.02528,-0.03407,-0.04745,-0.03651,-0.06812,-0.05862,-0.00208,-0.00757,-0.04332,-0.02244,0.00401,0.03007,0.0396,-0.03775,-0.03165,0.02276,0.07111,0.07753,0.07201,-0.03055,-0.14161,-0.15794,-0.08775,-0.06474,-0.09488,-0.11555,-0.09914,-0.08424,-0.12683,-0.14389,-0.09093,-0.11716,-0.16788,-0.13657,-0.12393,-0.01746,0.01996,0.11439,0.15405,0.19148,0.1936,0.17802,0.24588,0.10092,0.09432,0.11528,0.14612,0.34713,0.54551,0.60915,0.69332,1.0,0.82358,0.56634,0.54473,0.47773,0.34978,0.27735,0.23774,0.20045,0.11799,0.03303,0.00214,-0.02961,-0.05002,-0.09432,-0.06927,-0.10249,-0.12448,-0.15613,-0.1298,-0.11111,-0.07641,0.00695,-0.13624,-0.09372,-0.07568
GLU131,-0.21587,-0.19114,-0.12907,-0.1522,-0.02331,0.07898,0.17767,0.32708,0.24861,0.28197,0.12287,0.05828,-0.03056,-0.11029,-0.00731,-0.06287,-0.11411,-0.15123,-0.13821,-0.05176,0.00574,0.11443,0.2702,0.24057,0.28575,0.15944,0.1469,-0.01519,-0.03534,0.04835,0.12744,0.23182,0.14406,0.21367,0.13158,0.10756,-0.02814,0.00069,-0.07168,-0.13082,-0.17461,-0.12269,-0.11217,-0.02747,-0.05043,-0.07182,-0.00456,0.06458,0.01563,-0.02972,0.04988,0.03686,-0.03211,-0.06157,0.04567,-0.03139,-0.04846,-0.02813,-0.06206,-0.02191,-0.08915,-0.10331,-0.08977,-0.02389,0.04987,0.09543,0.17004,0.2128,0.15832,0.08992,0.03794,0.00892,-0.03014,-0.00478,-0.00782,-0.01155,-0.03661,-0.01995,-0.03606,-0.0195,-0.03292,-0.04319,-0.0765,-0.0652,0.01151,-0.00688,-0.0559,-0.02269,0.01173,0.03854,0.0766,0.00804,0.0181,0.06419,0.11067,0.09708,0.0732,-0.01581,-0.12564,-0.14227,-0.07935,-0.04089,-0.07566,-0.11259,-0.08348,-0.05262,-0.11076,-0.13934,-0.08617,-0.11476,-0.17251,-0.16108,-0.1428,-0.06843,-0.04439,0.04875,0.07947,0.13353,0.12235,0.09896,0.13314,0.01957,0.03157,0.06057,0.11909,0.31435,0.48901,0.64974,0.62677,0.82358,1.0,0.73795,0.60026,0.59143,0.47986,0.3507,0.30748,0.26085,0.16768,0.08615,0.0457,0.01837,-0.01001,-0.02689,-0.0201,-0.04098,-0.08293,-0.13675,-0.14741,-0.14371,-0.12432,-0.04548,-0.17851,-0.14287,-0.09641
ARG132,-0.24165,-0.17198,-0.05142,-0.1133,0.04772,0.10123,0.20256,0.37531,0.29197,0.30867,0.16475,0.09646,0.02815,-0.05698,0.02481,-0.06239,-0.10477,-0.10183,-0.09133,-0.01992,0.05266,0.16591,0.34185,0.3474,0.43123,0.23632,0.24119,0.03375,0.01768,0.13194,0.23939,0.39992,0.27985,0.33204,0.22581,0.20371,0.05944,0.03317,-0.04159,-0.09313,-0.13158,-0.08658,-0.06774,0.03878,-0.01362,-0.04515,0.0521,0.1198,0.0269,0.01413,0.12156,0.08489,0.01475,-0.0084,0.11407,-0.00809,-0.03817,-0.03118,-0.07591,-0.08346,-0.15001,-0.15519,-0.14989,-0.01058,0.08213,0.12041,0.1952,0.25056,0.18557,0.15403,0.09653,0.05195,0.00817,0.03273,0.02299,0.01682,-0.01616,-0.01982,-0.01383,0.01016,-0.02275,-0.06827,-0.10346,-0.08837,-0.03603,-0.06059,-0.10362,-0.08131,-0.05308,-0.02362,0.07195,0.06468,0.07747,0.118,0.13803,0.12053,0.06075,-0.00244,-0.10848,-0.14526,-0.11223,-0.05496,-0.0873,-0.1368,-0.11488,-0.05092,-0.11369,-0.16772,-0.10059,-0.11179,-0.16024,-0.17599,-0.22109,-0.12386,-0.06884,0.03774,0.09178,0.16421,0.1645,0.09433,0.08744,-0.0862,-0.16718,-0.20508,-0.0829,0.01788,0.19746,0.50497,0.66104,0.56634,0.73795,1.0,0.75132,0.56255,0.57234,0.41544,0.36272,0.27103,0.19566,0.12654,0.07173,0.03868,0.00105,0.00698,-0.05623,-0.04251,-0.09121,-0.13462,-0.08983,-0.18222,-0.13527,0.01937,-0.18546,-0.12774,-0.07015
CYS133,-0.17243,-0.13274,-0.08311,-0.17595,0.03406,0.14381,0.23742,0.42847,0.49055,0.54045,0.2551,0.19889,0.106,0.00159,0.06037,-0.06008,-0.07749,-0.06177,-0.02798,0.05727,0.16106,0.31371,0.47389,0.44851,0.40675,0.24153,0.19285,-0.02253,-0.05513,0.03344,0.13309,0.28252,0.2685,0.32221,0.30604,0.29462,0.13725,0.09654,0.01047,-0.02628,-0.08149,-0.0404,-0.02372,0.08099,0.02442,0.01283,0.11569,0.15027,0.09284,0.09844,0.19199,0.15796,0.06724,0.04067,0.14133,0.03619,0.00707,-0.0028,-0.03434,-0.09844,-0.18405,-0.16645,-0.09374,0.04174,0.13144,0.13686,0.19751,0.19507,0.14635,0.0989,0.08678,0.04975,0.01173,0.02599,0.01844,0.01038,-0.0154,-0.02788,-0.01507,-0.00938,-0.0519,-0.07678,-0.09801,-0.09261,-0.04388,-0.0679,-0.11092,-0.0817,-0.06343,-0.02904,0.04394,0.04354,0.05145,0.08944,0.09836,0.09113,0.04548,-0.00327,-0.09933,-0.1084,-0.08857,-0.04305,-0.06803,-0.11479,-0.0797,-0.04582,-0.1457,-0.19165,-0.1251,-0.16277,-0.22397,-0.21022,-0.14299,-0.05242,0.00569,0.11484,0.12083,0.15087,0.11947,0.05176,0.00594,-0.09884,-0.11874,-0.20298,-0.12251,-0.0262,0.05264,0.24676,0.41159,0.54473,0.60026,0.75132,1.0,0.81685,0.72228,0.62158,0.57963,0.42097,0.34301,0.28584,0.20559,0.14126,0.11102,0.04808,-0.0269,-0.02169,-0.06435,-0.11212,-0.12036,-0.22805,-0.20119,-0.10299,-0.24568,-0.19374,-0.12799
ASP134,-0.06321,-0.06804,-0.09037,-0.23503,-0.07812,0.04923,0.10564,0.29732,0.43849,0.54922,0.27741,0.27555,0.16755,0.0408,0.06514,-0.04386,-0.01783,-0.0079,0.04794,0.14405,0.2221,0.33708,0.43405,0.34537,0.2455,0.10022,0.05515,-0.09906,-0.11416,-0.0379,0.00355,0.10095,0.12744,0.18825,0.23621,0.24263,0.12645,0.14748,0.06113,0.02673,-0.03244,0.02279,0.04173,0.12297,0.05966,0.07217,0.15924,0.14586,0.13582,0.16117,0.18977,0.15081,0.08046,0.04232,0.1123,0.01976,-0.00244,-0.01001,-0.03275,-0.0835,-0.16285,-0.14414,-0.06384,0.02761,0.06567,0.05657,0.11795,0.1122,0.0931,0.01582,0.04535,0.02504,0.0049,0.02253,0.00493,0.00133,-0.01345,-0.00526,-0.00779,-0.00867,-0.04179,-0.04724,-0.06184,-0.05794,0.00774,-0.02286,-0.06882,-0.02821,-0.00367,0.0325,0.07097,0.03924,0.0409,0.06638,0.08364,0.07361,0.05053,0.03281,-0.0634,-0.04831,-0.02573,0.00866,-0.00485,-0.04734,-0.00506,0.01269,-0.08612,-0.12614,-0.06602,-0.1093,-0.18062,-0.17483,-0.05655,-0.0234,0.01263,0.08706,0.07741,0.08777,0.02381,-0.00391,-0.0541,-0.11139,-0.06064,-0.12868,-0.09953,0.01365,0.02569,0.14214,0.20891,0.47773,0.59143,0.56255,0.81685,1.0,0.79786,0.58603,0.62257,0.5298,0.39235,0.32359,0.28338,0.20817,0.16652,0.09371,0.0291,0.01296,-0.02231,-0.07127,-0.1513,-0.21382,-0.22527,-0.22097,-0.27926,-0.26565,-0.2077
GLU135,-0.05467,-0.02359,-0.02085,-0.2112,-0.06942,0.03202,0.06757,0.21945,0.29293,0.38795,0.18615,0.22547,0.11748,0.00438,0.02665,-0.13112,-0.08357,-0.02639,0.03577,0.12158,0.21255,0.29466,0.40217,0.32434,0.27545,0.14748,0.12465,-0.04209,-0.05124,0.0374,0.10178,0.2048,0.2105,0.26016,0.28088,0.3091,0.19255,0.16452,0.06268,0.01639,-0.06558,-0.00844,-0.00332,0.0942,0.00809,0.01884,0.12756,0.10469,0.06872,0.12724,0.16082,0.08602,0.03544,0.05118,0.12741,0.01863,0.00372,0.01016,-0.01996,-0.08908,-0.15428,-0.15727,-0.09767,0.01463,0.04749,0.01363,0.0622,0.05865,0.05851,0.00512,0.02546,-0.01084,-0.02732,-0.00906,-0.03348,-0.01739,-0.0364,-0.0411,-0.01975,-0.00868,-0.04033,-0.07894,-0.07238,-0.06848,-0.02933,-0.05755,-0.09472,-0.06336,-0.03733,0.0122,0.1102,0.11615,0.12541,0.13937,0.14206,0.11089,0.04075,0.02107,-0.08943,-0.0909,-0.0809,-0.0511,-0.06876,-0.10802,-0.06392,-0.04164,-0.12685,-0.14731,-0.10198,-0.13943,-0.17498,-0.16863,-0.10505,-0.06317,-0.01746,0.05119,0.03832,0.0544,-0.00565,-0.03533,-0.07332,-0.13732,-0.08768,-0.19468,-0.16219,-0.07237,-0.05533,0.09978,0.19808,0.34978,0.47986,0.57234,0.72228,0.79786,1.0,0.76475,0.62375,0.55514,0.51163,0.41446,0.31544,0.25083,0.21445,0.11716,0.02418,0.02505,-0.03052,-0.10163,-0.14998,-0.25387,-0.23589,-0.18078,-0.26385,-0.23733,-0.17184
LEU136,-0.08242,-0.04677,-0.06413,-0.24483,-0.08208,0.02431,0.09348,0.18648,0.23684,0.28161,0.16671,0.18803,0.09876,0.0114,0.03898,-0.22607,-0.12013,-0.01933,0.06674,0.15099,0.27074,0.3539,0.43253,0.3518,0.27914,0.18505,0.15933,-0.00417,-0.02398,0.06643,0.1314,0.21252,0.25232,0.30974,0.36835,0.4305,0.34104,0.25111,0.13511,0.07935,-0.04383,-0.01772,-0.04728,0.04146,-0.04473,-0.01946,0.10177,0.06557,0.04773,0.11228,0.14581,0.05788,0.01384,0.05154,0.09303,0.01051,0.03105,0.03122,0.00507,-0.05771,-0.09647,-0.09842,-0.0456,0.0483,0.05846,-0.01222,0.01006,-0.01673,-0.00181,-0.01547,-0.02683,-0.06254,-0.09375,-0.07717,-0.07937,-0.05962,-0.07968,-0.07859,-0.04094,-0.02589,-0.06704,-0.10086,-0.08431,-0.0695,-0.05841,-0.0694,-0.08084,-0.05767,-0.0534,-0.00558,0.10993,0.14649,0.16119,0.15678,0.14292,0.10209,0.01076,0.00182,-0.12028,-0.1498,-0.14272,-0.10339,-0.12954,-0.1681,-0.11913,-0.11139,-0.18489,-0.17577,-0.15106,-0.18959,-0.1774,-0.16266,-0.11565,-0.01519,0.03895,0.07487,0.0289,0.04357,0.00101,-0.0075,-0.05917,-0.08345,-0.009,-0.11359,-0.13529,-0.05137,-0.05229,0.04606,0.12678,0.27735,0.3507,0.41544,0.62158,0.58603,0.76475,1.0,0.7492,0.60506,0.67606,0.6193,0.43867,0.38435,0.36608,0.21557,0.08105,0.10144,0.03081,-0.07277,-0.13192,-0.31161,-0.28997,-0.20926,-0.2991,-0.22347,-0.16658
ALA137,-0.05521,-0.0343,-0.06488,-0.27364,-0.11248,-0.03104,0.04508,0.17016,0.3178,0.41884,0.38631,0.3917,0.3069,0.16843,0.13984,-0.14316,0.03288,0.13445,0.26652,0.38781,0.46528,0.51845,0.48695,0.35213,0.19896,0.0808,0.02233,-0.09619,-0.1143,-0.03715,-0.02306,0.0633,0.14083,0.22742,0.34065,0.41508,0.39287,0.38842,0.27437,0.22736,0.11879,0.15329,0.13508,0.21321,0.09864,0.13597,0.27406,0.17925,0.1639,0.23334,0.23023,0.13821,0.10972,0.08454,0.0831,0.03523,0.04825,-0.001,-0.00838,-0.06906,-0.11286,-0.08734,-0.03287,0.06494,0.07237,-0.0013,0.05051,0.03127,0.05727,0.0243,0.03493,0.00509,-0.02285,0.00718,0.00186,-0.008,-0.03265,-0.01361,0.00759,0.00669,-0.04628,-0.06564,-0.05365,-0.05699,-0.03208,-0.02763,-0.05714,-0.04678,-0.03088,-0.01078,0.03786,0.06394,0.0698,0.05517,0.04566,0.01756,-0.03088,0.00627,-0.08817,-0.06351,-0.06358,-0.01161,-0.02383,-0.07927,-0.03286,-0.00527,-0.08037,-0.10846,-0.07244,-0.08245,-0.11269,-0.1527,-0.08629,0.02388,0.08049,0.09796,0.06012,0.06469,0.0041,0.02682,-0.07101,-0.13113,-0.11167,-0.19658,-0.16996,-0.11427,-0.10221,-0.00465,0.07392,0.23774,0.30748,0.36272,0.57963,0.62257,0.62375,0.7492,1.0,0.79087,0.67833,0.68022,0.63272,0.51596,0.44576,0.32109,0.16073,0.1539,0.09983,0.00958,-0.14713,-0.29706,-0.30639,-0.30108,-0.37452,-0.34939,-0.2869
ARG138,-0.04412,-0.02853,-0.06501,-0.24122,-0.1401,-0.0899,-0.02989,0.07198,0.19138,0.29167,0.32589,0.3334,0.27537,0.178,0.128,-0.14115,0.04209,0.14857,0.27961,0.40585,0.40156,0.3895,0.33895,0.22114,0.10082,0.00237,-0.03352,-0.0884,-0.09208,-0.03408,-0.04974,-0.00037,0.05014,0.12298,0.20288,0.2891,0.2997,0.36978,0.25305,0.22958,0.11797,0.13397,0.10582,0.17089,0.06652,0.09284,0.21775,0.13331,0.11566,0.16174,0.15239,0.06714,0.04085,0.02059,0.02392,-0.01003,-0.00768,-0.04347,-0.03976,-0.05073,-0.07623,-0.0554,-0.0228,0.0429,0.03154,-0.04985,-0.00506,-0.00271,0.02088,-0.00835,0.00027,-0.02986,-0.04548,-0.00782,-0.02006,-0.02246,-0.03594,-0.01113,-0.00504,0.00982,-0.00922,-0.01265,-0.00094,-0.00255,0.00839,0.02858,0.01277,0.01923,0.03583,0.05395,0.09196,0.08569,0.089,0.06876,0.07425,0.03791,-0.00441,0.01653,-0.11106,-0.08031,-0.05805,-0.02674,-0.04527,-0.0832,-0.03352,-0.01413,-0.06641,-0.07605,-0.04327,-0.04044,-0.05291,-0.09451,-0.06981,0.02555,0.06855,0.05847,0.02021,0.02921,-0.02081,0.01368,-0.05229,-0.10346,-0.07357,-0.14109,-0.13316,-0.07251,-0.0684,-0.00129,0.05143,0.20045,0.26085,0.27103,0.42097,0.5298,0.55514,0.60506,0.79087,1.0,0.80551,0.65609,0.6855,0.6043,0.47859,0.30729,0.12096,0.10909,0.0599,-0.01907,-0.155,-0.28196,-0.3004,-0.2955,-0.34009,-0.32175,-0.2846
ALA139,-0.00655,0.0298,-0.02247,-0.23212,-0.14869,-0.10124,-0.0514,-0.00414,0.08505,0.15693,0.19157,0.2442,0.20186,0.13814,0.10401,-0.23884,-0.03678,0.11439,0.25558,0.33122,0.39995,0.32632,0.28885,0.18184,0.0916,0.02958,-0.00471,-0.07956,-0.07774,-0.00466,-0.01109,0.04173,0.11316,0.18398,0.28029,0.36443,0.39621,0.40727,0.27551,0.24266,0.08952,0.08185,0.02112,0.08264,-0.03898,-0.00495,0.13478,0.0328,0.01886,0.10681,0.10879,-0.00787,-0.01736,0.03333,0.02114,-0.02733,0.00054,-0.02537,-0.03685,-0.05865,-0.06674,-0.04668,-0.0233,0.03517,0.00869,-0.09645,-0.06638,-0.07682,-0.03553,-0.04826,-0.06294,-0.09154,-0.11607,-0.09125,-0.08825,-0.07912,-0.08911,-0.07198,-0.03305,0.00185,-0.03361,-0.06091,-0.03201,-0.02972,-0.02507,-0.01464,-0.00829,0.00416,0.00395,0.03735,0.14123,0.17444,0.18417,0.15429,0.13984,0.08797,-0.00393,0.01791,-0.13442,-0.15076,-0.13796,-0.1111,-0.13969,-0.17006,-0.11266,-0.10025,-0.15709,-0.13419,-0.11997,-0.13258,-0.0926,-0.11436,-0.09718,0.0249,0.06435,0.04767,-0.02021,0.00075,-0.03917,-0.02092,-0.0774,-0.09192,-0.06064,-0.12867,-0.13952,-0.10237,-0.10156,-0.04987,0.00324,0.11799,0.16768,0.19566,0.34301,0.39235,0.51163,0.67606,0.67833,0.80551,1.0,0.80699,0.67435,0.66643,0.60806,0.37205,0.16243,0.16735,0.10381,-0.01647,-0.11928,-0.31949,-0.30856,-0.26178,-0.31132,-0.27737,-0.23957
ALA140,0.02023,0.04381,-0.0369,-0.29372,-0.1819,-0.12244,-0.0733,-0.03726,0.07522,0.15136,0.23369,0.28445,0.26099,0.16886,0.13435,-0.23996,0.0247,0.20279,0.37275,0.4391,0.53353,0.42309,0.32566,0.20555,0.07981,0.02273,-0.01428,-0.10423,-0.10315,-0.01964,-0.0278,0.02391,0.12838,0.19662,0.34524,0.45158,0.54194,0.55215,0.44499,0.38882,0.22167,0.20511,0.12088,0.14294,0.01923,0.09403,0.22589,0.07482,0.09705,0.21286,0.16672,0.04277,0.06421,0.0927,0.03574,0.00542,0.05077,-0.00665,-0.02286,-0.07407,-0.08143,-0.05961,-0.03199,0.04446,0.01391,-0.1082,-0.0808,-0.09907,-0.03796,-0.06265,-0.06408,-0.08742,-0.11377,-0.09011,-0.07867,-0.08102,-0.09639,-0.07469,-0.01678,-0.00393,-0.07091,-0.10109,-0.06245,-0.06189,-0.05389,-0.04296,-0.04141,-0.02912,-0.02503,-0.00101,0.08331,0.15336,0.15932,0.11145,0.0791,0.02849,-0.0581,0.01408,-0.10276,-0.09124,-0.10084,-0.04323,-0.06597,-0.10931,-0.05676,-0.05064,-0.11405,-0.1059,-0.10141,-0.11668,-0.07713,-0.12513,-0.07795,0.03516,0.07905,0.0513,-0.01805,-0.00227,-0.06018,-0.02422,-0.10996,-0.11206,-0.07142,-0.1491,-0.16565,-0.13596,-0.15053,-0.1099,-0.07398,0.03303,0.08615,0.12654,0.28584,0.32359,0.41446,0.6193,0.68022,0.65609,0.80699,1.0,0.79277,0.70227,0.70301,0.52089,0.30291,0.33288,0.26056,0.11667,-0.07134,-0.32697,-0.33433,-0.31768,-0.36731,-0.3286,-0.2817
ALA141,0.05628,0.06306,-0.02956,-0.28963,-0.18013,-0.1322,-0.10894,-0.06935,0.07312,0.1777,0.31807,0.40021,0.40799,0.30096,0.18699,-0.15809,0.15544,0.34684,0.52865,0.63594,0.56827,0.39427,0.25455,0.1362,-0.00471,-0.05533,-0.09303,-0.12631,-0.11403,-0.05932,-0.10165,-0.08491,0.02117,0.08607,0.22438,0.31534,0.44008,0.56298,0.49125,0.4707,0.34284,0.33966,0.26677,0.27176,0.14047,0.19555,0.30764,0.13436,0.16539,0.26297,0.17928,0.06364,0.09308,0.0935,0.02551,0.01527,0.04973,-0.01694,-0.0137,-0.05458,-0.05767,-0.03167,0.00012,0.06679,0.01699,-0.1071,-0.06959,-0.07804,-0.00259,-0.04065,-0.02068,-0.04234,-0.05386,-0.03281,-0.03422,-0.03631,-0.05186,-0.02362,0.01031,0.01203,-0.03849,-0.05144,-0.01817,-0.02968,-0.01948,0.00586,0.00094,0.00338,0.01832,0.02351,0.05627,0.09687,0.09317,0.04255,0.02325,-0.01463,-0.05603,0.03047,-0.06787,-0.01197,-0.03096,0.01644,0.00851,-0.04262,0.00312,0.01391,-0.03206,-0.03899,-0.0332,-0.01225,0.01322,-0.0672,-0.025,0.0621,0.09933,0.0449,-0.01202,-0.00707,-0.06201,0.00149,-0.0995,-0.12893,-0.101,-0.18287,-0.18641,-0.16734,-0.17939,-0.14644,-0.11132,0.00214,0.0457,0.07173,0.20559,0.28338,0.31544,0.43867,0.63272,0.6855,0.67435,0.79277,1.0,0.8313,0.67249,0.53792,0.28623,0.28592,0.24447,0.1378,-0.11172,-0.29105,-0.34532,-0.40506,-0.4062,-0.41103,-0.35855
MET142,0.04242,0.05079,-0.04897,-0.28308,-0.17578,-0.14784,-0.1215,-0.10554,0.01017,0.09943,0.2309,0.3354,0.36312,0.28833,0.20862,-0.14052,0.16677,0.34484,0.48918,0.54281,0.48646,0.30056,0.16644,0.08353,-0.03266,-0.08592,-0.09729,-0.10719,-0.08194,-0.0272,-0.09311,-0.09501,0.00134,0.05972,0.18325,0.27246,0.39914,0.51487,0.42044,0.43388,0.32504,0.30124,0.21617,0.22344,0.08336,0.12973,0.24639,0.09667,0.12679,0.21152,0.13717,0.03551,0.06385,0.06555,-0.00019,0.0073,0.03782,-0.02227,-0.02269,-0.04639,-0.02458,-0.00455,0.03622,0.09133,0.02976,-0.10405,-0.08767,-0.1061,-0.03442,-0.05948,-0.05638,-0.08117,-0.10339,-0.07123,-0.05227,-0.0594,-0.07545,-0.03928,-0.00185,0.0148,-0.03834,-0.05849,-0.02828,-0.0196,-0.00674,0.0081,0.01574,0.02621,0.03382,0.04628,0.11753,0.1555,0.15625,0.11249,0.0975,0.04804,-0.01772,0.03464,-0.09414,-0.08087,-0.08765,-0.03298,-0.04301,-0.09774,-0.04237,-0.02589,-0.06073,-0.05843,-0.04838,-0.03274,0.01582,-0.05115,-0.01814,0.07784,0.11604,0.05596,-0.00323,-0.01312,-0.06312,-0.00745,-0.10486,-0.09682,-0.06684,-0.13162,-0.13804,-0.12426,-0.1432,-0.12566,-0.09827,-0.02961,0.01837,0.03868,0.14126,0.20817,0.25083,0.38435,0.51596,0.6043,0.66643,0.70227,0.8313,1.0,0.81395,0.57007,0.26883,0.26053,0.22396,0.10708,-0.13481,-0.32203,-0.36546,-0.40525,-0.41267,-0.38869,-0.33551
ASN143,0.0439,0.045,-0.07667,-0.29796,-0.20364,-0.1724,-0.12268,-0.10262,0.01115,0.07244,0.16513,0.25399,0.28565,0.22669,0.19741,-0.15124,0.13584,0.30153,0.45729,0.43989,0.46302,0.3204,0.18844,0.09483,-0.02493,-0.06999,-0.07802,-0.10125,-0.07563,-0.00639,-0.07094,-0.06898,0.02461,0.08887,0.2208,0.32877,0.45377,0.53077,0.46495,0.4734,0.33026,0.26954,0.1563,0.14912,0.01607,0.08532,0.20356,0.06047,0.09791,0.18669,0.1236,0.02382,0.04968,0.06173,-0.00717,-0.00888,0.02803,-0.03395,-0.04932,-0.07559,-0.04028,-0.01087,0.00958,0.06074,0.00331,-0.10763,-0.09193,-0.10574,-0.04167,-0.0673,-0.0836,-0.10747,-0.14046,-0.10913,-0.06919,-0.08138,-0.0946,-0.0622,-0.00635,0.01892,-0.04732,-0.07302,-0.03828,-0.03271,-0.01295,-0.00391,0.00342,0.01564,0.00931,0.02834,0.11696,0.19351,0.19846,0.14257,0.10694,0.04533,-0.05143,0.02668,-0.10525,-0.10206,-0.10336,-0.0426,-0.07779,-0.12111,-0.07178,-0.06369,-0.10073,-0.0898,-0.09559,-0.08553,-0.02805,-0.09052,-0.05818,0.05409,0.10072,0.05394,-0.00039,-0.00775,-0.0649,-0.01949,-0.10341,-0.09354,-0.06221,-0.11062,-0.12739,-0.09362,-0.1163,-0.12403,-0.11232,-0.05002,-0.01001,0.00105,0.11102,0.16652,0.21445,0.36608,0.44576,0.47859,0.60806,0.70301,0.67249,0.81395,1.0,0.71127,0.46442,0.43763,0.36528,0.18123,-0.07791,-0.30472,-0.31663,-0.35025,-0.39886,-0.36988,-0.31176
PRO144,0.07811,0.04485,-0.05049,-0.27651,-0.21494,-0.1878,-0.15109,-0.12184,0.00399,0.06691,0.18199,0.25067,0.2963,0.22109,0.1892,-0.1228,0.17962,0.35367,0.50141,0.47606,0.48042,0.3338,0.19991,0.10963,-0.01674,-0.0949,-0.1119,-0.10163,-0.07164,-0.02194,-0.08865,-0.0897,0.00416,0.08194,0.22979,0.33193,0.48581,0.61051,0.58216,0.52553,0.39284,0.34964,0.23204,0.18286,0.06709,0.16583,0.24673,0.06527,0.14074,0.24165,0.1479,0.06367,0.10128,0.10115,0.01065,0.00913,0.05131,-0.0323,-0.06088,-0.06938,-0.04845,-0.01977,-0.01976,0.02444,-0.02841,-0.12564,-0.11001,-0.1324,-0.05948,-0.08811,-0.07698,-0.08401,-0.11222,-0.07617,-0.05311,-0.05785,-0.06603,-0.04821,0.01271,0.01635,-0.06332,-0.10176,-0.07056,-0.05646,-0.04575,-0.03973,-0.03006,-0.03106,-0.03272,-0.03117,0.03361,0.15001,0.15998,0.08078,0.02265,-0.04851,-0.13818,0.01323,-0.04203,-0.01294,-0.03863,0.03153,0.00889,-0.04293,-0.00777,-0.00145,-0.03131,-0.04188,-0.05222,-0.03402,-0.00037,-0.08613,-0.05239,0.02127,0.06321,0.01253,-0.02426,-0.02945,-0.08392,-0.0436,-0.15468,-0.13302,-0.08218,-0.10021,-0.12256,-0.08534,-0.08585,-0.09851,-0.10323,-0.09432,-0.02689,0.00698,0.04808,0.09371,0.11716,0.21557,0.32109,0.30729,0.37205,0.52089,0.53792,0.57007,0.71127,1.0,0.67984,0.60279,0.4714,0.26964,-0.06308,-0.22237,-0.25201,-0.31962,-0.36024,-0.35025,-0.31602
THR145,0.06991,0.02429,-0.05077,-0.18705,-0.1739,-0.14899,-0.11271,-0.09206,-0.00703,0.03748,0.11869,0.1526,0.19443,0.11766,0.1227,-0.08707,0.11839,0.23163,0.36091,0.30529,0.33981,0.26272,0.15778,0.0647,-0.02601,-0.05699,-0.07643,-0.11783,-0.09626,-0.02713,-0.07129,-0.06011,0.00939,0.07164,0.17624,0.26816,0.37555,0.4305,0.43466,0.37656,0.28006,0.25828,0.16553,0.12371,0.03539,0.13204,0.20914,0.05716,0.10168,0.17334,0.11105,0.0475,0.08272,0.08014,0.01539,0.01552,0.04653,-0.01215,-0.03232,-0.03245,-0.03762,-0.05836,-0.03925,-0.01377,-0.03402,-0.09867,-0.08103,-0.07883,-0.03,-0.06355,-0.05516,-0.05618,-0.07608,-0.06653,-0.04788,-0.05741,-0.04931,-0.04302,0.01301,0.01374,-0.05833,-0.08701,-0.0585,-0.07054,-0.0491,-0.04651,-0.05752,-0.06597,-0.07244,-0.05688,0.01329,0.13856,0.15698,0.08042,0.01636,-0.05598,-0.15949,-0.02778,-0.05691,-0.00391,-0.00845,0.04754,0.01298,-0.03014,-0.01079,-0.00656,-0.0346,-0.05684,-0.06339,-0.03181,-0.0278,-0.09155,-0.06324,-0.02037,0.01853,-0.02128,-0.02926,-0.0314,-0.09236,-0.06909,-0.13784,-0.1659,-0.0888,-0.05664,-0.056,0.01292,0.0304,-0.02201,-0.10286,-0.06927,-0.0201,-0.05623,-0.0269,0.0291,0.02418,0.08105,0.16073,0.12096,0.16243,0.30291,0.28623,0.26883,0.46442,0.67984,1.0,0.80819,0.61308,0.32937,-0.045,-0.0875,-0.08191,-0.19193,-0.25668,-0.28432,-0.23901
LEU146,0.0743,0.03751,-0.03665,-0.22987,-0.20861,-0.17379,-0.13732,-0.11945,-0.0189,0.03002,0.12394,0.13125,0.19377,0.06559,0.12244,-0.12899,0.13883,0.26412,0.39245,0.34525,0.39155,0.2991,0.1836,0.08674,-0.0187,-0.05202,-0.07043,-0.11625,-0.08483,-0.00397,-0.04629,-0.0309,0.0431,0.11652,0.23507,0.33154,0.4592,0.50712,0.63317,0.50908,0.40495,0.3892,0.24263,0.15993,0.09229,0.22077,0.26562,0.07923,0.15217,0.24914,0.16553,0.07785,0.1166,0.11411,0.03451,0.02675,0.06789,0.00064,-0.03204,-0.05649,-0.07448,-0.07647,-0.08553,-0.02777,-0.04743,-0.12295,-0.10039,-0.10793,-0.05351,-0.08989,-0.0765,-0.07551,-0.07853,-0.07585,-0.06463,-0.07282,-0.0518,-0.06193,-0.00552,-0.01425,-0.09573,-0.11871,-0.09229,-0.10692,-0.09741,-0.08391,-0.08991,-0.10746,-0.11547,-0.10611,-0.07329,0.08599,0.10706,0.00772,-0.07799,-0.14932,-0.23282,-0.03592,0.00249,0.07228,0.03138,0.13232,0.06836,0.01309,0.02237,0.00615,-0.0381,-0.06127,-0.06814,-0.04998,-0.04155,-0.10642,-0.08873,-0.04484,-0.00315,-0.03093,-0.04156,-0.03841,-0.09699,-0.07052,-0.13955,-0.13002,-0.06887,-0.05504,-0.08152,-0.02356,-0.00956,-0.04819,-0.11339,-0.10249,-0.04098,-0.04251,-0.02169,0.01296,0.02505,0.10144,0.1539,0.10909,0.16735,0.33288,0.28592,0.26053,0.43763,0.60279,0.80819,1.0,0.84093,0.55183,0.12629,-0.07845,-0.07651,-0.1644,-0.26136,-0.27193,-0.24217
GLU147,0.08058,0.02708,-0.08291,-0.28045,-0.23002,-0.20434,-0.14873,-0.13366,-0.013,0.03396,0.13554,0.12878,0.24835,0.11447,0.20382,-0.03291,0.27502,0.37617,0.4465,0.3534,0.36252,0.27103,0.13052,0.03413,-0.08228,-0.1063,-0.12351,-0.13495,-0.10247,-0.03241,-0.09515,-0.09227,-0.02308,0.04217,0.15891,0.23936,0.38034,0.43183,0.64197,0.57698,0.55045,0.52672,0.37456,0.25431,0.21574,0.3565,0.33352,0.14251,0.24398,0.31404,0.19229,0.12957,0.18078,0.13288,0.0483,0.05719,0.09556,0.01175,-0.01068,-0.03695,-0.05451,-0.03841,-0.06117,-0.00256,-0.03208,-0.10575,-0.08794,-0.09902,-0.03816,-0.07178,-0.03957,-0.03453,-0.01708,-0.02025,-0.02545,-0.0321,-0.00544,-0.01342,0.02673,-0.00114,-0.07534,-0.08469,-0.06455,-0.08567,-0.0728,-0.04959,-0.0528,-0.0724,-0.07604,-0.08558,-0.13792,0.00018,0.0126,-0.09525,-0.18041,-0.23195,-0.25558,-0.01479,0.07538,0.19018,0.12986,0.2479,0.17739,0.11379,0.12005,0.08829,0.03863,0.00878,0.00127,0.0047,0.01067,-0.06077,-0.04614,-0.00311,0.03486,-0.00266,-0.01705,-0.02561,-0.08683,-0.04582,-0.11239,-0.09049,-0.05297,-0.05807,-0.10617,-0.06147,-0.04678,-0.09241,-0.1447,-0.12448,-0.08293,-0.09121,-0.06435,-0.02231,-0.03052,0.03081,0.09983,0.0599,0.10381,0.26056,0.24447,0.22396,0.36528,0.4714,0.61308,0.84093,1.0,0.76532,0.25586,-0.02656,-0.04201,-0.18821,-0.29417,-0.3119,-0.28654
ASP148,0.04632,-0.02567,-0.1507,-0.27908,-0.21794,-0.20452,-0.14601,-0.12918,-0.00234,0.03918,0.1366,0.1194,0.23807,0.1221,0.22868,0.10638,0.35728,0.36011,0.36506,0.28696,0.25311,0.18324,0.03487,-0.02577,-0.14744,-0.17103,-0.19281,-0.15059,-0.11161,-0.07865,-0.15536,-0.18529,-0.13675,-0.09425,0.02464,0.0773,0.2112,0.2966,0.53538,0.4645,0.56542,0.55173,0.43878,0.31602,0.33075,0.46499,0.36362,0.21697,0.34199,0.34722,0.19507,0.18327,0.23259,0.10577,0.04153,0.07482,0.07297,-0.02297,-0.02982,-0.0432,-0.05412,-0.01933,-0.05189,0.00196,-0.02774,-0.06132,-0.05961,-0.07427,-0.01357,-0.04465,0.02087,0.04237,0.08244,0.07764,0.05721,0.04626,0.08435,0.06327,0.0627,0.01888,-0.02592,-0.0128,-0.00216,-0.00585,-0.00767,0.01419,0.02358,-0.00478,0.00162,-0.0405,-0.19441,-0.11969,-0.12245,-0.21624,-0.27843,-0.29477,-0.22351,0.01878,0.16855,0.32569,0.25239,0.39264,0.33474,0.25245,0.23879,0.20029,0.152,0.09986,0.0888,0.0865,0.06556,-0.0104,0.00349,-0.00053,0.04202,0.00879,0.01089,-0.01556,-0.07174,-0.00544,-0.05139,0.0092,0.002,-0.04172,-0.11189,-0.0987,-0.10207,-0.15095,-0.16726,-0.15613,-0.13675,-0.13462,-0.11212,-0.07127,-0.10163,-0.07277,0.00958,-0.01907,-0.01647,0.11667,0.1378,0.10708,0.18123,0.26964,0.32937,0.55183,0.76532,1.0,0.51122,0.16247,0.08422,-0.14941,-0.25051,-0.26631,-0.27868
THR149,0.1106,0.15573,0.13373,0.09379,-0.02768,-0.0711,-0.08682,-0.1179,-0.11936,-0.13168,-0.10788,-0.14921,-0.12533,-0.12188,-0.10524,-0.1252,-0.12214,-0.10142,-0.06177,-0.09035,-0.08589,-0.07481,-0.10792,-0.12282,-0.11305,-0.04933,-0.07039,-0.04436,-0.0347,-0.05461,-0.03557,-0.02686,-0.0484,-0.05331,-0.07145,-0.06802,-0.03684,-0.02534,0.14145,0.0906,0.0765,0.03485,-0.04294,-0.09971,-0.07113,-0.0102,-0.06982,-0.09816,-0.09607,-0.08648,-0.10372,-0.07835,-0.09978,-0.10349,-0.06833,-0.0883,-0.1152,-0.09721,-0.08794,-0.05166,-0.06944,-0.0187,-0.15691,-0.11316,-0.09549,-0.06838,-0.05372,-0.06634,-0.09427,-0.08859,-0.09308,-0.06938,-0.0628,-0.07165,-0.08977,-0.0903,-0.05943,-0.09059,-0.0949,-0.10352,-0.09366,-0.07292,-0.03654,-0.07852,-0.1564,-0.09477,-0.05258,-0.10019,-0.08488,-0.14294,-0.20299,-0.169,-0.15971,-0.18402,-0.19658,-0.1791,-0.12339,-0.09987,0.02771,0.02981,-0.02002,0.0719,0.0016,-0.02083,-0.01857,-0.03508,-0.06183,-0.04248,-0.04158,-0.08229,-0.05389,-0.0368,-0.13378,-0.1593,-0.12577,-0.08486,-0.07979,-0.0341,0.0018,-0.04663,-0.03745,0.05353,-0.02006,-0.03162,-0.0897,-0.14784,-0.1413,-0.10417,-0.06843,-0.1298,-0.14741,-0.08983,-0.12036,-0.1513,-0.14998,-0.13192,-0.14713,-0.155,-0.11928,-0.07134,-0.11172,-0.13481,-0.07791,-0.06308,-0.045,0.12629,0.25586,0.51122,1.0,0.35041,0.37221,0.38555,0.26051,0.23319,0.14681
GLY150,0.11972,0.0707,0.10503,0.22521,-0.03663,-0.07877,-0.12866,-0.14725,-0.14611,-0.14943,-0.14812,-0.19293,-0.17141,-0.13727,-0.16023,0.08631,-0.03803,-0.12794,-0.15757,-0.19102,-0.22761,-0.18891,-0.23358,-0.2377,-0.21967,-0.17656,-0.18269,-0.11031,-0.08312,-0.12551,-0.17657,-0.20247,-0.23444,-0.2504,-0.27488,-0.28209,-0.25967,-0.22019,-0.13484,-0.16704,-0.07931,-0.05788,-0.02802,-0.11118,-0.02204,0.01973,-0.11878,-0.1055,-0.06257,-0.09879,-0.14721,-0.07213,-0.05106,-0.12171,-0.11357,-0.08231,-0.12998,-0.12828,-0.09881,-0.0343,0.02919,-0.02622,-0.09256,-0.15874,-0.15521,-0.07508,-0.0677,-0.0295,-0.04352,-0.04172,-0.04084,-0.03285,0.03239,0.02394,-0.002,0.0023,0.03564,0.00924,-0.00893,-0.04823,-0.01304,-0.0032,0.03785,0.01075,-0.05884,-0.02555,0.0122,-0.04164,-0.04977,-0.09589,-0.18417,-0.1203,-0.10848,-0.16184,-0.20719,-0.20498,-0.18456,-0.04836,0.10229,0.17729,0.18677,0.17195,0.17264,0.16342,0.13008,0.11974,0.12862,0.10306,0.09868,0.10062,0.06037,0.07485,-0.01471,-0.13773,-0.14857,-0.1352,-0.0915,-0.10591,-0.08752,-0.09518,-0.02337,0.00929,-0.024,-0.00511,-0.01428,-0.03785,-0.01455,-0.03212,-0.06454,-0.11111,-0.14371,-0.18222,-0.22805,-0.21382,-0.25387,-0.31161,-0.29706,-0.28196,-0.31949,-0.32697,-0.29105,-0.32203,-0.30472,-0.22237,-0.0875,-0.07845,-0.02656,0.16247,0.35041,1.0,0.81479,0.38314,0.40107,0.24635,0.1234
TYR151,0.01254,0.01606,0.13639,0.31944,0.05298,-0.02905,-0.04223,-0.07582,-0.13856,-0.17983,-0.19758,-0.23622,-0.21015,-0.11777,-0.10255,0.10244,-0.1133,-0.18196,-0.24096,-0.2971,-0.30232,-0.24961,-0.25249,-0.22199,-0.157,-0.07348,-0.07797,-0.03204,-0.01673,-0.05888,-0.0677,-0.06948,-0.15195,-0.1879,-0.28691,-0.3019,-0.31548,-0.29542,-0.19424,-0.21421,-0.17014,-0.18709,-0.1457,-0.17388,-0.11093,-0.12016,-0.19949,-0.10295,-0.17843,-0.27585,-0.22356,-0.14286,-0.16492,-0.20437,-0.11064,-0.09564,-0.16257,-0.14127,-0.09896,-0.00487,0.08875,0.02808,-0.09849,-0.14437,-0.09866,0.00431,-0.00261,0.05214,-0.01012,0.02202,-0.01691,-0.01541,0.02219,0.00321,-0.00051,0.00258,0.00644,-0.026,-0.01819,-0.04637,-0.04146,-0.03021,0.02139,-0.06217,-0.15683,-0.06869,-0.0508,-0.13971,-0.14718,-0.2114,-0.27376,-0.17386,-0.1373,-0.18257,-0.24024,-0.2458,-0.26094,-0.18146,-0.02789,0.02222,0.04803,0.04324,-0.0035,0.0102,-0.01705,-0.02902,-0.03129,-0.02621,-0.00424,-0.02872,-0.05256,0.01912,-0.12286,-0.16313,-0.14745,-0.09772,-0.04698,-0.02793,0.00592,-0.06843,0.0208,0.01431,-0.02655,-0.02069,-0.01192,-0.01137,0.04141,0.049,0.03433,-0.07641,-0.12432,-0.13527,-0.20119,-0.22527,-0.23589,-0.28997,-0.30639,-0.3004,-0.30856,-0.33433,-0.34532,-0.36546,-0.31663,-0.25201,-0.08191,-0.07651,-0.04201,0.08422,0.37221,0.81479,1.0,0.67036,0.51676,0.40003,0.2726
GLN152,-0.068,0.06406,0.34005,0.55382,0.20346,0.07604,0.05823,0.01001,-0.1397,-0.22166,-0.28179,-0.35173,-0.38329,-0.25019,-0.25974,-0.0896,-0.45622,-0.41623,-0.44252,-0.45243,-0.40376,-0.3071,-0.22463,-0.17091,-0.01366,0.08975,0.08114,0.0882,0.07445,0.01746,0.09606,0.16375,0.03928,-0.01588,-0.2166,-0.24894,-0.322,-0.35301,-0.30744,-0.33927,-0.39297,-0.43265,-0.43502,-0.39496,-0.36339,-0.43525,-0.41119,-0.25108,-0.48654,-0.55733,-0.33434,-0.28174,-0.36907,-0.29457,-0.16125,-0.17338,-0.21187,-0.14778,-0.12147,-0.00783,0.0161,-0.01032,-0.19875,-0.19341,-0.08206,0.04264,0.04459,0.0997,-0.03141,0.04308,-0.07199,-0.07749,-0.08733,-0.11075,-0.09787,-0.09196,-0.10528,-0.14945,-0.12803,-0.10603,-0.08194,-0.07829,-0.05059,-0.16607,-0.2887,-0.15076,-0.14001,-0.24452,-0.24022,-0.31306,-0.28341,-0.19697,-0.13872,-0.13073,-0.15495,-0.15309,-0.21624,-0.32376,-0.19854,-0.26661,-0.23159,-0.21028,-0.29706,-0.25373,-0.26168,-0.2399,-0.23922,-0.17573,-0.13133,-0.19732,-0.18984,-0.04538,-0.28157,-0.25657,-0.23922,-0.12232,-0.07181,0.04381,0.14165,-0.03136,0.04165,0.05121,-0.0765,-0.03241,0.00881,-0.01787,0.09845,0.18689,0.22646,0.00695,-0.04548,0.01937,-0.10299,-0.22097,-0.18078,-0.20926,-0.30108,-0.2955,-0.26178,-0.31768,-0.40506,-0.40525,-0.35025,-0.31962,-0.19193,-0.1644,-0.18821,-0.14941,0.38555,0.38314,0.67036,1.0,0.74188,0.7235,0.59962
VAL153,0.32976,0.4483,0.55469,0.60723,0.07531,-0.00871,-0.18311,-0.23928,-0.27316,-0.30336,-0.39318,-0.39224,-0.45468,-0.35387,-0.55882,-0.26858,-0.52885,-0.42247,-0.4054,-0.40586,-0.4168,-0.36556,-0.31403,-0.31275,-0.20106,-0.06507,-0.10691,-0.06508,-0.07674,-0.15436,-0.09886,-0.03487,-0.05006,-0.11363,-0.22137,-0.28517,-0.32647,-0.35176,-0.33786,-0.35617,-0.42527,-0.42539,-0.42707,-0.49885,-0.46435,-0.47953,-0.53303,-0.53981,-0.62908,-0.49086,-0.36947,-0.35134,-0.38175,-0.22306,-0.21862,-0.23073,-0.24489,-0.14942,-0.12091,-0.04402,-0.04186,-0.09349,-0.23916,-0.34267,-0.31011,-0.23597,-0.20883,-0.16667,-0.21747,-0.19296,-0.27921,-0.27072,-0.24542,-0.28026,-0.29886,-0.26571,-0.24879,-0.29383,-0.27546,-0.21763,-0.14834,-0.1449,-0.09842,-0.19639,-0.28563,-0.17099,-0.13885,-0.19562,-0.16739,-0.23626,-0.16445,-0.12815,-0.09617,-0.08088,-0.07461,-0.05288,-0.07995,-0.20832,-0.084,-0.17448,-0.15857,-0.23422,-0.25875,-0.19117,-0.1862,-0.17934,-0.13573,-0.05425,-0.07146,-0.10062,-0.05121,0.0487,-0.14285,-0.28783,-0.35922,-0.32081,-0.31549,-0.22071,-0.12328,-0.25085,-0.17091,-0.04818,-0.09388,-0.03081,0.0105,-0.08577,-0.02052,-0.01386,-0.02557,-0.13624,-0.17851,-0.18546,-0.24568,-0.27926,-0.26385,-0.2991,-0.37452,-0.34009,-0.31132,-0.36731,-0.4062,-0.41267,-0.39886,-0.36024,-0.25668,-0.26136,-0.29417,-0.25051,0.26051,0.40107,0.51676,0.74188,1.0,0.83352,0.66127
GLU154,0.09698,0.22121,0.38416,0.53425,0.16836,0.05489,-0.0411,-0.10734,-0.21594,-0.28687,-0.37242,-0.41252,-0.47798,-0.35024,-0.44145,-0.23583,-0.51913,-0.46303,-0.47473,-0.46869,-0.43485,-0.35033,-0.28633,-0.22583,-0.09472,0.00761,0.01881,0.0313,0.0202,-0.03358,0.02773,0.06457,0.00945,-0.07936,-0.20726,-0.26521,-0.32656,-0.37476,-0.37685,-0.40004,-0.45477,-0.47223,-0.47747,-0.49121,-0.43589,-0.47244,-0.49844,-0.40925,-0.52625,-0.49287,-0.33132,-0.2908,-0.3471,-0.24341,-0.19187,-0.19205,-0.20802,-0.12324,-0.07647,0.00113,0.01856,-0.00458,-0.13465,-0.18577,-0.1453,-0.06441,-0.096,-0.09007,-0.17987,-0.1136,-0.21933,-0.20332,-0.20899,-0.23422,-0.22176,-0.20552,-0.19916,-0.23655,-0.23185,-0.20534,-0.16472,-0.11509,-0.105,-0.1771,-0.28174,-0.14838,-0.13036,-0.21036,-0.19302,-0.27333,-0.2666,-0.23625,-0.19424,-0.17738,-0.16233,-0.14108,-0.14128,-0.28141,-0.12824,-0.26064,-0.25911,-0.27923,-0.31592,-0.25605,-0.24234,-0.23029,-0.20635,-0.12454,-0.11191,-0.1587,-0.11901,0.02069,-0.12634,-0.16565,-0.2129,-0.15916,-0.16176,-0.0848,-0.00171,-0.13238,-0.07489,0.05393,0.02294,0.04241,0.01934,-0.0256,0.02413,0.04596,0.06534,-0.09372,-0.14287,-0.12774,-0.19374,-0.26565,-0.23733,-0.22347,-0.34939,-0.32175,-0.27737,-0.3286,-0.41103,-0.38869,-0.36988,-0.35025,-0.28432,-0.27193,-0.3119,-0.26631,0.23319,0.24635,0.40003,0.7235,0.83352,1.0,0.84998
VAL155,0.02529,0.19575,0.36615,0.47304,0.2055,0.10531,0.00859,-0.06143,-0.18534,-0.25348,-0.32552,-0.35938,-0.41555,-0.30407,-0.3765,-0.2028,-0.46219,-0.4099,-0.43751,-0.42823,-0.39896,-0.31951,-0.25244,-0.19865,-0.06242,0.07724,0.09821,0.05013,0.02825,0.01084,0.07686,0.12648,0.06873,-0.03248,-0.16292,-0.23506,-0.29919,-0.34885,-0.36554,-0.37176,-0.41518,-0.42166,-0.42298,-0.41737,-0.36686,-0.42692,-0.43058,-0.32913,-0.46071,-0.44659,-0.28568,-0.25512,-0.31601,-0.20731,-0.15355,-0.14886,-0.15603,-0.07703,-0.01494,0.02789,0.0354,0.01846,-0.06528,-0.08289,-0.06382,-0.01228,-0.05343,-0.02707,-0.10881,-0.04235,-0.15555,-0.14481,-0.16561,-0.2092,-0.19426,-0.17984,-0.17977,-0.20243,-0.19914,-0.18295,-0.16533,-0.11254,-0.08239,-0.18605,-0.26774,-0.11279,-0.13572,-0.22021,-0.19245,-0.28149,-0.29483,-0.26531,-0.22109,-0.20138,-0.18301,-0.16298,-0.15899,-0.30289,-0.15515,-0.28346,-0.28667,-0.29522,-0.33952,-0.27867,-0.25228,-0.26363,-0.24243,-0.12688,-0.13275,-0.18661,-0.12241,0.03283,-0.14365,-0.11664,-0.14303,-0.09701,-0.11292,-0.02706,0.02015,-0.09431,-0.03261,0.02617,0.00183,-0.04335,-0.03899,-0.04534,0.03167,0.07749,0.10713,-0.07568,-0.09641,-0.07015,-0.12799,-0.2077,-0.17184,-0.16658,-0.2869,-0.2846,-0.23957,-0.2817,-0.35855,-0.33551,-0.31176,-0.31602,-0.23901,-0.24217,-0.28654,-0.27868,0.14681,0.1234,0.2726,0.59962,0.66127,0.84998,1.0
